nn_1_nm,sim_nn_1_nm,nn_2_nm,sim_nn_2_nm,nn_3_nm,sim_nn_3_nm,nn_4_nm,sim_nn_4_nm
79.12211036254133,152.36421155118958,99.7376610110986,170.27078432431205,157.0929432417642,174.5011412032835,194.96261620438042,182.85175430648118
165.79959909168727,254.96764028256084,219.32010132886975,327.1353967742577,264.6274816811332,374.6051509029928,265.6038030975501,389.059338809598
366.46898518507237,107.69387724418758,372.6958662219236,251.5748163769542,385.1313982841828,303.8436220347203,431.4540023352232,305.50755217830675
84.37793062250574,116.20039877427685,117.719967970441,185.14244493471284,139.38295739652867,373.86016701769,174.77594255121625,380.23757057601614
35.475958112158395,157.9587072006252,83.61080738114698,182.04334591469055,262.7217160473509,228.25024926710955,267.97964375659444,321.52043574852064
41.2097037370837,179.06486850584196,46.312262818719105,187.5979689112268,76.64064034980005,368.52594378381724,109.87367354433003,397.20915702284293
54.50369016788979,139.07565649403847,266.67225236115564,160.04187334727263,271.34098953114216,248.656966881308,345.4314729471658,315.1789151051101
42.21769110149904,225.23954800416809,87.48880020220798,253.68587869702336,90.44839525036487,288.25578104504547,135.9439232659389,292.2910716844485
46.87210071115764,291.9146782410318,135.7762576892456,296.22937252091464,157.02254018958925,306.1247222838054,209.02079768882749,351.962244823132
41.2097037370837,73.28330456343191,68.95877272820594,126.68369460987468,103.3727960051539,257.5675626669634,134.98655762862745,288.45110641297293
73.34540750668812,303.5962061949795,193.3805004031972,373.0748374360645,361.4400025715441,382.7226429369127,395.36743502969574,475.7067747629392
101.80421543259868,106.2637636879929,131.27377382154884,193.12100106994353,209.3568198808676,244.4177368743732,236.27131443296707,257.96925366626795
79.14728200054756,132.34589596624528,107.23236398615825,199.13000934415285,150.3518326263017,220.8296603601523,302.6589650709123,222.39556026927247
137.0678407220437,132.14625572290737,295.092987758982,144.18146411980456,307.9134528606487,167.97451606450252,369.6822295320391,216.71004179881007
68.07454100765597,26.40991130518752,252.33837845218258,135.56236730821018,398.97947006137434,147.10230491600757,423.6488447276816,166.40565871528102
72.97106086900418,104.94957648556235,160.9527082589805,141.05895947749198,400.6272373203348,167.24716771184546,456.0437963148817,300.0474063695651
84.09722331421527,370.57532306350527,357.141619431593,410.0150674110236,364.1812941712211,413.29970819036566,457.16900374971067,487.45239535397354
66.82200789912875,87.87291774618836,168.13057438661613,155.20418074431063,275.1244630829093,238.5559099587866,299.021173300236,257.81990100922434
32.93913417274957,162.340345651865,227.3861668531864,193.97430981013724,347.64682020767657,261.05200211613254,410.53789419437794,375.226227888374
216.89195451683074,147.957429039862,247.17532601397792,197.51176941673904,265.50628909783103,202.5742317452145,304.5389294809213,218.87653586565796
206.19256854809512,57.51436010842927,245.94989486801367,78.68862213973361,371.3597429559372,226.19305294709403,397.22720889514545,268.08767180688415
81.87202511067913,330.66843429328503,166.533493377754,407.6252525828202,234.34744444023855,443.88296653534434,262.4745062139771,454.41853965829205
118.76460515886512,47.901505878696405,124.93704704643993,99.3522479894183,156.66148295245156,238.81567925947036,162.8944963118785,407.52278922547265
67.98899877014595,324.0348124726596,79.56369101865972,345.76752320373095,87.18576485956547,347.1246563202483,193.1766409622068,361.1816521637403
145.45885191910529,177.225118429007,265.78289486459806,222.2449406590098,278.76063282982983,258.43812922458653,328.5412854303155,281.71290147061694
147.57257078648936,286.1077081359612,151.87950776542436,387.83028113406556,195.13254158347806,389.8838067312816,217.47205901414236,404.5244524934574
95.57892483555325,262.6862695083995,109.07016316300376,323.17209342356034,163.91466774026512,468.4726539037099,277.05156678980984,474.1775599935934
175.1963583332743,118.96381477991676,211.84131053901135,297.9652731329164,278.1059327413198,374.98482699310193,313.79395988660565,391.3766073667726
31.68213138391444,83.408781625477,213.82367545599868,118.27010246141627,223.58966850730752,143.21343166022245,233.82385002341076,254.46186561031294
161.24738563536582,146.37835832354133,323.108243722069,322.2966348529141,375.8712349552706,377.66534332758295,403.4696889665453,380.0720858275497
100.41301480475505,69.62141036749435,232.76223394092023,76.74832349667727,238.90553801436724,194.07720522865807,471.19598291304845,201.19967436761402
39.711748731441496,63.937838951381664,258.56295040830935,145.6587063630119,300.5177253628154,160.24247714476007,334.64712572908513,163.93606352931326
64.5567890775988,253.98669602920558,106.96030087748711,305.5779245727073,224.26714478749255,337.8662622265767,292.3959630956114,359.11133926675467
68.71092104550792,125.53585117875146,107.89186144910099,128.61895049037994,159.66134566437307,152.70663357507198,531.270075883722,242.1477116068234
67.01938655130422,81.396078680077,165.51693706285073,114.2825838842604,240.2923423870791,152.32889114036686,354.69212503530474,224.30443554575402
71.36562333838583,100.9238002926723,94.42212246654417,343.2767963900165,191.27608923696314,374.0374638610295,220.16772352780433,418.26171999349566
66.26472733403114,388.8129855266214,96.15373825034216,391.48457067127225,102.92627422138072,391.5505277326178,155.28223787255752,470.1687491375699
187.04558466218546,265.82064981533415,293.6598734258974,269.4632603127161,298.9064049062376,297.4897339180238,313.7561382028572,312.57733313938246
347.1468225756908,106.32520651704488,423.37680383297703,209.8522778209873,468.49510168201675,247.87513500431984,471.3373799771516,249.6587973550482
94.45068192260288,33.63642325243891,150.73260705115513,83.89814022362069,193.82753569536277,258.88759130938837,237.9842874806503,284.2541814060161
141.62964063716677,108.95820612332753,160.80165621126227,219.3331792083467,171.90460437755445,237.54716443889623,251.97580781369163,309.906206541997
247.60199943157457,180.27383717911596,398.1279780262957,267.6561369525822,482.7185401329534,347.3412932543936,504.9847271652285,350.1394086959496
62.332609264108484,37.960030923531534,102.27846010298214,176.86676107244529,130.75292250597636,270.0815920667516,203.53209459802196,270.14387286019667
44.95809913039809,269.7274962440767,132.09196239415786,411.61021627399987,134.38837057301333,450.2222413978186,206.667407750388,491.8172918530878
65.36681445236904,75.15833791487798,167.28678175597466,143.26048166563578,243.66537478179688,254.15989633463332,333.20127010301405,263.53174161081347
92.1061971521349,197.63772117873958,92.33254203956209,267.0077820019148,127.27628704905233,268.6969091581103,154.13203197375947,304.9418808053788
135.43971336932086,128.42872895064684,309.2421004930178,150.2136305123076,331.62129110117917,176.41883277602363,396.320103999075,183.4102213996678
125.09366274400368,79.43217472263964,166.47346365669725,182.96421677588418,173.16540080406898,233.58071996324261,188.9653511679853,245.54438584443247
155.27751330401256,274.403557749081,203.8740036232657,302.09559386103047,242.46248988827824,338.2971666068025,328.4312201919106,353.5091718299853
92.63309447320604,174.3032285928876,270.61539923016716,268.0409292284389,319.8650826398608,354.0940284745092,353.1865599636127,500.1594923170108
72.64162122261325,152.5709008894149,145.8752267504944,198.4190779894267,196.95662795980718,232.55916943546637,288.6637363286827,261.8151978700166
137.80562219545334,193.50035064008554,259.26583620004624,246.40364546266213,289.2071533700414,300.24860741828775,305.7958651268323,351.36624803003076
137.51091547105258,204.58649542758005,151.9439526142829,285.2968704102693,180.7077258035539,300.3227046244766,197.8643251177035,323.4425144949855
73.37464641317654,249.44567472052773,119.51083313973237,273.7073704677218,140.548994205716,284.4038049996057,182.84548692108703,413.6838504681234
480.1791484825373,199.8663211767497,489.87836703137606,301.1778187003277,530.7208260798377,379.0327678232324,544.6840150272241,423.83130241258937
261.6833570307678,68.73518624315652,263.7928745182786,151.63513813115367,278.26072398175216,163.24608933885762,303.85315036918007,341.83050476197275
205.6831656877395,147.0912972193789,207.80569543847432,205.92427619839737,214.03935390457067,379.41967225843837,275.53766399605473,387.8876914556436
155.57922776614964,79.20371033415242,266.77424448264253,231.51778868273865,305.7182675311874,256.7851080806533,321.2998811485033,268.75400981607993
234.3965171458447,190.76553230568422,258.84445433845974,248.61373028297555,272.9934455297345,275.00038814335295,370.6161464300019,300.2006713569499
198.22342148192973,97.573571186426,198.81045023717442,121.68228675248244,282.0840761788528,151.45991945101767,293.62293926348985,189.0701162325476
152.2890692164472,280.2828564708774,256.5814803837463,373.0559211286701,268.4414411105961,463.61913568238856,350.40681282189405,471.7765647231998
217.93199052881863,305.97330975868755,310.5139647070721,332.0750063575685,355.8349269886308,369.9301321070974,416.03899863790923,393.82510188163053
131.1598108985791,213.29683037622604,181.7270208024003,316.6342086497893,188.2152963992252,326.69709323902987,301.854915563084,348.40800046868804
223.09621836522433,140.22681079007452,275.60574212849804,182.5616156316348,278.163335877904,211.7362280212206,279.6172174567144,273.863190627867
140.00062031413785,191.8183717912508,219.5286939109494,289.65868921570774,258.82634062344374,332.10989180891136,273.2307441212989,403.76029345353015
59.23057589120969,130.21791356348206,81.90144779422744,249.04346864998078,109.50329521736352,303.2903444310175,137.991414753416,352.9815301579445
213.40207335187017,48.38306111371281,449.5432679519078,159.5169527606799,454.87558621034646,366.522956777682,464.8959611369612,407.1721826374103
170.30361778847956,188.5114581480696,217.22075830921622,225.73381014520427,273.8716816173303,242.70703860998876,315.3279482253192,253.2409074157206
71.04964360867939,186.27987791714472,80.86664824147343,218.48896600302444,158.05615984415945,305.2359910545914,244.1700805972053,327.7228197615539
153.10158536868042,179.62656034048328,240.90487483364885,209.0317455477121,268.76527525648544,220.92179151848347,345.8837490770111,251.4023541663368
166.6525808005789,118.2555827865273,187.92087043517827,178.49701616429545,309.52895340432644,191.8985549729665,320.22348908244413,199.41572669523188
106.75123406247747,288.33351518409086,134.929193792141,349.9950967592744,224.09892347275135,370.9781951063026,231.8659354694274,421.2196164332502
34.59208921301212,247.72389745625443,104.36486930076671,258.0300756481581,149.8239824223078,290.4606566052223,169.0961471581135,360.9690306337141
97.00293338976019,54.98272618171148,219.30872301409735,312.6109893144674,233.38366858932991,318.43517411367196,293.55100804210184,387.0725955991383
148.9172197423778,37.960030923531534,160.36009674052374,191.15504947912018,181.58679957105633,261.04024556649273,217.9500174134354,261.6777520017526
109.29210762966557,107.2890283699976,116.97727905638982,222.98858217777072,177.559961034418,295.9704571705657,261.01392199064077,337.12523228261375
48.15570910014058,232.04639788582543,147.11344274409893,285.478162236464,274.1049794145166,369.10340666976515,306.78088783787615,373.64299355284004
71.1250181444566,99.58223388265537,157.91729545492487,186.2757044649174,186.95017543570182,213.16933451645352,355.34392474309226,295.79521438933415
61.31215763905184,378.18281546865074,94.5015879699616,426.43718901479116,110.63611196221662,444.7110245333884,130.1015259403265,463.6332718126378
167.24694974020613,116.99910428719714,179.9020941119363,125.10171713544706,216.94328760009392,132.1256062821492,246.39513120857652,183.8176607628604
125.17210256179375,213.72708088986394,277.96461226518437,286.0642641514832,279.6172174567144,352.05272505137395,370.3131695153869,353.02616865935744
138.7330702776608,146.23820630577652,151.07294176149014,165.5953805943956,173.71717038881314,198.33241456381077,223.97003286135146,220.69116906654557
55.84290361465337,1.358611531858299,102.70773159163122,102.34343752504036,117.8873746370644,304.40317992559153,241.19740886192415,341.6017303858412
177.702089118706,270.7593538927829,217.7693768429679,306.25444477624575,282.98924057244267,463.7151574902527,363.5285938302487,487.4718809343942
206.428311665705,280.80883785030403,219.88470044813974,286.50015684891224,244.27546991466812,442.1332986493634,253.52512147788772,520.8212580398376
135.18842314041723,151.71562263263547,202.7191100165967,317.099514884133,223.38675582131575,405.3113853192784,259.0371409206005,411.51554924221256
181.59902373772238,221.55526626326645,224.81455544632104,239.86173154829055,250.14357180496899,317.94325631775246,282.077497620313,352.33078509181803
80.68208037997222,97.37436393676046,135.98785751946986,132.94735040982843,181.54117874430636,194.31379560208123,183.7041062352705,276.47114182953896
99.14161633907399,120.90564730055459,219.68838763946934,147.21558095431845,305.3401845611426,168.7158102705664,391.6217793517079,436.0306224936716
61.14633684837138,164.27047752216617,182.2398467922295,179.56516325051967,198.3039940401505,266.5767686733014,201.00200488498274,321.02603235137417
287.3858356247146,92.17192499447223,309.08836687164126,195.7734622510686,350.3381509062185,221.46653957580017,356.7529858121132,266.3022366191321
358.89029790779875,71.59334133146506,360.7071192732248,178.81474534183596,416.3889397449081,275.59255436772014,479.5698637187177,300.6908936131233
53.81671878679853,51.33850271261413,97.32212447999864,235.29426165519908,133.462531057002,353.02738537414365,323.79626188641663,383.42625339683724
81.36518146011453,223.55959135681783,296.24681043813115,239.74554317261297,319.45827521006026,351.9117387379908,333.6318109655207,380.20166920046717
257.41694906972646,200.07708212979108,398.05518830621594,238.23939727560332,439.4559247798601,381.8260157845449,566.1054181365358,399.9541669501654
121.3997538563074,239.47185955052217,208.6314165246533,290.40554208112496,219.29501260928498,353.19723219530505,230.59819139283522,396.42444242135053
221.42792270972873,92.32583244080566,228.7779108261661,264.15890198416685,254.3081808852862,335.3360390685802,269.4492786387398,340.8428554360442
251.95051239727317,112.16580266209562,258.82634062344374,159.21669339017328,332.2679191140088,186.60867945022764,362.7029096541939,237.36221565456538
241.60705853381103,190.03067902222455,250.7452976398981,337.2219517838976,333.46179027916514,351.03367136140537,335.7714439094314,372.8061526614929
114.59173901504764,272.55280492140474,120.5232990083566,289.271781260956,167.69902664054285,330.25802229021537,178.9420443099874,398.42073377802296
171.5667545652934,264.448528921577,192.694292902451,340.0151662679701,230.96522656885173,475.3636186057833,232.20434768212579,493.75189185054046
105.5061406171918,158.28850542185455,123.3257569048383,159.19872618403085,180.79928438820576,178.29272752576347,548.3552949336749,230.05318900032938
100.13057824833066,228.1713331666262,128.19190686924628,238.1389506116726,159.05309181223865,277.76596734926756,199.0657182626193,349.24037787316064
61.28028196559429,70.52821614772849,112.04557097752058,225.2045933245862,161.80983565419342,269.32369665694443,231.0280505806252,295.3242482977251
116.94105521418466,137.13651163859524,233.51757541356034,207.23702729456667,249.49270064659117,248.06514980748946,322.1966286094423,280.3267832138273
45.453445624047816,88.13941385064815,58.836877929680156,151.0312991049427,59.029830201147035,211.24031735961995,265.50050735938083,220.7992591851662
199.6610428780057,98.08431712228531,294.1830919645904,170.78092353585973,384.3326285126686,359.00917318407653,428.2536310585715,372.0541213658398
113.44411356257683,186.36974128146792,145.71289937206785,264.2719983440319,146.35174317746942,298.5909446361513,162.22956952456252,338.3401195141934
184.03196525776409,197.10870955492254,274.94684189583427,222.81180312665307,285.86508780449157,223.33039181234258,379.0972879108199,226.86680923400343
229.77044911055467,76.15736274580493,240.77665338305937,119.01091450264012,258.84445433845974,149.11100197197212,304.6553328941137,257.2597437093237
96.8629306313177,211.44386163533244,117.94458437059062,242.70459456535113,141.8841331536219,335.15506198177883,175.999634236537,451.77704603483727
181.78770788046225,103.83240645415223,231.562745759137,335.3163243781125,244.04962625998974,355.7032877250748,279.9597496666079,395.9518080085196
113.56775327886413,168.93241765581922,137.88166222917448,254.35604206728917,167.98629784818908,256.4111326000254,289.7596072899682,376.7499624108266
59.029830201147035,103.6937781460826,101.02943460885074,219.41043256445548,101.1512120580327,309.0031488217636,270.67269379846465,333.23529583861784
248.70676040731746,184.0828126144359,369.7877068072109,258.9075432566255,409.68003240815983,313.64942124319566,441.8056687930624,321.52522422668204
125.58280424756934,89.13322327049055,163.67221800327934,197.46350486536485,181.51053150938407,247.57872522182632,186.2058493520264,288.38906842065467
73.34540750668812,17.232514594109226,255.0357898430768,203.37820630709592,297.85394949060844,243.39854446706556,399.90425352553984,318.0255673635052
186.952087159217,110.12017836210174,230.27891209430052,119.55181324524693,324.83832866061573,315.63111953469934,329.4866812305504,350.9741029321569
112.16382973987278,287.372734826632,133.08365326680715,333.9893849195805,250.57430859913694,344.5231131394997,382.3208194648858,399.59449141175224
106.2981201959237,143.74983751648136,179.35724617929478,145.78961709617928,247.77241396882872,292.96191361069907,250.17251828395328,320.49264312949146
130.13479360535348,137.87117894317785,146.87024592761233,176.6884948741275,151.30712590388333,332.8144091167609,181.71478615648232,436.2586821868217
43.579885552136886,118.01674462881196,97.32212447999864,184.65944419714987,230.73021827393595,314.83741846141197,234.5946981065975,330.7873429602034
43.189896843502154,202.36353288986055,100.16161136648803,223.3701037328387,117.64647751398508,310.9770985157743,120.31181643037988,329.34746625234806
244.14426616859095,290.3983667477131,245.73480538838092,300.506375662923,264.40396985371984,314.3940486025384,317.71449764055046,344.4901065317526
386.84345654237507,150.2536572298062,425.86848655326304,192.54620125539222,443.11357831323824,244.66103246991054,519.5461319259047,312.67522039391457
148.3878303121251,65.11860161293149,227.4839702423947,125.55897213021828,276.5926967209917,149.89395249769575,279.27078053399146,267.86780012810505
117.93162106809584,123.37423028664612,215.0944344597793,281.6976465402706,223.2718732924173,291.44002108599454,342.0401280688654,334.5113138644932
146.25377813815595,59.76028161229308,150.9379356104603,83.76184510559888,161.5068501488933,128.5258183988574,230.23697528528683,133.3104061757828
156.9718535151142,203.04161874513318,243.2260509123041,212.67025716392362,243.64762962194425,290.82109853778064,426.31507070044063,349.577080720968
193.73878543261432,224.97009625778435,259.42706340547994,318.6787467683151,392.9945335677467,363.6586782300988,413.6894064105776,380.53601568299007
164.5415694513301,100.64229440549981,197.91480908165389,174.78421243155702,237.60653179034807,202.13084095789378,263.94759322236484,343.90607377294697
28.64022026897023,236.74504269491828,111.13350242237726,288.1029417270471,120.73185404158635,380.67065358723727,247.3780476864244,383.4718958525948
43.61679545034183,96.7262671172439,180.69432996356252,115.43286190847171,189.07371451080726,130.80551344598683,274.3449013693949,261.24620333545454
197.14066118845176,126.49008997354447,292.07140623781567,192.84444468841212,297.645920744692,242.5106021228228,299.0640184581424,250.69015146894384
49.06489615624063,137.67857647121045,182.17017521220316,236.8594852495927,183.92033286266144,452.56295494773553,275.2906306779339,486.75781280905414
159.72270202652408,79.69289237233873,422.58089381672886,202.90788555220155,536.9041929003653,271.54182855920965,567.3675569654508,277.25390936252825
251.8735287262145,83.06334746417281,313.5967692934283,204.79142007507411,333.1692560985518,304.6383031312543,442.12403046941904,344.49805711639056
186.88081657801482,163.35662858114313,201.07415189645187,200.44586548599295,279.69285927314456,215.05227490598284,332.0401893311856,258.9788877298713
116.9056849111722,118.08811844691714,153.78764639465166,181.8845330207003,295.634719404555,189.53667132719855,377.74066613457353,287.62570731688515
93.39416636340067,136.45265732815213,213.82367545599868,137.20366674991354,229.50856680918685,167.78567021930633,245.35160556429895,316.26647342572846
165.98889221818175,42.21936074269095,263.0137909350474,56.44851710439168,278.18402634357676,125.16669928148889,288.23384084794543,141.25498585077736
131.07048929583732,120.91029516760432,131.88506798007373,161.9408503654808,203.14104674671898,169.92726989787442,324.73031171254036,310.75793875497595
56.32003213414447,281.7383502608802,129.2420612614604,304.7558025748689,149.95055179137398,381.2569318761576,155.2066272957868,405.25827560822023
111.85563749122208,158.92678301304633,113.78575939392451,187.544800747823,183.97019451593275,251.1334516844561,194.23278302291652,298.41011817725706
64.54852875294274,240.90008319934918,90.43621074807601,279.97148896678675,94.59672580806973,365.9819641712118,176.38828711083372,369.22885318550084
121.3030893359143,98.03414148350696,163.55158417668116,116.72045634815878,185.80613665619282,140.71075645871665,212.81515807430407,168.95761028233406
210.46210628991366,193.11298681600906,224.45409999674175,252.59807300897015,277.9766023720997,430.84269721099565,293.7771264694573,443.8694147771005
277.1070194873517,101.37390415856056,292.78880203635373,186.3178714861732,318.0318923088114,338.48763426658564,357.6189721695838,397.37658885155673
125.47541066044198,213.62369239353538,189.97225489797478,213.66990752574074,288.47735314501574,263.5462739906529,329.3396697170965,272.1365433861807
56.543466344671984,46.53394768449031,135.98110610009905,80.22304025662427,196.4266043129124,92.62424793874399,197.29585679036248,246.0091937725175
382.2364796664671,108.8815259964782,479.9887580689285,177.50926135091834,509.55481973843035,435.71129126374876,513.5654529395789,464.77046722103967
100.97693243420704,79.30349780882219,240.33529426224945,166.17761795508517,381.69706813297654,187.75343589360776,395.79016218055557,201.46253243156852
36.92436841981123,209.97056562822743,45.82929660180606,284.1266819688002,209.20854934580066,300.50506137080015,254.1625584712396,326.9781072022635
89.90538686582981,112.02317503556509,102.17505305633678,143.36104011632295,103.36941512371988,309.01449418796545,169.23684814204043,357.7050912719222
252.75445268152376,162.40826453648995,358.23054941907884,344.4901065317526,373.5219722708298,382.1929433401868,490.8062992906955,438.8163161380634
54.01077482615818,41.11503478402121,67.61283496789034,121.49679289387328,230.3391610047563,169.97851242871963,232.3766157548794,274.8909004366984
82.82911078459462,113.27217640589421,216.30333251210885,323.9268868970776,220.1681900297251,352.5107760050062,235.10830900660724,460.97074787703224
109.0414775597132,133.67969623575624,261.5315385943813,293.41019108347405,341.9312999913389,311.987126500329,362.28364173681797,370.48947431809387
53.20807074667596,23.787436355564157,153.53033887117905,182.599833737551,158.2064665579254,338.2879383459964,203.56725893738275,350.51637444598765
168.50797079377136,132.66291304518282,223.69145164989936,234.0685134106604,302.63384246213303,325.25902650008396,344.16908150111567,429.19887243989933
111.52516719085133,78.13086666539137,136.49111960393066,115.82560855865252,159.4031071215734,142.8666946432752,282.73500671124316,235.35346933722764
114.37091454223719,160.49277383685128,202.97991991815078,181.9020498184872,224.53974036581084,245.70277567976382,337.5719026860402,264.0143472529931
98.50685319727488,115.4652192421861,184.68008414131702,216.34883863966476,276.4006369944565,381.0365232560353,281.71521614300025,398.40808845003966
151.87950776542436,104.70475555183374,155.69874569062856,359.8262767326579,251.19919192049247,363.4352246657488,304.2519923515262,384.56707669789233
220.2356167591568,195.7734622510686,230.04328277377135,204.3505263666476,240.31889817924474,240.520949728285,252.34354164048375,330.5958027582372
174.07930432255208,170.78092353585973,180.1785654728599,267.13057868333374,198.98855718151614,355.5076720028196,266.3557691762269,406.89135190778717
83.27547672765543,154.09927755386417,136.16247992936832,267.19500399949317,187.36271102140662,339.5948132369937,320.3912187095773,377.92967884402805
134.9106685206879,144.9833899841238,180.01753438923038,215.3453455703179,301.1063197235621,224.61062264277658,313.41691062683793,300.96055894535203
335.45878598651694,300.08835337278805,370.33955297435,342.7952697095562,416.7529604503525,363.68840256762684,495.0689360231367,375.88683912790736
282.55893417921993,145.68485469630573,312.87810723445045,255.60277894761967,353.2393681032738,327.113770692358,365.1211700411634,391.6854867061533
109.1082729881044,107.55563535448621,159.16548068504414,159.77554552947367,291.1943751194116,367.9573311606045,347.2285417771069,440.1870730907663
221.01978597578105,77.3188200915622,256.8999037655278,193.31107538270078,273.82079511143814,253.40629878033215,354.2573298093805,275.56019748153864
137.3095219675219,265.82064981533415,247.2169393521072,290.9563228607146,270.6243292702961,383.4264956054918,308.81848396526556,383.9209348378104
302.0427629780935,101.15493109040776,308.19740813373556,273.79829673206405,329.8338687288242,278.6737534104742,371.5240703805639,329.9664291047831
166.54500795224706,182.55762890880646,192.5472898579057,310.0492368711113,323.2552708776044,336.5805925866681,525.2858378815558,387.9420800677484
279.2526357370054,101.70869068431732,289.9030496671133,127.38020334271296,352.3698009143201,184.667619861002,423.299641460899,213.8083200223514
194.85274534290505,106.98847026208223,231.63507676257467,278.7273545064089,240.51593440446172,357.47524153105684,267.68717140195275,385.0697996463359
176.8859658221194,221.1012437012269,230.64844096923906,228.1314113791981,482.17096212596675,269.3700867988854,484.99532472746375,302.01728208147404
309.99941598698916,188.36818156807186,377.0854652683665,339.5948132369937,379.5764862647213,366.80579874308506,468.3514631049621,459.9942788566862
62.32854382528021,145.25703537274472,114.44089872815593,204.41355674151168,138.5709804774618,207.96791971457054,181.05749569428139,269.08574672808464
35.38626362172434,132.0604073725829,47.12370769378452,253.14650285369385,90.43621074807601,385.0369152957318,188.1048472928682,389.7595599119257
165.05544397583387,92.12509101195471,199.6204840976318,201.93198545601985,292.43921771449794,230.84224111221576,332.80124642229225,303.8879798689415
202.04852848601593,227.1105025836615,216.6949421198532,434.252346318927,248.7785787361846,441.2517158153537,292.43882849684366,505.27582327331095
116.18383543199141,80.67035903854033,153.37508478757331,146.8063979784744,164.1105856504566,272.855200464799,202.4962440477353,384.5952749221819
89.00743477328112,32.21575989229142,131.63983324323067,166.89864819919276,158.503992399998,381.9225333855782,180.17319199699023,391.2408165935241
109.09613418515495,72.4954544291777,131.66500801787214,215.23252983905206,168.98841339960313,447.67446588344274,170.01965445813184,450.8998136145403
65.08073917629623,135.63084467164344,278.7130649378547,280.15142199494494,323.2826618869304,296.564337948877,334.8415211285574,311.12927134673066
124.80560213280052,200.28199203469578,276.6165714350102,203.15809128367374,336.1428549452868,229.2866125108993,358.00896043965366,316.22174603384167
189.00871798017286,169.6226660549133,192.52860553422147,372.0104295369522,197.64265857923573,444.1068960567339,233.12043464227062,447.959111117031
50.55494764969568,173.40051653245754,184.01662414831495,271.3626617104043,286.2428289751826,398.69599644184916,574.9012506863969,418.4740208393382
123.65194703949128,323.66259190475375,131.8892159045888,402.9314130674089,316.84534492210156,455.503074425007,325.28454308013795,459.0942402032924
146.80627045838574,167.7217466189263,158.47923231709743,216.79688841625378,218.25193590174317,274.6206994230793,243.11997645018923,350.03374770826963
285.6653768905959,66.23280133286384,286.76309719966247,213.95612577179858,328.3540303570288,263.30470867954045,364.70125978822637,293.5181753590386
200.04401566740685,276.7359379780496,231.77210417503215,335.55085723120544,238.95973339323356,410.4251383012581,246.31951600910588,521.1585082198333
690.5732604293607,123.99391882375913,722.9252933731661,174.85350756211045,996.1615543192381,217.63325782352496,1038.518563603773,235.17866671936565
159.4028999447815,304.2848949027019,203.2618274142326,396.7457091244121,255.5524517591224,413.74446559304926,287.77449239180623,465.7241218922923
37.89538357850652,68.74643355699949,100.69936404262607,180.2818461489695,111.77430670778155,258.43812922458653,229.03307912955836,410.4930800095155
170.33284434809272,126.86397357084324,198.03386073726708,169.4717257879336,198.5043295148061,196.54381363886523,220.2622400855245,235.5265103133827
131.79950004551858,102.96648604587953,208.7730940451087,182.53106280315993,263.6224635029326,197.19545186215638,286.83164123085436,223.62410145202904
151.4227232224258,289.4083936612023,195.12096020029745,317.6973179004458,291.39851829791684,324.3294292918172,315.15410028603003,325.0279897910363
148.60398445632097,302.40249794048185,306.2634624434811,316.4065088618668,330.353746502519,323.0379545726915,423.930472612424,341.7539730347112
72.5985828501459,167.44690685747676,150.769369917376,257.4560130252466,185.046050642589,300.9032763317558,190.95623572236659,394.3848771230774
37.512463438837926,166.5234299850216,208.36299575462294,179.2575202421897,242.21314195573834,362.1449678913588,249.90848091781012,365.77098122322803
68.06304996986113,137.9332237240876,125.55389477193837,239.30532782232547,151.13416690346628,316.3529971444696,231.70889543757147,391.95379710464124
56.212323543375774,150.66018148740875,84.59562676973256,205.27887456465223,125.82124711419493,309.78783196295274,128.20539444944725,315.6945100751238
94.4925710102078,224.04102213060418,136.33016558844992,336.0710598279147,191.74853010034457,354.0940284745092,205.81333976906822,366.3679945748628
171.15566510934943,82.58974862997026,229.38475238328962,263.75749576910385,375.4051721744779,273.7624106993166,377.1547572396051,276.67816344850877
178.40127364601267,322.3621149577625,245.73257086674752,372.3325540777762,348.579666625859,389.6752957315836,352.1170114636158,451.2131368144843
90.08359879577007,275.2774947438172,127.12585424227696,375.10364044317777,308.0139234956672,391.186327683421,333.2089383290037,467.33436696502514
82.79766761417464,346.34493883529564,116.1377160165092,438.39696539286126,165.55894079274492,445.3234376207658,236.7562958316466,505.42619768688655
29.567291621390957,23.81743494425039,65.37768642289124,96.47079842979377,211.24196001720765,166.17761795508517,227.73888677071355,169.97254575309785
176.58044550346065,142.801057376121,333.91353495577084,285.0832603061945,401.56471696014955,336.09544373275037,439.0540201045135,363.8041340661074
161.3204134438986,105.15284136319615,280.8003112599043,321.146753952317,343.1219023279433,349.82921948426906,357.9397520555827,383.4264956054918
176.31854311581037,100.64400316097684,223.64656542042135,160.53651559011917,303.97024941870615,186.18178592972353,322.1841475829855,186.60144684684798
135.32561914372067,239.23997406002147,142.31261127713037,257.70037008159215,170.32655327842886,300.1350218827762,196.9447841351888,335.70675938177453
120.94843524562329,369.7509364422515,225.66594486242437,388.80581258323696,282.66043100738705,422.89914205275056,335.2212962049064,464.29500095178435
133.4561161146609,227.0006718290203,352.3030079594553,262.2591783179388,512.1496694768686,296.4975897544505,525.5001054267995,347.27843823025086
209.3568198808676,96.42149933820069,213.6053705611401,229.63342960249392,230.1250409663592,252.57948700075363,297.6170963704496,273.8269906930555
250.35132349113667,109.27740853613777,308.7725796724805,141.55234313791775,363.5639247846702,184.6077011230326,366.81669193504354,234.26355906653626
97.53089219676345,109.0887119461902,238.66862139014592,228.12737411441552,394.72283463991243,424.556227151667,405.12896623068417,426.6149693153027
80.80970963493266,230.13972721231423,133.41084066663836,334.5314964595909,140.8129507043375,452.47654491892183,146.51258159933224,491.29318383977943
120.41366817217272,99.28073365505931,122.99261948851988,121.51537411566865,178.38650733021254,182.58848754534162,194.94900624770725,206.71295879519909
86.91795563270357,49.361838342707166,147.65890527542672,77.15143592884385,180.52946315653625,92.234342087835,331.07782157149217,114.83072994146812
38.35047622094277,61.1288247306014,124.39561250058013,104.63685955320196,167.83305107197128,184.2336603286365,229.18234734252707,222.76682961835022
166.9463972964347,188.16996245435413,303.18345741372934,224.05199816278454,377.5961288359978,327.6900007247025,526.6530509515421,343.23113393506276
263.1771782760569,88.67049737534569,297.04149734378734,129.7017687020374,310.8261311578512,188.81207561922326,344.2321489056357,233.07593060558472
58.43591148589828,275.61891998194,86.59567403906344,318.109174163478,141.7731860904698,381.323200784382,241.88272677297059,398.1477248204156
200.87561971952908,166.5234299850216,375.4051721744779,205.39821697080595,434.81113788221364,253.64279665908035,461.1559284293498,280.76000554559914
198.20846387939764,160.13204889999633,256.1259832283788,218.76620161404588,332.7269222474003,249.84309643076818,492.39311348878323,290.78359464149224
82.07121089513399,103.34910238534583,112.89435186021093,267.9082986989192,195.35534681454234,270.20877032888444,224.36931061918358,281.78416579509576
108.72207347800897,197.9441747413768,149.47424288550312,214.0117098941228,246.97218045216047,250.81180418561684,332.85161853794807,279.2747307285238
255.0783663688647,60.06253811564884,257.2944769173616,174.3755537472525,292.87409949799627,256.5666401944252,337.33151576080223,293.3917669895099
207.16940992574607,192.64693541537463,263.2740328425662,241.30949147635982,371.9000522853946,281.48048183695977,412.76156818233903,315.50644967016336
137.51212703271597,275.2774947438172,159.55060342315932,291.9479440930011,229.50856680918685,292.50165932151134,276.5789067704031,304.9818344843048
187.436599484848,88.49770173594398,259.6991190252303,103.17508920307796,267.22030121597544,113.79804953518567,410.97751920575166,132.67985018726193
113.2321097032924,147.98042547089793,181.42097948602793,188.1730917275276,213.87726535611938,259.8026349983685,237.49860850936793,293.19812073228877
80.36289832613903,164.47237751183474,95.86121767729523,222.22450569360802,199.0714036517403,255.61565806718826,245.05364933043666,261.46909657063196
259.99212212786733,164.88138811839576,368.29472366361586,165.46490013826806,408.09944895435,246.00582344773508,419.5945486710672,346.7346640327288
249.19682212609845,48.8555190488455,297.66051608167567,119.55757107192461,299.59561752172937,513.1561690195718,313.48066811112,561.5266457210942
140.50641291698025,23.547127603406498,411.28519057517417,173.36644148150398,425.39941581527387,209.28868308100948,465.36434154240624,248.24762658733354
78.45902881104614,129.0852189956055,81.3639726946684,217.36670794147688,307.7349640113349,277.48757645693837,329.471611112112,296.34512262825604
98.50685319727488,120.85804433606224,131.67327921010653,127.93085039015527,185.76681498579688,184.1149300995784,194.97427062764828,248.6404147176304
110.48567354126983,304.34746652884235,151.10682221901124,324.31872491185055,198.29257962607036,332.15174225629823,257.4901142487682,455.45665764315174
89.43114297058189,86.82232719186315,95.28245371061459,187.8651752467648,111.81635377791581,230.28569117708136,118.14080962193594,313.7534464912612
590.5363345718101,132.82902413271214,722.1057297186522,223.64248775769033,819.1828587637522,276.6759151418838,876.8719100004445,314.4141764063483
99.50534183300992,258.8965748343368,111.94787832268847,283.46499098013516,160.41739251973095,300.6724223671311,253.15020882509066,336.7771822138814
466.75253530115566,95.00802719710927,504.3359653035336,123.51109916106843,517.6303100882287,140.6739298902436,639.0478729610674,180.6530623367165
65.06981029296232,68.85802095537836,235.00170942395803,114.3718408718561,410.16191410869936,129.68196995444583,431.4111102401354,242.1477116068234
41.49018019992144,280.4359470288993,71.56799132339793,286.50015684891224,138.33338355655897,308.83128972895213,174.01420769472216,314.26674149306336
67.61686966407879,95.86274805448758,192.42818348683045,233.1227966049029,210.23348522647916,346.240544701814,235.97455653292323,392.8554523242183
129.87313866263898,201.7350339640485,162.33693508728527,260.26312229061625,164.4435553914054,312.2819185422836,174.24578992247774,347.27783048637673
176.4661254871822,334.8223919898414,199.50907153018937,431.54876762844157,261.01392199064077,475.421174052819,279.87314218046356,482.8516026172092
45.87725329716306,43.87984802959902,94.40150130499568,65.94599731548074,190.5076640246504,187.58431009820183,276.8561059250038,262.9491494840084
121.24809923199997,68.62524441933628,129.27408043860171,92.83891572395679,140.16133559631535,176.13498854706484,152.80302568371513,182.36522256718757
249.76150275819305,189.87556666477468,259.08090743234214,316.01635784460467,335.92540887561375,347.2303440009992,355.5699908525689,356.21258972948993
82.99412037438363,227.6490354330566,103.77671409169633,554.4347135357698,171.35601002270099,558.2975288222984,294.76107616692923,563.1564481754954
85.64019889003676,62.755691281219434,172.1306096464199,185.80577554901916,286.5074090543811,200.460892501846,331.1331053254376,224.0529629830021
189.18699586070386,204.57133830540167,236.96726557489652,352.8121769916757,409.3822487204989,398.74302798319127,474.0766117851817,399.33514985136844
148.73652133253182,149.4917218767658,160.5932010164464,238.29268337954448,174.1035912910138,294.5105381026043,286.43819978030757,309.3311902267484
266.3034829887213,117.2875594663934,277.34665728380423,225.7297438673958,322.04198703050884,270.29951226797397,419.55510887955995,275.1085886474095
125.60063213977966,30.361120820167873,304.34388623046055,243.97369380606966,325.64295741124636,293.05062946470844,368.3062683562079,300.16345968963486
96.48291783292596,131.9237871769089,183.7221025084379,151.7664611837629,194.08322979718432,290.776420305616,197.07244416601958,333.1473564651412
98.29321948828449,156.52045435012752,157.86842453459752,161.83556700544955,210.97388952159494,172.4497874863602,242.15578124915783,270.70680293774683
148.75812305311095,71.5242256355542,184.24776495855957,162.4128288594657,264.61612740478796,178.83442846587357,352.6534338125344,199.76930236824114
91.73823112020982,252.44670813822347,105.0322398413032,364.8868291137693,125.18610648966694,425.65098614889206,129.19184241096107,444.40043586467317
45.87725329716306,156.3475753948198,127.32492970331064,199.3831270374847,146.96082477131063,325.3587953013457,321.45689929128076,392.4591918239862
158.14938611906936,81.82157428098947,358.30830090735157,150.83870827195577,362.4425333662848,173.66873145748954,363.60209927459164,302.40017576171994
93.57096399668717,119.59759402378788,203.707837411562,286.11235149999453,232.7900867543275,296.3547991277727,250.69789773852222,302.98970400944313
153.9453512035165,93.97355763340505,166.2531111667125,285.28046644667165,205.57830082039231,299.66025464460273,218.15572579102405,395.4015676864598
38.936552176023376,218.00071779882686,42.73074606469835,301.0918509858598,76.40545968074854,368.08534783403866,91.73823112020982,406.4559180311269
202.2760134115876,97.61488843626091,218.50540783695183,242.57656349659956,268.66972977317903,243.20055133040572,285.71436835330144,303.50859466067124
32.41456718270942,189.36879362227808,42.73074606469835,248.0954878530941,58.53156561949269,492.9298817352725,129.19184241096107,537.453063886665
115.45243266855103,107.70323934250945,208.38786399711884,277.2833593524998,333.8328684044339,340.4472235487273,342.21471461107427,375.7542478562034
82.01857857180234,55.32718680653373,186.0177771225592,198.56496327325723,216.16056921825415,335.3747015070645,216.52577655085688,429.6705896720216
153.83689604859663,63.82862082730948,175.31918270261949,127.2774833739785,254.09155974788683,220.90131714573516,254.5431010126579,251.47491405314292
116.4870953382403,192.03642993895005,124.57488756494664,195.45403604129743,190.23372142629663,199.31179187366715,230.19982871192488,200.47610480012378
256.7806580985358,95.58257764513941,358.3409023489072,291.32729809613704,360.51980223016443,465.82628617092854,437.62943251917505,473.2927769055944
114.9850458227053,141.36679907866312,141.2127281535401,180.3996942141502,207.19667213049752,248.7284847899833,269.30786032079226,291.7007699727721
223.9252609239866,93.20063003352791,262.10398119859394,157.80382265051512,293.7771264694573,186.44542738754953,314.16367669771614,308.86723103345
40.3163286114046,214.57680579936104,104.11882630787576,219.14591649696692,223.1020211877898,259.5402004472974,241.60642459633812,350.3185535289985
83.77029435085808,156.74436123853985,91.01438636883469,252.76187290467053,101.34892567990127,264.0198308221953,173.39661729411793,298.69210720633424
39.72356005193849,208.21618780239072,334.68642120372925,281.41286243061916,425.0963722539732,389.17855737032454,438.98968873830097,393.7609340439413
106.19900388171214,209.20149116497547,116.12897771526748,218.47370466735202,163.86439990623163,274.8552407173699,235.85081032238588,323.0450243537636
38.08383127026573,82.23678713632087,69.09726555397826,150.9493940831244,190.95575948996543,169.92428846332803,205.8474711154171,313.144890217728
247.35545030386413,101.15493109040776,285.793396855121,182.4908990840556,316.5578749878483,329.127592098292,317.2706354583406,348.5106850498129
123.34245657630493,167.35537001617624,231.45945141013982,303.5748993259084,260.9780648149676,333.75978967971594,336.134919424766,383.2139153076855
119.57995793689068,120.22883962979651,156.466326355682,188.36604802691727,235.7224454228303,234.8948850207606,288.26223631545116,282.0288356719534
116.11479810557356,193.50035064008554,160.07669822503686,232.85303131609007,230.22194571956783,240.17370107807298,231.10853784914033,313.3167824650792
164.06594146727218,93.18391846874403,198.57463063940014,120.58475100964083,284.29181773492644,142.60111133850367,318.87696540037126,338.4934647143052
241.52286282648168,194.98346980865574,568.7792838606072,195.69668977759108,580.4072376559548,234.30935421499098,596.0500110610063,260.26312229061625
48.305179520687176,184.18214681189747,117.41990839371677,277.4855129694515,269.6937741078435,290.49888827423945,294.1739330853601,335.44142046308485
345.86528041814154,141.099396363887,367.70971403720074,241.2428982037733,380.3849755030429,298.53873680371527,416.7262271133584,433.65247697555753
112.20266655486128,431.89529361945256,149.92582517197005,522.9501967475535,159.31981657356772,633.7920337742328,164.34192700047916,655.3317549169252
39.53650804677323,36.85018009612394,64.68667734704326,98.97329837458223,143.672604995907,130.89820354363425,200.62945528512523,197.31786196651603
167.0351591695229,212.04880774945516,207.19667213049752,232.6285291561157,218.7983562172316,258.6600607961773,269.82754227103925,264.83007146315396
113.26305191127476,43.15954819477713,191.6164135687424,111.45590355664716,205.9108046161683,162.18483169795445,210.43879741436663,283.1021425194013
261.49757972554704,37.705774895362,285.39047446961695,225.64011454878056,383.1647388202565,241.06329935900067,400.83168932676097,309.91629750364564
103.55532636581667,130.59251537750225,155.75986468760934,174.96953307636596,278.6803667643956,231.72847532245322,282.8094152808343,393.30922238417827
145.70775728661818,76.07312447044148,149.37677630573458,209.61362742826404,159.39520577914035,252.62648242979105,372.3575579574012,252.8334742650947
213.0029575018218,126.00192918387442,237.625267625814,212.034004158042,261.95189454222526,225.41436163364327,306.3155992018037,288.57631339421835
143.47608621780108,283.7310995183514,232.0254410339597,331.5717353410298,245.68507352797596,360.2795136177433,347.2260162265525,483.0600290902228
148.52858970090003,199.8793594644038,150.98754197757836,259.00772712504585,155.75498010163187,305.92838965704215,171.49679390378026,351.1625463094913
246.00857110961422,227.02027487762166,361.7376279902887,233.1227966049029,420.02904525166304,271.5016362438564,430.0669762640821,279.74921216846866
158.2597162826334,117.74833231046469,223.16190598975948,127.43433318212222,317.71390545907013,149.5888741697463,324.9828199842303,241.8945918444179
166.99000907809858,98.35032660136073,289.93391816514077,147.17566948385993,327.83409100465786,250.44931106643122,354.41178248414786,294.53088344839307
27.03792153883468,142.97816454052153,172.11975173839338,198.39973143868244,199.98522915628644,206.13309707639496,243.4376874708763,220.08180848363136
112.519520295181,167.6692294801176,208.8006371212297,198.82926079322417,359.87505654218546,422.4589403827128,406.8457253472194,515.9875897098698
319.88392598879483,266.5923313974958,328.8549586101562,321.6286173191446,336.8035616727177,329.0988104150012,343.81406489450006,396.9940952622327
59.39765259134521,35.52314412634262,146.5397629942869,324.78461993807224,181.62056625330953,336.9848843733054,193.57170378744235,399.6743432751276
50.50019550875095,93.5290906770267,79.8030643353921,184.16711762626866,111.98157626313927,224.9215062874464,183.7041062352705,253.0686576098967
249.00558143946358,337.1925488912881,286.72961136144545,360.22254228912794,346.05849037164586,384.2583404791057,357.43669449000976,392.1354854222558
84.61663924081982,129.56649683576296,213.77851728782863,286.77797003858024,307.70701471040525,290.64236156019024,359.56267200773414,320.4208589622103
116.43020653715091,105.48731489939706,117.04752834378762,203.47858292284383,223.48759509730837,403.9828973846241,310.08373656893184,462.52022910860506
101.65529591748707,126.3190317921322,142.5226315042684,203.0293987752418,349.00194566329725,235.60629372756543,414.0792960594502,253.62855351787502
137.87581183192037,143.3757558741253,229.55701866072363,304.7739840959342,337.9236392954625,313.144890217728,379.33267300115864,341.4231298184499
49.31424148107476,279.08431868405296,162.4407384434504,312.10209751201234,237.45678366429473,392.01915762494554,239.71929813273886,478.3124942582701
310.6177900159394,233.7221793977573,336.4777320394065,279.34108098692155,353.4801367568898,295.59789099462273,400.58739666671613,305.3815206720344
238.4310715939978,145.03019975050222,292.4199301723154,152.91966750912556,312.0790745431583,190.55212500186758,318.84080032676763,295.5073238089987
241.52286282648168,114.94077677167405,354.54403009246045,131.7291572327638,399.75057719385626,175.24750160112015,410.854778179752,205.8404799464001
58.80826980568369,123.69070081799161,241.36465634033175,186.36000080784783,246.66434514530158,202.37425867566407,269.94294947674143,209.74786163920848
256.67777950526647,278.35251954869744,308.6997502223146,381.99792205795217,372.2121659282461,392.27904102724125,372.45231017439124,413.53360412769064
195.9742424571415,205.97279990365377,267.6622850936975,219.14591649696692,267.6834636634944,248.34700242239325,310.00933406958154,264.3901406909559
83.74328457400078,90.7334413273643,406.1912014288863,192.33938258511836,413.1118990171279,208.31782405359962,492.21369628217525,230.6896416687083
102.02023312579333,295.2732586214792,131.17966306044715,349.5612835787981,181.2239766607075,349.70073264786475,196.6364573514412,375.0353293268526
311.4146084042381,107.20238414123958,482.1184968509536,116.50693032266554,492.39311348878323,177.26660878938858,506.6329242458026,220.92802354848507
131.17236525762874,155.8583182398819,136.0345425845509,265.23171248453576,188.84850321878645,312.0751089961692,296.7352686474309,443.4119985492299
116.1776682426032,211.64036341505707,178.94084414889835,213.95169740153082,325.7779845915401,255.88167226492385,378.1328570454575,257.1054626449268
154.83321626500674,171.2378109907212,182.74762057123814,175.03217632997064,186.9264707232491,228.67612277558138,189.64443914523332,257.5675626669634
54.59345783356926,185.92863236776776,232.79276227162217,218.42998416910862,277.59242820124916,261.70583423463955,308.0937924480905,290.44230305496865
104.8153889062519,119.50147496019788,172.08514590435473,301.197329771921,185.55830779185752,346.4237805653975,300.8217252832713,369.4688466664305
83.77063947420785,167.76992938121867,237.60653179034807,187.35097328161535,291.4741844424482,346.32853297692736,323.5586456314095,434.45104874337466
164.00865435545063,172.44020416785736,243.23808115681217,244.9013251912852,284.15242896892204,277.0710462379048,294.95641324070164,448.9879572962645
69.81508661944422,83.74837529610444,116.25446995243891,153.50951170577645,143.38788912373485,168.95761028233406,171.13330845867299,181.6881557775768
126.66585376706833,102.86081706054053,135.53915961674156,214.68442231554255,234.1858715337006,315.25235308358714,285.12136310297683,457.875375377152
249.0095936541261,111.88121112910585,262.227700408557,155.14049066553545,280.9948411045775,189.45361825791832,354.25071201917723,241.51529718876225
132.10403900389258,44.05862237936354,207.0143334334511,177.6363601473414,209.02972903763785,295.4695411156475,235.8554102405837,297.4719226403658
67.3108083149352,184.05134065140237,134.36704851666684,275.8767752219625,139.87870482759251,275.8869532061611,272.74980392588026,371.95517221730785
49.40765475415677,220.7485521307258,121.98579225775737,275.5693069330705,146.89474744830613,384.0554713193914,174.24578992247774,405.69541642957387
68.61043373978694,73.27826785237906,199.11278975800593,185.09428527520447,216.37354776588526,333.697905874949,236.45388559920588,337.21317358760996
90.89070956262519,272.39070320470944,153.5247392012075,295.3226874017159,168.0956786160934,380.22390921959834,187.58784912601894,463.94672554908726
128.51497784990966,104.05886533353232,140.58469732121395,137.63098213997458,176.05814786132476,176.88152005353157,274.84361805153304,192.8708113105834
67.16796845415237,62.364951619131546,181.96081449139356,188.45116213496098,243.60437296047186,305.5779245727073,246.37083858224855,387.9421067442257
181.78770788046225,71.12755956631716,256.3737974447357,188.2044679251536,298.25714320112155,217.59433569278136,333.6815305057585,305.1351577422878
134.9106685206879,183.60539213142272,256.0799938658977,268.88138055850374,304.75458365172426,304.6115438979068,350.37298004063416,369.04262920261465
135.5298002117118,162.5858955227132,185.2235501337694,177.07188568570146,276.35447801436743,220.14090291236346,314.5106450278935,220.44097242009286
47.16855570690369,36.85018009612394,121.70976699992829,130.26151910105253,360.8172895325341,161.57244631512552,391.533368399248,232.73406318887643
104.36252878952337,147.17566948385993,121.70976699992829,169.46049521583507,377.28280943241,313.3034498981027,430.3898060335926,316.6838471885427
164.12974785061152,101.80466411222088,177.52287047674454,228.09315421977897,206.84482483875252,282.2312183123809,305.2495934048181,286.3877422879815
42.136791485343785,462.94909029508614,62.869166385622606,505.53951351513723,128.28951613453404,537.2441619000717,167.44011880042086,562.1212813229962
256.2415669826247,67.67734259730287,257.7641420727494,202.09867823069274,274.94684189583427,255.06451527795906,300.30606161775717,419.90268802598683
105.54634094778409,87.20539001559773,155.48951309288395,311.7251954217821,355.57735962623656,418.2696825011803,378.40810768582367,499.1888715627089
139.2290925756544,172.09432577276883,151.58092704454452,172.10730297956866,203.75933303500562,176.47545631545165,216.24324781091303,182.39568719610656
49.36066928665137,146.42080768025667,222.17700659996666,233.6137795959751,294.1914930483317,331.08709070949317,362.25657944937313,337.81082760020894
161.27748614916248,398.8068339808612,169.38269447767578,414.71907785704667,170.58007244476536,425.9230480223101,210.03265871200256,440.8545512664753
59.39239147014436,80.23020008176329,118.23716969334656,173.33563687531213,277.8225161908088,231.56636242364195,425.73487670696034,272.25298397591223
88.277419156151,77.01622565417979,104.99669719143854,227.94141569420833,157.44819471059049,341.28089711523273,198.1499232354149,426.84766225530876
125.04259856073261,190.81746829949876,200.44042868107763,266.8343905599641,232.19413311305752,298.69134533790196,254.41938087537423,311.4163238814242
201.6225443307828,184.8131314912264,237.63373360984392,269.5349529997917,275.7430064856168,291.3217895325675,280.43187060909736,294.5865744005433
86.23071310576002,328.29228055023935,132.3994430103894,372.8476065745261,133.69090449925557,406.788174393087,173.39661729411793,410.7681131221652
206.07541222878982,133.85874738843683,217.7674211214374,219.4093973282815,256.4284751663476,238.70224078158938,325.9362680597571,328.9975510473125
91.75810392925544,94.86982684328969,131.31029338903147,204.35618566894644,138.54779503251117,210.079850402333,316.78327865571885,297.8349613626909
342.3630367702832,81.12776104180287,368.3698239852784,164.88077322913895,404.6703668163572,222.45865509334777,466.960406281472,275.9810127313413
66.18161325929259,8.843350574637842,277.7386454978414,132.84287422903483,348.239202625445,247.73103566177093,355.19272476497775,271.2677195097234
144.8496711063512,164.73809251815695,155.94880006222007,239.38151175593248,182.7276830621716,246.50385458620886,197.1265058395647,386.16652079024124
109.1650987871698,232.65213404013238,220.27993723994027,377.589665094925,264.85004122332833,380.5679060607189,286.02790583631474,433.8022431279689
230.22194571956783,222.81823542753278,304.8967434313896,290.2094092642393,326.1054707867943,358.97311613647844,346.9040440789542,535.5117688776924
103.43302955602107,124.59574252567523,165.79959909168727,282.81361352889724,264.15525198423035,357.8213943350864,318.87035074749684,374.2510831884581
208.49004410161177,81.5837296626468,231.53568078671728,162.65450065683254,258.58008222668616,173.6592116963569,440.78669265685784,354.8677154048194
250.7169846362768,65.95289483015524,428.5327144405282,129.76472433027473,455.6689007525123,217.8274044594106,458.1839930689995,266.0491382092898
70.10453422164571,99.08963804712474,83.02780980784131,156.40891464172884,104.99669719143854,267.334311261576,168.3330420183633,317.6253030871283
38.69427180380355,278.31359636577355,54.92372187813581,301.4992492775304,117.94458437059062,317.6253030871283,125.84291464026991,333.21890802615934
62.4834099764935,248.39076126479316,99.50534183300992,286.88329020905036,164.39511821543866,309.34092471387004,205.17120139018604,335.2332709037264
205.39742292644692,178.9054879967895,245.57590380561638,182.41558765495736,259.32911729601676,309.9518631835778,344.4882729125957,342.403250975689
32.41456718270942,213.95941754771084,37.5812832695318,317.96371035172484,38.936552176023376,350.46018046107275,105.0322398413032,414.11590231308173
279.2401453792551,141.44102529483487,319.03797823098563,199.52952440910485,471.49849686910267,432.7353723964614,593.7659153273682,453.2166558732831
43.75185788768705,109.77685935846607,116.1871045205941,372.92550407114237,306.44132217868935,396.9934511204991,311.2655800825894,460.69074186809286
172.25074492452956,152.33989731621523,174.2044307138891,159.46811707003167,226.60975552032855,254.1974931054159,261.38636455394044,260.2000115466146
224.38537552139303,108.79255829537792,293.8655182648929,409.9676540679271,300.19385896091995,440.6239718570578,330.2688894304564,512.6414007824403
180.4085897843167,287.2412048357295,275.8436854518465,365.4588308479164,285.4085290382988,370.25815944379553,423.8211735313213,379.6259419200682
43.75185788768705,96.22858704336315,153.05231516806262,166.24271819559314,312.3422929141394,177.31719533798486,322.0409146448804,196.37641324671029
112.6209234202142,111.91157305345445,263.2014407067983,199.3831270374847,431.6735741679128,306.6162899091592,447.09249796821547,337.6903981784212
100.29293769582155,154.81904764398766,149.50748278824514,197.12694775015706,215.29942130783368,385.09201634626174,393.4236562075888,389.10259297585014
69.39757323335672,60.91556033933828,219.52853801952787,99.97231107709344,222.787003554327,229.99505545557003,445.57551978492694,260.10463344276303
95.71966327923288,97.99262955091356,235.8366687133583,138.71067590790406,349.771252197994,148.10717388482414,360.14418236839543,212.23126866591272
30.52037105886152,166.91726056757548,205.13819091580672,272.75466032337204,217.54810707705792,333.75978967971594,295.0740439903165,565.5837272079897
61.17629086809255,221.84784095091482,105.08376656288671,321.9719150298533,173.6417041719416,348.7708559094927,235.46721105476533,401.2901969948865
108.29588924159322,111.20148579844158,125.96749536819179,199.45780531572555,154.0419355060226,236.11024892192918,312.0017351116084,290.86286119833227
159.72270202652408,152.27330949433858,408.48978148987237,220.40507689660006,444.97234785889657,254.32732633059683,491.7304784251731,408.8121534104861
284.0461431415526,100.9238002926723,306.8025371367999,302.58524823509515,445.88425060580727,398.79743067002653,543.6027175653504,415.4451596064848
143.22868090345668,258.9075432566255,252.6863752517524,333.2033874947822,260.08487720134804,354.0678064258858,286.48175332628557,397.5436544046484
54.412448974323745,87.20539001559773,121.18385432530927,249.98634246691591,134.55154301708185,451.08402186714545,170.2178312821225,481.13069456015444
177.46958870453435,100.26580023056977,195.9742424571415,140.51832722318662,273.58835126001,147.0161319255581,275.45025509405315,182.85433512207734
197.82464192798264,111.18247384076192,242.04960381311392,247.19357587486385,417.2242006878027,249.86363221884685,421.7073163958204,277.1424056889065
84.48071635202231,164.44598166779775,101.81187379777302,310.1590139390743,102.22593101686257,310.78103881443917,150.2716440172676,401.5378286539808
268.7646285584266,132.75126194048667,304.65504338669484,165.5202506105273,327.7970333169689,190.2876402407979,355.0229989659853,215.1946839571498
61.31215763905184,126.42082194730193,69.24663383358592,269.48827215658076,85.53472984548308,301.8256099656961,165.83339970538483,385.74516572605694
195.0897084897332,256.9009881276964,331.68009269957037,277.48757645693837,339.8163620558918,288.5457183420621,340.70615826779004,310.72839124018395
96.7696711062054,16.991445009531773,210.705253899496,138.3564179125075,229.32509681497734,188.58661081551438,274.0117588830451,275.9278246172224
135.66618609506187,69.1072833728808,160.95487574836162,80.47907780961953,327.30406309762225,454.8476818722642,339.98975644653433,457.23768254025316
237.01761862740065,143.62589765568111,399.7618206061182,206.895398393602,418.438047892652,310.61668734452894,474.1327997966382,338.90090011603576
118.99200973199348,218.42998416910862,198.81645814693852,254.22510867756944,203.28788400572714,357.8117054608284,215.39480448748864,428.6559673959227
209.92205342730688,179.62883928146877,260.27057592844227,252.2693107662516,273.6698571439254,259.93018546944165,288.7749580397979,268.51441588161083
213.1594191011523,363.1528319579466,238.1519257744532,416.05419537276236,451.8333784523738,462.8320241906783,519.5075917256155,485.1750581847498
219.30518066443906,129.4899198016029,243.20190688917737,218.15703123704952,313.83264557480567,266.47646841121906,361.76777110463786,278.18462554268586
113.2321097032924,103.96123889072155,229.64162948421702,353.86307210346354,292.0027923172633,355.64375266626143,301.2454506747722,386.568844491299
70.3354832518763,206.9135748423154,157.47299656737718,207.45552025132787,176.2653608904759,266.6294657361952,211.07780247594374,303.2548296607622
80.22002567606171,210.9217045423107,134.59666551618955,258.7320673118701,244.79665023925452,331.5011458833037,248.32544527845394,340.8428554360442
69.81508661944422,109.14264451499064,79.5227825505234,171.79925377098192,196.61844942020625,249.38255117684454,211.85824022614128,256.9009881276964
126.76676882525432,80.10823708947328,128.45576745974054,288.9467990878373,136.33016558844992,349.16031699466106,231.20446811883437,413.58120596000697
293.89624654872534,119.6324537283786,308.90971235298144,156.42306056394258,322.6119674513542,191.45805423604608,357.43669449000976,211.41353311067007
120.23098372282655,116.20039877427685,201.32538783432895,266.3434081670489,318.1302606092899,284.1266819688002,345.01457215658434,298.8135785382853
61.140175379431405,126.63953934460304,130.03547165311818,217.2998081943473,178.9420443099874,218.62383720674208,200.89517439306002,218.72416059113053
216.06145512276845,285.787919404569,233.29077083033619,342.90652524136897,385.5196837242978,363.4351624147539,522.2701449748125,373.1278976739359
96.69164535825574,45.678295870674184,132.7864620038623,135.9245814072452,204.69455926105053,280.1675707091619,260.5460244596706,290.74207897745544
142.40750219665705,133.1533799616488,220.27993723994027,168.2633029430126,244.55848158332597,188.5114581480696,329.7916877610006,236.88750066220635
261.5017468793254,209.09995295635875,354.44175463704687,215.23252983905206,368.7541909234983,251.88296742444916,383.5560978596638,346.32933391508305
104.11882630787576,80.79884212907254,117.3853237731324,204.5085537134339,127.70750184233952,291.8669183199157,329.6616032879632,331.1045683838576
150.25868576498362,82.7985123668539,193.51731123180642,141.7176002020561,194.71151770174,186.31114114663137,270.88233863433464,231.18734090458727
146.37230690656622,273.2228627833327,184.26972540206702,334.2548272819467,252.214770894118,334.760912009365,262.6274675904932,383.2206650052716
99.47570256525047,220.2180475943924,266.06971289430516,313.3674290743525,272.2075939513314,371.23396091100767,305.48205384780107,407.15967674834974
76.64132578367297,36.27908611195313,355.8977000998627,312.7204009394783,428.18710900273953,377.45372714465304,433.27731717270865,414.09518326787855
51.74793727353917,323.1029926249819,124.69439187315959,462.78583883783887,134.29176904093435,514.051526076894,204.69023399361006,556.0569610656049
162.17365407927065,113.8057080298907,213.7146735642379,124.98705188839281,258.92460594011976,256.2308303606944,260.4142021051795,284.1070583079311
72.63033060713379,109.23179925344407,139.87870482759251,159.91490881224698,144.40809273774033,230.35286518358615,182.74046855298155,267.04960580402866
91.7521231188533,258.8002990815388,294.97017177081926,262.58340805411234,329.1786541148805,362.29183487954987,364.69446107193505,369.8543730030813
31.48314625684224,49.11719398236258,266.6008018683851,190.55212500186758,470.401961862095,272.02697012471924,476.15791349787384,296.0332250179722
352.8907025906792,97.37436393676046,421.93305605514564,195.97600831525335,466.93306540140264,201.24456491461947,488.3617101575714,257.8758828499281
105.97933065671077,147.84459683136933,136.66313118049302,358.29901665528433,221.85624436471446,370.5888925975986,222.864975255441,394.1810299926599
38.02446391514193,195.60183925451864,349.02378828082783,219.66658196392044,418.17502082574356,250.788255430096,444.7210009449147,296.6633778700228
149.84883975253584,70.75564966694868,201.6630921317516,154.37214152172004,229.6851990050357,226.69330755600237,259.5526646117137,296.83746635752817
48.63685193820362,325.6276730759048,69.31065565919916,376.8969995406729,164.45988782141478,460.2118484321585,366.96589467667906,469.4245980279244
81.1325660743048,93.5290906770267,168.23693809042666,167.36458970887637,176.52453751851493,267.5722735626107,190.9626657766201,270.9130977463097
247.38444146220206,32.860635308831235,266.3254269652352,143.36776588065564,283.698590929176,199.04725611507985,346.8057339535209,219.3816968540122
192.90478255470921,9.703647512557316,244.62537562508362,112.72089552795912,304.68338755228496,321.52522422668204,426.25479104094893,339.0990459731375
170.93414528857957,205.97279990365377,189.27898065183894,214.57680579936104,265.3451900415619,282.0998226938731,438.5307983660124,360.7257827604875
115.47794395461383,62.76475319363625,158.61019620879458,80.83811886291203,190.60620581099874,156.7527317691909,199.45722838313512,171.95543620588137
67.61686966407879,78.05982874830634,208.68610991250833,195.01245488098192,217.39802205355662,215.6342537383885,247.89874776360503,280.3622116414723
361.79119118244745,98.44145505839401,420.7422916831958,264.0198308221953,492.9916699935646,267.69616630724204,528.8340613851324,273.8269906930555
69.31065565919916,249.6706571373902,98.1887852133662,294.5865744005433,99.18162479412052,344.90547759879615,388.27025757479316,345.76464560821273
85.64019889003676,112.10900671810572,249.32474637771577,171.25428507570956,335.86296398631976,211.78222682432246,371.1626157818124,239.92101985503606
93.72508235066381,115.43286190847171,177.6337816419683,170.04317530784243,253.90141412060504,197.77701083551366,280.0928062883689,341.0990608759773
81.45846190130595,96.75043317574769,119.1443897424826,123.37292208384083,169.15311964761727,144.5804854900861,226.98404683386096,185.18146626142308
153.04733685704812,105.48731489939706,197.9251112914078,210.6938707926016,203.83400381732278,389.32804651448475,278.6040897134842,441.6977525474415
77.37008380578197,127.43433318212222,204.81168352305295,186.99157185586643,205.25823404870243,242.34925702301263,277.4632773422081,354.12707511605674
69.57503781333341,304.53623453440684,88.15845057973807,327.562220817515,236.2563768137324,332.0893944102368,266.09971751690534,355.74415699978056
163.27316414506936,165.59358325421888,184.23534011716052,252.28753061270328,200.94683019194798,288.33351518409086,284.35665203389124,415.71416491163393
264.8515706242131,96.68784436029262,331.07782157149217,151.82093196867297,342.8311208647969,171.2622592356948,352.71069575543004,238.45452785201388
130.0672353012166,282.2331715197103,212.6202062740395,370.4714389774186,263.97970517595485,406.4387152487495,415.57972541965694,434.89876462036625
183.28187786861392,89.4092706236899,287.7735425847516,271.3274902199546,406.77530053468683,329.4251582149567,436.3228262586253,340.2310280506155
100.63469549036544,115.49773792159161,157.55265061592806,310.4813085301863,171.1397347433339,315.89541047044634,239.6905377637464,321.89577433816277
236.44970792594506,52.096282061572715,276.82943447680304,96.75043317574769,317.3184053634619,165.1749358464089,403.7348326755155,195.90392681948705
158.2982684139534,124.28846444874692,187.47485073428427,239.5911314582533,292.5565744318883,301.1611360968195,419.06420967554436,366.51931719559593
106.51283570778243,381.99792205795217,280.20257913578774,385.2899815890687,348.0306064933493,395.80746615794857,368.47951520352063,455.49374194853976
228.69733492865598,105.96642609386501,247.0794730527602,136.0800064631533,268.29570419246636,160.6837299495659,381.979453089977,202.91375679013296
134.0252799839369,100.64229440549981,256.2415669826247,107.29406965914058,277.3978131618656,275.3919667042005,284.83452925361183,365.0130108512396
106.47683135090995,223.37547345640417,304.5941631556229,239.38121933345602,315.15374322787926,268.2185920037397,333.0350962942818,331.1038649400787
237.67550576765652,167.03730962390827,253.93747677398113,236.44239601609598,261.8697884799859,237.9260410808537,316.46724097632426,298.1450971282097
219.77152722848257,16.164515430214163,280.3481532532959,133.14310028036905,295.6048125666723,197.67185549951628,366.86089046007703,351.4421446383359
151.09396741215033,17.276046697345162,191.35452462955257,83.66309279547292,226.8489526225874,128.57382434957762,264.85829298574674,223.86025502679516
225.56774482628856,65.33377747650563,281.86939960717365,166.3983711660795,304.41231317950974,310.92913368432613,306.08205814978226,410.2355503167893
98.78759838578137,24.89052487878549,227.8959376979621,77.76476978833666,301.4475625584753,87.67445909849297,304.2632933429276,105.46336551277261
173.2970008158998,370.8796575336124,180.00491221595456,385.1219941937798,213.39560430436475,393.2664241375811,254.12582952129068,425.5240709881527
213.80634868658888,109.23179925344407,280.0684329797517,159.09242040290863,296.9149758508599,185.86597306147044,331.1520042816615,291.27851590132855
74.66911358262654,190.98854221792425,99.21674347475505,300.7321352875623,128.16827359782116,305.3815206720344,298.1657689983145,310.5921059832397
93.2114303420957,240.38659573091365,175.3477023739364,350.9487262024327,180.08231595055088,377.36778332039626,212.16503076462558,434.53972443023315
75.38034786471263,165.04346972669111,134.4122132805635,175.3220069954483,198.6788850875835,267.7230417943019,231.62358530512364,377.73347318547127
76.45013389190387,158.90730190631226,179.1372604614623,172.3013901494819,191.4367364044164,231.7867137747918,199.85951168405916,376.2125118659958
93.41447161934911,71.05740809541406,116.9056849111722,153.72819729299795,314.51247691949993,154.63348763162125,412.21625684726695,270.39579099581385
239.89814327717016,224.06092083272887,344.1954044307926,227.5528608750581,345.67259519516284,265.87818457146057,366.70804771568373,421.5968216131221
130.82091696838646,68.2193111091652,168.98836558652835,280.86344684997863,242.76441557671131,340.16231284490476,249.80011120821553,370.863048617946
164.57286087136018,169.41652989941986,221.66532225724131,195.79775202802387,260.13773507097375,323.12401225542493,261.0997506580958,345.0725065326297
154.16302208597662,32.896744366644505,309.51525129693454,150.10681641114672,369.406421557358,233.2889527341819,394.08777814605173,326.3760053551007
187.15275704423482,150.03301366919996,211.39884958345135,168.73026377714191,258.47298772623884,174.73500291710417,382.383483730458,312.545957302941
129.42462973654006,147.2554791715143,183.32502186511024,250.3160622827075,226.8489526225874,261.68275757506217,297.522516381514,307.46603657238546
154.57855773796146,131.55708200681417,331.05402678514474,286.4238507726881,426.4884765994844,305.41265909395423,434.5169503749739,350.95804929700796
223.63708170285642,43.39324047709784,246.65791558242051,210.44267616680077,303.8093129268861,264.9398286221832,326.5376221530808,339.6217815250397
64.3732798074434,114.02320293079941,86.23071310576002,180.93869819890097,91.01438636883469,300.3227046244766,151.11207891994258,319.5471258642841
119.08042115158389,125.20612254883993,221.29752434127354,150.32781090747798,288.84974094513467,263.47239322151506,308.1076103466938,267.39970150340747
149.95638999817788,103.54320170708729,217.45616799146617,173.48293771360468,261.10450903506904,264.16187750039535,270.0286179121237,362.8464248826877
130.17560756877182,166.21091765331647,193.4454163155329,241.1354151820667,213.76785184007161,267.2690816708744,242.00793366668455,315.31962709808676
114.21300495119645,152.595560252225,210.45300366893775,209.29012964726792,292.94586525837644,290.0989658081336,327.83409100465786,310.61632777675516
263.7409718045543,125.06867152430921,363.5403681866084,185.98715787395665,367.1552124883602,189.58402783218293,420.2898585472884,384.0239810581699
85.18299004014428,92.88311716797406,99.92829567564435,102.57684304595564,152.36014806605783,201.39749554734726,268.88447722959114,209.47812757768904
36.93347384074907,220.88560109570275,180.26388578141967,320.8836128479706,200.81110187660295,325.6276730759048,240.24431494707756,332.80816478292775
86.91795563270357,57.10495920746636,132.97857136202484,98.63299322348033,192.63271985011673,240.71598482527452,352.71069575543004,257.99622272821784
43.6792933995309,61.3541443027707,75.00631582526687,100.82130112132124,227.62852420531058,235.70683357928723,275.7415869799024,239.15423281793562
99.64907377334238,85.2989365102435,327.02911852190425,114.89395128803942,347.3608317058734,217.9610090303137,347.72335851607613,227.02027487762166
331.6747750008667,324.46037561961276,458.81083663031984,357.6018493415593,467.3298404665222,390.086202058144,492.01426581409254,404.2272628081237
98.2189463607846,82.73688293318884,422.1967235604114,224.51157205668807,453.87441469659433,270.67740936426424,484.97704546408454,273.01027312281326
182.1522319579753,119.8697814343139,319.6225687265466,166.02817602773703,320.1196462076954,211.68257321949827,429.9864345361665,298.20764487377454
166.6419133878288,353.4656719926298,224.9528771392847,390.41219800807244,278.56886029345407,476.95692335432403,284.8750619669404,480.9438583650301
117.06273486963353,240.71958965576175,158.47923231709743,298.0371693002891,227.53371266497248,308.67261997129214,238.38228215796997,313.0517775903189
166.17713990833852,233.19172729718073,212.56155292632218,274.13159084991133,277.9515876017396,388.39767361681135,297.34752434432977,391.61266602500893
94.1107529482918,89.070885864008,125.20993524375035,269.1695135713761,175.47755560605435,286.5310294690879,192.77244808607458,319.3669889789582
225.9853325722851,262.67412064297423,275.0805769056532,380.34539953585784,338.5158648417824,396.32509711577563,379.37815676968927,427.47797354261604
185.7655499267848,183.3098252577603,219.02226177107227,243.77798663190597,282.6527883814384,295.9942039129505,386.5227214074311,326.97175499046705
221.8140533748144,109.38053327842643,237.82890576508828,143.63737303785499,298.1294109412035,262.1790122080672,340.61620591746794,353.7288038896437
125.0933606544513,107.6175094476984,143.342688580446,223.3170507234967,180.26388578141967,282.26062195171545,249.27148176604572,316.2603016257596
165.96953638613843,107.26149339802961,225.71520576738672,134.38766053837605,229.93117404346685,287.54816392448663,234.02521409010907,370.03572434152784
123.38779375679387,161.8363560835783,307.29323335392814,271.13309825709734,310.56674057107983,328.2001354376401,310.8649939456303,392.98627297628354
189.66902407435128,198.56496327325723,204.7132908015075,251.18016259660712,224.24264695245958,279.5844092018782,241.96268871118306,341.80290999181557
66.71631196293501,119.03967846155088,153.02597675712315,210.5825107539649,166.51098877251712,286.4747552146099,218.897835655669,292.1846760180869
45.19767704441599,132.8902433123195,80.34892578560553,148.21802623327872,258.4721047384912,159.6663045906185,353.23178888657486,209.6886346340969
96.67633446891196,110.38979043202202,119.46766722645728,160.80179085692944,129.3755721805994,171.72994944679334,160.25516940360177,255.42054998268878
124.37139128426864,190.81746829949876,182.75876834088587,224.15693508263143,239.60822333678368,264.8688418039461,333.1692560985518,306.4242206870583
114.73481437210884,148.3097706413118,122.19447723303209,260.75120111124727,195.85026952569814,286.2896931362149,274.0995135709155,417.3961225580471
133.2400864182598,88.02191814613012,145.7404180483964,189.7445571992339,203.351897704272,250.28466812357976,283.72008289821434,301.0989541815604
170.56410261227785,110.24011151643519,175.8449836494238,236.64038603340612,199.99404816136575,306.0311297426798,302.77793722623056,340.66184781683603
73.1152615863105,82.20955861449568,129.03383606154205,213.89885604690002,190.85577264728462,221.96279314533527,198.74860063555207,311.52083846944134
44.3464644155809,208.04749634382804,189.78876194163564,343.1358046350405,245.00367986083918,360.1953255669012,255.3907042182661,375.9660260698957
197.37113677169822,113.85368305355821,275.1244630829093,150.9446879569843,288.7778596827651,201.837541437777,341.8557488640465,354.12873410732647
179.25340202433088,90.91686117677702,243.3147210843015,298.9611613563301,294.89371781734053,314.0057095209175,312.6538133343289,334.0611445580923
223.64656542042135,96.47973989230294,238.81268688280153,145.8768952408023,298.2782931095637,276.6109785519135,347.8209075153246,305.36185820315126
125.2407855161792,98.0888746676426,245.43018246208769,135.3481339136293,459.9980072759725,181.8845330207003,489.9320377201286,187.6497753952023
82.73521976092898,182.90120762388048,148.1002767493111,219.55688028401954,244.97419799358408,221.05380366744188,246.50264112938146,298.49109958706964
35.205781686187,143.39168578176523,193.4016531182575,186.4057681516138,205.11979574728485,238.84123752800957,329.59964924463304,410.2151473309935
227.48725362384477,178.43463973120956,416.6472817284011,216.05247663886647,451.89104529633437,287.3989210767002,457.1079273720009,342.34517883937656
106.74208959338898,58.50688089956765,253.43715141285148,271.31223393399966,293.7216398928062,276.87934562366837,351.30913770710214,341.7539730347112
55.180246777248264,268.9062098216047,69.73174480248274,355.592170686363,134.72153917007572,447.8184022528501,240.33303956661817,475.72887880940414
63.183122462148525,152.2043345018344,142.94587816454535,153.7605808543323,166.99750691911973,253.29199788014049,214.9809213064432,293.32875926819736
81.87202511067913,127.79179434600697,87.71653609687455,194.67486549190826,244.15203347147818,213.95169740153082,280.22535519932427,344.9257370579848
46.346806123577124,66.5488448618555,97.59192383569786,106.01504842496676,151.04898068952954,182.08599533821086,211.3531789229392,187.26734908502547
136.16247992936832,146.17961454688222,186.14241988192816,187.92248093810193,236.69646337691677,392.66172218145255,261.0372488788647,395.1667477240533
94.39217767050218,183.06450761102542,191.22788077850805,231.18905606977955,310.7033601829865,296.39817044762935,417.14078920283356,303.18207548397135
178.67619052217933,459.44057781352734,239.6121867002157,507.11093247648773,275.20065820619243,511.848228142822,292.89568420199515,546.3064254186975
84.11059674289842,138.85757739750753,109.1993521711984,203.71135135660313,418.5479266820071,250.34502055053306,469.7183162584553,287.2412048357295
296.14595630452555,204.57133830540167,334.843236041832,363.96949557803254,339.0241355702283,375.1083881146873,461.27151701941983,390.9176230241823
157.56412474342454,108.14588389957908,185.75514065964364,276.0300522722702,241.88272677297059,364.98286314224754,250.77980347956932,502.46141367677393
61.21036692408329,81.14472492763336,213.6669534588407,91.2337375721381,337.21120127149663,183.89959479046576,357.07094186073505,273.3689525505761
287.84310639020276,162.81683112924046,299.287093988923,208.03349924022314,351.4350164407783,217.1442096642994,354.8318667135621,221.31400570039148
130.82091696838646,272.22506839022276,216.55080062077627,302.8240211409951,223.14786411914312,342.0684207063393,266.7418779822784,356.4589239514565
54.02656172564547,46.53394768449031,76.09153249119672,108.92968696906425,130.53651262721743,124.705756608826,233.13320208214134,265.47679109236554
123.50436842918475,95.04375973892107,139.14064622832984,435.74740409775507,204.6659030892576,483.18968999735216,217.4177432651387,563.7659433016111
114.13973555647344,77.00864418721301,131.63789461709217,90.68731656757282,131.76043364194322,107.0247193274163,160.31061829460148,180.78266049822867
222.3999631578642,236.17562659065166,268.71851834230023,374.9166129823694,290.30511519635485,487.2696976088275,317.3206028787833,495.91470432706643
76.84974653606956,266.46632726105867,135.0253618120439,270.4742038205808,175.89210302860053,350.50230787090925,185.6962034051635,354.0877548820302
249.3859449912881,98.66414469212435,251.28362959739303,109.03862282947856,352.1379945726058,153.21199890080382,419.0715250409365,214.21432856942948
107.47653637105762,68.76525298052118,135.98110610009905,277.9573614176361,140.06411443140607,310.9808867634842,210.4127614923882,397.6741954602898
116.75687031156473,78.75751158506705,124.12007522973249,176.83291456345057,214.70755785188032,194.59050035589055,232.39630521339245,201.85321576579793
170.6734206781232,139.5097338585754,223.60357121755843,256.8322056730564,250.60585714229998,400.9703795741083,282.3550939236799,436.9539409135546
38.08383127026573,86.36522184118924,96.28070410478664,196.86185838775248,201.00200488498274,204.83978975060407,215.6843088290804,214.2730580209161
323.2241286685669,48.38306111371281,400.25085631668674,159.2937666326772,410.8739593967103,331.57571534533145,414.36059455754076,365.6049760559938
374.7489783359067,172.15362196063015,472.85824801114364,172.46339758736482,491.0641012363609,238.18511485570852,555.3065253443519,253.2888461623867
109.21933013474002,209.07303426787206,156.65255616464063,243.89235953893532,287.7531230003729,339.5925506345815,311.3139084987251,349.6982528264716
152.67115150119307,88.52777109383419,162.7857280854006,330.2694329657522,200.94683019194798,394.16586525466806,228.1051250622772,399.0374814101468
93.20452393857529,113.90873335814285,171.27099393090836,204.5658076948597,258.7893770868463,344.997541062928,287.11772376348245,418.0505113502939
74.9174370022354,77.46581728012679,121.43248865510301,251.59021105774127,217.65709119526085,291.17665124423576,240.0868867120304,323.71059364869996
177.8310830618534,85.03275027938489,212.49126117205947,233.58196759523912,337.1399618662034,257.862142370082,341.6788544174951,262.60651449117734
81.82948724360293,184.625470126093,140.0100991521473,211.56889465581588,158.05393713460035,278.4387935257469,175.84319215265492,335.1037080828056
101.99532330458877,322.7022825760594,267.2034011376893,330.4692318264552,289.8307200457926,366.28080900583063,427.35972124556264,376.5947297028698
179.25340202433088,169.9389088346896,214.17511713586472,239.7867947886767,219.0223557350463,267.3585493156395,254.2491407046485,274.4314517163405
119.51680488342568,203.04161874513318,203.8740036232657,241.66839798950224,213.53777571477036,332.62665240383683,213.7146735642379,345.14990388032135
97.80147421853948,96.76157356022306,167.51974700663973,164.88138811839576,291.4551325837145,249.16346123543522,329.6508920790436,298.5859302728341
287.7735425847516,132.84025344018366,290.92232794986256,148.95894307861556,317.37765739887215,180.33271289691282,389.74620247245605,199.73680736845452
161.80051241573634,227.3106482615025,170.30361778847956,344.7074964442232,183.0391191911445,446.37467334345763,205.14442902832653,454.5732454665473
112.04557097752058,214.75789390515843,121.31482679230584,247.37825199547717,154.51392626659324,263.91025677685576,243.72802394706807,344.6604345703458
140.9373554479209,249.98634246691591,209.03360222214374,275.8869532061611,236.9449993927427,311.2624883047641,310.74497784847705,311.7251954217821
130.89011444285117,224.10001821178506,134.01341318595757,304.9217252502067,158.85501553469206,379.48242901627583,306.95612085614874,423.8567405492632
48.305179520687176,225.28162536159604,139.3407398572189,278.0506029924864,289.11291750579386,362.6068614029183,329.5963419691721,480.1263961392329
165.4367069086897,173.07703482737173,171.199546438177,186.4287267387716,177.65386130456585,219.16922792647495,191.21965702518693,223.09475268352597
123.06374375148098,13.885706066292125,265.92868724767436,112.24687880773097,314.4576897037536,170.97776191961805,345.654267011478,258.62081311404245
32.85613921376205,28.26945348221732,111.88888537362851,146.1903562171167,151.01234318331234,169.0570862656455,199.25955632755105,301.0442912254648
203.2618274142326,38.78060175811614,237.3057007875404,128.3269999977861,267.48778081618855,185.2684669926583,271.4770131766995,222.45711531988863
97.67230468808205,367.9072828018565,234.62512201538385,456.87144488495665,252.50893340523604,483.86768167657914,305.9714723467491,512.1580430206865
246.87012907610054,128.2529251537845,266.54464158213364,164.30452288220843,335.897488725378,313.0076257128328,373.4558815950181,328.33361854661877
132.74447914804554,192.10243815963244,174.4119974086197,256.0007736110816,213.67868516655707,476.261433260687,281.85494456372066,512.5620804869858
276.5211367618931,109.68626251015769,285.68965595306867,152.33989731621523,289.73467212707686,204.59446082443048,377.3558100288238,220.22959500523743
202.69838932570724,48.52881283143033,236.8139952326889,167.75948053989262,245.1650567243455,234.83989698949605,254.92894692383905,279.0011289288087
214.94385987777108,65.86936049420427,269.84122600580645,164.65076330631294,352.05526809242656,256.5911513551243,369.06512440547596,322.1973457738147
159.05887206095923,168.87933876231676,188.30672657429332,260.89822377126615,255.30992864248702,285.75761581831654,287.5970946446689,287.03618397412123
147.0008723231444,130.55037137330223,230.40445289471415,246.414410422574,427.7019515167921,297.04206216691205,457.152552349553,365.3772694774884
509.58298989839625,242.4698777808559,539.7974176707629,272.7779571760126,557.5189772444351,321.1631452347185,680.1065563434034,480.048433234483
134.7957999770859,74.40332376152075,246.2163896994934,211.82583688828558,251.6088904820011,299.0752584230928,344.29513009938677,308.3445383114218
64.85397306370051,64.7388142164706,105.91711306102253,181.74472536336702,133.41084066663836,183.27310565175637,150.30656379236186,187.544800747823
235.42626372901645,164.5806364372734,271.1993234121862,265.1256435182903,297.8714570698809,281.57653884598824,322.7896965683358,290.6899119079308
100.98571033209963,65.11860161293149,174.5745936413998,188.42819003895949,186.0727788740335,214.07474816890476,192.48019070613688,230.01233717299866
110.7839319492358,211.79335917621054,241.7513908445021,226.71816532266175,317.0102565355269,269.0472129188809,421.44994749988706,289.1469162338651
162.02198015332397,131.0795436221859,259.2086419747277,203.86616962381223,356.96801989525,305.6719194075918,426.3834351838974,309.9053511091204
110.68083339161822,101.26253429165988,214.35351719357882,178.22641902729495,261.0372488788647,217.63735201064955,282.3076257805045,330.1476904125907
136.66633349607145,132.5546342746575,169.56939280100195,182.06146514555226,254.49961884027488,216.36100708266665,330.9424882530673,238.4072814352105
66.75684966076898,60.48050927976668,244.51302972612467,91.69722889511728,263.98838934760596,107.48178745838044,317.2369872072164,221.86488029664645
111.85563749122208,113.24497819771524,150.26941967353736,213.69392745039036,161.38478153631323,269.4997464612822,204.9231084172451,274.4314517163405
137.97374851482454,138.633873837213,224.07014022052897,150.4110758368589,340.34061812894305,212.7504522645441,343.1219023279433,391.7997704582089
226.14496990011875,402.04723189184995,231.30055415840698,413.2907477307659,244.89171748985362,430.1500277310873,310.79031713556947,433.82137319718356
105.71065461270423,175.9784603966761,268.86026041293104,242.30054011859917,333.5604070323665,267.2171269847475,341.3220089615207,285.87354882951036
119.79541486399575,139.2189348776075,249.00947779443928,261.288254980787,259.1253995213496,292.4497706156566,259.9197082521412,344.4517359611027
194.57792248616178,120.91029516760432,242.92631157413558,188.80507167600675,263.73398452852916,255.01355954822608,279.9830231732427,256.20937937366375
203.95260177582563,79.02314528927239,227.94977431674593,351.3528192798923,414.7858460830578,475.1748901866422,486.6649405730568,477.53259502487094
205.0881544389055,254.46186561031294,444.7210009449147,280.88836615134034,469.2907946699863,319.27368970156715,510.5257764715092,396.8246985271356
59.884612530213936,224.7528641660458,336.794865301107,314.39717134872683,337.7876549321875,351.81224443714467,361.6926013155618,356.88319065754683
86.43371701210908,58.448342274437145,138.40109076066452,146.41238259184652,141.27031608608544,150.86337711992925,153.0581034732179,188.12914216277684
125.07477088234171,121.56591728604798,330.41955467501504,336.3507053375929,339.51726085275516,337.03344626640023,362.588453257573,340.56680489949036
51.23402393829387,189.76397773628128,190.80558953760087,236.68276855868794,235.01678270696638,270.42653849199223,238.10070106545152,334.9765726524203
124.34811938617479,61.3541443027707,175.8250229349095,67.43564954970822,283.28503344117723,217.91690778391384,369.10480832816035,231.82984714257643
211.6072235334765,107.3725076635308,216.2395750800553,333.50069051683454,233.2022413530717,340.7105240645805,266.55412730422114,400.07547572272136
117.2262014689516,191.62302430806767,181.4573108419122,237.965256501343,210.81516880868895,316.0712640088038,316.78556662267226,328.4004600843107
89.45498369211975,132.66291304518282,136.8422131395237,223.68780859042002,206.2897460435371,354.30451735111285,237.26857014413056,411.0803871897822
133.60159083275482,128.1696832331141,176.17042720896598,227.04413130661646,301.854915563084,294.7094247598518,332.9979806215198,302.12440834570833
215.02484107987462,160.6501697593781,220.94446771798795,186.8720335413581,268.5305434284294,209.27456620053957,307.4345662988982,335.5905060824373
175.0613024641838,280.4917820087378,239.10593608189282,314.00637649585804,289.846434306105,353.845653683489,296.1653764052419,378.821977339323
175.57254640238503,370.8796575336124,180.0570372505946,396.3936566356633,193.56608256889703,502.71407662898787,213.9840081168324,688.9817916269316
65.93889436060041,313.4234095004908,152.36014806605783,326.2287913866762,154.59734471521205,351.4489627381523,230.14682348532577,390.9336651576033
166.93792025429968,291.30210985249414,212.8478920219187,366.2480598318274,276.34102188266075,383.89361923836873,285.7806364064415,394.99928574519646
119.530101628397,128.0334019401513,131.88506798007373,269.67986281961873,229.55701866072363,290.967397397868,249.01237991700626,324.2892011726857
28.796910327106342,96.22858704336315,92.92485962069289,153.80485510277856,113.5410760318609,187.7502804314527,221.99167452640933,195.81481283996314
161.90867345956028,129.08165615345268,495.44683554633747,257.55012068769145,608.7851810875595,281.8876547258669,648.05484275306,326.3807493379242
174.01961631041456,175.5204673823409,215.3376427434504,188.45141046695827,303.5160627898677,219.33478870700924,309.383239856981,272.5604854130288
78.22835130171931,68.77827780877513,162.27844359563247,141.27603330658394,165.944706936877,217.4014716075562,303.9661135525918,221.50759868147037
59.64954084009709,182.2692349410716,94.68400612594058,254.54461291653726,101.52015722523713,278.33503368583047,152.22909305545673,443.1644235373125
160.689194807857,142.6238621698387,169.13650276911022,267.64487029947117,232.76223394092023,304.3196682018177,290.64776362076947,315.9344399292065
176.4501660985057,60.42370570444761,206.45080458919097,237.20262179596415,271.4964660433837,368.1297995613044,277.52371270708204,401.59402453763147
56.543466344671984,43.39324047709784,140.06411443140607,184.44298442742684,171.48984840882989,302.48631439763517,192.64211702512947,373.79194668650956
153.2467450075053,199.3554689873244,209.77671872715322,260.50366396991427,315.88756743694057,313.64393984377335,498.1400147371136,345.30712646255375
46.641050692898396,163.24608933885762,112.40577685156558,197.50526544054875,318.663274636866,241.42962525854807,364.9268229906468,444.22607001072726
99.12145086093169,157.5645504065005,140.12962243728563,161.41216751762184,184.68122057213876,182.13443457191752,202.6423280804994,205.31020145720387
301.75524841350745,214.45693587614613,308.90971235298144,223.5436436986118,311.3867310558634,259.31923111782834,321.66351779754547,354.2686295032868
28.796910327106342,213.326979680357,119.48287657924607,306.9690743503571,121.6467287140608,315.0775440573976,201.97447566450876,320.6614556998861
229.76048916388314,21.70515222811246,302.6589650709123,109.09700269142954,335.35682382870726,256.54747848047685,350.68864531285476,320.4078386005379
113.26305191127476,437.2147515850769,117.26586233615127,446.3843226773947,124.15090157664874,457.49005804379374,133.86927888538395,466.47708388350577
202.26826812958583,61.846452835202115,360.21484931031154,108.06238169375199,435.5993645151436,122.8148431704519,498.0814051483178,258.99878797519705
37.09377461744216,87.75343257538042,271.7548343414644,158.99047879240914,274.814778017876,175.79356756274333,446.978146559267,235.1069059311727
53.2049184877312,122.02169750464267,112.75113224935632,126.82801579007437,218.6673126921216,269.04746411513,278.9337497430522,292.92083770718097
250.2481323453839,156.79170040440806,298.60616805477963,236.176879587028,405.10703929235143,304.6383031312543,510.0753344344634,358.7153974640444
43.36206724379062,213.5067045259319,181.69954511449856,276.5596025917022,182.15270159449554,288.27379943237213,240.5393086418215,320.1133953373945
335.2868806225542,78.70877996375941,339.90190056020333,139.18918928218912,411.221557326241,355.7017613615522,434.9383439973496,370.48167326724706
258.93678243887604,193.24151703536361,379.6142869292966,205.39821697080595,471.2548244202325,221.23808258493273,604.6758584473445,247.47998984586465
248.04020643998632,58.15719961995124,458.26669799510825,268.0884911733769,492.0171007106711,272.55280492140474,507.0586434813663,338.2092400990284
127.78443419827825,96.82565381241221,178.03397320572128,292.61490281743494,295.2203024644085,295.7877541080276,327.9057373231108,319.29605494539896
78.23684917454062,243.45124678270486,79.14728200054756,345.0982587538339,184.10956272951142,418.5371288416675,351.7822981160529,588.0518730190868
412.8978306716638,104.9869820274176,446.8428231865954,315.0248638740404,451.93939482822975,322.1239006945211,468.8387327892679,438.1898877969954
163.59276854366252,150.9357449121043,288.5492873617795,179.89035284993562,298.1772781214031,185.78408258468554,298.9555264246245,193.72847094621628
170.24456913028104,147.62770144581103,184.87771613699903,279.7174756457053,185.10697538749696,375.55415563586575,193.28520495960467,405.0742372264432
164.4353418740194,102.68695985604855,248.1070495705205,204.2166089288976,249.4842385606052,297.8349613626909,261.60208536530087,497.1244771819466
69.57142185645375,50.8721084334073,225.11413813207398,399.2406757453325,333.82885842849237,480.22435311365706,427.5644991904553,513.2446941570962
318.97153871791943,205.99555865459524,366.96589467667906,243.92579526168947,388.27025757479316,245.5374868890358,429.8910636422739,391.7351253104266
50.50019550875095,82.73688293318884,73.55240367119038,229.70912598294322,117.16770483062318,250.32289910727462,135.98785751946986,278.5882564540595
290.9058077636744,321.52043574852064,344.0948226614626,345.99108777419104,346.8340279232281,415.3748510519491,377.94608684372935,492.6234851975555
112.04345057624847,269.8141421207369,136.40128312781107,277.1934377494114,138.63509080358466,300.74060366917547,168.95644198822401,395.06942483249964
244.73725098051858,104.0813086785297,298.16164176690927,171.87190589335435,399.3098911076882,408.609909210931,484.2744721494835,424.95034865500594
181.92801839745425,64.43697357814501,262.13705674466087,153.7038762365028,378.32769620402615,320.01780436125733,484.121151179547,363.4352246657488
128.6859845894976,27.354296622415497,282.48826643279483,70.64701806419576,337.6541792562775,253.73956575436296,352.17056460959327,338.7338492958443
66.36721805341851,142.55232729440186,163.17004285396536,362.0282411449559,218.614902511359,435.53615486865976,306.37426889718273,445.4535934382639
174.04963180102106,352.7502725357547,253.23139380925795,396.3936566356633,324.59457355282063,425.5240709881527,339.51726085275516,433.6785916877852
161.22936485042754,122.99669307341532,211.99116785839493,243.02922767825316,327.6121044352104,252.37855891852854,470.2251407003187,294.53088344839307
186.28279763560698,97.91821524364842,266.3805039766325,108.7503664067268,345.69452132488874,349.0472809287702,437.3605342045189,354.21310759448596
35.481796980061965,142.72453141919962,134.38837057301333,159.28690362468353,135.26987686393016,162.59928679094023,169.24708641862009,215.43219707820938
207.09834868179377,144.27194919669716,323.2241286685669,195.01189425567458,393.9950321687454,205.55139547729368,418.73598669433534,282.1485931659502
108.52862927349614,198.8548705081901,210.57221355339846,229.9228272256737,244.1076380581783,347.9405648240223,311.2437869404332,348.85153004273457
97.59192383569786,171.16732327598302,113.15779431330286,276.0300522722702,185.6926807383147,297.2147800766935,209.69407065366818,309.9829615547592
35.481796980061965,166.45467869844126,121.17855963415816,233.4293831371762,132.09196239415786,302.857784382461,203.53923083651486,332.228992345701
240.75150852371402,110.73993839679262,249.05255479862706,254.2503102291044,265.9207375105578,335.1838139768628,308.5500985917333,395.5067507561955
93.84242231865395,186.10350503199166,200.58625694932218,226.61222387273048,318.0175593704442,256.63477544703574,338.8736303896239,277.5363989575204
137.11606132523934,56.30048217655666,259.0125657682103,72.66835108194681,280.53363685740794,166.32569494013762,361.73775192728544,170.8790238710125
136.29648428051925,107.36023477204141,206.82139721415166,123.69070081799161,312.9154971554216,182.96421677588418,318.04675826321477,242.42155001763004
259.48669243153864,85.37620757949162,260.4142021051795,173.48293771360468,274.3265193684564,217.5517727447493,316.4982627357908,370.10793444369585
326.15476228660975,158.17712275824758,380.64317072195684,265.79409270673375,530.9692798871215,320.423350455463,671.486631994808,473.05899787454524
187.92225758414395,177.53549054907327,253.43715141285148,241.2617431380548,266.6220329759219,274.7110597351173,323.0287946235965,287.92945905911324
157.27471061531574,69.24382196478273,264.196635119938,223.25377879988375,388.1745592671415,226.69441919015335,415.41368242080165,230.95947705835601
135.53915961674156,7.527966471758527,199.76529367813373,104.4853937283993,200.1000165816074,121.5794417401297,231.07587586223266,150.12454412393708
137.42026083241612,133.8306595847775,145.95674581276873,203.04060013707306,211.1435212801167,305.92838965704215,229.32509681497734,354.6442182412134
238.72741539895833,106.40430561266267,255.5668367984001,214.16385093170805,278.9751758918089,266.94923492311835,304.77481838657883,329.8872626631336
147.96951464128776,120.64110684636165,186.19636646418405,153.39549049526894,227.29870995113367,195.5781305951973,240.07779874729147,220.82115801330372
185.25488348683854,183.3155980782561,233.8195968289094,190.03067902222455,274.9521641975114,365.5107577787966,275.5816908876796,373.67672809546673
200.54902242324297,140.86597124161162,226.65573182803186,224.4652511059727,250.4798861329139,270.11477980905113,301.4252162152201,377.27617133764033
74.53463427171086,231.26423092103488,375.900112730536,263.3397910779338,404.86529103847926,293.2203702124812,464.40710364118655,359.2370777095481
125.36286139161292,157.04575291274668,138.3927430474055,172.44020416785736,176.13055414505206,309.7026119966161,206.48638325132114,473.0291286054966
139.9256167299171,139.3198159545427,238.4310715939978,245.78343629122617,242.86205956843366,318.1006682786235,395.3281278239722,345.4954654488219
175.2381836557762,153.55451563070133,323.97276781234234,170.84727927144814,349.6983538489626,282.3344785039286,415.23121845155345,390.2623080302227
143.9820049585147,300.34295470441236,332.39973494543574,354.8595358485905,397.389431625697,356.56727618385094,418.35126859650404,370.3755738133815
127.13736169163323,75.05844893111018,248.74345218047966,96.68784436029262,263.0712202307206,201.94411029438092,279.9697149731479,242.69520526502149
256.8481360442855,136.4245906864113,258.5485759532163,216.16909678654602,286.4422313224189,314.6384751523068,363.5713918863738,338.86196566372325
47.43966369142435,83.03682281843584,72.05117850101233,163.1609354377432,170.3247636104626,213.45448608849296,210.30658228075092,324.31584542154224
238.16106158885103,274.4511140190449,262.50837855697284,344.84966890733364,285.58050045027835,440.9023099655217,355.3820502733706,444.4304014669914
52.212182620107214,142.31528060799087,134.07183328742482,156.5501577823813,204.01481606628485,164.03719603517362,232.15338553264158,250.22505037589488
133.71846366510633,407.32126936071427,263.483059918636,526.0848787058394,356.20127887203915,548.3034532582715,538.8964482308096,594.8110789203103
77.37008380578197,102.98963225856096,127.64685337871236,160.2555242096351,175.36751745663247,222.61643513138463,300.99771153469385,245.95591969766875
187.15275704423482,117.4472314444913,216.7258901372832,196.54559727623757,372.9426864077613,242.29226054047948,378.55664802937264,342.26454944188833
82.99412037438363,136.77652660382773,121.0071468935322,281.21621793716815,157.15757930857723,285.29343670522053,298.63883470222316,323.2951833517449
49.31424148107476,134.35361047751647,120.2936845222253,140.17615512660547,204.49541073182857,218.5258914315648,238.60191014159597,238.49041632929718
156.65255616464063,212.04880774945516,227.3694814205361,220.46543661744272,422.9843669371317,268.7440936445141,429.97703551383927,274.84035314637185
199.49749175882818,322.359673236026,223.51489128178235,388.7972522032677,564.3552381626035,517.9610144946586,606.8487564327006,537.7993527451046
85.25733010681802,123.85119501769537,239.7453789604763,153.4061133176812,261.1547909902385,371.90533835432126,284.6813211863183,421.6294987230888
147.85502191164758,24.58271241496679,215.93778705725092,69.23869683980176,222.96229204801907,182.65354724919192,224.82459182084503,250.32274372247767
267.77297684857376,154.09927755386417,323.8217792818305,243.33839627581642,343.34906036760225,261.4977223833225,356.424677196396,362.29183487954987
66.11053641151179,138.52774582001712,182.50652527458809,175.43409583525062,209.57199278583883,239.50514371325548,232.3240879138144,278.79171675773404
133.62479652325274,191.51118679410615,299.3905331633965,341.02200871368944,308.48360133346154,399.3512344102247,425.8315807594227,421.8707879857608
226.05666430341148,157.1914944935165,229.57026861112172,239.43659049086767,393.3266620635155,253.13278027606142,456.5007668796586,258.13072080472415
166.59976460024018,189.9634116657684,254.11642004677836,209.6465243262324,310.3460540969841,223.0976637729373,382.17749548926906,227.41348961239822
99.65808939010293,100.26649729770779,157.9385955271965,186.1505010646218,160.495884597208,220.9063647542485,216.15300300016304,236.89460243151512
73.80463535532861,110.7307281772829,195.59666035391962,222.21823249286572,243.95787021100838,223.8518583694504,271.516931099559,257.8370144676576
287.8897739835989,122.92918126366926,308.23669311477266,129.88429208159772,317.37765739887215,297.1406038821511,401.1982804839557,342.6902966119594
159.2559665169345,139.04807362174384,194.2265354661483,234.05760616037063,262.65159788833853,237.06129840942043,276.5437059799564,356.1712922856437
337.40434704423046,46.28195953099385,423.4290104882122,251.7711917680794,429.45540068337687,300.08835337278805,465.5573694741558,383.89361923836873
213.4036705571443,234.8948850207606,241.15465465497584,246.15073147602618,265.86926722561685,322.6754065829292,288.941221931774,387.53475583765066
134.49235792459464,21.60670333532053,245.44022041769978,116.59107628809014,262.6274675904932,170.8790238710125,345.6129402401483,174.43205628410266
209.8679236778714,284.67449419195026,266.3397865198004,308.43535526498925,302.0738440218203,336.6558145297066,348.1749525317934,407.15967674834974
56.212323543375774,106.0724867974891,126.39081810249168,173.76893019202123,131.80589954013942,265.90316587542327,148.38811761625317,284.32930172779817
239.10593608189282,146.41238259184652,273.66335152180636,170.99513789117904,360.3086742875446,177.0991288751463,390.3826951250989,191.82902358036495
136.29648428051925,233.5405506394774,174.62233180209853,248.27643792174032,190.52266946217722,290.1073961487528,199.7083659563681,296.6886188990355
150.71723947424897,96.215320175684,179.01116702611446,154.61521781661452,287.5470890732055,285.72877871759175,408.9173771069262,301.41643414472566
72.15374551896527,97.45231008404564,121.97345584245758,253.59421866610032,149.66132814445828,315.63111953469934,199.0657182626193,315.7272519357105
64.72389341692003,340.29308279432803,154.4680083815354,439.89684890072067,218.94179296542856,482.34699320275814,279.8672356833259,489.808268355455
80.41095969069166,261.3444895997769,87.83728745778812,282.5540951943199,116.1377160165092,330.82359470582907,199.7944620176967,377.4415271399677
230.9597679867411,110.52497092384027,291.08806923504585,143.27830135892128,398.1135607639764,223.85347123015157,446.53744929408924,267.97960657847756
177.84755585746942,38.88275071459589,213.97509139397513,271.8943128128537,242.77260191170433,347.2832318015966,268.40219833059746,356.4300954410188
70.10756525519716,141.55234313791775,253.2225910603939,176.8786811078644,346.5346725960343,229.20747220868938,385.7988077791728,279.4186219779261
296.90876011364657,186.03572723490677,298.2491250179398,279.60354465254477,320.842575389318,358.3540584156818,351.47824020339704,360.22254228912794
59.59244799330128,68.23664745231179,359.6463537385918,89.05745961659834,400.0957602001338,169.56037232295805,430.07827548929527,436.42773443110235
316.70123260505005,257.58394580294436,326.8982957323921,259.10771793534064,410.9911423440664,325.11575742467323,447.69194554048096,363.50461750779033
138.4586492696793,181.29028184189815,175.84607902235868,290.7630665640529,268.3123450378551,339.0265223257128,412.1573231314538,463.106737423511
39.25331154372545,208.68115678811478,66.56373271311716,239.50514371325548,86.87171105156266,245.33259323920254,100.76674882926025,248.3875133306621
116.65953859154416,97.99262955091356,152.8961534352065,166.14869158063962,195.7160989107831,210.0717196375454,208.1383670439868,259.9547080444972
221.44382595835813,94.420222693525,279.8825795201294,182.93006759047566,448.9732896553431,381.3648430554442,466.8607173641428,535.2325132532995
93.69680800661243,51.898923127302496,208.0976580453425,153.4061133176812,270.14264034269496,397.6503354449765,279.26480643265137,411.4914777346449
193.87394464015142,52.86298367468562,246.46838354518056,121.26422532311199,278.07912572686115,152.77246835772678,305.7244576120316,191.56487133436625
134.7957999770859,24.89052487878549,198.23941380612968,53.6596634239248,260.3680870464159,111.92407184751474,283.91690244785985,116.42171028550372
73.37632975016926,126.23317091992183,116.50963472192761,129.9257397328512,332.83391034027795,232.52778158499197,353.64903243910015,292.2696866805406
236.27337777886754,141.7176002020561,270.83337751875143,165.8840144474254,286.2428289751826,220.24567753272578,499.42091289370654,267.5160933629176
182.81338723033264,60.13073902752212,264.501163355589,153.53018055996037,343.012557576323,201.35836288580464,353.45489031095667,212.42647507015812
120.62595604722817,119.55181324524693,131.1798906231894,178.59801810812166,142.02680435310842,308.5927365972098,434.5036458329933,435.1294215103681
174.0591635929739,177.31719533798486,180.16359307443474,187.7502804314527,266.4854057303433,251.2196701093298,468.98375037050613,260.46983883067
115.75955146515936,223.13420196054687,355.1226065630072,256.9837785988351,359.17351487618976,274.43065941971133,427.4114856549232,314.20140267879765
24.379845574655366,73.77661545066314,56.97580963658948,127.59063741030974,119.33126724090796,245.83448684109976,142.0259388277823,311.06078723426475
201.28514899771528,96.9386656687714,214.17511713586472,131.12973384444348,227.6031692366876,131.5329942538489,253.56211137863033,259.64233853388464
213.04582155742852,94.43139030511306,330.4074969261125,106.62414849577569,335.8151641168023,164.2153894264944,378.2095066059749,181.15496634269425
254.68036385843854,71.65271032807544,273.854557122216,352.65092150582944,286.37856891393574,374.7392884847244,297.24067835323865,453.7752153848785
148.715232495929,302.65912542367215,211.09090971125445,308.21266590731744,231.21952184070685,330.51087449577085,242.2082872532991,338.6017705977527
116.39307918178064,210.69586428001733,201.04307723676155,288.56173246312187,216.24324781091303,334.6578057616005,218.68374601386108,364.3510477298182
122.52909630100577,42.21936074269095,179.61180279919506,56.708468157022146,266.1251962522899,143.8034450753055,311.8491880472853,145.13770897850077
171.78967530769802,124.20715623494857,217.96101651807584,164.28124427985543,220.76843917233896,201.38360275434067,244.1700805972053,248.8953496027587
81.1958463809307,188.60410246934356,86.35325600483253,213.73073344272052,146.61005932869696,270.39579099581385,191.8153292140137,279.6219747428598
174.72730735202398,102.68695985604855,262.10398119859394,109.61473906238292,263.7409718045543,204.35618566894644,432.5002083160259,396.42366672042107
114.53491349839629,34.65445793858707,263.2937328971332,68.4102240848663,298.7286960749751,85.15848709483,319.84078133244157,163.05651068121233
148.77094186476359,248.159427346957,176.74989252641257,312.0751089961692,277.943335779599,411.7470232414802,309.96542407209887,420.47131441486647
95.50285945222689,167.66212269647198,105.90259341501385,168.65836717133772,245.79522988168375,231.45935695347856,246.3238845606358,345.71518634204216
240.19211463512204,115.10166643472506,321.16374691422243,141.61271771459693,348.3464129982306,271.44525470619976,415.83495658889973,315.10937949062526
210.46662980283395,98.47494266505308,241.86138469269804,237.13901830325216,282.820586856774,248.04650905729738,298.01481581128206,264.3628552285579
107.21454307209216,110.69385506089553,189.43692446753576,158.29519421040723,230.7803556391885,272.6264951622098,276.9669229847089,372.30228796488524
157.55265061592806,91.59361869358321,231.61396747373632,341.93723487199884,252.66787349960526,353.2512040840016,266.86946112318776,386.5800446090977
133.12572770271646,49.14062125619564,162.50544510213152,340.3296954376693,194.0750288259248,360.2424547909028,231.262322529068,361.0722119852599
42.378596358138694,267.67294231861257,87.01453676150852,275.6552426093149,130.8975937002908,320.83062032885107,284.92455982150705,336.06040172468863
89.56387299802883,185.00627299223507,218.69528101902796,196.18844273343424,304.94127432408305,352.94167351278656,406.2441831077571,352.97291644549705
235.43083009027322,82.1082619203597,388.78101864346195,230.07704870218566,429.82327094655636,290.1285918173691,436.66594106155753,315.48249003173066
112.25401852517143,230.83856832970335,148.35554734205107,266.9525867344954,216.50203217430678,293.8639164130234,257.9617027403493,307.4669785224329
187.26852336913828,113.68970798194094,206.89994697555287,139.18918928218912,277.0264561000446,276.4128420456911,310.74497784847705,429.6955341258903
190.1556882956511,262.54446598276445,208.0976580453425,286.58164385302695,238.1242221836331,337.1295628328267,289.9030496671133,427.3026813769457
121.49328248166618,217.5731491174385,125.04259856073261,470.6204809471715,134.71742870143328,471.23579297507723,202.32336004592645,510.9444785538724
121.50858515490381,137.67857647121045,330.84770521696333,351.98098717835626,366.275342085882,375.1163700758077,420.4083209769038,452.32230863285304
130.98733858872106,112.27807486429869,149.1757904589456,258.8002990815388,198.39802237435782,284.539077079733,199.97125300261837,316.2158947791366
60.38807344233677,252.86652520123752,129.4939640327376,281.73492495942367,146.5397629942869,399.4144852301351,166.1023019632862,411.75250436868197
116.75687031156473,182.440423913795,178.59484584200578,249.93152916904296,185.40854192597803,308.18189282386635,210.4082964563771,314.0366567988519
247.60199943157457,300.90456772287183,628.168785187411,313.2594779418107,646.0506912873997,336.82209220412693,710.3920945489057,377.42048295664483
65.08073917629623,102.75643509204195,262.65956275194094,167.0232946758071,284.6762230996459,429.7574688508789,286.4804838450371,508.09968835871854
130.15300913925645,147.51659695828724,221.05032406301024,160.25816334470764,241.86138469269804,204.62634209804378,272.9096274633991,343.3255965331892
261.3754210092023,132.56905173552795,279.69978221251034,133.36178033279646,314.10040692829347,142.30121943839896,317.30899189522063,230.78667406018334
114.3651482783684,177.49836277542215,318.23638133656425,188.15638027498414,322.6902586805945,226.20191061532302,338.3496534062868,241.6404791142522
145.78328155911794,19.975937799564132,208.11120428280242,69.37735461269463,245.595926609163,218.0486711603014,290.7473816922628,245.1905706978163
78.98417318393473,88.36156591405933,96.10261721361921,194.393209039507,170.64475853752057,201.837541437777,174.37964510522482,421.71097352351023
70.40747666848593,266.7341557771767,215.78953967377578,442.40745918645314,370.9220994552742,450.47107551080137,487.2661528307161,548.4434491637052
92.60651473282975,297.16659229722296,177.78357948497973,309.0031488217636,207.27544366309272,339.0893598912525,265.27513106760955,350.51637444598765
304.3064125853096,143.01796340666476,307.29323335392814,269.3062100215615,355.995474071439,283.48658284922124,361.77621110691945,307.39094537876656
150.77603086725796,98.63299322348033,188.8397183208564,143.03539600759362,213.93279406192025,163.20293625134667,230.14682348532577,306.7500696587825
107.726781422589,84.26562523017915,262.1523387349664,123.07600944581894,289.54491861802614,161.98716920253375,347.0800682066236,222.76682961835022
385.00208071779485,251.88296742444916,408.90191703591483,441.970654060049,463.3978707439681,450.8998136145403,510.93760354947466,458.96475060883773
91.27219264029902,50.529923009824934,319.11471069155795,171.2865209045172,320.3565426440974,219.23662715545413,345.64945899441324,305.41016894712277
212.21439903148962,116.89430115878693,266.28582416548517,162.0879299881974,304.11395199154254,306.17255924813,358.56316754602994,360.0837056448414
155.93411240093462,175.65955521511688,158.52781663114726,194.107557528305,303.0342854378031,217.04200290060186,307.8362375573367,226.37571887206838
159.2194573878482,191.4696249820679,353.6637943227411,195.56450073139436,381.1155623925676,228.7098178034148,689.7755428505274,299.64618382315615
108.39131034012537,206.78519727153915,239.92798917323634,220.87307675995805,275.08490476154856,224.0100281553222,277.21576015246507,283.81578501375805
142.1604550162131,101.34105314769332,176.67327619067146,201.03019801428,180.28880927553985,248.10148513129948,191.99411296248243,264.0359766835425
108.0417302111894,29.736136299612326,177.5791143630681,195.79775202802387,178.0431559331616,297.2147800766935,270.27358971036875,433.4836694509214
253.6778379541888,85.03275027938489,369.37145731640754,183.18927159230302,385.3040675357748,263.1238470486415,413.4534827772859,286.0471452931479
150.6118417024119,91.83794799022603,180.26961440549354,330.97893601676896,190.92681790930007,357.0353669726821,204.34867261506366,371.7098845336543
125.16906824694857,301.6823663081791,127.24560991574671,302.1001020335883,207.14422614720883,330.8882652151898,211.24617399867466,346.1844513490683
41.44597141163872,57.10495920746636,238.07881516449444,143.03539600759362,289.6172263918331,185.8698072744928,368.47088320577467,289.91350832308143
147.22715404983325,197.53622884457843,154.69974518524728,210.9958883439242,178.39891491364492,211.02764463926314,285.0076821742371,266.6294657361952
246.67917016763656,229.32570442714552,263.27745504218905,289.1621261359141,376.1010554602832,375.72296841966346,388.2182558794861,381.52219949251895
71.36562333838583,52.61721783614912,165.1851969084562,132.71048868054604,224.08954679549865,147.98042547089793,247.02315609666667,157.77475682796677
61.304815641867684,181.6804923457251,81.8373769477412,200.70298509605257,118.66165058583216,234.05289978522944,190.9645863215856,260.7323656183933
146.44741793597944,229.86485636307125,180.41421499080508,246.40364546266213,204.12395150176528,258.4805462222827,246.15284416083327,267.9527846602139
92.70561943255595,48.93143954934851,212.42678053320245,154.23648566979517,318.808503290594,164.2153894264944,340.519512794413,166.26574498933485
46.233964871300586,96.88470303081328,112.80939109894625,166.03244480807754,136.94551349290757,179.56010286100476,159.18504061155838,242.04895886651096
74.64344054127787,156.2543098563424,153.34646697278305,200.2568385125517,161.06097755659056,255.75895791448534,185.76681498579688,343.7378780346847
441.8994184388834,21.60670333532053,527.204311430435,114.95072307612585,639.2227540841545,161.3941144154578,725.8402330972416,166.32569494013762
145.39877491916303,136.74138443563206,223.46176181452734,242.68041446622587,232.00903592586548,305.91852277115197,235.13022953467097,396.33389228786905
190.7533151269817,187.09420482894188,198.57463063940014,200.17172375815193,328.2583366734021,292.61490281743494,335.3090930970236,317.94325631775246
56.83203262486229,94.45715253969665,186.11190676880798,106.2637636879929,187.08834769193348,179.56010286100476,229.14339208503046,307.6357767344716
83.77063947420785,239.25416552772103,197.91480908165389,334.4966185125955,228.24264733203768,411.25731191287724,352.3428816835642,443.3411165796209
133.7179309529457,328.4317554102898,135.5732793476109,397.0361136392115,141.25878663462186,417.0820109391641,182.77968936284316,447.5899987859652
117.56785163955148,126.82801579007437,123.31668061523328,190.74969201073648,184.87771613699903,243.80848820566527,211.17026520459757,336.7114383811301
296.6760453673845,278.4515414161645,363.2010826930784,345.28189285376754,384.30842224934185,399.7105184558399,454.1649914319147,463.3515519531434
30.138846110943838,147.41533382785605,85.40767488320428,172.56529726848038,106.25202996573299,207.31658722904996,119.99767218811886,216.82836879932267
147.17410273475886,82.58974862997026,277.48873756132906,200.47607890694155,330.9415927189274,201.0247360487477,371.40156887818495,297.5448530866023
36.43142741871716,113.8112768999482,92.27943847410566,151.05960020494504,104.86979428650584,243.09133574429327,380.3849755030429,247.4246796118198
82.99697165606402,285.8850063465785,180.72989640708903,286.23651010391393,344.2321489056357,307.2718145258771,346.5673384962675,406.4912230690302
190.4756401045929,170.10553499092492,416.6472817284011,361.58255877095326,463.6729043704001,400.39011294276884,487.23000149623425,411.8952161922745
129.09374150697292,125.5105832252799,223.70332148889585,204.53049589496942,274.1569988332891,277.3651542711142,398.6293400380766,305.12739676326555
66.63320046756672,93.65042133701384,144.6623897258273,138.79669683935626,313.333320860488,148.92690727726927,338.71474926192263,250.41004025977745
60.279660145945996,225.22703289606207,114.541628189342,364.3660722169708,141.471295143714,372.0808631752258,220.94446771798795,465.2961451077589
225.9533373890072,54.869985980740886,357.01433894499587,200.50747421708445,390.6511906118751,222.79535547979833,430.7846012840019,358.6785823572078
318.0318923088114,139.04807362174384,332.42533573608193,305.97330975868755,359.8103233487646,324.978951041622,375.85730584989057,342.2141410182082
150.61212047251712,66.30047204724183,166.794227401562,254.4285419320231,197.99203582320072,274.7622045574722,255.3095464167136,463.63284618237617
77.16695278724286,221.07247404774103,180.15224082572615,313.5515120399079,192.64211702512947,327.8305306346755,196.4266043129124,345.8305263513774
183.19760659701953,148.6788456422903,189.866374699798,250.88731561296788,306.56929123298113,253.7731953587487,341.5138003648209,273.25984618604855
90.4143526325993,189.7934408148888,214.08862797772062,219.34751823918654,257.28229968591415,362.7266794503003,321.0591399611307,369.60093286794773
66.75684966076898,169.20056914726104,191.9972537689593,287.4876155933013,216.30333251210885,424.1840831556242,250.71123181596673,425.19480480673366
146.87894933401,150.46191294449693,157.67537983243275,171.2378109907212,309.9467780349583,175.57878360581765,425.7303468924891,224.85291734902475
106.01092150316306,114.99064906776675,153.4251072040863,196.79784124818363,157.86842453459752,310.823147210007,192.87345525108668,470.3506807526803
65.36681445236904,109.49382787408825,123.17874225033601,154.66407356930955,189.51535442586177,162.0879299881974,267.8675515589042,215.59203090742596
96.6924613248686,118.88451471620155,194.37258053650424,153.5412582973831,266.9339715835507,235.10822263107323,284.0829801580684,301.1160214523414
104.2062389300728,322.2966348529141,131.49342558835465,386.4830164964577,154.41276702608485,398.2789016005131,204.31821804326643,475.9803636834212
167.43849373704265,142.6238621698387,195.12948216511975,280.9799276153332,319.10116523796523,362.87405307526967,319.87419571932725,384.1469735398936
104.2062389300728,89.91308022293404,119.17769072650668,172.3013901494819,141.37218485472397,300.0497815682288,195.4659248430207,306.57665958654496
60.87247242321289,174.1823032566134,290.33301237879715,237.05626146945718,339.90707893718275,244.2386345673031,352.04504663686777,269.51215965356937
98.01694337080697,129.46197935631835,147.57257078648936,168.0621858207435,155.69874569062856,174.5042851959424,206.34982875930643,221.68776911611275
148.77438672554482,126.45628743645013,307.4345662988982,191.35531229077398,434.0201624427606,284.6182272160672,474.2992954588558,288.8447474437073
155.81583210771637,125.4724673380308,188.59338778289143,260.07483611112167,201.24375683754937,286.1077081359612,317.6837951798359,334.7178623564951
62.93407944059528,173.13311924374847,103.000671798624,209.68148729535352,170.13056412135577,323.2966431448382,219.66931365821142,336.7669735760008
31.045186735466814,289.8039053377494,65.23303123645766,296.4506946967206,245.34470163539623,321.02572720272434,328.9697739247903,332.6566300641266
127.3936093940715,229.30332005205457,228.77102626703964,235.44821582407383,231.42575346239843,260.41611010730935,233.82385002341076,280.15017675020584
28.416538160117526,167.78567021930633,121.53360022720415,207.4762603183383,142.58807152472576,251.9373453081337,218.27962979519006,262.89217378302624
134.364970598667,239.25416552772103,269.75323165775444,241.59295678805051,295.64372717617033,281.8619482179198,422.1282945551692,411.94137004203264
250.47725447730906,231.7019079384546,262.08298997431814,308.5111527233052,359.269957189142,365.0427187099817,374.31030002235036,377.03594060593406
150.7699170930482,158.8338458906119,168.221367269664,237.41082922882427,177.39195118231783,320.3622180657889,186.90109514495214,332.658509059634
178.9184225942441,81.4500348264049,275.97832382562314,121.68228675248244,276.05906188256193,143.99981399299932,356.2283003931762,290.9215282432975
55.80929759552441,316.267803346708,141.41997028453795,318.53288916644124,187.90673561845,329.7217770501413,208.73243960527205,364.97371307350517
70.34694706462437,259.93804319570893,108.0417302111894,317.099514884133,159.43390533644882,360.2795136177433,172.83018333072457,453.8298334321925
119.15141159558178,188.86998043567058,138.48915363139557,315.7583494990519,161.61010475975272,413.2960290847885,212.31923133903317,455.4821759286545
197.6721649530508,196.7969453055793,230.73688590000032,243.60378502767236,247.44714073344943,265.46781026960673,269.9696573514829,298.78103608279736
117.41990839371677,80.92709394338382,139.3407398572189,391.4696778198831,152.4266081296243,400.6101137262062,197.14133464542005,428.13471544666106
148.71727965119294,258.90258335452705,177.841013707488,285.3436187909358,268.29570419246636,409.0262940976561,402.45159914773456,418.923785382339
74.2639675650954,46.58309033860568,130.98733858872106,169.7397111396693,131.08009474375248,198.4190779894267,132.36239206407558,263.8676561163633
123.0965333456807,255.78314414789574,157.93433957350575,285.27246746717583,168.6819721031088,462.4711064620899,182.9248768037178,482.45006600854447
75.61505159217306,28.293482243329745,217.45616799146617,176.83291456345057,255.30992864248702,186.13874738719747,312.542174177482,271.10254373813694
61.68908365067317,90.91686117677702,145.98423808320948,317.34482308196027,256.2683594805157,332.9091399864765,299.41889260588204,348.66687122990965
145.2924245169452,120.23383624139429,265.92868724767436,178.3467149395055,283.927311399328,199.41572669523188,310.0290635486621,252.69567325390943
114.45838335806833,171.4029905418829,138.2867393250078,224.4027859569634,193.1766409622068,251.95157891343703,196.87420335948912,323.52214279985157
108.14008803264325,145.4493335982124,311.44834784537045,259.728513204157,323.0287946235965,316.964320474269,351.30913770710214,391.15924543152585
32.951174260065415,114.22329728314064,104.45881301116357,133.18580244087985,204.99840321001855,330.12475438842586,284.6772340535446,396.12692734989355
91.69284980632035,95.15080984303405,244.98832796153897,140.03093575072438,331.1650790027736,143.34528177888862,386.1570593835711,200.05339523369176
209.3619480378917,94.8408521182124,249.15906689295753,374.9078815646796,258.3393981970601,394.66961081243227,263.89742711277034,415.62880477690004
189.76324240803729,107.65262422432562,334.26223835578435,128.42872895064684,335.2212962049064,161.78044404114144,357.1834090917538,304.71253267301745
37.512463438837926,126.29505476882774,202.40366330260645,203.55616208821263,216.74163977592676,244.12156985838183,229.03307912955836,273.3689525505761
184.2004496179373,29.215573117271155,325.2704930916684,185.78599155307876,370.33955297435,195.37987335508925,398.6293400380766,200.28199203469578
78.77820694399985,133.12087472797563,104.10398146244394,323.8750672556372,123.31607704867264,373.1015212067857,195.46316854595216,379.8454977906223
39.20360030623671,90.2498943648351,81.14149169444912,137.40030489391194,120.31163948040175,232.16224546068455,178.92470103657604,263.1124102586508
101.17191964129319,139.56920930252002,116.89915276503716,231.2131474229093,148.27124824522443,254.95638750879127,564.8564076229583,269.60796740635396
154.18076296216026,150.16787520861638,206.65845780293654,216.87001480233732,236.35896932026026,309.1436767889857,260.6344199654724,314.5528772236241
155.16341168407868,189.0701162325476,180.99167050810124,210.06838677897736,440.1814473046346,221.57999258466387,441.699737692377,286.4265238788993
88.03407490411891,260.10266600037863,152.34882457356977,422.59479022677283,155.68203633621732,424.9620410324947,165.7120859630348,523.4756940697499
192.93477493189602,166.2124648026093,254.33883105299657,294.10124827612475,318.082891969446,320.4544520233776,322.2122784900398,333.67404247224215
99.00521628403278,152.56043360097271,140.548994205716,206.03445623865412,193.28520495960467,240.86722208315976,202.61037626822844,346.14267720801075
232.64408598207328,76.99355069251448,265.4428657482683,90.25342882662191,364.8835532756373,149.96701376536538,445.7114573713586,297.80001162688217
96.80646451566842,284.4922232693095,224.09539743499064,290.8654924043106,381.2258327505737,377.9346184878,424.89889543391376,413.2668165833071
77.2582579306048,105.11134707802076,137.19672876153697,271.47010252733304,227.63173736638643,295.3413349752319,311.1251584493278,388.9979668151446
103.69700888767814,179.45734438653298,192.409998697211,352.2841943118025,227.12611107889404,396.4336853971623,356.24187222825844,509.3600844750106
129.31629901975427,224.10453988980564,242.37225751832446,237.0597554096761,259.6110319063826,345.12008889430604,271.56860181244224,345.40004407597684
123.31811847186543,68.74212778996103,215.26505074688535,103.44678520414554,290.8637374795729,253.28260703981823,373.5219722708298,289.5793562559781
214.55134131441443,120.09239903822734,286.51644885435184,157.123121153574,306.7006312294139,172.81763094503165,453.2785808791426,179.34756247881188
153.3182116866427,288.27800729365885,206.2926505353945,331.4506999640787,248.99449872780596,419.34073448374323,273.1832921841859,545.4744832584902
167.44578499926837,125.5389249265002,234.2904848833081,222.34722371385527,256.67777950526647,269.3700867988854,283.47672941495296,271.2871095763922
197.96012880540405,233.17634180761848,251.27593226874944,237.90513313339156,287.6884211242736,267.8720158737561,326.9202474520884,291.05719438418555
68.06304996986113,100.0848391578686,97.63004860208544,101.69684744571371,209.48088816366587,201.09821727516865,290.22539397227587,239.48763364243402
173.61090492879478,206.7249632080575,272.9994372733555,236.11024892192918,338.1410222016314,303.79770713438836,352.21409633368,317.87501656181763
88.20938268611555,131.78682733843826,156.45391503469324,220.6708776221238,166.98331544528295,222.5476499388147,204.16873389269819,261.1904010661409
125.81942404824636,250.28466812357976,238.71084881785262,318.4522856972984,261.9957744631931,337.4310167411285,283.6659534612376,430.48174173377475
57.06466417967093,167.0232946758071,106.45435886512104,260.48643269865903,116.76642846439465,532.5093769181804,204.93228897204455,583.1990652574037
90.0708192904363,99.96445652904653,95.70063518200561,147.4870268173179,114.59173901504764,169.76644238523002,153.02597675712315,206.9530221816254
113.77557340968002,120.76883224510819,193.93123438142817,126.7380584080527,213.82949200935622,177.6570881808685,222.30478027817867,186.0936785202802
101.44485801819023,99.3522479894183,125.84291464026991,147.18683858909273,175.999634236537,190.90990866463252,179.14906778269886,309.25603718968654
128.34509889574255,235.40838102792424,238.87118286492728,304.039033587297,444.8070381327202,305.0387387658111,469.88669433795445,322.74358013327014
251.25708124235825,157.41168705169667,279.7665102445108,189.82010800389773,297.0438407369234,249.8707558477799,321.09343597677235,322.0229385378463
97.825712406881,169.12695597388077,101.78385746538059,276.20486165568116,182.3596400844485,432.7353723964614,192.35775185008347,438.7657205705822
175.17924352478576,251.8673059300954,304.6513933051918,361.23306256226704,307.8311918638853,416.9866918005724,337.20305907495,453.3794860028024
182.18950345064172,118.27010246141627,253.29800870620707,172.6456057119912,281.2458586423334,186.43808716296056,486.50928041449816,280.88836615134034
151.0673531631984,65.33377747650563,312.5874202824293,223.33769915256576,458.941808526785,364.97126166700684,493.0066474490013,366.0112739169267
215.84364706518315,195.14450147449426,298.10959779372274,278.7052148461171,301.59983950551754,318.92469827295093,322.5186307508863,357.6741527153828
106.97181305288329,212.26077720904468,111.77430670778155,250.1669922047981,208.75826882695236,345.30558203534866,215.19608301212267,463.63284618237617
55.4120963939263,327.9264545428637,256.1087399078797,349.2695355030021,352.0313379327644,359.9834313901888,399.75057719385626,369.10268163767
159.21521070190946,166.63175302048643,174.46810535413792,330.0837409643163,234.1903998480565,423.9809698603118,268.5536028788986,503.19310342212475
104.63817708521152,49.01351491886486,328.4926301293653,83.66309279547292,369.0897882985134,96.24218188091487,378.00076324371355,261.04709107691565
120.97448406863381,241.85195516205715,377.5122588938066,345.56379664902056,383.63416750516467,383.46295847366366,386.48781127993965,419.34073448374323
317.3184053634619,114.95492066206526,335.35544518308524,150.4606745372037,553.693780393264,256.0436491150117,576.3130607044429,318.04639805570133
216.6860025324449,183.02601557274102,239.38354927969752,192.822418085712,245.38660887211907,265.95080288692134,287.5080556846492,304.6115438979068
289.9630360268131,157.65292448152653,333.3564472040422,347.4007888826666,337.03261321618214,427.4092682415532,399.6076227692402,445.42949317478815
293.9421748850417,136.82865080297893,369.5379333842932,232.61227652409983,402.0176160943107,274.10218390291635,421.34438979483645,278.8071876324447
123.94486108714554,163.84031688714248,170.75020752256444,163.90638883657792,228.7844625176838,186.58193842665378,249.55909291341214,205.8404799464001
151.14501894039833,136.80604255406192,189.56816960922103,187.4665785369387,228.55641658760118,208.05192468105957,271.3473289566653,275.0292112006634
118.83812606811088,109.58956634204802,132.66183677361292,157.3530059324404,357.74361499449054,282.3344785039286,366.6456958254259,356.1230873533854
429.02500808176484,28.16644220822299,463.471459552714,154.23648566979517,465.37984006933164,197.39353543673084,515.22816103264,260.4765461160275
216.41451282373205,38.15804307941108,287.31881447587557,174.94829117307907,407.5424464073196,195.5781305951973,410.06134133839333,316.1429187319815
69.24663383358592,174.10333594104696,128.20184120049456,251.10097883306378,130.1015259403265,306.5314259153605,228.29432132937285,333.0380368299835
170.21037188668677,114.75568831649036,189.83418531620623,156.9511313286149,202.62138059700632,188.66592380959014,301.7006859625336,296.1586298136981
197.49928801333448,175.12849175232503,213.02427007130882,305.3586827997588,290.6584704904761,361.39329198440066,328.5847842320797,369.7013263308111
128.36809986600662,127.99994321946113,156.49488726053946,257.27836812193544,198.66685395534898,270.42653849199223,259.5149557136274,274.6206994230793
42.82812749898948,111.05674449267882,160.03548168864504,162.46906153928583,274.69881749057464,297.2944745691279,323.18811185136116,312.2819185422836
111.48651306449948,269.5578939503804,117.71327383746844,306.59898815650195,121.3030893359143,334.3888521392431,121.83444666117956,395.46549244895857
337.5904346053122,101.59007128005443,410.2733857435185,253.3349380627884,417.65096918773173,256.2353520169197,433.5333901470354,398.8569211158549
119.27536204120995,133.42356107264524,197.19655634100906,168.22199112140368,215.7297833357305,169.89195869162404,234.30923394297574,205.12100699197845
61.701623623941806,177.26773863290265,224.59622389581156,262.5795842658531,333.82339058681436,277.0348822947093,349.1897307875256,341.356122404103
62.198616137715476,294.59695785524406,112.59656675081699,304.4878340598774,140.9838880843546,332.12116901855507,179.86166221291788,357.01043919194245
65.03770566751648,27.40536139804201,71.85136767895378,153.53817818191519,112.04345057624847,158.7219278352486,112.48879031133815,216.88598904900266
179.9430360680469,41.97140307185689,250.5200479234975,42.50569376954714,268.0799951785882,189.9970725475401,342.73941565440134,190.4423716127225
235.60339656197348,140.6044007620288,239.87655728080298,323.07930655152273,252.20723008263516,348.6552060493097,255.22791287204228,416.05419537276236
130.21012436269166,118.96186907701993,143.05479927007858,198.4365959014809,171.49134982800476,266.1671648355824,210.3674392641331,390.26875735932225
27.524792622685613,77.17559509267457,76.73191947280654,104.50412917374737,156.92542726524164,209.83177531756962,212.80733986806453,239.62117317330475
164.76667600674557,34.34179363575198,319.38802315503085,146.71376184241495,359.67960066619435,182.13443457191752,383.3327302938632,263.1545628508514
329.390539130203,267.2465047211553,351.18836546923563,291.92568962876567,377.0854652683665,366.8921548742085,448.3412183238927,417.81375829706053
70.67319986724681,165.0178843189827,113.17958446030678,280.9954103442448,147.85502191164758,339.1781785897057,268.3757147455963,397.54962333543926
121.31482679230584,217.81729577015807,231.0280505806252,310.0157536231355,262.8519659330518,314.8808001025365,267.82930549586314,369.4688466664305
211.6979874143022,155.76419781823446,252.86968654099095,197.51176941673904,308.20822721934087,229.03004481286916,342.32652650720325,242.91688888767928
128.5247240522149,149.85368769458765,133.06953912728747,233.88123647473316,168.01689403301893,263.128769677675,286.8166600419798,270.5686668520925
208.8006371212297,180.0299589817935,230.11262794751042,185.23058728037262,266.9700480523157,244.66103246991054,302.0143586580313,247.40795599098732
91.75810392925544,108.73651969636396,154.51490337278852,110.03417708963147,171.47231767820261,157.93312236325883,303.7999196467647,176.98394058948955
89.96898521097266,83.06117130276041,128.16827359782116,300.34589393790844,204.26955291914874,345.0982587538339,209.90787004538498,407.7629142081187
150.32423599889907,79.5528073866771,251.6233850342292,158.83093878487875,297.8686545980794,289.3743007461117,305.4723067202945,289.73230563881896
196.67877682439268,190.57191132805616,234.81555302401844,196.99562297225734,264.0276724205004,293.33976614300275,408.44062584370647,326.9338272139326
60.83070758531498,96.17083441337456,87.47812966644005,156.74436123853985,123.37773091777413,312.3474495749231,137.0882382208643,403.0284484401507
35.29314468471352,130.21791356348206,97.21312469596397,185.8698072744928,162.8944963118785,240.71598482527452,178.2601060875996,322.1495753978922
123.83871736304862,65.31997029465248,140.18233207671895,142.36275621247097,207.435823180801,290.77872298601784,320.7004672985812,300.51540568387543
25.963170143332057,244.85232095292145,168.48384879106453,309.0980305916931,171.6397560715093,337.6857429655988,283.75024992444463,341.51467255369136
126.80562400251277,171.5145926605306,200.3898749500943,184.36402160013122,233.48589870285147,222.21823249286572,243.06610654872864,242.5139822238748
377.1547572396051,106.87537749489105,464.50372558730174,114.95625735213568,541.4115244449438,217.79818638959935,569.9688010901526,232.75838148179915
149.65418587068916,147.84459683136933,168.97271312223066,381.99413449651144,201.4427443604647,432.493996686412,231.40242486884603,493.6594302107051
142.02543644932172,125.87390014654318,191.79778085099747,207.28356646062247,254.26082861968797,256.1192795900833,319.4627397737621,399.68092841460316
68.47975184119748,45.68997547031886,330.49495140646906,161.99172815911388,401.95925676706395,216.1443014794439,465.4212219530965,230.9947045590996
131.10761333647358,39.55371484002059,307.59348566583276,219.33630243543382,319.45827521006026,257.26729810085715,324.6708942535236,270.8983141045804
162.26052426516014,319.47089589008397,235.40036518014693,343.8877859708882,249.37874517606582,365.5219778561015,258.18750724268074,486.94393030596234
130.13479360535348,249.81013631425802,273.7404579755851,260.1038535995076,280.80053849067,274.8907069019436,294.32173453649716,287.3815579831985
59.48233958471179,140.2514994156607,173.55843876542795,204.66251226983266,239.7903673272965,284.8397911662808,311.98960661737243,348.55119876936715
357.31913705240027,133.02289784201253,462.4933147690136,159.09242040290863,475.7848465502333,159.91490881224698,603.7847584905959,226.18552369680674
185.43786175761343,85.81346429660115,245.87767455993804,158.99318085172507,295.72663190751825,168.22199112140368,331.659493500356,261.03424636632883
207.59571651914052,87.81627971325679,336.4855119176734,99.87373275662361,418.10556638854706,126.20563266082408,444.05905447971935,211.62662450205158
215.1042728326095,199.84733161477868,217.48045452462404,236.6141398412957,235.94523738555225,251.8865375997131,277.814808890915,315.71854046643637
76.79342048086194,280.1625574441782,188.79135602492389,362.5368495498462,203.83400381732278,395.2479672563241,219.31280995123205,465.8241113829709
29.077272216793055,104.50412917374737,99.3024044582707,135.8295119830837,153.7995164278017,138.69611705416352,257.8001293566144,150.26148714639987
119.8828560202742,124.62136336798709,249.66877787582098,243.7267129691702,287.53446285630827,314.0359944751331,358.9101061663798,360.3679534878918
115.04189124331367,4.152638351150213,280.9889397484614,261.6777520017526,294.66009870493184,270.14387286019667,409.63047124345405,298.41011817725706
107.18764137015548,106.43937199687163,175.40283917664073,211.442589621942,204.25045669527572,260.74356894605296,234.30262561070373,283.3020502782306
80.94569067889117,61.39982607130556,81.91809743973518,188.05770928800095,84.59562676973256,240.64623276927534,131.80589954013942,242.12186911214414
217.69677013652893,10.697661854709102,236.78616912925793,68.28072856655149,277.0515840581084,228.7015595506182,314.21016624272517,272.23449830309687
79.88989922807295,191.4696249820679,119.0049674730448,225.34539114325412,148.38772464935104,362.0093247033433,169.1611708126779,391.1218578850208
122.41257644500496,107.81058019101208,129.60520554539593,153.9570622626816,192.93122298219248,234.78141713520478,204.1520110135738,264.64008466041605
46.422711588431916,169.1021956710771,125.31694808815874,205.52404914893933,302.3891902204581,340.16028881865515,348.38617978773993,361.25366034458557
229.23202358102498,104.49452323833923,305.03338577053677,214.6798462445251,308.2677514091415,261.68275757506217,312.1527796286217,311.9196244053485
226.38895948504995,250.67070936535092,234.87979108339053,277.52778945833694,263.71247474214044,389.93671515288173,291.413402192422,447.13326308146276
86.98467454079069,59.40760296493032,196.987900050175,149.68939675385596,254.82557168011118,167.95484320487728,312.2895953005326,199.52034191999505
96.17851338871883,142.28901299723594,101.18263383196582,164.27047752216617,128.78665064940378,190.75547023919864,268.0799951785882,262.32322477389704
62.25330525594913,43.73923048258092,117.27107261507489,113.36256081686768,145.38023834886786,120.64110684636165,251.5576475836813,143.92042343976723
101.49073515692672,174.8430578309304,117.10290942932055,256.2308303606944,192.1997057131334,284.3004474429603,193.0334112579715,308.21266590731744
140.03483571820635,5.329378456160296,244.3061206105962,84.41976871082575,255.4074518613902,152.27768404192022,271.18549024737183,231.14035723797937
142.5226315042684,96.80375492500261,168.59419214466234,127.73037647212257,332.7980683272148,275.7394039664341,355.56104071561253,429.6634428986357
50.298089637895124,26.90819707938288,263.70063513542806,269.5747319512329,278.06086626528213,321.10630588257453,292.45076470100287,348.7708559094927
51.628400185158455,172.81714086288153,127.0110042534732,185.5062931112207,181.09077788225716,209.26518226850817,219.8441506420581,225.5362923684934
95.50285945222689,167.4508185959542,150.87834953699982,189.1140328736846,183.81985055553912,213.7075552407181,321.47895176076497,241.11481589412602
294.7154758956413,205.72370362067315,314.87729732216695,254.95638750879127,345.6880221537346,307.40917052496525,364.72200854599913,403.37827940643416
255.3907042182661,87.96449494312441,286.76846808324717,88.6436529695207,289.24974060665625,221.6324041288859,295.7927524976106,286.82037349853107
57.71999245019376,13.22097605662379,94.91699413238553,219.72318472957005,274.1200078785563,221.78532933639184,321.14928771544993,338.37018601633946
124.03239303147886,190.52590612934688,188.31605570286817,336.8528512192927,316.4982627357908,347.99868263158623,330.9217621409211,367.1633932440054
309.6869807279968,155.59884746111604,455.6841381351417,159.868136007095,470.9874154960974,191.62302430806767,493.27595200845747,416.2221749296588
105.9923792702793,179.06486850584196,124.1985821137316,247.97497446983192,177.57038494629913,250.788255430096,266.28582416548517,294.82142214107967
45.337740098192135,155.83618983639627,117.42844684898576,316.22174603384167,167.7387423784622,355.6011390011021,168.8675703464646,375.8935905261147
226.8324089938949,57.064562049867945,315.10102132599644,135.3481339136293,330.84770521696333,141.45988008379993,456.0437963148817,157.93312236325883
158.18144318837554,126.71458448003828,406.8054598984373,167.72049835446546,516.2040904760943,222.09205460082498,518.4041675019135,300.8724993956387
123.1526261231833,350.7930935096399,258.9447384192161,395.06942483249964,294.71979214905906,404.2736532779607,375.91123113848806,407.1566159963017
71.01298870890487,340.4370900175004,192.01904180029075,341.80902291295706,203.88145085148068,342.6373514976728,220.23173606532418,387.5734327534876
277.0890500884268,54.869985980740886,333.91353495577084,155.73142567464592,355.8977000998627,169.69256553341293,376.70535418845424,316.8942477891019
214.1616219226071,234.01743893566103,269.109502607088,259.04009092474934,320.5573899107908,318.5386857634402,337.8118163966211,359.5854257834903
176.73752087655205,92.92985158107591,261.84879648240377,170.7917856056944,266.67225236115564,212.034004158042,335.82226701659226,319.6356140900403
71.60558914888318,273.7185575335168,169.8871104938777,312.2193731432967,177.56165398931978,337.0763744390031,224.03481235917667,357.17170047025917
35.65210652072215,211.39131067068053,160.04182944275144,297.38133004346736,254.66778248228545,326.7772044044986,274.63433362534596,435.45125755935993
223.71072981384597,237.91805895484907,312.5874202824293,301.2423272290442,317.24131098931343,341.28358492790767,367.89002294456844,350.43196466504793
95.82933918347238,92.92985158107591,202.9394690942284,126.00192918387442,249.39239088449767,191.65959629018377,250.78238914687483,379.42386871896537
62.10172474391046,230.83856832970335,82.68040288223308,281.114245932158,165.5533740072015,296.9744559948551,175.6596057700079,382.2570597099262
222.82256594742537,126.66161720788661,328.4606426066882,198.27889895441493,356.20127887203915,294.56121525518574,486.3477895011826,305.0605049394003
55.168425510835235,76.99355069251448,239.76737000152758,156.4936956598276,286.41790215969263,192.57782127597574,322.7941996605753,302.2746351789962
259.2717256477365,225.21910732762308,261.3237418894113,248.76063021085164,306.53648561733525,254.22510867756944,353.0057778229873,316.2718977394716
54.06153387897055,115.69539978160289,255.58797185173896,240.45679393465372,302.81852759016135,390.56748210882284,331.8646320415151,433.9647598502166
131.33978189871286,129.96383643004697,153.85938358922155,243.97047540794344,162.52432266866919,281.21621793716815,211.8690836454916,366.09998717072506
29.567291621390957,48.6942159221214,65.8325957838565,92.9191188790401,240.33396388215198,149.31835464311652,242.54053947993899,202.0257290386459
298.8975497868303,94.27762035616662,309.5970555459984,396.0738048812267,318.53358109033,491.53167435383784,350.20475948434245,507.31023132826465
177.9265654453459,297.38133004346736,189.8786541645012,321.95141320137293,226.20275390590223,507.8178663566104,233.7195525875677,540.9387393747302
128.16590321686803,32.337278176406585,156.19909076121746,292.09203913872454,206.75211831629116,332.80816478292775,233.38366858932991,401.28401628332267
199.47438129036186,168.3273357561512,204.3730842820036,291.3838151401591,212.80733986806453,307.4669785224329,264.6757759926861,432.3124884743709
214.20181957598163,208.02668544064647,295.9956279858109,285.30682333014346,346.83562754344575,318.4245666260009,409.8666833649593,382.71458974391464
194.25411530917634,131.8442255674255,221.61744094755036,132.66988966743276,287.080887876776,160.08709205008773,327.1924196449203,259.01817357129164
205.87936146785626,250.03213882141597,421.84785298482717,300.3424575538703,448.7424141548337,305.7020973529642,501.3030411149404,360.731830404155
55.14225266121531,93.33842580678767,59.75251346134072,158.9168348371326,94.39466427334058,244.60435053837233,132.4309136783446,247.72126969453873
94.88500251194915,73.03770476184931,169.48234367647473,180.4953647587495,238.58594004335725,257.862142370082,271.18549024737183,330.1405983582083
64.3732798074434,169.20056914726104,101.34892567990127,327.1353967742577,120.93659315263841,406.770721548819,133.69090449925557,473.5816104712268
66.36721805341851,276.27784986245143,159.02076483727055,397.4319293733806,229.4207629097875,420.45780379010165,328.7272844952556,430.9369514450101
40.20805135930084,160.78967088990495,176.6439689376935,198.91952515335507,202.27973251066499,313.87451037281886,204.16873389269819,323.6102643514388
39.212240642777644,92.32237682146638,155.80770045878842,148.29042589647057,181.23033965259725,296.470026328062,235.17292039123743,316.2718977394716
365.8183221956307,75.92207214674963,399.0075251431101,156.70853679827758,445.1599029482087,160.24247714476007,484.1701842400438,218.62335185584635
117.70993695378749,113.99464175639729,197.31953185455947,124.1838643977011,217.9500174134354,237.71191792873537,309.4730983678416,354.71781869178074
150.89657374735165,80.06362281328147,237.09978912178664,90.25342882662191,246.93387699615513,156.4936956598276,272.59672411010365,266.1298073341844
81.45846190130595,37.020853817894704,165.6045766314851,120.25359317630519,197.0619841894115,237.27404429994746,236.08040580767016,249.20360778957271
98.92913152537606,325.645339678796,113.72171000445461,351.7878889764704,167.53091461237946,381.6089704293049,177.83846430900806,453.5327533140558
123.60172284589589,106.68256721667154,177.1795689965763,189.6637594079941,201.9331846578452,242.4045782733671,305.56018506580756,289.68021091620506
244.73725098051858,196.24234798906267,290.6755569266927,250.03566013034188,330.96163498302275,292.4645844487624,417.06962431951547,343.8961947818948
151.48362951863828,161.49246987258752,217.93199052881863,282.51539192804125,272.0048028247378,330.86523958734057,329.1261393326453,350.9759011627489
140.3118923713362,303.4442992076029,262.8206294765904,340.29308279432803,281.77813917699496,435.70658658356047,297.10793047872204,478.33032675177554
63.340501443322935,122.92918126366926,192.96202388725249,249.36328386207316,251.31119971368426,308.69889683299954,261.06369968323315,316.38458928134645
89.65002058045302,331.05290202779054,114.59648819148855,364.8868291137693,494.7439706472617,451.7800571299934,495.678733222739,453.4434824716511
316.1307865587683,158.28850542185455,342.99994978908325,272.0034722853182,539.9099040195777,272.3548953229687,565.0849596606674,283.6445851079231
66.11053641151179,135.2980171471532,235.42626372901645,156.7954973782369,245.82816251240416,170.1196023794265,245.92005893805202,215.48837633344584
419.4150661621447,62.538716246650395,427.8646293977617,220.26291536159522,431.66137975281305,226.37571887206838,438.03550243745883,298.47414498772076
119.03186839908423,250.99763221508044,459.23499027262574,316.83972758925864,460.1670846794725,322.26087079929016,463.6165563696446,335.6475713813059
95.34005557355329,57.51436010842927,95.6928685905757,112.5140350110206,183.09124148995622,217.3813737094393,193.90092218231376,241.2645087897793
125.72639206386442,236.98925797233557,128.54943567548824,292.4402443465862,219.89120986479068,348.1418456901641,305.2502976103744,439.0791065246846
160.36009674052374,44.65116773225596,197.31953185455947,120.93008111274831,208.71364505797374,186.11137094601304,249.99797891343198,211.77118313838793
31.01342151850955,316.8148497147119,186.75194399151258,332.5767953578756,245.46142078672648,345.71698410435926,296.1653764052419,381.5135005866495
62.32854382528021,359.0356219017807,65.56304296477172,409.9113562610015,76.76501686454559,414.73986576676873,199.81367881587798,463.1571896008904
119.54070537960212,146.5127225511674,164.30450347133848,200.3121973466505,222.05422607150385,264.097989260344,276.03914097338526,323.0379545726915
54.35096915753348,93.07935130290895,430.85929572806623,249.93152916904296,457.2948263879584,308.8254355418892,529.4905890246741,452.32230863285304
53.25674462570717,63.97050480559913,76.76501686454559,89.39181632052568,138.5709804774618,130.5358201417089,180.03283430152538,220.6708776221238
173.77073799023657,108.91289577639665,275.6604578274064,194.32351687495503,329.57164496422337,239.63522284749757,334.6077657550436,252.04258208085406
307.027706824016,336.25186013549074,361.2925419311716,359.46866221288604,365.579831604614,380.2980997334526,412.66633129006135,385.95261672797943
164.52116776607403,47.98270192598692,197.25663401687052,251.49849855443208,210.57221355339846,260.30345514705436,296.0408871056112,282.5279796379014
52.653357660223,113.75887983327205,91.02142598473557,143.36776588065564,138.40109076066452,201.22101521713105,202.6151216599467,277.62933647561863
86.28573007499992,86.5258806469525,147.5274460781621,192.2573590346872,228.1051250622772,238.65138643126508,275.8925342294726,291.5533151314121
37.89538357850652,34.81619030205754,106.97181305288329,227.64397918400846,127.80351671260306,257.4993693639159,216.74163977592676,327.00001602798494
80.92779110652997,221.2250837518007,332.7269222474003,238.9453866379128,381.96463000377673,264.15998066947304,387.31131524013625,297.7137212263345
131.52897736869355,150.52508451495282,159.31981657356772,181.273708776261,165.5533740072015,228.77644138012704,190.28291400130846,305.9681767424549
241.70996732009738,138.40895173657026,345.15316249137123,340.69158590545777,417.36194312585195,347.528227521829,435.9356715311772,391.14244174168624
98.01694337080697,85.90961565828452,130.50276669764696,204.68735086876788,184.0957354832684,220.30858200303854,195.13254158347806,289.90299287335364
172.66112539037294,312.7204009394783,184.85931246570863,345.476211338825,192.590109973496,607.4361399980378,243.95634674560264,639.6601872301864
142.94587816454535,139.09827599034307,183.81985055553912,178.3467149395055,184.82918812183433,179.92646021581214,226.53537034592762,363.758594057591
105.60519950261288,64.56716815039586,154.90036280557948,106.4595350143006,186.3655303322292,133.68654368250483,203.87905783094155,153.43126647058725
111.48479354320224,67.13927313285103,168.3330420183633,84.36605458978894,186.0177771225592,112.90267787679716,198.1499232354149,198.79570576313606
99.12145086093169,160.13204889999633,126.79010297455945,232.32546266687197,157.42820707456835,246.75357935069943,183.66753907339535,260.12065851516275
212.68842291370424,125.98661935876437,258.58821383529516,171.01535294772893,264.06601446462275,331.911190226331,291.17179441993426,387.6498831828623
134.51733598441857,108.8073923786065,148.9172197423778,131.9178365894812,173.39508400903995,292.60072246277963,216.32580996005103,319.14140323294885
120.43165398658095,71.12755956631716,142.15051216572041,191.98604318264037,225.8030843246932,245.88887007200606,280.43982072766073,296.3547991277727
100.89098527764655,132.67813904813946,122.85198665735882,278.36026631275223,192.367846317566,281.500419414454,317.96598863347424,326.4463049136606
181.50646576104631,213.66990752574074,293.7074114934844,218.36281035684644,304.92028453497306,228.7015595506182,317.8220054238663,279.244377858659
178.80174643222014,324.49988240873336,209.8679236778714,367.11418568524465,299.41889260588204,425.32842669185175,309.5381905039013,461.77519529937507
75.61505159217306,54.072378319186505,149.95638999817788,104.4853937283993,287.5970946446689,111.835231325532,311.8617006323606,199.65037419227508
32.82665473891089,99.69048138584787,259.63625924493977,137.55859410796347,365.6533188690398,201.27952876197898,379.2479890323745,243.721562921148
63.340501443322935,8.08679491233321,213.9503885065324,75.78576220962546,247.16046705374637,92.60578100064194,247.30190185625443,217.44040397496505
47.98827483119551,98.52666531274525,188.38845344439164,279.1310753748797,255.03963044723184,309.5394204981526,316.2512061392486,374.549336258223
102.69514796031248,228.86203797882587,117.56169915721279,233.28303113133404,359.94924396121314,235.31723798346613,388.2798777200449,284.32930172779817
265.9052089996878,67.99102988505346,322.64825863334625,221.46653957580017,340.20757128611245,280.649268603242,350.9259458274789,292.0085914280495
314.48803541564234,67.5855782285538,365.8477524183657,188.74641022711734,428.18710900273953,342.7461685606491,430.36931132468607,378.53471365087677
163.46032592620654,84.99844840101026,171.9975072240844,98.39279615470609,176.84072621858328,169.33353109342193,253.4164080647134,258.3624917442968
236.17198502916128,172.99670070744628,291.7904121228356,192.55003835079225,294.88698289184873,276.85783759887187,314.86850564276807,291.2957639632118
79.13564633245925,270.00134767594426,146.61005932869696,321.88229490232504,175.83513192780285,347.0630136427113,273.3748897317345,349.2095718705501
159.393944587022,279.75042104548896,209.48212256314054,367.8740523605476,376.0615283755194,372.0541213658398,424.82299336781995,379.6907376352664
275.69185514607045,242.76616325037102,298.51113799876157,287.84630715966244,352.2537737877915,357.5598691921091,371.57323959321417,359.24603805368486
105.98891028139475,153.78846925365448,162.38594266870712,231.2584009347215,189.54541169198063,263.1545628508514,232.10397999023743,299.33601524478223
105.61756349694615,101.98237391262505,135.45543543376075,161.93982440390323,217.62612419825652,272.23831245094937,300.1635834324638,278.82169078033235
93.1682708104131,58.15719961995124,363.19686646847174,303.8428342374833,405.5744133985246,329.7089638695387,457.02443807720255,330.25802229021537
75.609457748524,50.33598141222271,81.0671333051175,104.63685955320196,129.9911014806312,123.07600944581894,147.71736873943206,129.63228829226568
190.1902746400834,283.909122775739,220.2829201295069,305.3200864085168,339.92994665336727,310.64875793525397,378.55664802937264,409.3316974091016
43.6177609808203,81.84651067225367,106.44324270780501,105.49391704471577,151.45209399711152,127.40272940540034,207.14422614720883,256.98044690858427
190.56195689771056,222.21596020573207,230.78417413650598,319.58053076479797,266.47609452185304,331.911190226331,320.1249873290386,388.80581258323696
73.63161257963293,244.57290308537227,292.9779721760191,283.2064200130175,308.32714785117525,340.26387418723124,371.7987572430924,347.75683657938356
187.65334743495634,53.929572899584976,309.10073231819234,75.03150150972176,336.7653512869591,145.6905913664893,419.24935025033943,219.88039604973042
277.9130231581676,45.77464121249984,326.5350761533167,243.84982566011797,418.11913262764324,316.4528394107422,451.8966032282742,401.6233952013973
85.18299004014428,131.37284292408353,135.74279626185717,209.09723875008166,154.59734471521205,266.87111812825725,188.8397183208564,292.643918917833
116.94105521418466,111.66572958345608,302.03609726636176,252.3457650491852,327.99963235866096,392.24781334314514,376.77219665093645,398.7702239507209
93.20452393857529,240.40058882854333,155.0242095191311,254.99917578851975,209.81812492336027,307.49524411875024,250.78238914687483,318.292094066962
134.36704851666684,202.77743312312643,145.2930386607662,259.268152175266,182.74046855298155,327.562220817515,252.35630759689414,328.7482052417172
231.562745759137,197.9473113209675,247.6132303066528,219.1395063114198,268.6584015511989,313.82512527284223,356.7116540931895,334.8527730042307
132.97857136202484,38.710542367657155,180.52946315653625,151.94694398860483,264.8515706242131,201.78359837251162,318.4474528858019,263.87089499665905
322.1009613274736,107.55563535448621,348.2566773099513,243.10465557633356,431.74117730003655,270.00134767594426,457.4723077942697,381.3701473499708
56.08166147953711,88.72097684797666,116.18383543199141,171.4029905418829,166.0172972611612,304.1099899151861,168.58035274426382,326.65672771936875
110.68083339161822,167.10478164795725,194.2781829745553,300.32230691551064,254.87931399642227,377.0152260713178,334.72354675411356,377.2365289182663
73.55240367119038,252.24457134810348,80.68208037997222,312.3390862446045,111.98157626313927,332.927471113081,143.59213827939254,335.55085723120544
82.10151702091606,90.87128587494627,100.10101465102252,107.67293523145005,148.27124824522443,176.87696839401968,444.812866115112,188.05353784906453
108.256717216362,188.82550387033143,161.58701453200325,359.2919401194455,188.9373390650966,399.80765711194033,218.94179296542856,490.2146041655638
126.65815356503288,283.6821171119892,151.58092704454452,287.3020601466223,167.83305107197128,305.1492451807572,168.29176015116698,318.01182681909927
36.43142741871716,181.25751681514183,101.51980729911266,216.3435650208749,127.40973613055054,278.1683097447576,345.86528041814154,321.2343652182468
92.88924533369847,78.46298567135055,94.91296244123325,138.34085586933932,210.46662980283395,289.9171734451603,221.3037764884808,293.6177787443303
136.3002697054705,109.27740853613777,158.503992399998,229.20747220868938,168.98836558652835,245.7378131762074,245.6272426034415,246.0245454925717
162.485867225794,255.60009514078092,199.35956220473653,264.5547945027769,273.6698571439254,275.0199328613946,274.9876660205353,282.46780309307667
111.10487759638052,30.170561793040928,136.54026179090715,150.9357449121043,267.3495369816797,219.34751823918654,288.69669860240526,233.6044208283862
178.58399256033647,41.89244990207421,369.8535023793189,68.30069147012522,421.4495195787254,106.4595350143006,450.8767897984358,117.64797669542257
67.27956773933364,371.5802679621711,88.96943440736227,372.5465202086428,114.3389955313789,389.6707723089868,148.8792219992757,478.0551946111819
72.64162122261325,311.74099548985106,91.82174123634951,360.32324407246824,218.7031831566156,394.78525321551405,277.26811726763,402.00458381798364
111.33331530488898,109.57708933689021,152.45811953731243,117.32615873473085,367.70971403720074,214.94693045813028,428.4966818891895,252.87823656649385
220.69735023073474,280.24044809208834,261.16289101524984,329.127592098292,318.4774091129764,329.9664291047831,373.6696872889721,335.2590310208263
50.16996353037799,76.08968133664821,253.7779815315999,85.69114248417475,325.12912720642987,89.73989584717239,352.51983017668,223.0456614552749
106.76783179982175,234.43925984395108,107.47653637105762,347.87216917431783,125.99979519130628,414.6591150746596,237.79380328909707,429.96740660523363
51.30960284340043,29.05499011349749,85.18644022277631,225.76576862126532,112.82965321093556,347.8963488677437,141.4184256203114,366.50209755669766
87.87828364080615,262.54446598276445,120.54792874207936,307.7795252677816,160.9357939708503,393.20036709053863,238.31614404323915,478.18099564653846
121.43248865510301,140.2514994156607,147.0994544850318,194.06251358554474,176.01728633638078,210.75956933302533,213.53777571477036,275.1627236976552
222.85954939277653,131.12973384444348,227.2135237118283,225.69466228772256,227.6064789248157,227.9082857668937,312.86928996486165,247.84310869896603
41.7308343419854,157.74035485300556,100.89334190926442,225.48459216103672,142.0303486555101,261.3665957365584,145.90045472299573,280.35696310985526
223.13120230996418,143.36104011632295,363.81062445752366,242.83123812371568,370.0572169096498,266.6574785777492,404.49730312138905,296.9808408051162
96.7662321406297,126.71458448003828,119.30313333204695,183.56255731804134,230.87814711042031,255.92001112957993,248.23975147582715,260.77470190089673
109.79004015738893,153.52102304277722,140.04168146801698,230.7487272631602,313.3097000293859,241.81375660114597,332.1461956181833,275.5453657522049
118.76460515886512,179.15807527304918,187.2149688455786,184.79833930420614,212.74749011860945,237.44617535981646,247.91063903601588,260.1069284461176
108.25937442087617,132.84287422903483,202.14271480971507,141.44761908847394,251.68947079847985,267.13375107757753,320.441751406267,304.17008324893357
133.06953912728747,350.84365682326194,153.81651295915026,426.83926156699,196.6364573514412,497.01048498016877,211.2767982110964,497.7278532504251
194.79373994175825,115.72086903009256,263.9678678748055,183.01071439042428,427.83247438375673,289.7312892728276,448.7690113490987,316.5005806604283
119.90969476963507,89.56102709615978,241.60642459633812,124.04711219661195,263.71313391653786,148.52982051244845,273.3859024824373,163.05651068121233
113.02447800127125,141.51158123396556,175.8250229349095,179.82087443533894,336.29310017816084,187.3018911523716,363.50194033816393,209.47812757768904
216.8959216548638,161.3569816871972,277.28588116308373,180.1405347322082,370.76887163267367,204.74632089307434,408.5860973421788,307.9858126307871
158.84842428770557,169.3597186341312,160.9501598187538,169.97254575309785,170.26666992552583,176.80384611556238,298.31683316263826,234.7738300653243
127.90318389767376,72.1731056965163,136.32391283042972,107.8037146644179,187.9382166707691,223.7968977018529,220.53103369591022,236.47677136623753
159.3534095022711,264.5611209133553,177.54469086107324,283.1021425194013,224.72965815858726,321.07187651889046,312.214934690094,328.4317554102898
168.71148053104713,26.907714657124632,280.39310309737704,254.43932360623958,283.757271666219,258.3052893191362,308.44843902555294,309.5599237064546
158.62902377334473,163.1454266812068,372.7106671167712,202.24618080165288,459.7411526326376,223.5436436986118,494.1677542371887,304.9215350438037
155.79329061529273,115.9656220629154,238.00676618947267,276.61807226931563,317.41796359509334,302.11467570115025,472.20207931209893,444.3131739856713
186.67744280424654,155.59884746111604,318.58193284612776,175.0357848434505,440.0113269118609,344.1770724673644,458.1117090241689,353.4863298570187
94.1107529482918,13.758117746845773,100.33593979828073,150.28900434003333,121.10853057758166,156.35182453812754,191.12898242249656,241.86264401597896
258.7845399811503,244.62776473767195,268.16711350062985,261.3017775803865,285.2787886576858,301.3465075337284,384.46783134140765,346.1121842663138
104.40992817484889,93.3590889716423,236.44970792594506,175.94663899568334,254.99820464399377,195.0050820327984,393.40810320177667,240.22682415859362
185.2743547645718,89.45083282606993,297.41869763526665,190.03046084439453,307.4939216993237,207.23702729456667,314.72833168750316,241.51565621256032
275.8958206431845,195.4153560098001,335.28038722332343,253.96243485904523,342.22116114608804,306.39443181419955,382.32829165216333,311.2394943901042
233.6726188618275,145.44644134707588,339.89825135772907,249.33432998350673,372.65429522973704,297.1501518738109,382.4817063031137,301.4992492775304
136.52339855632363,179.45734438653298,170.213955788221,298.5132372661268,193.4313269164823,336.6558145297066,193.45434071028083,463.54477073463363
130.59614466651314,45.470842207349925,157.3113665089297,152.39734433440074,176.4758309006357,229.64517519451684,194.3873252521096,263.3525503634098
77.43695820997493,253.2332006405377,130.34455382898938,344.77863573772197,162.10419372259213,438.14836550180144,213.5180333015512,444.1523272380618
193.60051878287342,126.49008997354447,296.27152885525174,275.1158595410151,331.5411961033818,308.83260801062477,339.27659649172324,352.88555981115286
110.71497068140827,118.11390703982417,140.34600425275747,138.68579242985092,254.7099710776558,146.57355923964406,283.9953068155632,158.6249788958122
142.48114437950622,188.88429639139306,185.04841125651552,219.51786446651434,205.48656329843848,274.4511140190449,227.27737505225147,281.78416579509576
49.34782942993995,173.55538044543815,75.78743441783703,281.7383502608802,90.01857605378235,292.60898505630723,127.29135016204918,308.41808008490744
342.8133670632509,66.91694774076535,402.55120190015697,191.25643452996601,416.2284407502379,251.05327973599734,443.1766971046977,294.35422178819
56.4174945689184,105.94637283846694,154.83321626500674,217.78466621925412,276.2404199091498,238.2786940730947,300.1780477443831,242.70459456535113
250.92506110128178,256.8322056730564,286.33122094888364,326.49648774516646,363.8387663728454,338.6017705977527,396.94515192608276,465.2630904549914
73.11851603347036,164.54651246137433,168.97271312223066,363.63147045207097,230.30296188731867,366.8310919023569,314.07238573253045,382.47100144927583
207.31619898491454,113.51051234337106,416.00588552157336,190.22311007137588,513.88114045383,330.2899844812082,559.6161539205475,345.4954654488219
96.35456754266518,183.4893496399867,98.49984731731288,262.021401750216,160.39819839024932,380.5259899645907,179.8020099060293,386.16652079024124
184.2004496179373,220.88765693530556,223.70332148889585,261.0130502069606,265.92592661519586,339.972214048194,416.7529604503525,368.4539359688541
271.89925977454556,111.16213446215126,275.56618071194515,277.70938887754374,458.1175847385923,322.3776982949871,568.6827796080576,358.5651919910529
227.25903094295384,190.22311007137588,333.25287679682435,191.559351394093,380.53459330918474,245.52840763311434,418.17502082574356,361.1537904297209
230.3409617989202,59.49425304562893,258.77531020623417,234.61135389708267,264.9291764785926,294.3890143839088,274.12543311673306,338.48875665518
125.17210256179375,112.6802239897545,223.09621836522433,177.225118429007,336.70034417252657,180.2818461489695,403.73917418950697,392.4591918239862
237.60393350270445,37.007575871204104,246.59024748048216,56.27100597809046,277.10556182227924,242.0899118773958,289.0015941600804,268.138210049672
91.61059569757154,127.5762709117239,110.84269590632356,131.5329942538489,219.60485221304242,225.69466228772256,254.5419263153986,276.8267340108688
71.63384438922233,176.47545631545165,83.2220452396132,177.41667642008724,214.4301780843447,180.37375342744983,220.452107821276,195.88292215623693
35.67840924504479,141.28967174718565,201.90755094614784,154.5916160989294,281.3462367271452,156.691312941837,301.61088247534485,164.2721819231242
138.63769192342517,209.74786163920848,198.0055020158979,230.5054520951671,213.32123434541597,242.42155001763004,282.3076257805045,330.3958919694033
192.27342253030534,80.47907780961953,216.3160626129361,139.2102551147793,269.20336703603704,398.44781918108964,323.00910870172453,422.3079078482073
323.94493411465197,240.37221571469328,447.6583615060103,271.1214071017031,468.00121331587246,349.86915287187514,478.78139987553106,450.665447754896
102.46905411349839,77.3188200915622,208.45362781763956,231.56239018024806,387.4580650184883,253.1778588589747,472.5080736492181,267.865302143775
131.36113254817744,261.4977223833225,151.79528227583182,262.58340805411234,182.4856255710921,284.539077079733,262.21506670254723,286.30334177351136
75.74036932606973,161.60650437818583,281.87938109624605,218.51491069407317,285.5638520407074,303.91674526465636,307.18289510163214,549.4375776239457
83.62957744553105,91.72745271516514,133.3804677789187,250.7904686365287,184.6441416814439,298.82534318618747,220.59312733674258,348.0683446442565
400.11063959960467,168.015824138837,413.2020201207776,313.9061707505474,440.1303715525732,332.0739203344743,509.55481973843035,387.4684014617596
204.41740324421488,36.222053848643796,277.5648791877645,210.7620910088509,293.62181617976194,215.785801945346,318.15721907049056,334.0611445580923
105.98891028139475,167.06927742310296,199.5341283105568,234.44014115738383,205.633266517216,272.8019505680103,240.96505975582176,392.27272190792667
69.29983375577625,31.78582837434818,167.7448305605069,170.46170411428878,318.6442587765434,222.4365415458627,321.2998811485033,345.8305263513774
105.02223141553196,222.81823542753278,178.24929290576608,420.48773030899866,286.07547301406385,528.6868564285788,340.36579449889757,533.8806399186244
160.21849523785846,147.0395243291943,222.1743430323337,147.2554791715143,226.16027165272737,191.6830558481385,233.88552518023224,214.6798462445251
70.2650098118651,150.4084921872935,211.99965393385952,221.58196726254224,324.6907326485616,259.21982382687776,365.77482835129604,268.1502805589323
147.24603135286637,133.34724754916815,157.53896789009386,266.2187572325371,262.24050069378956,344.18955761597164,356.6619079561293,433.80916313260946
281.30707172789437,45.77464121249984,335.5161984101252,283.4643357569007,335.6000620218063,285.96620498050737,350.59618618393506,397.60636370087667
227.94977431674593,62.48346091825819,368.47088320577467,150.1743138996353,386.9229675218144,256.93633461065724,403.06015122313687,425.229616154763
191.22788077850805,236.17562659065166,212.0697733219433,332.2727689465617,214.86670770524347,444.4156585349445,380.900558156132,524.5504799756075
211.64150517143213,262.0715471399678,273.66335152180636,311.4295594134596,360.5924982799674,326.1899081128554,403.9074282047513,326.2496380923861
110.48311953392033,122.51300056040928,112.40577685156558,145.4493335982124,301.3844466934484,255.13397492858462,456.01813278874704,297.50257515551124
46.6662218445393,269.78820679473654,82.12599672860964,274.1445754878026,129.27408043860171,299.3551140658299,148.5049038266248,310.4883623728334
69.07079322012586,106.0724867974891,151.65397179808178,114.18560481737055,187.9382166707691,159.87034614335832,217.6657104613301,228.86203797882587
104.48061904240647,186.77507855706136,111.75851805749588,302.9120486897403,139.42888124406863,418.0609416512441,162.25547286568826,471.61383344051507
54.351927557376484,205.4833376679453,144.05939689741695,245.83448684109976,178.9401856755226,277.4402520549237,291.66704283609363,291.9109160792141
79.31160187660277,341.7646116540271,225.102973459994,403.00809826947904,240.22034647686633,414.471571511119,314.4100267217338,417.9168264653389
240.96066430545656,184.05134065140237,378.9219688779359,192.16372127345312,623.9875610932479,303.1021882314965,685.8548374738285,341.3534652944626
31.897903760977563,23.667954325460066,112.95888836709041,127.20695770769976,157.56241326503016,220.5851117903021,195.74411384125278,263.3131906764842
149.0747996496934,143.3757558741253,199.92528700376116,169.92428846332803,251.60592113168465,217.2097339681702,285.979646750083,269.33385188970476
44.893665527352056,134.50887727865228,125.64832090388067,135.9818712811268,185.88030290338529,217.78233769661583,279.46780848148734,333.0328941270543
354.57676973090867,226.51707083824286,408.7104774804661,288.45110641297293,412.66633129006135,351.4474915387302,413.834462156455,353.6871322341966
33.57542696169503,103.44678520414554,143.03946741460416,115.75618559057816,359.8062998034553,195.49679608163623,368.3444234660717,243.45404558750022
81.24884687180412,141.89006471935,174.07930432255208,378.00989180805607,218.01327436251714,492.180129372557,284.4349850245337,590.7171666092988
139.71995797482856,53.82177867129789,182.95349486871407,106.62414849577569,230.30296188731867,253.37288929859562,233.3290131555917,254.6272113680713
109.82854110071011,303.4442992076029,277.3992102407381,390.1512086460344,413.18482588851003,417.3060634378696,435.8116057660256,449.90257308108835
48.328023974505626,43.529559342781916,327.04306686821695,172.39996858028036,365.66680923090485,181.3557797223292,402.95690424330763,187.31282041252499
191.16282055708135,74.84906612549321,216.0866320271932,118.72062792329272,231.3720649128185,226.15087095706284,267.92934153341815,274.52864347626274
121.968093027811,203.99592727879937,146.87894933401,226.69441919015335,163.10561509225263,269.8335064460929,436.2706666212875,292.9347267782094
32.912321278861384,297.85228918381915,65.97724773678486,371.5802679621711,144.570199399635,389.61421810875515,244.89171748985362,442.04078533226846
259.42706340547994,173.22232821211705,318.6120720308544,228.15474151519598,319.9393622427841,241.9347552447295,368.2760701163931,253.7785859578617
144.05939689741695,138.17789270282907,156.4169404182925,138.25858397591279,177.77650849450382,179.44198137335118,248.9548514985206,196.67226485577865
128.16359129590344,254.44365049949513,254.11642004677836,290.48940328306855,294.5828595097827,316.01635784460467,382.7564875519711,328.9142341333661
51.62547118772264,137.61684403907375,62.869166385622606,226.4596963439426,158.27478421439667,249.07368949221123,190.8138279982196,253.74337478598414
65.96304139752719,70.84047759917061,93.4694797992874,298.21139251780374,216.8806529927519,302.65912542367215,237.0979122902619,329.2141407486218
90.17993755634139,259.792607638961,231.5685598489793,265.30553657540145,245.53635057754414,271.93748322554734,258.67308662286945,276.5482407482122
135.67163069432587,91.69722889511728,137.7900903055461,115.36004029525502,237.60393350270445,169.7413761675435,263.99145985254637,238.9234697910733
101.39933706891125,126.05029040346282,253.19887807053806,189.01409547249887,334.374730564692,232.67083847309968,438.35856260317445,324.4631719034298
132.61521572942127,177.52530890747718,213.97509197817175,285.90806395957907,231.29259777805916,291.5459616855413,293.63262416638634,437.1612516049133
70.79624160962906,181.00273244581626,180.03283430152538,261.5671452326998,200.31376718319683,277.7895107656272,254.12788375040293,375.68935428978546
68.27573346130038,266.13271024561004,150.48663612284182,273.863190627867,172.13225844359175,415.3896731369624,186.11190676880798,429.0422181075668
71.60988263702677,327.839645383137,204.01481606628485,486.3356923696718,224.43331994137924,493.450609652678,304.1209935983201,514.9534240351888
73.97963973071015,47.89625391792215,111.58666416276878,169.27552928154364,222.12385204723967,214.55722560804057,225.71520576738672,252.4955212106734
190.84203603028482,205.4154400639807,375.02861048135225,316.1892125517133,501.2080591923427,358.43761295025524,511.1309521590294,364.92099509682106
105.97933065671077,46.6080797091526,209.71089484714918,221.0486456844825,218.29320563449582,225.6835727379107,223.97318470055865,233.11135527623327
207.77911504639675,169.0692845903494,266.1464697123948,248.87298340039465,294.20034726333364,257.2627176444744,312.9055642873976,282.8324686956261
33.757030156030666,345.2692600505692,63.17340739527629,348.92717655459234,83.40560928257338,360.4060654572043,112.68974955218559,364.80212772506474
77.99864398390585,81.12332720577363,153.87657373376143,113.09311158522091,158.84374507788462,187.18264886319955,185.61040894818683,237.98344653334652
78.743808396748,304.0867795479911,153.34646697278305,343.6148587035721,234.791096201012,349.52719570413836,252.60541802386462,369.9592080447763
264.66088876519484,225.77735754567556,342.0919076465335,408.5420875698994,350.7213915558654,491.0869917704757,451.89104529633437,526.000269693272
211.34883293248848,83.51696580600321,276.8561059250038,95.17252593513612,321.45689929128076,97.51289626208712,330.7067150650483,227.63467178733598
75.90817235259955,61.282881907522174,239.8522934966978,112.2587448756584,247.28600559688078,153.71501704218448,282.60800419309544,205.55139547729368
176.67970490761027,135.47770450175724,179.65781943933558,221.05380366744188,270.66359023885616,262.29168166656746,285.0844806816807,353.79758395596826
181.71963281158884,66.91457526138866,193.44360521722882,88.5810172552324,226.8623471463816,145.5730483537051,232.23971937097335,222.11220848550545
204.63993832552956,167.24716771184546,245.00367986083918,181.38602619994793,286.5499322211049,218.12045570628783,289.24974060665625,255.12108858054845
161.44437079114167,221.1012437012269,174.94714571048956,307.2062002126755,175.16211526281998,356.7497392135634,186.1774346677967,392.9645333418966
190.1556882956511,106.43937199687163,215.90549907208364,158.75519064585106,224.8679861816711,301.9450081581975,369.90284471145736,354.0472132657368
65.23303123645766,228.10013615013438,85.1122668905693,237.6684841501893,200.06100973286163,254.38540380716705,317.8650815551721,277.76590843318905
113.29630734528585,111.00069336401477,128.74179143050154,172.29120034134252,152.92710844807394,249.81013631425802,214.04993829142825,252.86652520123752
119.53097497370764,95.21400916829194,208.48032004561477,147.40412122845225,262.08298997431814,166.3717240398471,316.8638224343999,223.67705165870908
240.04784796703032,230.19159773204262,392.7450706028068,273.583826709478,405.99612218492865,277.4855129694515,421.9421614101759,322.0355694774233
221.24725661624962,64.07086879860933,228.24264733203768,138.34085586933932,291.4741844424482,184.36402160013122,368.33174660840194,303.4905668187654
197.7283679384469,159.52137391889272,208.22601872024197,284.4407901886663,273.70196633617996,303.6185840028047,322.8834929764553,304.28810014069825
244.8715526578924,207.48776793446277,285.94208193610075,260.10266600037863,386.37556433407366,358.2986957371883,404.0212607670216,437.6305089208488
123.7995803665099,371.35308699137664,173.4899000975937,385.16371634111385,456.47114314587816,453.14642625111065,461.49691720324347,513.6488402181625
71.60558914888318,279.7852116033556,229.7490667739924,394.4124002646922,230.3319884123401,395.2101703091216,283.8532809916215,395.9518080085196
114.20833044427378,214.37725391072829,257.71671683596924,287.3519077742717,316.97175786458246,462.96364849115923,335.36367607252953,502.66223420964013
172.62718084057468,171.3010468042288,307.62634856593064,219.1504229203644,362.3493929517821,283.5285367428311,476.39718930976596,302.0113344727882
100.63469549036544,291.71568152075105,139.39898645547353,329.1726270504555,186.56675015062046,356.33925681541274,232.1343848830543,366.62374839705956
137.01003794061415,191.20175697894865,258.93678243887604,210.22008947735466,584.2574443139515,246.97041936057713,623.728338831083,281.25838671375357
235.87269190811574,119.59189479854118,279.46328318654304,208.58560707147558,289.6172263918331,289.8297967860932,497.3286654156951,298.72049882459027
247.24829433471393,149.55647649144055,336.30721834356814,221.58196726254224,354.69212503530474,229.1837763464042,380.2662349766581,306.24297175419065
153.61040702751,150.66018148740875,228.2336631011016,185.36692084020734,234.82283770057563,279.1650824253432,242.1339290663918,296.3965493182544
266.32205151089033,115.69539978160289,288.76082763370874,331.446610461145,324.0020584233864,387.16247163188183,396.95024249863224,398.1223167147734
88.71118034295601,138.61224487364782,120.43165398658095,192.92807035894816,176.62421737061007,208.31782405359962,193.59581795658,331.46452785948424
229.4082535513837,176.54927201883316,249.8565051112125,256.5992529229231,388.14810220092306,296.7076054508794,429.72917793578534,322.3315378000946
34.59208921301212,139.5858723292338,116.17542511823005,157.18953369994915,142.1604550162131,273.0385557799567,157.58148588026648,336.33081715335567
157.52947784910063,163.1454266812068,180.7636712257569,230.72867706695178,192.49378485660347,269.42539894904587,234.29075883986343,311.6678736460517
125.78705649956717,17.459431119412752,150.32423599889907,121.272128770055,164.8595004989653,213.28411349708938,175.5844453261227,222.6382176894359
94.78461911412265,175.72147388920126,157.0737450406198,202.37425867566407,277.48873756132906,225.9935950075477,308.2588780568105,270.83549373996857
102.29085800653965,97.0152488716166,102.99507768381827,226.7611675900853,116.39307918178064,230.85059274514305,177.3358518477877,239.17877925125705
102.39982693750144,100.26649729770779,275.5568500706189,141.7821425438882,295.2311776919061,280.1682705712983,432.24326671198065,296.51684686251696
270.9401268499929,171.91292962102992,310.3460540969841,190.57191132805616,313.8688872381985,364.8503343033791,336.1848686669492,387.32068584594475
330.88377258753223,60.13073902752212,441.7275240921134,149.34374145568592,556.4859985192671,200.88388010275142,560.1020200717107,240.89099112728158
35.205781686187,58.24760775880619,175.29419622032268,139.5884478227082,222.15043411682854,196.60430272536763,320.96258821080227,231.87917978147323
76.45013389190387,189.75762454967736,180.42642031150638,417.661978586586,188.8408623505691,445.1072924559557,191.70349746959303,464.05474337325006
39.711748731441496,27.354296622415497,220.43738985295963,50.80097270996274,265.6977283852712,227.0198410873158,329.91234716481375,324.9156507576008
164.96449420310734,80.22304025662427,233.88552518023224,108.92968696906425,257.1608725513684,149.95376735987494,290.7473816922628,274.82161322075206
183.8133466696095,105.96385196348925,254.58773672776124,112.2587448756584,353.74280547848025,195.01189425567458,455.892216314158,265.2032823926607
122.68827204605238,216.1635902046122,220.05148807493325,357.72841170249217,292.9779721760191,371.79302576252377,349.8931647589941,446.16105570951396
112.72174778894868,81.98519555325035,138.41598816679118,311.11850594568637,160.41423168422315,318.75260601443927,279.71335537567376,338.43947574160956
45.33120490662657,75.36254600986031,288.4618451575115,229.26706439115023,308.6028370148937,450.55327251296103,359.2298357687198,471.34643027908743
123.64022531844331,103.46401078071396,135.7396717361197,193.4982003447795,405.5744133985246,217.0632368769301,406.3719930603434,319.02431013309337
260.4588219625381,72.83645557411228,306.2634624434811,176.90106329259086,462.99173039649804,188.93164242694294,510.5917109608825,243.9948114673439
191.0596339834956,211.442589621942,285.1696935935843,269.36236785237287,402.75872539497135,288.09802035081833,416.53257130334896,301.9450081581975
207.31619898491454,254.4863176384711,404.43260217011976,307.47846986018203,434.90280293982545,308.0273899638806,437.2020056569273,313.0412155233015
121.0071468935322,229.3805445416977,171.35601002270099,326.8348043582386,208.93037299334975,357.37246335754025,223.69145164989936,429.73887223735585
121.29066828876799,63.2378577133327,205.22789928321833,132.66988966743276,212.5447595842971,167.0929807614743,336.6000693354901,237.44617535981646
196.47632619078706,208.79191906337,201.03980498328477,226.91204049540156,217.56312839228247,377.408232043855,285.0076821742371,387.80573827727835
256.2719999864191,64.18797706020139,274.8220057543095,152.25262721898855,304.4020773328779,189.1060205565843,661.524850314834,230.25443680674098
61.14633684837138,166.91320334623683,121.8794739544848,257.55937237796667,215.6843088290804,328.5469392003421,237.550736721764,383.54280345632276
71.74443796285864,320.8939234908722,117.8669042896781,323.1029926249819,130.62970370486806,353.44537821436774,152.54108446202295,353.9334398942953
125.2407855161792,85.5700865763905,204.68487679249097,158.7446908690177,384.7484070362011,240.05263760842865,392.65249848923304,340.7369579029644
78.8400584970785,257.4560130252466,247.05958277367705,326.84586902789516,298.8963451996138,328.3116824568896,319.0709551972173,398.9401605003853
246.9097388628659,43.15954819477713,342.86584817067916,82.54512371468803,440.5137688585422,202.7427583926309,465.48458195013103,264.5611209133553
65.21746676615264,132.59368814885465,330.84071574832,188.44314997415216,372.22738896227844,215.82336470679957,410.4717431404089,262.7422736662037
62.164043206834194,184.05282622671132,75.89119943976362,221.03616558375282,170.45964177396147,483.9240740690427,198.88967936029005,608.2187290912882
119.16326335265593,237.15099072089728,205.98219771037037,253.95892505784158,263.0712202307206,310.9592370086412,271.6117612412966,338.5876805690955
244.14426616859095,125.87390014654318,357.0942744449389,277.37207049584543,365.0870338577461,297.4541706160685,402.8637353391361,323.9013073805366
106.75123406247747,66.00847220175301,125.78595130167102,87.01714569552546,222.53192635536834,163.58930993212365,227.96628629102239,283.2789131291228
93.69680800661243,47.52942691985152,246.1064922420273,123.328995492453,281.3462367271452,161.21710076298453,292.84191681325166,230.98299738143544
112.68569396652734,99.90264518701552,264.18665330973766,334.4769682245022,465.98904931909584,370.25790979311256,492.1204572833548,375.7542478562034
55.4120963939263,122.94204181817462,301.45034473296727,143.51401147434404,307.00634101832986,166.14551289354148,354.54403009246045,182.2189091595482
47.12370769378452,135.7558506722551,69.82160100234688,248.26195865043613,94.59672580806973,318.0463480719594,142.2734038457116,321.05275220824524
81.28511714738475,32.062512601968365,110.73891734568006,139.98689261290994,149.66132814445828,278.5204331266307,175.11967146847667,310.9605302869314
194.47182147101603,196.26620628461188,215.4888508872905,297.9652731329164,328.5412854303155,323.2951833517449,332.4131135449,416.7362900002887
242.04960381311392,311.0859304429618,282.6204936600438,323.2009180642426,359.3231343395392,353.3848972606798,366.78341304048797,385.8239978835235
106.42147916053332,51.89110599950955,245.91050738960095,154.38265801195342,253.14143139100193,296.3431898099798,304.92834754080843,348.7960394921823
103.47730140265725,62.7080307039584,147.96951464128776,283.60236487973043,198.18814956923188,369.81807064443296,213.03964623267822,483.33425047977966
190.18115232836658,116.73906545171108,252.43434707941523,141.28967174718565,288.90706635619233,164.3918929093213,468.40802824896235,253.8438708629292
64.01354034504882,32.93699299657474,125.78705649956717,83.03925362585183,131.904970411684,207.06574247269805,177.53783340110616,264.9216558209575
247.44714073344943,121.10870547323802,302.3966998653232,167.37088318287593,306.932570211253,303.38433524949875,310.0378203713382,406.67053668690437
183.53109975508548,145.62236137117486,207.12744859651326,242.64439235943183,307.5291278747924,273.4969399749373,328.49743199861535,392.0062646855346
35.33191274890914,256.09349974930353,73.2850709038359,268.3731819060534,166.15691889805078,311.3429145060683,243.34628418756498,314.4807531878729
38.35047622094277,79.02735604646473,95.80109344265315,90.85815963437145,168.29176015116698,166.9636458945456,233.49673184964632,191.56487133436625
89.4592973578166,164.2141884051304,159.5705509928246,271.31264594737127,221.49610920476454,303.0916997154596,245.3245015226243,349.81849962494135
69.18383584958366,174.3032285928876,115.34507195645324,325.9864406330803,185.53093995083148,441.4060092022148,211.32166722980813,442.02474072832206
114.05416684151501,129.04479902945945,216.91409439369815,143.27830135892128,219.00148052734207,267.2690816708744,287.0865288101324,310.7379832182461
93.89577419975939,109.01696858626427,152.92710844807394,115.43021235986922,183.99981969191893,201.03352834739914,240.48404981330117,204.05753490653174
81.10662822531499,262.4769872263286,113.19056732788012,263.128769677675,129.39775183022428,289.8670473349482,139.28045979347394,374.1157146735726
330.86461542415657,211.5236764139261,336.7084160896502,422.7170678244377,416.1229612269413,501.3141729219356,484.5395017464986,502.04103225986245
222.68789784621364,176.41883277602363,287.504074803801,180.2656250703979,329.62532259264566,228.53929701761209,353.92302398192084,298.513407718657
192.1712869025406,103.62668525000228,235.53512531657918,145.9487899944407,253.76958176280974,292.6105991643929,337.7489628415874,293.1431767230464
128.16359129590344,120.17542983484718,178.47883174635706,129.73278913866994,285.94001684724896,168.87933876231676,382.17749548926906,203.23371632980795
165.4348186105267,114.94077677167405,178.35245655759311,219.64115415519842,207.59800262639996,238.08552217245108,261.19635323531105,247.82194458885724
97.47385434457794,136.0800064631533,103.78655411634169,200.21690562492668,148.1002767493111,243.2238662119871,230.66993145833194,251.55894743222828
285.6653768905959,192.03642993895005,397.74042497684457,215.13300628947457,401.2457226203006,321.8560564522307,435.00038021341305,325.8003034178156
96.17362623139809,161.37862026984513,159.21521070190946,200.4437428298421,232.738759679659,438.46466914426054,265.5133740131279,482.7375514823181
382.00416719146716,101.76827131364641,447.7328159776377,132.14625572290737,462.89976307158616,176.645945735282,524.301377265878,265.0735196808628
144.79190705839807,148.4898758554475,356.95308037469925,214.45693587614613,357.7094653377054,321.2912730372278,375.47802264861394,408.14744208688546
187.47625142695452,179.31576514029817,335.35682382870726,238.84123752800957,373.04230915822325,411.4291412868724,405.91945676428094,522.9501967475535
246.87012907610054,143.4908822087771,261.73544461323354,209.27456620053957,262.75932055846,352.8859360073503,337.68058561709796,369.1520797909898
77.078030072144,56.516614706350126,142.55011953547898,59.49197257626798,203.96206081020307,133.3104061757828,206.2156502833782,143.70675529066446
87.4062938439058,79.17191887352976,126.16478520066065,126.29334150300078,160.45727701055546,142.75211076998642,184.60712243875204,227.36464661799394
99.86258425836797,90.437363166422,192.9071766601357,102.75903398449768,255.7471330470677,219.16922792647495,268.1210721706819,239.94444801889495
140.457180963212,132.98334828852225,195.69322747242603,137.19563956805504,225.6903364550771,168.35081341855437,302.4752141392501,187.18264886319955
274.20877786659315,293.2203702124812,332.35146252327723,360.83846061342126,369.9268522017534,409.6893047250152,394.53772618679653,426.8136391283815
85.53472984548308,117.60357363324357,94.5015879699616,173.3957869351056,128.20184120049456,328.9975510473125,198.0337551301054,351.18202508020266
49.40765475415677,298.5909446361513,162.33693508728527,332.3538794441576,171.02913135182212,484.90955050943563,171.13799921976116,565.4664652314165
69.7633377202802,250.9432624473737,136.57001532672172,284.98919695934904,149.47424288550312,285.0654792379606,267.46822140885956,287.58442501186823
233.2648843811986,102.86081706054053,291.440083851838,217.32890835736492,354.7850931512243,222.67708383904457,403.1000281647128,429.8529779296208
171.07885128667976,89.4092706236899,280.53363685740794,265.94361476999364,299.2122977746282,310.6901446647211,369.0183175272539,311.2192994064707
89.71045395274466,280.15017675020584,101.79311588265696,330.4575752783307,135.7762576892456,346.1179889113778,200.25064562461216,365.1874383527462
158.05615984415945,108.4449141596639,165.7381188118226,166.2372467546718,212.2331508882589,186.61918986322613,383.2691296297833,362.4784856578322
164.30450347133848,160.48142998478508,197.3000148509005,203.41831671751095,256.44739434817694,321.8731023883373,324.29355754576056,341.4759008122937
128.0368455640522,225.28162536159604,175.42878234510346,439.7921796851842,201.30239404266268,477.81041139336816,227.73479801791632,553.2207852100556
72.75595870719997,154.38265801195342,217.85976955508534,206.06410221886537,325.72025811352563,349.9950967592744,373.9278923543495,440.4304203571394
89.17695463603008,239.8129411377567,341.2968747019974,310.31027649493893,390.12626815344595,335.1838139768628,432.7746483192959,465.79394832002345
167.0043720297134,187.19296994023557,176.71729766123102,322.9859295792006,208.98546615301967,360.57858948064626,263.3067780927057,386.61641668503074
206.95550762181767,159.02874721169195,217.78949727502243,365.42442958421935,329.375832403143,402.1433214058393,430.8397934309061,456.20221882671774
44.43731111199329,77.96232466444395,263.93638099814956,161.14481015653774,318.5349481828611,180.93798869399433,502.7513862106565,251.97918439167023
251.27593226874944,193.8384764360195,308.2391442259287,208.719068653698,308.6028370148937,226.8790321311542,382.66353410456946,398.79743067002653
129.1263797290357,68.74212778996103,196.75740236128303,115.75618559057816,198.71855558644387,222.7317101441862,207.3735163121777,300.0872782076774
71.7432337777868,163.94456266807194,86.87171105156266,163.9496277778938,94.98875616280387,237.16689548258927,159.14226704840968,345.525821665538
62.10172474391046,129.59391019878248,66.26701062284538,163.7854423215647,152.22469635702615,353.44537821436774,164.34192700047916,492.2824620973641
97.20772715040381,181.42171720097596,275.5816908876796,199.16291029074782,364.99421737333114,254.02392988721303,369.45075265798005,313.3351270253377
33.43352035393486,164.5689940516978,287.36049578783445,277.5739034391716,296.6309961810653,314.39717134872683,305.9397494072101,372.7039067784717
110.78376931554955,83.6980717320632,135.7527687879953,187.8440728375276,140.03483571820635,194.92350408359843,169.48234367647473,271.90570684381186
177.71262218338236,32.610430561451444,196.7578806813272,189.9845173013764,221.85685294702103,278.4558494152229,238.5739344890587,284.1761919829286
72.05930325520565,35.95087745439072,140.4309305412198,65.78925823025257,316.04863590390676,333.1587413019178,371.1352999250037,335.9499768325385
93.1886730748091,117.87922039677545,116.97727905638982,264.31089942410273,166.38566921530077,329.830940956298,327.62711819040675,400.01791216979524
109.70236754378692,37.32014434155492,110.64653156638877,239.9784463732285,121.10853057758166,364.9367574847336,121.77874504297905,366.3422307612802
73.1658933773184,69.3460628606209,83.88378593023134,81.4500348264049,259.73723133768505,97.573571186426,279.02564301650295,221.57999258466387
75.69966901468355,131.06886075036053,173.30615334224566,182.33766632897007,181.2160327645027,203.26082530477427,291.7252209434275,257.52012373931365
83.02780980784131,131.90928033468438,88.277419156151,183.10707533347335,111.48479354320224,412.68902801636756,153.12005847565726,451.3414652251768
73.37632975016926,49.14062125619564,189.06694454988056,298.6389200175698,300.39053386409444,385.73841483926014,308.55517967947134,386.44187694298495
65.67776121361611,102.67984953101626,184.6441416814439,201.69549125779048,193.52715398248873,206.3604450066831,234.30923394297574,209.09723875008166
62.332609264108484,225.7461855055681,141.40255977700863,248.2406025725233,153.7917277927078,253.2409074157206,164.40583762329885,364.2773891075886
174.93954354463685,107.65262422432562,293.6609773779682,150.2136305123076,343.55727298567456,263.7572287451642,400.30559508789764,298.513407718657
226.56061842771274,223.17923747064705,230.9941754178217,252.22694136830899,242.37225751832446,254.0541069440178,255.40519424783372,254.59075050893756
93.39416636340067,226.3436019485902,137.51212703271597,321.95141320137293,223.58966850730752,369.5434391947172,253.8388900820757,392.0140096214499
72.43255001188142,182.90120762388048,215.91189934186067,262.29168166656746,217.48045452462404,262.6852610804164,220.410167692634,290.2239681747029
163.597676502351,98.89760026295856,168.48384879106453,189.75410758939742,282.86038458511257,234.05289978522944,336.4777320394065,245.77668334425792
249.76150275819305,236.8594852495927,257.5726187049506,351.98098717835626,282.30849605512793,440.8423758228462,328.6601255274038,500.0973880311457
106.8056767535709,110.02174762485046,176.44306257573857,285.0271829579563,176.4501660985057,401.5378286539808,335.3812480451912,426.29573500817963
187.3265164264824,123.638697681258,197.16036708131688,167.22892098759277,227.73342644856305,288.9633839631587,229.988251745294,363.92243968582466
66.76466368780962,97.45231008404564,80.90325772754734,200.56866254682936,94.0778846306543,255.13397492858462,126.00457715983539,316.964320474269
173.39529210785525,18.180323218103176,231.86394388575792,193.76085547084102,259.86796996574805,309.55805899893704,272.6295049687624,387.8809025196989
160.26404304861208,100.71601018414017,279.4472836668793,227.622250512777,470.38428138896774,365.4588308479164,522.8743391806485,383.0095298462632
127.64685337871236,147.30686926133436,204.81168352305295,210.7550560186067,205.51465368156855,364.0672598616375,358.49043031505437,377.4283416244668
82.9015892562861,92.24994465384516,380.0452211739973,289.8670473349482,401.38556292672234,403.87452378676136,422.50269951131,443.921649450915
258.5485759532163,49.11508770978169,358.01927357504735,120.5717017958641,365.5552172120553,325.5952671609571,432.70111275331453,332.5767953578756
43.61679545034183,77.11566052632358,138.7114804629924,160.54414248371592,163.3817163721798,213.69392745039036,272.82041099166133,226.98157573295316
357.6830657472006,191.27697126171125,377.7772916739429,196.6575027713363,515.5617642594539,204.83978975060407,545.4803402272748,227.4184699260729
77.82077711911083,210.5825107539649,87.71503775338418,274.52864347626274,138.63509080358466,302.6389480786488,147.4780210709735,349.37189697867365
189.27898065183894,136.82865080297893,311.9446921996923,214.70606803021482,321.3046787181302,230.76561805926022,470.18825179505563,265.91419092717155
215.44373552895013,245.06486730907758,235.53512531657918,295.8216738462419,301.56509032276733,297.341342309567,321.2902432732473,308.5111527233052
113.45990936476497,181.00273244581626,209.17527537394847,231.8731727824219,295.7829757597696,248.25184401942053,363.1796512923198,312.4469557912598
122.10650867838797,105.96642609386501,284.39361679837805,106.49162434760254,285.94001684724896,200.21690562492668,348.41796721959605,201.89824092574918
174.72730735202398,142.801057376121,223.9252609239866,421.9058957105003,405.00337442041445,432.37549529890975,420.2898585472884,450.0833129867236
119.19355598308756,345.1328468334529,133.2400864182598,391.3954241824793,194.31498269921292,468.4329949266726,200.9268053032248,522.0374309801484
138.85902610396883,138.40895173657026,310.96732123850455,368.7388895825574,354.76211295281206,399.97823399121353,365.25193887698026,439.31554193549823
46.15629327550429,142.14578648279303,245.52103725969857,207.15323062239074,320.2763808730511,262.44052290103906,346.0676121117618,302.65083934217034
167.491737246352,41.43052786696943,180.71965517261253,181.17568926009778,233.2022413530717,196.7410591167532,243.95787021100838,236.24645715987302
61.0059520446953,120.12482031266448,90.61574455582331,314.97809495763,119.34211751316913,352.8859360073503,270.42789985056976,379.0268851455288
144.70798085874162,297.7797133801072,209.38029892868494,366.77887208100867,257.3648086127253,440.04155477803636,262.5231379615832,441.3455757007665
44.893665527352056,143.01796340666476,119.47708734082943,171.2865209045172,210.15599627525194,221.73549811441984,243.22857509369643,257.8414217068885
267.77297684857376,157.5931136222214,403.23288484671883,189.87556666477468,480.0156375092091,254.44365049949513,502.414684251834,270.864563444086
176.92661242728474,223.11336785129404,201.07857621031548,235.79124022597875,245.6272426034415,247.03818354168126,257.71671683596924,282.67732195628673
29.85447746166814,293.0235343591957,91.52985962631084,311.9029767434914,120.327696430367,368.68753978870393,160.31061829460148,425.74016746392925
354.5344424358296,81.75221059069894,445.6215095031505,103.51027254722266,448.44441213462017,151.49781482990906,473.9341208906476,272.89346858317793
126.2191019767635,171.75511604200054,135.12663522673694,280.237128519609,354.81174713271565,283.6821171119892,376.36805254528343,306.3741938164562
276.7545766850835,215.4688133490028,381.29689012972517,234.24445966388186,459.23499027262574,319.43406101749645,500.9662703421597,328.24275023770815
300.86349911814494,205.87034095624708,333.8002364994221,281.28528770820833,374.7489783359067,286.1143311892944,465.16438581688806,420.2246798715644
137.02346097252754,281.17328523590567,150.54136117343774,286.7965239225794,282.5263345395219,337.86001524578546,283.9159372973974,352.7030499731676
147.0994544850318,186.03572723490677,153.3239105815694,392.1354854222558,162.17365407927065,408.1344787207518,217.65709119526085,439.38004578164123
150.81351401802684,76.80655960197868,256.2319905741131,150.49305147066275,279.1619167911721,321.27979690714443,294.66009870493184,415.02698725738117
75.00065276292295,169.89195869162404,105.7739539847064,235.06976809877366,212.82579430416763,261.03424636632883,317.4257505245024,271.1192642587619
286.33122094888364,63.2638049332951,471.0614000610449,120.85804433606224,480.3446286648173,213.0263043953115,492.9777473138958,240.9213816748448
113.0300547002574,155.8583182398819,123.2333250396693,297.59962648047014,210.8150270171221,363.1179616725398,277.91596583607793,420.47131441486647
98.12494212703935,181.69469233107597,107.18764137015548,192.73401294158882,175.17048397156617,372.4404399977823,211.17026520459757,415.15322344540294
76.87916979540142,255.2248001080027,135.7396717361197,283.4853470340205,429.4694179519798,306.50000581901975,435.3641037535384,400.21232927525426
191.84890797490738,312.40638749641806,415.5961131633898,405.96268632710627,491.0641012363609,416.6778852389021,506.7746533832963,458.5383336571686
266.6838776973779,184.36303699153706,281.28425871287465,210.0399384847205,282.0992974211335,216.4156173567179,352.8620642098241,303.6700542877583
134.31843575169978,182.22421900780606,170.60417684651105,257.816946350889,239.6121867002157,284.31982521308987,291.1181843943383,288.1388282210829
122.83781703434278,106.53339564249873,152.25729433619355,240.9627858169189,261.9207999305805,340.0118651521241,285.1363773087916,392.13153369653423
306.6059961331038,179.15803324522165,340.20757128611245,179.95716861570156,353.77510037267484,257.58394580294436,390.23857981202127,336.7713465542944
261.16289101524984,131.8442255674255,321.48620606932604,132.92096405172592,485.5178393215071,264.5134290327123,495.6293490630469,286.2212971718234
133.6221027389745,351.7878889764704,372.7390667686952,362.71110398271264,393.53961704426484,363.77991520160475,458.922840566671,380.65798247957014
68.61043373978694,230.13972721231423,149.45805419861225,300.548741877629,156.62821292357617,341.56556793240094,175.5844453261227,524.4718215540022
224.32974311818992,196.8156421976516,273.21515912744894,242.68041446622587,314.3766992667572,362.05497231911005,363.7441931865792,366.8161324366789
109.0414775597132,233.1521595536781,263.50680203475963,277.3766260881658,369.3152324080871,326.0844200251441,409.36476893341603,330.49344250451253
74.53463427171086,135.68173464672097,384.1875680564062,184.5301101884841,406.77530053468683,399.6597012537373,457.3893448026158,439.75232476114536
109.70236754378692,182.80504574516738,112.82965321093556,269.4632603127161,161.5394276427118,382.6313221770018,162.09809995404092,387.9593061292905
36.55731744741197,189.63578318356838,345.6880221537346,220.92386416644024,356.8731935536964,301.35519402190795,501.1396338852965,350.52088256405796
188.57057016988117,411.505734122466,210.63022703110911,485.6095244580901,249.78886355592286,496.50883672730254,262.5081531754722,499.9607456392816
148.09706230441031,110.69385506089553,148.27963975186066,218.12394597035103,153.4168528521987,225.5542225652482,230.87814711042031,378.66418068219804
123.30426932033893,193.11298681600906,124.14843563084337,237.965256501343,167.7387423784622,331.4604429647863,174.215800803451,337.7998822511528
75.20612037274223,171.5145926605306,114.73481437210884,185.696455107485,119.54735087204716,223.8518583694504,206.2926505353945,224.9215062874464
146.131728326322,119.86039668951665,159.34483650960127,126.64131425444519,298.8765008530352,170.09409797102384,527.7529405098475,274.70986489191233
287.1446338621516,55.77893355213321,409.31326275875557,66.10602123631907,450.10400983899564,89.33936065208712,479.9889456008891,182.84812432435214
69.26142537573098,45.753824074563305,100.13057824833066,126.01498075826711,134.4122132805635,200.91264428134912,219.50446492823292,205.59131192405422
75.77795138084541,214.99399523428343,98.44435166198535,236.67867789694412,141.9922002624525,264.0143472529931,166.17354877920155,325.7572786455949
39.72356005193849,136.6794834057984,300.8217252832713,193.14067266440176,401.9033059529779,195.17160490697128,405.54811120359403,196.6585780025837
87.4704966225263,76.80655960197868,235.80026772823297,94.40894678389965,261.1547909902385,244.47854910560946,270.9617451840631,390.50923347790234
133.6221027389745,175.40591118612795,360.17053383138597,194.32351687495503,500.16815643534943,223.09923542358572,505.5026021609299,229.51680193965908
71.15070184837757,54.77296647798884,108.53461361524475,405.5417349420883,197.02149459907852,464.06563018019625,219.02226177107227,467.64372187147796
45.37147686158592,104.15561262941911,219.2845119283821,228.64216430000184,276.7543223671574,296.71081116613743,326.85150295137595,355.71334039642034
191.20687237423508,14.656629697052697,296.9099847366974,131.84168639512896,369.8195343032675,221.13073230473054,427.0651726516338,224.00841888132825
233.80862373242658,117.28100737115017,304.4674982948512,411.36331474255826,319.5791614000901,445.7137862531628,320.10809224385525,468.17975780877237
213.73312692648105,122.89002329627384,220.2467428565523,141.94694270523524,299.81922553310517,342.8014394542198,311.4430250745852,422.3847193489372
249.6988632880367,42.46458702965188,253.89584810935187,117.04006868870403,308.1076103466938,162.85577753499734,352.7144782222392,175.80579494985287
76.56630357300936,26.0427938683491,246.87900878230718,87.88818065173297,285.60684187530967,337.1050473541027,338.3342322160769,359.6586908461964
243.80129636219323,80.37621261071335,296.71172206673197,209.70657312290388,360.34626067537386,291.9479440930011,378.6666783636011,466.47608048370245
40.290072387468825,114.83245093693925,246.64802625976014,314.90564005953786,306.8017803877297,321.57514563338236,324.72560461219626,400.30774188665754
114.8527259565152,84.35752383170183,128.00663477637016,191.19540651792556,152.59981065403886,211.00222599916756,189.20246997637844,250.31337931773894
64.01354034504882,127.55073873719202,78.73531130100521,178.7541522325442,123.19582632380022,259.9022507917761,164.8595004989653,296.96935630376623
195.04668662507072,184.7869477829662,274.9167943148037,255.54380812065114,307.30721255327103,289.80171094757804,411.34650293882237,371.6549843175714
373.5403443174379,259.0241409679119,485.89038003045385,330.97529613119997,655.7646843596095,384.06678331432073,793.7914133797487,418.6846984611885
222.20892751208106,41.11503478402121,232.78246817926532,99.76549584748922,238.5886045377912,131.68492785036824,253.73427907454138,256.51777145324405
123.73803212221355,194.16986276643266,128.71049933151374,280.237128519609,162.62351369927228,287.3020601466223,234.5944356237203,351.00359844370917
164.00418245593252,333.28962102137876,167.13630591595276,335.9499768325385,489.99082504686993,338.7202798341474,555.010203230411,368.1482285018518
60.67708530091999,108.79255829537792,80.90325772754734,414.2563781229274,82.24745943696857,496.94478148742735,169.2640870419256,510.95277184365386
201.65564196827984,81.64958501187078,309.41915602023585,207.25183730624397,327.2091041642972,268.2185920037397,375.04328062222146,286.9161488455095
71.26387208400881,112.51297490596775,211.16407455448075,170.12208431979454,340.71228923995596,230.10258835954468,347.6444958586817,316.2603016257596
229.04336107600787,120.31493218016412,439.1598264619202,180.08774335895862,545.3829108980905,236.89460243151512,565.7238855086306,258.3087212330438
462.6499611985644,172.71603308119302,470.3578590601989,179.52466159802026,521.1348716901158,218.15703123704952,557.3520660896337,256.2326089027729
225.9853325722851,167.6692294801176,247.70460935920562,361.3575097350847,276.7848144969854,391.083245452749,398.776504678711,426.9370413057114
37.171119386396896,180.7797336630592,168.6297965922863,217.36919123543174,172.8904692965049,246.25169016952955,240.07779874729147,246.2551359244795
134.59764364409014,283.3965622630494,246.5560884315457,351.0752218080584,279.9282074476821,517.596650008822,311.8617006323606,629.0132963142275
135.4304844707589,232.21442980688903,145.4489091874483,243.48334325385036,200.21590716853214,244.58303709185344,308.61069807547614,268.3375375418773
119.30313333204695,264.9216558209575,148.27963975186066,265.85560156534586,170.56537288504472,265.93695386751557,212.43539835987565,304.77623471448806
170.75049086095174,161.6701706731468,223.20467071211885,191.1092074168558,228.37204076137297,350.73539858877047,310.2522555905851,384.1782247719976
256.1087399078797,69.10120264516303,300.7528412230475,155.73142567464592,301.45034473296727,182.58931260250333,335.3074732738839,200.50747421708445
35.748913670879325,232.82766253567317,149.8726924399708,276.8799284395868,157.52947784910063,387.62711062820716,337.43183325182287,408.29553529567914
140.1796807417364,90.41344467703404,172.33122548794924,105.97124960702928,355.89861319176214,258.3052893191362,369.38267981929283,285.03927418894006
52.30592717159499,53.14216909481578,75.00706046658773,204.1667105709186,143.05479927007858,248.91404267085085,250.36756141186035,284.5717664276211
215.90549907208364,88.36156591405933,219.49644961706488,113.85368305355821,238.1242221836331,151.42177948953415,279.26480643265137,386.3705902211843
42.70373421183078,280.7298619787859,52.30592717159499,289.3014056971916,130.21012436269166,341.7708737452626,279.4988312874103,357.66290953235983
63.71364425242949,156.94761762284185,119.76885456170005,331.1938809839393,233.88967272940016,339.93782991507334,251.91833426203522,382.59684387555643
92.3872753826329,236.8189160288243,96.17851338871883,244.13940071285074,156.0209911608698,255.9161376335569,250.5200479234975,267.8186251998367
122.59640052399641,202.28121900816643,172.84474671339956,257.2501867043152,180.5412524135211,350.08937927872347,185.18184880789047,378.9920136547368
140.1796807417364,140.22681079007452,143.85764539208083,166.457841418588,298.60616805477963,248.04650905729738,418.63359764604616,264.79928165414145
59.22559919676684,55.36541068272742,203.3343805415451,110.55094728783594,206.33298121344632,159.9112090156814,221.42792270972873,364.76617662783883
84.7888335558565,234.44014115738383,185.18184880789047,334.49161336180606,292.22303339079406,387.02519490182846,336.14457494554017,417.3961225580471
192.38727240486125,107.49251780738226,365.93752437019106,181.63795772329777,468.3519186532212,189.1172140974782,562.1476494414584,251.05327973599734
57.45161330873793,255.50413760873585,297.271117688792,357.1009198320319,356.39078479530065,378.00989180805607,367.4523039150191,402.8185070187524
77.37688985922723,228.34503461854922,157.53896789009386,270.7593538927829,256.1260223511861,421.72492873250604,259.1253995213496,441.9083862727516
152.75306934800668,129.79687244998823,497.2483907966828,184.48630671993308,497.8219563857664,271.19179165848146,555.010203230411,278.02269907655926
162.02198015332397,47.58302045026595,309.4417773866984,304.17008324893357,311.4922939673805,381.7593383718768,388.85869192563274,389.2948180654515
191.71254667708072,133.67969623575624,212.59136536451712,280.31020148910454,256.44739434817694,355.5209382909286,307.45519091240254,372.69108480947557
129.09374150697292,131.90928033468438,265.92592661519586,289.1872003282346,308.1985110725409,391.16468663007805,330.4427928255307,394.6966509791832
260.27057592844227,176.12754953825143,307.00634101832986,187.06902094398595,352.0313379327644,315.65998472896905,410.854778179752,380.2475721623487
44.44331507803705,47.117209618943946,171.91693660362634,147.0161319255581,186.62994267439868,194.98779813080904,190.6708239889405,202.8981306044124
59.48205463315364,55.86551239089308,151.28249904800188,139.81516504270013,213.3589662592188,239.19039386216502,283.74976820894966,270.0062104741477
178.9401856755226,21.68751126906598,223.04514092972332,276.89145382832555,237.10113624502367,387.8882557623884,248.9548514985206,390.79648778135555
189.37930564627308,207.28356646062247,208.41045261829134,323.9013073805366,258.57312196574566,325.49734678362466,350.9259458274789,384.41477662707956
356.75611159787854,99.69048138584787,384.46919867390886,178.02913487070617,469.88669433795445,259.12737934907904,484.2744721494835,300.0204966723961
65.06981029296232,302.9915872595758,277.14896711214874,339.1524684748508,434.51931080609273,353.02738537414365,484.9912724472231,377.72475140956095
175.1963583332743,156.6428108771806,306.3490123925935,227.00393131931088,383.35067192996087,235.33015672325334,391.7177070416786,281.43486716167456
142.47275708860735,145.91443872145737,327.9612751833171,249.6706571373902,401.38556292672234,278.13336449960497,425.17279550266625,281.394745666459
47.16855570690369,94.27762035616662,104.36252878952337,310.72839124018395,339.4182020715226,441.89481503016617,365.2170370161117,488.39821717574364
72.94653118012032,50.10526476551556,84.85435201802129,150.6709731893583,91.69975371639325,216.72434630655445,121.98398889898888,231.56636242364195
33.9362619977325,30.076518690029673,162.50544510213152,124.53789800521957,180.07425678242763,220.60083451652022,240.3722933851498,310.64875793525397
25.281835813195332,186.78331573777785,64.68667734704326,283.5285367428311,111.03652066665919,316.09301854890697,236.77610391483216,365.90046392121894
40.63307259348471,236.41892482255716,81.8373769477412,257.63039687648757,106.81960021015958,323.9268868970776,267.76402311673166,329.8814242367396
81.01555631321062,145.78961709617928,124.69439187315959,151.3368482297396,138.86483476829585,293.5003558500334,167.52696401554084,327.4139486916825
122.38942360642658,147.91734765565295,153.04016388591327,239.2111421138477,158.79327557122244,263.84761203672247,193.3562390980629,266.46051405875954
183.92033286266144,167.36458970887637,208.69944569724635,253.0686576098967,217.08243554366618,255.85400525712936,260.14457313607085,258.39628514052333
123.72692517188145,26.649860424171916,167.66151339191796,91.59536322308624,172.51063282154118,308.6349665717894,259.7453890795816,309.0992073907791
247.38444146220206,203.91374651858195,249.6988632880367,227.64507337207525,266.22346097721487,250.03213882141597,289.2071533700414,263.90239887805615
368.2342825162185,110.25071709164072,428.0800812548091,188.96082754325806,468.33711838911086,330.7780619119126,493.1320540761729,406.0477112274893
78.51379953943653,124.93142416518833,117.51280314369866,248.11118227241306,160.9357939708503,271.68716863500003,173.57210318068243,331.801424412213
156.91982761520143,81.84651067225367,213.39563607951905,137.02601187242158,318.2793694640968,141.0212173159765,347.89819389665024,233.9197041149977
76.7619127179738,178.59162523695647,161.0720266915878,186.2268006453872,270.67269379846465,262.6852610804164,272.61771105509035,275.99523454060886
233.2648843811986,109.44795331276194,276.32127423295657,173.66873145748954,294.2042302407819,179.53171137236075,301.98993280677195,270.83549373996857
197.78147284357107,89.070885864008,201.6630921317516,181.58173702579003,410.87283882920286,248.71981461244306,423.64278987981396,370.9498134369783
165.4367069086897,55.997412683759485,192.54312105074598,93.65042133701384,203.57145297810195,178.50703455008247,255.84510044469516,205.9017619003533
77.67118421314369,132.96768120888194,89.45498369211975,151.49781482990906,170.16518976711487,211.49703294406987,200.2569919173781,249.24333908647964
321.34782283557064,308.94655119172546,334.5163552881039,400.6049245883463,369.7233190375005,415.44015209802006,387.47895982394164,433.8271051921347
133.5060610062798,170.7917856056944,164.1619993358678,191.65959629018377,166.5523260222917,224.5920111252731,189.23777837587866,225.41436163364327
94.4925710102078,64.14385262273619,111.53258448795899,90.68731656757282,119.25126904253104,167.00796326188905,128.45576745974054,271.33564521292817
174.62537337905968,137.97699498022064,178.01747925589424,180.4793581478364,189.04391428637035,305.3191785214208,257.28229968591415,366.0185465903774
73.85343392628232,270.15002312952186,119.54345517610852,285.4218142205661,192.59804384411484,333.0834904733691,214.11297981516012,361.4692855680465
291.04699416476126,127.89886069219222,342.2415368288654,174.21797710045206,357.74361499449054,318.2739315043757,363.0362740968067,335.0223599725884
152.56513619326847,52.88432550542134,167.78464953369323,174.5042851959424,194.97099198224018,192.9770908341724,198.6266965850934,270.1921331542175
40.953210096116656,256.0007736110816,246.93387699615513,435.71514734383004,334.4526685893325,667.0934741995536,381.9606046217597,690.5402227452994
201.19951658641315,185.92863236776776,204.4887064559486,186.01491789591293,229.18234734252707,256.3593333588865,261.10502482512237,269.504417036899
112.72981838318483,252.39886572846325,295.09695725043963,523.4721263685369,439.6338371118712,534.1533299452848,462.6772967243233,547.7542610635612
220.90504519642172,93.60571849648763,278.2588899762758,269.4638914344903,329.5970529259544,318.0218370834217,341.5055938258437,326.8348043582386
56.86899954766486,68.73518624315652,117.8669042896781,197.50526544054875,186.43655177231807,213.9628575081918,247.87599409332955,371.86857031832585
159.66876470349393,188.4043610546498,230.39088382006372,189.84266592229005,233.37152376999893,220.9850696293887,286.2194421613581,292.4645844487624
28.64022026897023,193.52341645230027,82.82725915277081,311.73931393640294,92.23842864816059,312.10209751201234,270.2071255764623,388.0771572806671
115.66245478492658,206.0221202692496,204.93838222983908,215.0099167783372,310.0290635486621,295.8727718352236,314.4576897037536,320.1557352535721
60.452752339791665,170.46170411428878,67.15228981488647,194.03681333659011,169.23684814204043,221.07247404774103,174.26822808751663,379.54856094165905
122.83781703434278,80.37621261071335,180.0570372505946,289.2362485789535,196.88097494344797,292.50165932151134,211.9210239681057,411.22125200015864
38.20178152710437,161.00223011987808,66.44656128874841,196.8934521414335,231.21952184070685,268.5697279690418,234.8763701977077,302.4011677109817
110.96678703928899,57.54564482204522,249.81298794133784,190.57627911927585,277.9326645086403,202.90314741761813,304.16356922051784,248.3875133306621
69.57142185645375,312.8770664838563,176.9918121292305,345.1328468334529,393.40795762067376,384.0239810581699,402.6925307965495,418.01195190891093
135.88321650762958,49.75360142989505,243.85120330984148,175.10046071007946,257.1702412951315,184.9090092694684,279.69978221251034,229.3731994153385
75.8815527897702,105.49391704471577,80.01056251812449,141.0212173159765,123.59074286755515,152.49607561478228,176.6882503559877,232.70732272914876
27.881022739800283,121.11653794050355,72.1457182867637,273.89670758126795,235.30380445629314,341.25266082503924,246.3554578693357,392.5160690852037
239.9284292420891,151.74092813861557,289.242766346547,194.3802876077903,295.83003901366067,209.0566680408706,366.5586826427033,270.4659880219005
104.65123018764581,319.1287124316043,156.10364996155948,326.0396053690042,181.40205013571696,382.7814897642583,193.90092218231376,385.0338797014508
56.11735710183537,85.33382501396143,100.75026407376423,264.9398286221832,201.4630058400196,292.31941336798843,204.8634980115273,302.48631439763517
128.5247240522149,189.3230876358383,248.66689921817724,215.785801945346,266.9201507782889,243.69420572334096,277.06905203386503,298.6900067561906
65.37930046704457,107.3887365838905,145.383790363535,283.62510449419517,148.30238179617808,344.9229000115887,154.29257410413553,392.7000524040454
343.13337679456197,259.1769383932967,453.09175233346076,270.3774569361028,500.60378275540774,350.2633564259781,678.6907124649597,373.09481888823234
55.292271144627264,21.939234969896713,149.39041953457127,214.2730580209161,152.8961534352065,248.39640872726514,185.399959499171,286.86843616127356
55.559666866742134,58.857451035759226,157.3868715952602,189.9239674306574,213.09285529433728,369.86569114358645,301.6568800725014,383.0038825138796
119.76171668500129,305.91852277115197,294.4112691091352,347.0988474664893,325.8150785427418,392.11769497433596,347.1021937399319,420.8504763059575
161.98870492259508,41.669615121594305,186.8499852417032,164.03719603517362,206.80063446147517,257.62121601046385,243.392057856215,304.9997992750048
40.56371534080239,179.15535320708065,97.12865757428094,389.62128039623417,141.39763462840514,429.2971433117999,158.36938819488728,493.6195042562832
275.26640895494825,163.97282023453707,290.86222473666066,279.03654170160684,321.40350436835627,319.4395609342683,331.72975230469706,342.4599140591541
72.58669926829486,176.8786811078644,99.86719673906602,199.9358777604694,116.33423170163829,204.8644053263971,159.49851761474767,206.89365380589433
42.36728891345092,231.4217368176075,91.69975371639325,361.3803622642115,162.06157192313205,375.1341799811229,178.59484584200578,481.8756124963031
115.04189124331367,160.25816334470764,189.1575378633979,285.181753075789,256.2319905741131,324.4251008446892,307.0210791724347,397.85807497507886
85.85087497265884,37.705774895362,89.43114297058189,255.34535152866,125.9785457328151,259.7850687579709,126.61069889839533,312.961732606311
67.61283496789034,137.72781205873875,121.29246802715635,267.76308939941345,240.51785053737024,359.69615376485666,263.99946613925607,364.87392322467565
80.56327589525468,48.368981211348284,122.09030008967352,105.31800968915852,200.54902242324297,233.34985098932907,383.3401191947728,268.7911622908153
53.08267382916883,81.92818937281267,229.11939832197373,150.52484149322584,314.4100267217338,167.23169849217257,325.8049770884845,190.0616844176134
180.5412524135211,134.66582718563436,202.85114802420264,201.12622127912135,207.69752423387354,316.04814193663634,292.22303339079406,323.9277196220428
35.273040033490695,46.3893114684473,98.74431864442528,217.80476773296675,112.04822522212177,307.8486894312845,166.17354877920155,308.2984817300313
94.32886311893927,211.14077735360647,135.4304844707589,294.54824606516553,226.64561483659128,295.25960426207945,241.03197797327076,369.8966937076432
70.62111585944136,277.7248754088544,116.34206726695164,324.05649688083264,163.9510869895051,369.7568471561277,211.19711744770794,408.3241819905419
299.9474377718517,59.49197257626798,311.99454658000104,85.30283023871422,399.3914932961516,128.5258183988574,431.1810138781854,132.8902433123195
58.453941438093366,201.12622127912135,217.3714201045928,208.24925921223826,233.37747469034315,236.82791104033703,276.17830145024385,238.29268337954448
197.76533086344764,131.3882038603856,316.46710373278785,172.66105224144422,358.32295329484765,219.44655223503534,374.39391688133003,221.21205819256326
39.70379224615697,206.19344288066486,137.58451831733973,287.53851735951974,214.0942022228423,314.35670838759006,228.72858747621356,402.00458381798364
47.049658225970376,110.446127021034,203.44028312352233,142.75211076998642,301.4475625584753,145.311919872469,316.96863562242186,189.24882681419155
169.9903627247673,27.40536139804201,209.67353098166643,133.0425956914581,327.936759878385,179.078296471152,346.69623577421487,194.32365550027308
167.43849373704265,312.6109893144674,223.0952678036972,335.5865839730842,346.2528172708859,350.3442147034122,359.8891352701781,455.5578887509226
238.02967914791634,50.34490176012901,253.6778379541888,129.59391019878248,316.65838364334877,353.9334398942953,338.90421935560767,401.071247807602
203.3606482077183,28.984663309101638,286.75497183641914,284.31982521308987,350.68864531285476,285.29643359269573,453.5675832409,287.831606093528
174.93954354463685,277.37207049584543,254.46621461291707,339.93782991507334,292.4893306878436,398.9777136349299,421.4870546517162,399.68092841460316
408.47867534468776,72.07886450517124,482.15148770122147,132.1256062821492,635.2509038181303,213.25464593259008,717.2491486243808,294.3238210327636
72.43255001188142,373.54940280054194,143.50417462388808,421.43586545842754,150.84759049992272,460.22914791343624,215.1042728326095,499.74577090461065
287.8168785583745,128.62487624280033,303.97127734421395,138.33902582308426,360.821427513304,185.5062931112207,391.6856177459868,206.3688617486568
41.681347334530564,25.873616348472094,146.53154786491626,203.91374651858195,152.03695431593124,300.3424575538703,185.20264177721106,368.6352553164072
110.68288969387763,57.8418893972769,235.25319972469742,179.05690593627438,398.77731110549394,433.940319892715,414.2483411418459,462.2263568907869
111.03652066665919,189.9970725475401,118.94656214080808,226.2516016364645,143.672604995907,226.97395734640529,145.39877491916303,273.6651022529613
98.66753187050611,123.92177355508609,103.64596806978402,273.1652938972677,218.63703789690538,319.621951838153,219.82639817806856,341.3863896220954
88.29307801868,240.995371904915,203.88145085148068,315.08178306968466,223.8167802618098,353.1834311100876,249.9134932108351,440.98168379706027
249.65430925826647,76.82754817959133,274.7006483033321,251.47656568755738,431.1810138781854,319.02239426970505,442.2593289523632,396.36748266203523
74.92869473978396,204.74901607343975,245.62669682049216,215.01685264678295,249.15906689295753,281.15883737549734,249.2553353635828,300.33249240445656
88.41553546063757,148.740942601419,110.86588540014908,181.08147593973356,212.81297337762146,253.60843607383345,234.48457684613405,317.9229287286206
265.38247072254694,101.46434114890711,342.88905563562605,175.79356756274333,351.6532204720817,261.76894651923504,419.67138243036317,273.6987886812528
272.4317465704653,104.44771340681132,519.6060923808881,199.7697108957405,642.8396969140186,202.25401226414525,712.397942401287,258.01488088826505
128.84538636603656,114.5799089893869,174.56811046716504,224.14924811931095,288.47111196068687,347.4045490190235,351.98302381055197,418.84977550390596
28.050400324329882,268.0409292284389,154.76509349063832,282.8474869664878,174.3167789318097,336.0710598279147,437.1635182996236,371.43756753638564
183.69722448587882,111.34335666886315,232.64408598207328,209.16812932337817,284.5874273930111,279.42789136222314,356.39996032140743,288.56026019774947
87.06921986593969,37.62779741957271,235.6856842387843,90.44733665122035,286.1706447762399,172.56529726848038,297.6921747085796,205.1102180635107
115.36539836437585,181.0980747044369,149.8726924399708,434.252346318927,285.9534857799704,443.04832846211923,299.18979863682836,462.508691442292
50.8022198428101,229.99561991120257,194.09114319911563,255.01923866327726,268.65757553562474,257.250772737408,293.90436350270494,346.1844513490683
300.1595127694787,205.72370362067315,304.1209935983201,236.82886664702914,328.16521791423816,278.8469572009541,335.461122600982,329.31917221307106
59.22559919676684,256.52565526540604,165.04087399076363,320.1148703819041,188.2710538057711,437.87740448129415,254.3081808852862,440.7157114558489
146.18869179514428,68.24278531611212,163.3536031622862,138.25227993726858,226.66637582116758,160.9176945312401,256.05441125578466,245.32150777729555
182.14051384982838,160.70546006327615,193.87394464015142,195.60183925451864,231.63507676257467,207.9974265040067,316.6389059650778,235.59371545354827
81.85716070453192,160.03606096928226,179.35724617929478,180.778862469972,191.38833036808444,182.61095264298382,223.99043877390784,353.12162338875294
288.3547372462609,145.62236137117486,290.0835791052338,220.34927043101428,333.35881460765404,229.30791845122204,341.45443745417276,273.9548892691774
359.33920850180823,138.18161953597547,413.40958243482595,207.45552025132787,576.6714015299988,337.81502191019854,579.2702009353872,384.87862757112526
144.68538835921314,166.21091765331647,250.64846626603492,184.25527034959757,280.08177697864005,372.27805595615143,354.8951304380087,398.00832389233767
181.47055033744843,197.9441747413768,323.31639187625103,200.92024239173304,356.10879412817314,339.88766284756673,386.22656137580344,380.22324012374656
115.556391105239,200.3121973466505,136.44352195995313,316.4065088618668,272.59431311996275,346.1490189820352,293.772369345619,387.2388403111908
135.6054399622655,164.42552490168288,151.28249904800188,166.96137746262846,300.56803136789483,233.1521595536781,337.0155546630275,244.29070366381345
290.70612904821485,132.13670450326913,319.74178256360483,139.14573018521577,328.8731828353422,202.90788555220155,348.13928663248015,241.8613761503863
310.86794668672593,110.05822941470048,341.3067693142506,173.30914298701487,418.8989508788999,203.87089274265549,419.2807808711579,223.61155005972105
227.55037027942993,302.3017513915137,355.0437131121798,342.4599140591541,356.80961118830567,358.95230064108665,427.04226087273815,378.66418068219804
270.6243292702961,149.36043699413696,275.72193891644326,169.87051774145215,328.7574643803521,213.54476824318874,366.47772485743803,260.5793620828828
176.43196813636035,68.77827780877513,274.9521641975114,89.76608153087487,417.223893183203,155.16482776521198,424.7730651806374,159.31854617529336
355.7642430485411,93.45692277326287,381.07299745426803,150.7172318538472,381.5266811644542,164.79465527159707,426.5449509919685,175.59320341811733
112.89435186021093,112.9409251681811,189.61774334261463,266.4183823720563,262.4745062139771,309.85494749414414,264.3288852459407,314.88421086703994
54.31644810449189,169.4717257879336,81.87862433504144,212.9314249053394,97.51830512665093,242.42396984806166,113.72171000445461,331.41515960109336
70.10756525519716,307.41216456907597,316.81997754271276,332.2727689465617,323.21418100446914,337.49971238235867,416.5487610073279,462.29910278577194
52.406476262377346,153.77166018807824,116.70162929992497,166.45241159650192,155.86411552603158,178.49701616429545,177.2035102503319,211.14883145472825
134.9283174029577,197.48873027029953,177.8584146995782,230.44512207776572,184.60712243875204,232.27069903468563,195.91524381363047,342.3024257776875
84.47897079128602,137.42395434441246,142.52410044319024,329.2839136367523,227.93209495826432,368.6953947440544,376.1209781169864,377.0056550063249
59.39239147014436,225.76576862126532,86.39222328788875,251.40852603745265,243.4145090321448,263.41202218439264,430.7708312462784,273.1652938972677
88.30373589689582,155.61513212953525,125.13508689236886,211.15013465409427,207.34717479155236,360.0440312476722,232.10397999023743,363.92243968582466
125.49296375589996,171.90656446899922,133.87022992111395,213.14720903037443,162.53769980171134,228.55315014763568,188.55708152883312,304.90089510311816
253.62106308021242,105.80488786590179,285.3602360627782,194.30103234994598,324.96160669803345,340.77903428912555,332.2194048220971,425.428117957554
109.79912626369257,158.25674456512996,154.0203574274498,203.58576053101316,254.56762646563527,250.58815085078405,352.4562663350282,260.51478261040336
105.5061406171918,94.07616298543338,191.38927743765268,105.67397581793017,219.41763978755637,133.9640194744103,445.08689335956353,136.27225135735824
285.5599229322764,110.5316255546362,352.8907025906792,201.56433738643665,358.5567876945651,243.4439371928465,380.4390446336831,283.26850271121805
141.6392069794581,110.17070633329509,352.2537737877915,296.83746635752817,526.735283798561,336.45160636644715,565.754092637775,336.5759487454719
74.02634012645674,36.27908611195313,206.6154121374723,345.476211338825,215.46879848659282,347.5199310411229,219.1090082223148,377.82977085378513
61.77063425547952,182.93006759047566,364.4658956995525,221.6101524450219,386.76708731483666,276.0205476281975,414.09071840803654,441.9083862727516
140.02653847147135,159.4394548920091,246.89319584783217,169.80524710760565,259.30430155329867,396.0964739300682,300.8858412948328,428.5906667206366
47.11952877723901,84.7941425508272,223.74537426448262,190.96060611332882,224.1318813406506,211.07834077099554,225.10409601030457,380.9511423886154
108.70180012108793,137.8380587207701,112.17198437717754,167.75948053989262,172.28253256790526,217.90563200779656,201.39573895478955,359.9646978515707
205.48336591599286,110.86639544573997,212.42678053320245,168.30944764714647,231.65589099281695,263.10277041223225,266.5371641974456,316.4936237189441
314.9859119346142,146.98868492393117,389.0031655152017,351.81224443714467,465.4812760032359,372.7039067784717,509.56251721020715,392.76096234982487
228.82180779370785,132.9981137002773,283.5677686747328,135.19675304050935,362.91209330284886,154.98338637721852,364.4758018745392,214.8786595487487
86.75387146755516,233.073017876416,350.1211183882865,238.605741937349,417.21967586529416,293.3609366502876,424.36762122912927,379.72252127181844
328.20405852552636,271.4412386718948,343.89597071637485,276.8267340108688,351.2651071548702,338.3401195141934,428.2942909950951,339.77881364543066
171.01404501154195,308.5927365972098,172.807504314001,334.7064724858033,200.82004851573237,341.28089711523273,280.83868215728324,373.4010490468784
226.84211141441622,49.586106860333885,279.8825795201294,112.65821906401003,309.3364678217731,294.3890143839088,358.8844231757569,309.4889059123591
114.15367751303845,139.5858723292338,150.9140733494651,242.14825288018943,230.7609265584627,254.8553649557685,347.1468225756908,305.61951596700777
85.91297389059872,176.38940416376946,277.2796556716629,238.08552217245108,295.6048125666723,291.2190066269935,483.97578596528103,329.32340409559066
260.7328884288289,234.62168139161122,289.7244876863228,291.3838151401591,298.4496617487539,301.0506609131174,315.96433168228253,315.6436335529798
77.21710102000715,96.85455572587905,155.16341168407868,166.63943385526977,314.31437200539216,290.38985756272757,317.33724930307125,379.9415148729921
174.90302505241524,185.00627299223507,272.20140937874623,235.70566011376098,301.3844466934484,296.0403093132014,318.663274636866,340.7369579029644
180.33176306899568,266.14794801382703,203.22418871963708,332.7474678983659,252.03709875154885,407.43101912785124,262.63669558001885,430.1500277310873
174.62537337905968,52.86298367468562,192.93477493189602,153.99342041458186,281.16444718740746,201.5899541981089,285.57829701192037,205.03417636176462
120.23060304180207,194.83532732378168,144.58144481239447,245.33259323920254,195.2916031137112,248.8388604184248,218.60866587220082,298.3968875628522
87.06921986593969,251.20371279541104,156.91332686002667,293.928068184207,286.32437277912584,301.0442912254648,335.411204952269,303.8436220347203
107.98980881000836,84.35752383170183,110.04181739425506,127.6695447207007,352.6642487438611,167.5105249470094,373.04540855374444,274.3909706723681
87.31002825793766,60.11836188437776,148.85429765055082,200.88388010275142,194.38452912633412,207.31153858450455,278.56972396674956,212.42647507015812
309.65262359348486,35.06786672679305,534.8713270360267,283.09488256314927,584.6135671239242,386.2836457669772,597.1222361989444,476.59549848999666
193.17735177667657,225.87722512306178,242.57013733406097,248.65850153121391,357.6210726763518,290.1285918173691,377.5122588938066,342.6902966119594
215.95813179983085,185.27079931501342,265.4428657482683,195.11194326576697,284.5874273930111,204.93566146576697,332.121689369766,213.1217380365782
306.1670618230835,173.24750513648172,406.46447969654326,235.1861493063813,437.0022907528343,242.96006475211024,449.69075245117335,334.9017343087346
111.69722863711264,35.95087745439072,265.94767963689884,45.83269563275248,292.36033935079803,298.6145069062553,356.15563109860534,369.1817784741791
147.86399402326387,170.51854407329597,238.66862139014592,190.39125011535825,333.1285873718267,264.42706674427933,405.4489718559209,294.93105740986783
98.92039164740216,209.62090883450355,135.66618609506187,212.61572810386727,414.09890196809647,236.176879587028,439.2277401664661,297.78023279790546
72.02194730394585,204.05725360027947,193.22787366422918,253.60843607383345,277.01411611476766,370.10793444369585,277.05156678980984,373.7292746970373
44.81160011715569,164.27357571795204,73.26618131317002,200.4437428298421,162.22956952456252,462.90991922490286,247.83302910278846,463.2634946193453
72.48077714169571,78.54085285129352,77.96592305289848,303.57538095532334,163.62521640198617,323.350698957367,208.26470410452143,360.53362177578197
170.6734206781232,43.485572680750984,307.6259068221825,237.48988281999155,393.921794037401,268.6969091581103,394.72949509916646,307.3879165411382
107.54949778039295,120.7702439670732,207.77302664141902,241.86040243331644,208.37311761810332,266.7151193817816,220.35741600709676,418.94920810891216
221.01978597578105,172.7353995199457,308.1703709140955,182.84303109245727,407.83075353182073,198.8548705081901,422.3784500683721,366.8161324366789
98.12494212703935,149.7447991422261,123.31668061523328,169.0692845903494,204.25045669527572,310.4883623728334,209.55690075039135,371.3697541333544
42.505661837729335,137.42115846119125,155.86781571548096,145.44395686531956,190.0762338963273,170.17327132457825,221.13522401242807,286.94471605991276
106.8056767535709,18.77370208523739,193.78511349177285,170.85952060462319,277.52371270708204,184.61524437356547,373.1382865979612,193.8175593304782
212.1844438252793,234.10917830629586,226.8623471463816,266.880952968341,261.14526642223257,316.6141760391019,269.97149802315033,347.432866515764
328.150664653998,285.59115412941503,343.06099211728383,315.3874503066588,362.86743625725035,340.58410795684375,386.216055324458,351.41016833528363
154.20668287044566,138.71180710998166,181.09077788225716,140.51832722318662,201.42185211422768,206.83183770856616,277.8840113250416,249.28330146716377
112.72981838318483,160.99554870096603,398.10433993734233,162.75178964229548,516.2661334013333,229.8967261048867,520.5264972421803,231.05993551283333
189.68450312360835,73.79248602025827,195.18341875078588,173.0271346899745,246.78987686897602,249.649478407296,251.61335000395437,266.7653897386723
101.18263383196582,117.3677528841508,115.3239537171024,248.03152925093207,156.0209911608698,255.78314414789574,368.8029826283964,385.75455230595975
97.71806913968096,113.18010243521921,428.0318250189121,165.1749358464089,467.05729247318624,167.23169849217257,470.6218099160493,234.38846897965487
198.17061757304145,108.54827525221707,202.2760134115876,179.8854850517338,237.40273961067567,199.75298271656413,290.298425232004,275.226740647594
210.71278972259577,221.95862284089853,214.04993829142825,280.9954103442448,290.7239081380217,436.2403546148289,312.3729065299136,458.53907109904617
59.9422517604251,17.459431119412752,60.68209147434887,115.75368501787104,159.10696691189844,196.37641324671029,220.23173606532418,231.51702486493286
201.15040325274225,60.64106823991485,202.69838932570724,74.86407076608938,225.49447294768513,122.99266980730121,232.0861313237248,156.82747836487243
19.29842620843845,414.919592952755,146.39468263965196,449.84230308540725,171.09171187330114,453.9529283477982,312.9055642873976,523.9927382603511
74.43223611115094,167.36371186563326,128.561481433251,235.3253377396979,280.7767385378738,327.2137858082183,385.448094429919,394.3540346633543
223.37488585088997,171.75511604200054,235.80026772823297,283.23588434057035,411.74619618010064,330.2277903653935,416.05489745074857,332.34052967310765
141.1908345921473,141.96667583745773,159.3272933539701,190.93936767593152,212.61660166225207,277.6991045832777,329.7051458691115,290.69907598453847
42.56621067564644,149.02259331695174,284.8230969850871,192.70823375452116,308.466529492507,243.06954780626907,331.03283349811113,320.4544520233776
318.5603087820903,68.23664745231179,324.97136634366456,111.44482409313171,330.0230514530888,135.0831680040349,353.23178888657486,368.3506977050904
31.29252871698888,23.461878495387886,183.60053355235925,203.26082530477427,267.23501369768604,277.84916873174893,295.8140855125162,296.8718081761873
331.70969708998655,102.5212449514858,359.26439654432625,194.41531957755777,720.6733091149713,243.6440731125826,764.8819947118942,282.7651753664403
201.07415189645187,85.37620757949162,342.6005958347942,103.54320170708729,366.97832493213343,259.5885095241849,386.9279570324623,364.8786055523592
223.75285579969525,214.63436283331123,259.9084272388667,239.17877925125705,274.72162793601626,289.12609085371184,300.13139614044525,328.92717881157296
41.39328134383921,8.08679491233321,99.74988182109051,70.68021098299923,181.10459110001614,98.3004555853104,185.58202824416895,223.82216710689892
195.46342210585388,181.0980747044369,309.90422032779037,330.6367419546797,333.75625657792347,374.28700758433575,352.5738039375683,389.5356126619551
274.17078473997555,187.09420482894188,318.0219803262809,221.55526626326645,381.3070767074408,371.80561248757294,394.566912295694,385.7319132861529
117.82680058598913,70.29380301692258,312.81374678134904,113.07438728720626,331.94220404899727,202.99616424897954,332.1461956181833,269.73636575188
155.819703912904,170.8269583982542,283.4875245835775,221.5758949510778,284.92455982150705,267.2171269847475,293.90158873290596,271.0842005815114
92.27943847410566,7.932247444718899,101.51980729911266,102.97680758809851,188.20846658461895,153.7605808543323,367.6290992087382,202.25401226414525
47.132423545016046,185.77254841558107,196.20011753898282,206.9530221816254,317.96598863347424,238.84641926899297,366.0994233085582,242.29041566602504
77.67014215947533,142.60559264034183,132.70493550789135,304.9286895432375,170.56410261227785,322.1239006945211,348.6236711931577,342.1641783721694
134.36387040966554,119.67785632837371,256.92966411537924,141.15605548935542,417.46955730991704,197.8491989029166,454.64884096913283,201.2235088147746
124.23365556518075,261.7099314609767,152.4266081296243,389.10259297585014,184.92374932829645,389.6752957315836,243.81846176272785,479.35486071259504
94.89506545886806,243.84958693413606,103.69700888767814,248.41243097849096,274.0593298941041,354.9507900374613,336.18139775477954,377.2977019403175
240.2923423870791,217.0632368769301,249.77926474242147,244.62061915156315,253.10458918322462,320.1148703819041,307.286124287083,350.2430301413115
163.10302210156678,148.35002028067427,168.13057438661613,253.96243485904523,222.72101361088954,266.17449733527496,258.77531020623417,282.45195105869675
166.2516028123762,146.85347117497275,174.87482834220418,146.9882051524671,180.225313022303,147.40412122845225,190.1749223641089,241.21072724083461
180.2121749911392,137.64189299180404,222.3999631578642,141.96667583745773,248.64807284901556,276.3248375513863,272.47120027076176,282.04185060375573
46.53335847057952,221.88065333294944,144.77712094746556,347.4137444609596,170.93101660829478,370.73707802568174,219.72147246420397,374.7440217133882
146.82434196455358,126.68369460987468,165.6237309895656,136.3086630998783,187.90087293409934,224.85291734902475,219.31280995123205,228.67612277558138
256.0987173123803,92.83891572395679,322.2273505808056,100.64400316097684,613.8288778283573,120.18230892048794,712.5639663359157,203.78486132399286
204.34855934649167,85.24609860568796,267.4775348131998,187.30901333659864,357.6210726763518,236.67867789694412,391.38253120660346,245.70277567976382
131.9132647780401,35.32170355466273,193.2525334047435,66.10602123631907,248.52810809275348,92.65142668618273,268.40219833059746,133.24895861054176
107.19987446751334,37.020853817894704,170.04867992562802,110.1564401164046,199.1284156317054,205.90421848984698,233.6726188618275,254.0049959519261
116.11693130684813,166.63175302048643,172.68375564941476,206.42558082953914,186.25628434606574,335.64870133050647,324.1400444315907,388.86556010634905
37.038610186337735,188.58574482912135,65.92340787163332,200.8557456004883,237.36280590682946,221.13073230473054,404.43260217011976,224.2603336458944
53.51244228408796,102.11065460479122,288.57420060448186,118.21088575460294,424.61159611508083,297.6647924168779,468.78429354945854,340.89214708586974
46.65505351490361,56.44851710439168,264.97350400116665,56.708468157022146,316.94451097011984,181.6005410700168,317.65457792121225,193.36847990703376
52.24862211416566,68.03504721221927,81.22114980052389,197.03338760698625,131.63472083815057,253.18752891411555,216.62688333794753,283.24117313057684
199.3046540720367,199.08532856913186,202.32310986035,209.6973305315585,223.46176181452734,303.60176998464163,336.0362874829543,306.8571137640083
63.356625087325185,128.09504896896308,65.58129746322808,142.60111133850367,87.48880020220798,261.84804403330696,190.29519235319046,278.93785983870123
56.4174945689184,185.954518659366,186.9264707232491,232.19722972023465,270.10504826082973,367.2470998965413,278.887381885356,376.9480413304055
88.16751432784713,82.7985123668539,151.14501894039833,153.1323418208534,189.6998563457627,165.8840144474254,263.20548088674235,238.14949382670312
317.96240590351147,286.97000388123405,423.00727784010047,324.8605614154781,448.0951502830074,340.41401650780386,465.230672757905,403.2190538497268
157.43069107925194,115.9656220629154,183.36886276228356,238.8992486488892,310.18287875051806,302.16244864483144,312.48593801102345,373.45690603767974
41.44744256488221,116.32387179563335,86.59567403906344,224.41233598123733,132.96094555943887,262.0623349837726,157.56412474342454,291.2190066269935
66.35518322178592,196.79784124818363,123.62785076382785,276.12262204471796,131.63472083815057,311.03596358923954,143.87211693661993,349.43284950601
189.21715365252118,128.62487624280033,222.01494246838942,231.43473064658454,291.39851829791684,292.39077970674236,363.89221541163937,304.3939896637598
82.99697165606402,252.39886572846325,140.66231270252567,359.60044294128147,263.1771782760569,393.3876448871174,368.4487347769433,458.7104125722213
110.79098340960086,92.75238574414534,201.9331846578452,312.60430537064144,260.69077439569065,406.68445018997716,278.1059327413198,479.32379478783093
114.21300495119645,170.1354110022489,198.98272678404885,294.21342883336564,254.14207288418427,294.99857787609176,346.25705163358515,315.61279082434606
85.15961725939687,107.46031612919043,181.75934079660877,253.7731953587487,258.15810584518914,253.95892505784158,331.8470417553486,355.8027911828801
231.162128153345,57.61536587737874,232.0254410339597,233.6375871605105,270.9695362894442,240.13704497681837,273.1832921841859,241.30949147635982
35.08580469835569,180.2246231588573,116.43020653715091,355.93295804757463,303.9871082792895,460.7964135613561,375.8278412241128,491.97902343619836
34.397074616619044,61.19991004983269,232.32297885367186,328.3056289880462,266.99509896366726,345.03592510134933,267.03332822673445,346.42206934048704
74.66911358262654,100.67176697547957,89.96898521097266,144.02158568490125,117.80328225344334,222.30140622700804,224.17189300857552,234.24445966388186
93.1886730748091,122.4797843538973,109.29210762966557,181.35609201794244,242.843522942914,243.86718614952005,310.51017612110553,339.7110788150077
94.83094797641984,295.8727718352236,128.62452265225724,404.8747236384202,165.7120859630348,407.09542996213116,177.97365997497934,418.8456211922072
126.16478520066065,322.86861411397274,134.9283174029577,344.8369804057462,195.02460662702978,402.40536612493804,214.26390889130326,445.70651543204156
143.85764539208083,73.49570112209211,172.33122548794924,77.15143592884385,250.2481323453839,150.63351983818728,521.5178649196076,173.84799930141284
272.9934455297345,47.90062730955579,304.6553328941137,152.95413201843448,316.97175786458246,343.14803405278764,323.5586456314095,385.9323074014261
244.50307707706978,93.2413107225729,343.33634100856744,277.2341595208414,343.64816991662315,347.3412932543936,391.439009483026,358.9947646794343
198.49736302630177,175.36486901934697,206.22956539661584,269.1629421721738,272.96810271558184,367.6455349029013,277.00069888477145,424.47869280881037
134.49235792459464,83.23291285920229,249.56754818406546,143.61945667751883,270.46782166082056,243.77798663190597,278.1876305174697,264.69859335261134
53.706808291823776,155.1136323265197,104.76062146615038,240.38659573091365,107.37236452311399,417.69903254901925,125.13322718882131,435.65686551598657
189.93228652857724,178.2966215959098,292.54946678299757,187.19296994023557,389.0972499755823,321.65048708243967,404.6500547561995,346.2494711508039
43.336895349789856,53.35971815627595,63.517459697307785,180.1405347322082,94.43808122516126,230.6896416687083,160.9054588027286,261.44338106038583
119.81970192049124,165.00967824855096,181.1689196401581,181.8081654908799,267.6227612236535,241.66839798950224,287.7227456307755,342.872656698958
90.05248740551045,138.09346218731102,210.63022703110911,298.20764487377454,318.74761690058716,333.23529583861784,323.9954770472637,371.51268604474126
114.66548112982919,95.77857169795794,137.1493598103334,131.7291572327638,198.18814956923188,219.64115415519842,328.1865951240977,267.8501075336976
256.6187750288596,201.57415504611595,283.6558297459533,282.8943898105154,356.7911952199737,338.8064333868035,375.5538409030484,360.9303637696804
51.95615315867865,89.74937126123363,339.34820959371825,120.16043537907599,366.78341304048797,156.19365511506462,437.0022907528343,164.02974040140668
208.45362781763956,50.34490176012901,308.3547343997544,163.7854423215647,358.79032454206015,320.8939234908722,395.0593978444324,397.5831071427551
144.40962894521775,22.251002526749453,288.19165841656525,142.260679562711,364.38809764629747,165.58611079489506,373.32362675670174,292.51717435784593
77.5447279928046,226.57526327269113,180.16359307443474,237.54716443889623,335.4488702249237,323.6079517118539,381.9606046217597,345.18805889499527
77.67014215947533,95.86274805448758,170.94490076175822,279.74921216846866,175.8449836494238,297.8965864874819,369.0254121323469,391.85761264385314
67.27009400864641,120.10555899922713,151.22957929645764,188.82701970295292,194.68846899998817,211.62662450205158,298.4496617487539,249.36776654967787
34.67813523903756,110.1886076648799,40.66241011952071,115.66474872405983,72.18234058472127,256.3129094156782,198.19672525879054,324.6825508866069
87.85115953285197,116.20576687005136,234.96046705479705,121.5794417401297,240.68374129470382,150.71364395783897,251.87593895573667,199.65037419227508
94.68400612594058,129.09438803055792,101.78385746538059,277.9778386630675,128.25542420731097,298.8892131090832,143.8341648406556,342.19009326905314
94.66008011051731,138.4312796736682,96.51112744290529,157.90457480218873,178.1461645637454,219.41043256445548,276.48399478085656,278.16427508239127
116.45790261545886,23.667954325460066,402.0176160943107,110.82040049967958,509.7570096428556,237.37160133690008,560.2416167233918,270.23433382270616
131.24734781550586,120.93008111274831,316.40205079801353,138.64290058289518,363.8181900159316,256.02982704607547,487.84411944766015,274.2642301290466
95.56378757504105,26.11768150187784,216.6860025324449,214.23440870059056,262.55912962357786,249.07368949221123,271.74920689044177,264.57525663379545
66.86498404134376,186.65745978296883,137.29017957578523,291.7007699727721,166.1534687023386,335.4703312581168,242.4178755091443,351.2534764534337
147.38422244215016,224.05199816278454,178.5234412810912,272.52801606008956,198.8569272200187,297.01405963949816,250.73703962785368,377.1289505424506
179.69480043948093,90.30926825500987,271.6117612412966,169.86620529162835,285.63219362730536,182.83056238997426,305.47113066202854,189.8898774989413
138.85902610396883,108.50941502181725,257.4567577977348,122.07469527157242,286.36073286906054,325.3344397758041,328.61330723405666,330.49344250451253
201.93552782623814,122.83256927139786,213.63361451123745,179.41400045300102,242.58499302245355,185.9235834140267,256.1291772072485,260.11911243469126
215.95813179983085,88.94995772326544,285.27553768146527,145.93245541656572,297.6921747085796,153.07033309730875,335.411204952269,190.02074897472835
80.0516881352209,102.37435139992814,254.33883105299657,212.34728681453734,304.4032525230527,406.69017851554497,351.80990875689315,409.28397423916283
285.3991678088671,135.52733940134675,287.1446338621516,150.90468779468662,372.0600073629531,277.4151030731874,392.2063080549699,293.74518666825617
32.6716902787973,188.03377640474838,403.17450331496235,210.00032713033258,403.84738378463135,311.2624883047641,438.5307983660124,345.79322175018837
97.33679378390512,441.970654060049,135.47610226148615,467.70890474851547,156.10364996155948,583.3738881570947,169.19572042992243,589.3512357167331
216.57135148959412,101.80721028331199,316.81997754271276,157.51703908603216,369.406421557358,182.2692349410716,385.7988077791728,262.784231532844
185.03023611318616,170.1354110022489,244.62537562508362,349.4264034028642,331.01231115173533,395.63333692683517,387.4479003333022,419.7261505668696
130.25174168164565,241.82151613803492,209.14575306019375,354.8624076711516,237.96007725065178,365.7133598693218,277.72354393389446,369.9592080447763
201.90755094614784,58.17525007770797,212.8118485854911,414.3468336421423,279.2526357370054,423.85772326355766,280.2856793557847,430.50554215630063
115.98281015374796,92.60578100064194,226.4168168578677,98.3004555853104,317.6466349474846,113.985338448692,462.24075575749686,138.61325745131626
93.78111293904502,407.7926923473302,223.48759509730837,423.68174472638356,269.64275873907735,438.1896095068402,280.12223271047714,450.3585460624036
123.1526261231833,71.24756822938765,174.50131082862043,141.05895947749198,269.88408673179333,306.4193005192769,305.7819807952546,312.961732606311
281.2881486300118,278.5204331266307,317.89622512186855,306.201680858954,381.6411523880543,391.186327683421,384.0231503509836,399.6704565086829
128.59194018441318,60.11836188437776,155.1861014593648,149.34374145568592,364.1265306297968,153.53018055996037,387.44387768765125,177.19139397598724
104.86979428650584,179.45346152306772,127.40973613055054,217.44040397496505,188.20846658461895,223.82216710689892,366.7313265430674,229.60005496706432
82.82911078459462,138.18161953597547,199.38703828322826,206.9135748423154,200.2929527012671,210.9958883439242,280.9029074336165,344.70784072500555
229.57026861112172,230.03094781901106,277.97626744580435,251.9066375071981,305.8484414479413,285.86311457266265,345.91678195346725,286.12395605647987
99.16872612735311,194.22193703677175,140.49403553757037,326.1983224651498,198.381657418732,403.9304492673683,292.4581749068755,409.4814092806161
211.6072235334765,112.72089552795912,319.99310555340156,122.42385956241775,336.1945613862139,271.1192642587619,400.89990062375875,363.758594057591
67.27009400864641,57.42434195510262,95.12685296523856,128.3479731168919,129.4939640327376,227.8202341266892,271.76015025099554,284.54248402658993
128.59194018441318,104.70475555183374,259.50834716283896,320.01780436125733,330.49251902867553,331.7660862124744,425.1469973150112,402.10982699198337
135.88321650762958,110.05822941470048,203.65921420621666,135.94762278415442,225.31602177812235,150.71364395783897,228.49159184515167,225.06675165380042
183.6517561917952,379.72118349025425,206.0874426774253,384.54941174813285,242.77260191170433,425.603477139206,243.09634145355759,430.44032514234897
45.337740098192135,185.7850600637176,124.14843563084337,221.84784095091482,159.24187954422092,251.07848133115232,166.34208933414504,269.5747319512329
111.05543848640278,82.66563133966372,201.88926767363722,87.87291774618836,304.37865882377963,239.25872916992293,378.71453945992,257.50858570875977
44.58832453337389,50.73821328418774,329.33889384291035,224.10453988980564,373.7115077167458,264.5547945027769,414.2021636869062,381.3723887322996
109.2975570619276,125.59745841028284,239.28998065834583,245.7050079008551,326.99594538948554,276.98437615807933,345.96477519003304,487.3722539681588
42.53682585378613,28.293482243329745,49.00833682181954,193.3053941804446,202.79707276402885,194.59050035589055,209.5009349361979,296.62141699380084
69.7633377202802,176.56835080183475,108.72207347800897,328.73451436537573,138.54468263066542,368.2773102811329,332.4731576657687,435.9884861738438
52.30662120522903,110.87337868792383,104.20732520174076,232.52778158499197,207.81747506412987,262.6684270846236,298.00436187263244,284.9835325579369
98.01569480076381,179.93251445964796,267.8905674085507,274.63930747299156,276.35447801436743,276.931828707139,325.0628330399143,304.367054808166
112.63339432919818,37.88283736437548,275.792780856915,169.17746949012522,323.1749192946385,254.85413717035212,394.72283463991243,347.17655855793885
123.72692517188145,117.19269479685663,236.78616912925793,206.65259574924514,240.0640541914916,281.57653884598824,254.04556233600533,375.3599867391485
334.4405641414626,187.8485339834942,455.4029999379454,193.97430981013724,463.1517484788352,258.3087212330438,498.91183728087833,271.5320301013696
233.55261356450615,97.94064294080405,254.76831208631197,242.97581134974504,291.4551325837145,345.76752320373095,309.91185534343236,348.2842537045207
139.21727402835504,47.98270192598692,169.9903627247673,209.43014821536116,200.14891788162026,250.6790014881563,269.43102022285575,259.4731435741924
180.67238412400837,280.2828564708774,463.67459797114805,281.0130197883396,635.4722536397336,325.645339678796,651.8821815993088,344.49805711639056
265.197998139264,156.94761762284185,347.037694808767,184.3623571633944,414.6185325764649,398.9777136349299,552.0943278708689,457.29933281854295
136.85309014327012,31.950147137816664,267.54666446086895,148.16050638476182,311.33001905336323,176.88152005353157,352.17056460959327,187.72095646194362
197.10816258949032,143.31657705121958,216.41451282373205,206.42558082953914,410.16191410869936,330.0837409643163,419.8406561285985,394.89956530730035
72.01107902376597,266.7341557771767,84.37793062250574,380.7153477868568,104.74806661222783,405.57113899862065,109.50329521736352,515.5708825529266
122.02698394271069,137.35862667953344,148.59626501127948,189.84266592229005,179.5467836982774,263.3326706426651,249.5858204208145,316.0692392647882
308.34015043598293,246.60498147436215,312.87810723445045,271.2933202785423,320.52137462802114,303.7344645739209,355.6636099432438,310.92913368432613
307.5111700619896,147.143240985085,336.7088995260317,348.1510854548096,338.7103881522698,426.7054551183665,443.27801256484076,469.35479999611283
43.51893734865094,174.58465209605012,76.09153249119672,189.94050544827354,98.52546917184145,267.2934337422288,216.65711529140242,307.2217179976408
128.8832556287251,138.29381138935648,139.21727402835504,203.60114206847175,142.26611228033482,304.4878340598774,209.67353098166643,396.9207715584818
348.3036559513528,276.0297867871581,582.3556777091808,340.56680489949036,596.2147260862766,390.5753210387696,615.3127456189598,414.55223294004753
147.98587006226265,17.848513272577847,227.4513558749712,120.87295106551606,246.69201688462616,132.61824175529574,333.0948458897588,155.9632774140367
197.3270664823551,203.9164032548623,218.38225961336715,218.0486711603014,298.34057008284054,235.98924427426763,301.74594476401546,242.76616325037102
111.1478193158204,173.57837273922016,236.17198502916128,197.79401334155443,298.19198045815017,222.3867642435339,359.1558915757024,279.1310753748797
56.22130924706442,25.02883112135832,169.53709865824288,66.85985075167856,201.06449138368046,166.2372467546718,227.79789166079487,288.11307032776955
138.05738476382828,14.36157896555636,226.2668421905233,130.97868223420826,240.10790368623867,262.14828578044944,347.6444958586817,359.4553746781331
102.81230975968379,272.52135305610824,105.99451581676892,281.71290147061694,197.11023958425437,301.11633124106976,213.88102451377452,324.96912384146106
180.4901043886258,283.79253615952166,276.56514437453245,291.32729809613704,293.1607207287753,358.8254248358446,303.54123124024727,399.41971708134025
81.39377155923493,297.50257515551124,200.56069380201794,318.8289532249214,224.89825649296344,349.1118054372768,266.3042279112608,352.86701339131304
81.8976297940955,270.11477980905113,237.40375029854786,396.5051951865688,358.72986123469303,408.9934225839451,389.0119299917257,489.2846676539033
115.45293349338579,109.24811406046673,152.75150317171165,200.04888319628162,215.70994226359582,210.00032713033258,275.46733794830004,320.2229653387076
126.77217256584262,161.95111209550828,166.959166636386,198.09897162022168,223.65362018893723,243.2357279637048,230.451758583245,271.9473385914846
275.4741149335052,66.23280133286384,307.75598134698004,205.2439229510457,405.66111849247886,263.8304721221143,496.6204596898909,315.4542268420626
176.95335750522585,117.3677528841508,179.98538999811214,177.38488887234314,300.70556344948756,285.27246746717583,307.59348566583276,388.9498962263851
138.75603628881098,146.8063979784744,191.7246848456689,198.56014820334315,363.3408207790751,244.62720703861103,401.97595030629464,296.3431898099798
129.9530663675028,55.15383230597228,159.65091415056526,97.2800026611782,203.28788400572714,166.78692387234295,234.78738686317388,173.65862913001607
82.49025937044357,99.69049038813901,321.744272186058,113.99464175639729,344.7490433426683,275.4241110334579,426.5154592596339,292.8261888833386
56.83493080011612,180.39911146498275,210.6162661302331,418.94920810891216,344.65561138704174,456.6440873909912,352.6642487438611,465.42763921823325
126.56769396769401,313.0412155233015,198.03386073726708,425.4865786431393,201.44408638448868,484.4834885337262,259.5439894722788,486.12970784205186
118.97803376458884,76.97129995777122,129.42462973654006,285.89537686015126,151.09396741215033,337.6398438458968,341.52168816298484,350.9576681690149
44.58832453337389,104.31258892365598,350.0007466834323,203.02334550432644,398.4756228972158,297.6201455853667,436.76395180602157,340.99465527926066
318.5349481828611,149.68939675385596,344.5829174020688,179.64803134062498,392.7450706028068,191.00068556308753,472.3885198501227,214.66922078886225
70.84391629011509,92.34099800523435,205.5294399426965,250.58815085078405,228.82483554489747,286.56931307582494,408.56859880251073,341.93723487199884
97.33679378390512,123.18849961124471,200.79531806138615,188.74641022711734,215.55832090522483,194.98346980865574,240.37337783519988,233.1527758019247
288.7160873503503,66.67115777267853,394.1236845238055,121.99964455182179,417.46955730991704,170.41875962520248,423.19251917549684,173.1849570249096
159.79776265567034,448.20443154053436,219.08116429641117,646.7435960438522,273.1043122268313,660.4660756910077,325.20408930728274,721.3413343844494
117.42844684898576,108.91344862225338,145.1078903892352,266.9948164475148,154.73367680857,315.6650108681382,159.24187954422092,391.23820375009757
131.31029338903147,235.81054137678137,154.51490337278852,292.2054495597665,186.01291894567828,384.96002853648287,202.83902179978273,471.67482853884405
77.2582579306048,166.67350438278703,183.15990020357282,232.04370009802062,206.2030064671645,267.66840076344954,234.1898729709796,278.68582969841555
139.29384269939538,97.77970228604075,222.85822423155327,121.94006197180217,261.7249798099639,210.2275584233419,286.27159077562885,259.1443125046209
58.50706946839828,53.05358420864195,89.00743477328112,226.94425802272667,120.81086150219389,254.6363944106452,223.1488431961892,290.1073961487528
158.3277415818388,103.42324207318298,177.37048975609332,107.49375151338411,216.6664412252007,167.43512805644755,267.095668851143,204.65956392739793
107.21454307209216,203.55177175689403,135.7527687879953,234.8544101708937,144.0653403698182,420.9168739720413,238.58594004335725,503.56159206590024
60.87247242321289,133.81407555914404,244.55637548264073,172.6855833868278,311.65763561271126,227.22643650183377,361.85618272033173,272.503142781679
86.09826772255916,125.4809265197264,169.56939280100195,230.25443680674098,259.1141381242565,293.29958560063704,293.8655182648929,301.3991166878819
141.15334670270565,360.0866183907056,256.8999037655278,456.65195838201254,296.07430780834346,462.2615832100618,308.1703709140955,568.3942772528713
66.82200789912875,119.05594730698259,163.10302210156678,320.5377857812103,232.63492997703767,443.64852532342553,245.17345179377355,447.68810488797374
106.06877267374583,82.69379102756162,185.80195938524633,235.59371545354827,205.04327479781142,245.12727747863477,266.6074903462629,314.52302215716657
79.17912868149784,17.848513272577847,85.84340926429083,114.91564665364047,199.45722838313512,116.41353368974903,232.65448858665343,159.90017007840308
105.61756349694615,322.8649335831099,129.6929597841154,423.86646738121766,213.2155588825055,425.07190976946833,285.5599229322764,454.2063710562
57.695518225992835,121.21986121049277,95.27120751161048,273.7383816853272,157.0929432417642,284.32198773493013,170.82132455018336,300.16345968963486
66.47955990054142,170.09409797102384,70.76496003920694,205.50613396274704,178.4183388318535,277.4024132487759,281.30707172789437,280.53247674335506
125.51866293540273,132.8408722455893,201.972298462237,177.0991288751463,225.1577294084242,235.60256665673793,332.36881253260174,242.42178574951222
187.37711361437167,149.85036612263534,208.85709176552092,210.98574867369916,261.94292669844975,226.1339622768524,275.72193891644326,411.20407593212593
249.73278102921523,248.07117493512948,305.0632561086436,408.5420875698994,307.13629787005004,448.64486075579646,366.9827766634329,526.2962615573059
63.92935825242074,248.64791348630092,272.3911137165167,279.08431868405296,279.1879535386155,311.73931393640294,287.4747517037248,360.8053896407626
123.96221361955362,109.24811406046673,143.37259072638332,157.76910112380656,187.0389447978592,188.03377640474838,202.92869486875443,391.9430971005445
106.51283570778243,51.93558342201072,175.19377968632335,61.846452835202115,375.87054728754623,174.07063222218432,411.4194883456259,291.1167844778341
187.22135726389737,55.32718680653373,358.79032454206015,251.18016259660712,387.4580650184883,335.0499185484891,402.5799946251426,397.44230943958047
32.951174260065415,123.68843628013876,72.78771566270869,135.46811043434096,188.45637453248327,199.75298271656413,251.799788411911,240.30057910915883
145.2924245169452,190.61957240481092,345.654267011478,200.44718083608714,356.4827628110653,256.93633461065724,402.0362486279783,347.9405648240223
198.19672525879054,38.88275071459589,230.63322046114703,310.004438747275,231.8789560926793,334.5372270211947,263.33800366456865,380.0720858275497
108.68731111122989,43.274736995325426,171.7109664495124,229.41644341408664,220.69683183779892,393.19626706921616,253.8602981353555,410.08560341215536
200.3327109314404,151.7858545565756,247.7892674214113,196.99562297225734,285.7358295303303,224.14924811931095,304.1216047772255,290.7079268160915
180.99752735992425,282.81361352889724,233.5803935403131,289.0499505675095,270.8521269396328,328.2427536778494,319.1868799875543,374.416290323465
110.35300870951401,141.00855338481543,163.3817163721798,240.995371904915,189.07371451080726,267.9956216269717,424.45585041380497,396.6682218144626
209.3619480378917,63.73171310064151,335.1477184672344,149.3591115484256,352.8596594892155,228.15876750476593,378.32769620402615,367.0846509144315
134.0252799839369,265.30553657540145,159.55060342315932,405.7345349066213,275.55417627805997,414.16304117850603,327.9727346341377,428.0823190190319
336.2514796537945,64.43688645915402,423.84656838826294,103.42324207318298,433.6119085305134,186.90537274182833,444.0227407563141,191.09249218068447
126.88181500659098,233.18980256216742,158.5596940419521,393.8729357290993,324.7044317297723,420.618707780805,342.2606428245572,434.4346943685795
148.3878303121251,111.18851719698688,195.40153555577342,234.65929288113847,202.8095523034447,276.8799284395868,207.15327857858938,326.1899081128554
318.1963146207629,192.3093412647576,392.62661384787737,230.5054520951671,408.89140407967557,349.78956704647385,592.7580233219772,362.7290595697212
194.89358513533418,174.36544667049915,326.16936470013997,310.49435340686705,331.8333034215307,339.972214048194,368.855019459859,392.786177427376
309.23359156641726,63.620122451894964,383.82420788157003,147.30686926133436,417.79518150495693,415.2565149797876,418.63479353142986,419.9110284913438
55.559666866742134,40.488988844181435,107.3791799445462,116.94924596372088,251.59391580169287,143.34372182722782,263.3465559794264,205.45955126771705
46.64791988708888,248.7978353678373,102.28172171163715,428.4831343894544,148.99303419522442,460.44297115380357,281.740513459462,496.51248989329764
114.54342858379557,101.80466411222088,406.2441831077571,181.17568926009778,422.41038318243494,184.76479048135047,442.6792113911032,292.61111127795544
220.57917059727652,248.6172836144951,318.20399069539167,264.54537831634605,328.2824785672952,288.62886581528073,359.0785049890729,345.0999792403604
182.81338723033264,61.251141180348846,293.8240506279254,258.0647335558605,308.5505246025648,308.39678200449424,308.5581452669448,340.4351170936873
207.09834868179377,94.32557493445115,297.2530035150548,195.3011941731971,364.7873018636585,278.6415710664885,380.79382491362895,296.8472433394334
81.86589545746283,159.4394548920091,93.76862707510232,273.3295770307744,120.58488148102371,401.6566871602515,187.8307012021319,422.6565790621866
310.33826783321155,117.39358018751594,391.63449836706445,128.46255783874437,415.68478708067977,149.36043699413696,446.93492990754567,163.73172801940382
161.83664027587977,93.58873377079435,193.09048732282284,201.0618760206214,201.1882011674523,202.99616424897954,215.32499002171278,227.36453861556504
75.11192469729197,175.9784603966761,125.9785457328151,180.7136339209345,130.92186800186838,331.2507816580394,155.0825056950958,392.26560346356183
707.5015236438034,226.9972618267502,987.9154893697912,286.6194997019982,1016.4913723036624,344.54130943597875,1054.3208490466009,361.24164098963763
158.23426347576753,177.2301484076784,190.975973974562,178.62008523503906,272.9162462172489,374.9821560092947,302.56958554911057,405.3181549285012
46.312262818719105,151.38763678416032,68.95877272820594,253.0480748255302,113.04551222011084,276.98437615807933,114.8023578705307,293.92143091508603
45.99874508686672,38.15804307941108,136.54026179090715,165.0657407074923,153.07231735586726,233.5799479351468,153.80433581983655,354.07126706358036
43.579885552136886,106.91716038409585,53.81671878679853,144.96841296875866,187.15906295349026,229.49025766931734,277.18213714446523,233.6375871605105
158.18144318837554,124.59574252567523,397.7514671821752,251.5132936600181,411.49425285400173,346.320028897766,489.48872281382614,372.08611818787267
96.48291783292596,131.49952506659193,98.92913152537606,256.692624904166,204.55632201326156,257.568028721669,206.27836262267056,321.4555519233762
234.22123296131772,123.7654895196775,238.72646361452365,138.69611705416352,311.57388567834147,145.3988883687886,381.5635359033376,239.62117317330475
127.42371572006175,206.11571504218304,213.67317354756622,234.69797610046638,221.27494034848667,332.10667311754145,244.77026093073965,397.9093287309407
260.2361085085681,70.55827395622295,284.9092796997943,113.36256081686768,295.0038907992384,137.01743979345582,423.65607084380673,164.58017970452718
135.5192443432981,155.83618983639627,140.48516996528943,298.65375577337153,359.5113562565351,336.06693862186864,367.27182928967176,411.51554924221256
145.45885191910529,71.39283692859644,194.47182147101603,168.81171735274967,225.6499535926436,195.8954532372124,296.77306049783147,247.98928575732543
49.79689250496655,232.19722972023465,261.95189454222526,375.2258444632695,359.0476107626519,414.4016845773549,387.18720864966923,444.09508217481925
82.79766761417464,269.71131108754093,87.83728745778812,348.2788215293938,94.54547363497929,403.83791171754484,271.94536218020926,419.49758984334466
129.6929597841154,236.88750066220635,135.45543543376075,242.70703860998876,330.09154920567596,264.55803492776784,358.5567876945651,272.39070320470944
77.52111752142225,137.88883236715796,88.99983965433042,232.02062670263066,123.7552098122269,309.690992455833,128.5753413453577,313.6095603116014
186.32419099829207,256.1192795900833,307.94389149722514,286.7965239225794,390.6214283710686,297.4541706160685,425.892177787295,384.41477662707956
162.10419372259213,164.88077322913895,163.80342712722964,192.5455933739262,196.0766346261028,233.14054978018248,198.71946598114567,264.4407914639344
71.15070184837757,356.94110670230106,128.69749587661596,362.5612878523094,131.4135554961421,372.8907683391257,282.6527883814384,395.43386561857653
140.9373554479209,345.26303684195165,181.97840109771514,369.81807064443296,187.26852336913828,376.40393277036117,236.229079578066,387.7670910204638
56.97580963658948,231.4217368176075,62.897650863910584,319.2926679967361,79.36238575556382,337.03344626640023,104.49412109907871,395.1221669599301
219.49644961706488,118.42593825746398,224.8679861816711,132.72603246499148,266.6008018683851,161.21710076298453,294.35915599506563,256.2375265206584
170.8661366664066,203.60114206847175,257.7366680111833,207.75863142599738,276.05906188256193,235.57538618326112,343.66668639441247,254.07342041038612
55.84290361465337,76.78404276671034,135.11685385222833,190.9433894664016,166.34983403834642,271.68716863500003,279.9830231732427,315.2491914273127
205.4137161824249,108.17605029627576,245.9329982895001,323.7603392834089,261.2401622891033,329.64366886741743,266.24402417141283,337.74365935240354
130.08548083182103,86.48912921581368,218.69528101902796,220.40507689660006,263.0033464988709,259.62672799403475,290.65763134535234,325.9906555357423
254.14391449401322,125.98259869680962,350.0444645418602,149.0943624090182,440.02056629853206,154.43839702355746,471.3966048618589,171.25428507570956
249.85865838390623,283.2173063833838,288.73724428030414,340.2878453728235,308.89544445860787,340.8155852626751,324.8537440621822,392.58712460657114
93.70312358941884,233.718852874636,197.90329695555621,236.78627069234875,269.96610556693895,328.8379963313581,302.27047135625355,369.24627880904444
35.367547665427814,45.195032907777225,99.0362041963908,179.0030676274252,226.77273598008995,193.7274324278945,335.3074732738839,268.08767180688415
54.36787544164192,108.29911773278633,231.6122327752689,223.4337577928914,344.05785000032455,253.39695884306727,355.1916145379122,281.8126859471662
163.81020874299415,128.46255783874437,170.75020752256444,152.1532249163312,263.94824554962344,207.40165018670436,279.5308108912496,230.76561805926022
178.8219156053902,26.0427938683491,242.9222726041316,86.6325057991348,275.4414759356818,327.4517922716554,292.0363914026933,342.09495130789327
83.55456145524165,210.2135807756438,146.16796275111867,242.8786749887381,197.30020675820847,276.8131118691411,262.6793935380612,308.94655119172546
128.54943567548824,136.96984074555627,242.58951904363306,331.5717353410298,305.1572185122936,454.96461608406315,361.53575870153173,494.9131802095103
49.70024644147455,114.89737683027724,65.87148903184718,314.3940486025384,97.08417122331723,334.1961475421353,112.80939109894625,349.72390181696454
385.0707657612254,113.90873335814285,391.92601587696873,246.41713608076026,539.9416251867469,304.90089510311816,624.2804790021312,305.50796981219344
219.772261822108,290.5651546921267,239.5920331712709,307.3965485947442,301.2026657310717,399.01250370576315,317.0102565355269,400.251586525958
238.87282908681672,115.43021235986922,259.2086419747277,220.840553841657,331.6184965143467,293.45735500693314,373.0521464471383,299.4036864728559
194.2180986976082,167.10478164795725,264.0658703207703,285.56885757382486,442.8979492346437,313.2891980194921,460.57671604285486,331.3706296941343
49.42807334086936,68.85802095537836,192.67080172089487,132.0066968911832,218.47950529023544,167.84134267625393,342.14669315103595,230.9320506786751
41.38601301814926,121.86056311289755,67.1824087160612,212.01815359667455,87.17000172715085,423.68174472638356,186.29525943118347,491.74514683027263
123.01694972361727,120.7924605759529,132.28417102423793,142.36275621247097,133.7179309529457,328.3202772025447,150.3994698771635,349.8390661184495
127.21226219903461,233.50106512985326,135.67163069432587,300.5322572457855,277.3349054095286,300.82153943598894,289.0015941600804,329.0097656431195
128.28951613453404,161.53174017443908,152.66816889437598,191.04548463195053,190.8138279982196,227.0198410873158,231.00402193276145,253.73956575436296
191.51389442592804,242.64036896678766,320.1196462076954,253.28042518630232,325.6953535234369,288.0370574534009,397.5078706173101,291.8161866424046
119.51515672595235,207.63221496869,224.96610601492188,243.7267129691702,262.50837855697284,366.9696748061922,271.2088297964453,398.02397421571726
146.14064145228943,208.0981772118818,188.45637453248327,216.36100708266665,204.99840321001855,303.05570150084753,214.1616219226071,345.3631777456781
388.58687463670225,55.36541068272742,422.6818418603995,87.32774149103733,611.8215760320106,115.75193178291457,640.9618372872472,370.15630174535045
171.31697763863178,187.980928792722,212.52267518816063,194.77050349948715,283.9480532912947,257.0151003626905,286.5766308649461,314.4385203192388
116.77410127703621,83.89814022362069,226.66637582116758,115.23515122422297,357.6713720843443,183.20921604666017,361.0480327441139,252.7917210129582
156.96635336989527,81.58941951865377,339.3821219383224,98.84753322720887,393.3492741651261,99.96445652904653,447.09249796821547,278.66128462614114
92.60651473282975,368.0195704574742,99.18504668794974,370.863048617946,189.10247580206803,398.49667108056815,298.2059996783232,428.907437121086
248.03161952739197,241.2090091049656,274.7006483033321,310.22910280489197,349.2747876692179,314.26674149306336,499.0191232553784,442.1332986493634
218.6673126921216,93.54764355719344,230.7609265584627,160.6837299495659,242.09936495695572,201.89824092574918,251.96986300510696,269.89796232262563
143.4126311520336,200.89872499747588,256.32179492561545,208.69198992097165,256.593938652238,251.23699513172352,303.9937758305836,259.2154729331748
219.38947743396338,231.28598837720233,283.5139843567509,245.5374868890358,349.6983538489626,337.2542127444999,459.21519628957327,376.85074929819024
80.43178848613115,203.27009270887595,95.21938772008635,236.41892482255716,175.10518620771913,237.06844542041338,181.50701098541776,252.72559612492583
85.663465996742,119.3237153813238,103.87685696199546,159.22753301518517,199.2518141228289,200.89872499747588,302.2139762206039,204.50561262265515
152.22469635702615,93.54274864792168,162.7875706348402,120.16043537907599,173.55843876542795,182.2189091595482,175.6596057700079,208.3549742357432
103.55532636581667,211.82583688828558,143.48748570313006,267.62427721513836,201.90327797901784,390.8692372447963,213.3589662592188,403.89065580250275
247.77241396882872,54.63921052713674,297.1481543882316,87.96449494312441,339.8163620558918,257.5142315732389,348.9583691887324,266.6704455952269
108.53328159559396,335.6952505246191,165.11233029576508,378.45552246430077,208.23842612878406,400.4416045556422,370.0949785945295,408.7486482409926
61.529068482613425,235.8130378723681,88.79782993965308,258.9788877298713,117.26586233615127,262.16678445249875,196.91043806397425,281.9991624714417
115.75955146515936,155.6019947169808,261.7249798099639,267.66225053558856,280.73714226962807,309.7554263581785,386.12236360250296,326.07476149963856
189.93228652857724,89.40238803250976,201.8381241058428,212.67025716392362,237.98960358450435,231.05993551283333,277.3349054095286,332.62665240383683
263.31254445002656,105.95634547508271,316.5916719017738,150.7172318538472,342.88061508730584,205.50613396274704,361.79119118244745,211.25805457735038
161.26346638971114,303.36528106290024,165.73825629462812,335.9452417576337,168.98841339960313,372.96421164992216,257.7694380652337,373.91753144862224
82.8558324696178,71.34298540791013,251.25708124235825,71.36530428137921,369.38267981929283,329.83530645356115,374.83716471291643,419.8156681572011
98.78759838578137,86.33215651196527,132.12514481448906,114.22329728314064,309.4512915349736,225.4585246997932,341.5114198949368,324.7149498771601
108.3280928395767,222.83001603527816,108.864379081948,357.65000985314816,271.8812888972748,436.2376646726252,371.17885555115964,437.0142556174049
44.31033150388679,54.11912325333761,89.32012068530754,76.44633304902788,287.51313917108945,248.92329357182263,297.41869763526665,288.9301056200208
158.14938611906936,252.72559612492583,256.47286469255397,257.63039687648757,320.44956033511477,277.63653551497,344.6669684494722,327.56383442211745
166.59976460024018,235.90133933246878,270.9401268499929,260.4201905019842,382.7564875519711,288.38906842065467,497.31767517515965,326.82684887801736
106.46415760324582,150.11048102886608,124.59936727735587,280.61361855350066,164.39511821543866,291.30210985249414,175.31918270261949,407.55520353264126
166.54500795224706,51.70958084441437,358.14802345248836,111.50568002082134,430.4462733118872,178.36441938939834,475.0305143746941,274.7067677620976
219.30872301409735,376.2605818145054,243.14216589667407,381.52219949251895,382.04616221244123,428.11923007653735,419.436185819227,453.408811800036
133.12572770271646,100.71601018414017,240.3722933851498,210.52399012549938,274.0129558263946,456.37477428876855,315.489595301182,456.6416136300503
652.2065447764498,278.5375159097363,665.659818791217,294.83297723475,803.138134420852,317.4421510767316,914.3384887133544,322.1385902607479
136.76035481583386,312.31817884059876,153.7917277927078,361.90501024658766,203.53209459802196,459.9457532636786,224.07530773480167,515.0823272598841
288.4843536706046,165.0178843189827,324.7998352766412,263.2316238333564,372.95065554801346,304.20126706073796,393.26582164353897,318.2013025490487
166.9463972964347,89.96852643844063,339.1929623099029,156.1334142827533,395.8329788913994,216.2142027045163,544.5411089202304,283.19891913283897
134.12418621707374,110.60094750522069,212.69170093166647,333.65744377369236,251.67866977039355,359.70993775081945,282.9873707840696,441.2480869594191
331.0357225467634,204.5085537134339,348.489168828825,231.36826288974885,461.4804291336578,236.1578491713434,494.6785029378485,257.4368315255549
38.42323054676247,80.72628123396645,255.19373094072503,100.82718404698396,295.36619473908524,284.92601250228614,367.2774925825428,303.82478686278597
120.97387958527314,101.7899153879604,121.29066828876799,168.45139063525409,294.6377684970331,185.90035655941284,324.9339592548132,380.67065358723727
139.9781197334892,64.43688645915402,166.93792025429968,126.89083141946021,287.0534790291616,167.43512805644755,290.9058077636744,236.6141398412957
67.77735141741864,120.09590771845183,190.23372142629663,257.0538369647902,215.79042454596424,266.2187572325371,330.98228488627666,437.69741270582375
233.89937071467756,88.35126496347156,327.32689478893013,150.1626035504602,414.7858460830578,350.63361558544267,571.5815461563134,418.1975865423324
110.61666903085148,106.25357636058466,245.1074852177791,206.01376577286493,313.83264557480567,217.81729577015807,364.04329692160684,244.80526771017944
61.601090798083575,142.30121943839896,134.69119110820017,249.57227812490922,221.82987916112566,258.7982593531454,376.94921498752586,365.8696720604409
119.54735087204716,86.82232719186315,193.99448137245298,212.42452536726128,195.85026952569814,242.32489716749,300.1549551732335,272.03104075799934
114.0880610498743,43.274736995325426,370.25555222986327,257.73399762913283,385.0707657612254,351.1148180317339,419.58953032102784,436.41023894297723
279.17808926515573,201.38360275434067,367.4287248339008,225.08215617390255,376.54974162284026,264.5472068062375,387.0701278673464,275.829190518514
229.03051541165158,163.53731728117216,257.8442165993931,171.87190589335435,287.504074803801,296.485334058478,337.52267661617435,376.07880726257196
247.3780476864244,188.31604300978532,248.70676040731746,196.58726569043165,270.2071255764623,210.72251372165732,333.59515530203356,214.66922078886225
299.32781378259597,60.936347205135036,396.5443630140164,238.998778840188,399.38653982486574,342.689414865371,402.45159914773456,346.93729584554916
378.6727175865058,123.00358425596508,382.6261738450548,142.10400652556268,416.411802554258,152.1197248841162,474.7850651074945,217.69871441881975
269.415632868652,156.04575791055404,277.1308091772176,201.19967436761402,283.3121461029948,208.76367761084148,308.0139234956672,230.98474891788487
54.3822323745333,76.05173527011445,67.08856830635382,99.07568483897467,214.60245713575378,108.27683854739776,327.91144167738577,143.34528177888862
37.2261775298405,136.9590684907016,224.0175050181071,196.64528501568356,283.42439738475014,266.0491382092898,331.5411961033818,269.35182216258954
217.69677013652893,185.35224373064682,231.4072761709048,232.02282990519265,249.66877787582098,306.4670981690105,250.53555027808991,331.92082625203767
142.45388445390267,172.92563291465885,221.42857848144857,287.92985980953966,300.49076103842015,354.0756291141785,363.6871141174944,419.97694087888306
43.51893734865094,125.4809265197264,54.02656172564547,262.64349776544344,79.44615064002693,263.2642282775886,199.95223310076375,283.3554718178364
147.33216528834728,98.74124810492067,193.09048732282284,171.79925377098192,236.14272604639197,251.76488875634377,239.00561353280776,271.3626617104043
120.94843524562329,176.48748565223207,268.82984349537264,219.75248489826663,286.1706447762399,377.9699166675019,286.32437277912584,407.52596116430806
231.19119186923837,144.53877285023802,268.76527525648544,189.22114739211182,276.43509906150194,295.76040818876726,339.55205585617387,315.8403698219072
114.85748517764542,161.21711599123677,347.2044440507792,238.9020281260947,356.55787369263743,311.55691522621197,379.5194122329945,401.6566871602515
139.55789104486877,93.77945581504446,146.00288655332426,134.2180720265619,158.05393713460035,211.41965438866995,170.3247636104626,408.70021520931067
134.59764364409014,34.37902230006788,184.39789873843372,156.05890207547907,270.0286179121237,292.96191361069907,344.18753563665143,293.5003558500334
88.43042332663107,244.2989026965275,192.7456842965728,295.5073238089987,313.41691062683793,330.5537394057595,348.6298140384055,360.92046485961345
78.37108799411712,168.8911214498295,162.58129733044,348.7610082117456,228.65015534501347,424.3953755914332,252.86968654099095,486.4016222232305
278.57526097715214,156.75296103840392,285.7358295303303,256.51777145324405,351.6532204720817,274.8909004366984,372.2832314681134,288.43061219127327
200.08780840935492,157.6478586287033,275.97420987602067,158.05573161531171,322.67470533333494,186.77953484435673,376.36805254528343,195.57475488399174
185.8006031104683,165.59358325421888,188.38533867007732,370.9781951063026,190.30292165454998,385.09288166516427,212.52832105338013,500.3957344970639
156.99297950442082,60.03110083315086,187.52095856806272,236.8189160288243,282.9014465351782,247.47998984586465,296.52216941007134,300.9973659047042
162.5610524499646,105.55091723437457,173.04276062562607,209.8506078080118,180.01885440696032,271.5938353359247,218.897835655669,328.3513059878591
235.81555878499793,132.04586517215415,244.55637548264073,209.16812932337817,290.33301237879715,300.6273307329333,326.3006540087458,328.5457132621682
62.198616137715476,151.71562263263547,87.1576880701191,336.06693862186864,170.86105607399412,344.7338014981076,203.80183375077914,372.6441573455958
136.85134575003775,99.59947631880688,173.48938075766043,151.07523739708697,205.61906543990705,154.98338637721852,219.63826263574168,246.50321158983974
257.1489373699727,264.82499346677497,370.25555222986327,309.9327747212577,410.64490544915,336.1979966089239,416.00588552157336,358.1297474439833
126.56769396769401,279.34108098692155,172.91259369038286,385.0412224106942,199.76529367813373,476.13983084872524,234.1858715337006,499.20138089921056
257.7294709878451,202.12671180612261,332.9177255510913,272.591927483355,418.89203976571383,275.2381795124333,425.71493326345615,358.1223917080917
222.71582060387584,194.4800403138259,257.4643493960609,220.0489726790872,287.5080556846492,323.93977380780865,297.2600140386683,329.362579908416
200.06312513668095,192.43621103488104,305.1386020917011,284.0458476969126,321.47895176076497,302.4011677109817,331.9836295003535,355.51517835858596
156.3881964242653,153.98510265762062,170.56537288504472,198.43454007418435,255.0360091336536,231.70342410755984,274.78349343637205,239.19868662901538
98.2189463607846,61.19991004983269,438.03550243745883,298.87968957117045,483.1271450766716,319.2473758621423,484.358294328495,346.75973989178516
152.14430099096973,160.99554870096603,275.6564589940176,178.99849987854626,396.11782614836255,318.5298874790243,401.2457226203006,391.87888927938616
65.67776121361611,41.43052786696943,203.93162543606942,184.76479048135047,220.59312733674258,208.65681216471737,249.52444902561902,218.5019836457281
133.08365326680715,211.42384961720734,242.24381354358863,217.80476773296675,324.2728723697696,265.7288508340025,377.77449793736554,278.8071876324447
140.457180963212,102.65011059110842,195.14474215919094,159.98028125707202,209.67994453264632,225.84752098595624,222.44480747132104,318.00617321008133
106.41137566354112,147.32054629804207,212.56155292632218,210.5824891353808,316.57656090495,235.44821582407383,337.62414158129485,239.6166970020118
204.87070167007957,83.8713353682867,212.58004868420764,112.79235063855795,219.9306430256788,237.9872205980124,236.37599080578113,265.742481935778
60.279660145945996,184.91395733054233,117.12370810508423,400.6049245883463,174.79963378293056,417.41431168566004,215.02484107987462,446.85011152160007
119.12952002207314,130.14094818311213,239.50478365870038,203.08747924154,264.97350400116665,271.64328461910543,301.25536210677865,327.113770692358
72.04186527006777,162.67344787389354,615.1129926828678,164.8136408525603,628.6531131276212,226.37169367286816,635.2690444096073,351.03367136140537
124.83759417328181,140.44353077502407,131.14496113225712,156.0204701222886,160.3391230704386,221.34290752877712,282.30489780351076,223.69853570336144
121.23323394388781,300.93032540399923,153.0581034732179,316.84337740788965,190.60620581099874,320.4495495895061,207.8617720259073,393.4136277018736
154.27907067790412,308.08532643781035,194.2509768400477,344.9229000115887,235.7224454228303,442.207156567825,249.13105467337218,496.6212639772519
89.49220960014019,106.32520651704488,111.33331530488898,218.85817849231248,377.91392120149095,247.45245420812273,458.64302393274903,257.2627176444744
155.86411552603158,89.33297411895106,183.97832426621932,263.40323755054897,207.66853131032485,291.5353198695052,229.7612189058071,298.6432937590602
53.4084396489949,109.41656392056332,172.14545289481515,224.92862740565803,209.67994453264632,340.24257066672266,210.51962522816018,347.1951892447415
166.99000907809858,103.12808158962699,210.45300366893775,123.99391882375913,254.14207288418427,153.2506026782238,299.9924318669751,222.45711531988863
73.97963973071015,221.88065333294944,149.73863059970495,247.66311808863918,184.87550203831603,309.7554263581785,234.02521409010907,338.90090011603576
138.5958765562942,107.8037146644179,156.92542726524164,179.76416818188574,183.84950362165657,198.43454007418435,342.57441885976385,243.49018424623642
167.43951307096134,85.54949831503707,174.94714571048956,172.71634431282865,246.15053528164825,265.4979195082742,254.1625584712396,341.7646116540271
257.5492920518982,83.6189581936922,324.15320602649376,187.92248093810193,348.4770818446852,323.056526838346,369.78943218736333,384.42597409908706
124.99993047114064,55.43157187420971,132.7864620038623,322.669796071302,235.85081032238588,344.95214974531257,243.75107612711616,396.12692734989355
227.0655968121415,220.94162129900292,311.91361289689513,223.55959135681783,351.5109895084544,257.40716758033415,352.02764923583607,370.82509267298923
504.954869927514,140.0690365786619,526.4375924449693,187.5920939614882,562.8696686114583,276.56158502240186,564.2971048354697,310.94604878437633
267.89367003446824,215.4506634517896,403.7387545531948,240.37221571469328,441.91522482353287,288.4055435965974,467.70073520567513,454.1598633020788
268.3123450378551,98.18112582138545,384.6275259284665,292.463066043871,391.10032017244066,344.2829457308164,428.1907823411193,361.90501024658766
248.08947615977064,177.19139397598724,265.94767963689884,178.96553118117052,333.6319010681421,193.31028536535104,334.64810997374013,207.31153858450455
113.15385909845239,244.99953488986242,191.7246848456689,385.8223538448997,444.88679172227506,391.4999799053174,488.0619421809386,391.73846918682864
99.65087337975659,29.450110205169953,104.65123018764581,149.89395249769575,169.19572042992243,214.07474816890476,215.55832090522483,398.0343419018007
155.1861014593648,120.86710746810829,259.50834716283896,120.87249353259793,326.4231271878067,292.2721491926031,343.7703281910311,315.02838390373205
171.1397347433339,200.56240784167866,187.9957190674618,207.79589926808677,231.61396747373632,214.42900553059408,232.1343848830543,268.75639516894165
222.4468853653629,85.61134286694089,231.6122327752689,203.4888276344447,384.43348106964675,221.6388220715111,457.5478704231664,303.2604908159026
237.53736580698148,97.77970228604075,522.3254168959086,161.52071264485534,531.468252362548,210.45921633958002,535.6255564521116,252.65171091288312
33.0527430237797,249.02102208188288,61.747580889613744,393.4608576751606,72.01107902376597,437.88164048005063,117.719967970441,441.9820047905225
219.53572993483078,116.96237538929476,402.8974111831281,143.34372182722782,407.28142010592336,163.78172753970563,418.5987093676333,196.37165587853383
327.41667699981826,246.57373952272116,367.3811948685905,247.96684559733862,506.62292629529895,272.98241051781014,508.34012097900865,372.6826481499662
156.8526687210447,70.35810501259152,172.08514590435473,106.94557365521513,246.85375393990944,321.36195836741894,324.3458992252127,360.5357823153312
211.03182856300313,155.71800917574288,610.5757104899059,231.33151990850973,681.6593533656069,296.26565220473987,709.1023629420598,297.136319925659
119.15987661348075,106.08525440276262,156.3503599775561,128.3479731168919,271.76537378304437,157.3381171302036,325.10201560910866,242.8315240402291
67.42503306628258,219.36515263057234,149.95832671517576,255.1287490253643,177.2534607963947,300.2006713569499,191.18864124152972,330.72028936872624
270.472520363472,85.24880659744655,298.0464939418235,187.26734908502547,307.5111700619896,240.99256539227483,477.44070691800806,300.54329759186305
138.3493793483089,317.5507383485582,214.08862797772062,344.44914777203655,256.755624763966,434.2075819222261,259.5149557136274,501.6070000591211
137.19672876153697,222.7317101441862,206.2030064671645,289.5793562559781,280.0762141261528,309.7067765845064,287.00644105530336,313.5560578265403
223.26464828102266,286.26555645117,232.34303633215615,289.2693019548809,281.5336084448982,337.86001524578546,295.8757708499635,429.78235151252807
39.21280632208831,23.81743494425039,190.6931181689846,114.82145529803171,200.2929527012671,176.80384611556238,235.10830900660724,187.75343589360776
154.24574399463333,52.13858823419712,204.2338054406095,120.31102281801702,326.34847056575074,246.41561030489677,335.2610430101639,248.85151443034178
39.20360030623671,165.43338228100492,42.8266057987312,166.04930085238874,159.4830130444797,274.8221167435567,192.73021737676808,400.0099268838396
318.3735632591322,150.97273789750807,354.0149463683123,378.50092989667985,403.8383374651287,384.6537529877425,441.68483247462547,400.0438864580004
447.88990478647173,243.84982566011797,617.4269633276574,285.96620498050737,666.6541147294465,357.4009932391635,806.8266058818112,362.76988862512593
69.57503781333341,163.55554643335105,157.47990108953005,188.0334213992799,196.79570611730273,248.85151443034178,207.79118318481918,252.49563409563962
33.87468068884987,105.5882844656894,161.98870492259508,422.16606257281785,200.47082883771802,452.58376754093837,264.3173805773116,458.34963540396126
132.02178248924787,160.4602990035548,146.37230690656622,243.89235953893532,172.3711777488116,297.8918050629377,240.33303956661817,321.3332328225629
176.90511384656764,89.45083282606993,180.97052854570958,230.39151827303536,227.59448706380152,276.65538997977535,300.9710825975161,280.3267832138273
168.04315194215684,137.64189299180404,212.5347415626437,277.6991045832777,236.27709832076283,287.0945365902312,245.55575111166905,291.9648013466955
72.97106086900418,28.031531006404496,224.75265832027276,139.98104166025433,390.1645231603786,320.4559261673669,498.21503490088963,348.37416112699583
111.94787832268847,164.47870713437376,199.03942309066863,344.34140387122915,205.17120139018604,387.60496451371273,260.5996702767046,428.0332941926509
229.50576135831648,90.0532188594392,235.39020751753105,220.30858200303854,335.0899911433832,279.5338345887201,365.29148600837084,423.053456060389
141.6392069794581,54.53764468369837,412.1626234562027,118.20012213408972,435.8116057660256,257.5905711128119,493.29262626133976,303.0916997154596
107.54949778039295,91.45291160241996,181.21271164019637,145.22456325534125,218.4464719547775,205.93871055696968,253.73427907454138,276.6063719424682
37.038610186337735,106.41353070091611,57.44600577586987,167.72049835446546,203.14358454867278,244.62776473767195,441.39486021496765,255.92001112957993
237.4514411407419,200.90120938340291,366.7313265430674,254.16899022561782,367.6290992087382,275.2381795124333,384.28606177233524,301.1160214523414
89.42988781494428,219.3816968540122,213.2155588825055,249.4627652567932,217.62612419825652,264.2780267651904,257.6793426892802,321.26086578551906
67.20315349467363,45.45767951224301,158.74731331598474,193.72847094621628,190.95575948996543,233.6044208283862,202.16084252256314,258.1195176235753
181.2250796617943,209.40173379986814,195.8152926894701,220.7104827869305,311.33001905336323,355.8486570191057,360.915174921016,407.1721826374103
59.18567493079433,67.5855782285538,68.06268340828032,123.18849961124471,97.51830512665093,294.73659797817146,109.02857421108565,310.98599644190193
194.0770303756981,99.35687206052596,392.8470027481427,184.01532757720432,397.3470543349519,395.60586746722356,409.187314338938,440.54479979033096
40.290072387468825,131.3041906494694,225.82349181299003,169.17746949012522,272.1325793233506,202.49152840689345,289.4294718112687,284.96861653853557
84.1241824305847,267.5661125107068,94.02950229081304,297.02562228415775,187.7520409731212,325.81984629007724,216.75312462244193,328.2707658220435
49.65268339898293,134.05141746156795,115.87116605058462,175.10046071007946,153.11314478492324,233.74936259421594,167.0227456634365,310.9592370086412
35.15548459481883,47.58302045026595,391.63449836706445,267.13375107757753,395.9636786785765,336.76181105495266,397.1752718855148,344.09685544290113
105.48604220120903,243.9819470142638,140.30949128349184,247.34366879248935,186.62625340771598,276.6109785519135,238.025519906501,282.9591064396884
71.97599556867694,124.93142416518833,363.8181900159316,174.12500843966518,394.7609194318196,190.9433894664016,416.68840373679967,222.6382176894359
49.65268339898293,180.65282297028207,115.86896057320682,253.98669602920558,117.71327383746844,270.2282869515822,129.36840885159364,335.46494975376567
104.02082591299077,117.60856882971221,346.9040440789542,205.3038358941822,405.44401616317526,217.16663902127286,430.85929572806623,263.45205163937084
117.8873746370644,219.8660538097127,166.34983403834642,347.7611790536096,172.16071937438826,384.88884483491626,187.3265164264824,393.1098943822027
197.43851527262277,95.38055260193076,304.3805547390486,141.01215696032045,386.48985920387753,195.5884219796521,389.38477259376924,202.45234789130953
169.63508256835456,174.09039107164813,171.9515793442537,251.24099269575996,227.40544899087837,275.00038814335295,246.5215481757938,407.50606968350206
105.96705563696396,342.9655659603527,109.21090783691133,386.7925410297572,293.6247084788616,438.7926215233088,309.9057319365804,439.75232476114536
178.19074701438294,179.45346152306772,275.6604578274064,248.8090809784059,364.09568537572613,264.76615658022655,364.2703463891852,299.4340718358467
124.97095245520141,139.20779692726774,173.9964166937517,151.1367727893936,174.63051430369134,184.65944419714987,208.29910179756965,367.31852363107186
54.06153387897055,51.59961527297955,204.1638808467212,102.75903398449768,289.3984255510847,173.07703482737173,327.49851325230077,306.50000581901975
154.0203574274498,39.94664909521468,221.31529898453377,86.06231442275798,259.87931897759097,235.16917167860325,277.18823864516736,354.12873410732647
100.36502474432616,140.7221992568582,125.16906824694857,209.40173379986814,154.4436905556732,229.82650114131957,194.7667101595644,346.7257829345785
152.3233112451885,146.66718421838806,363.7067828053787,278.62221843316894,425.2772127344222,340.99465527926066,437.94681809282326,356.9707756174019
57.94918624160758,142.8056101832928,75.11192469729197,336.0548712974837,180.50628404013145,349.78510600374926,184.0013838098229,351.73367674651706
57.94918624160758,171.91292962102992,130.92186800186838,218.12045570628783,149.84623371618602,287.2280487102348,160.26769863908746,353.5023442420686
152.6582366759799,108.8073923786065,155.2910662675369,118.32113331766806,195.7268593958481,258.80197027128014,358.5139995431657,325.9140829767259
104.02082591299077,298.5132372661268,387.6011630970396,313.25877811276075,497.4609928954291,396.4336853971623,505.836532293132,413.2568722429238
139.68265364839027,157.579453348214,178.68354680343333,165.43338228100492,235.8491057400658,365.180669452109,260.0140347358112,381.361300273745
157.85750647121696,210.49165817504957,284.9092796997943,340.78043848250365,290.7688402421851,395.63333692683517,292.4893306878436,413.29970819036566
366.90633273171517,270.4742038205808,370.0949785945295,410.11138613963476,479.0240095550643,483.7090443253644,490.4770223485539,485.25288469361317
236.71013418216546,99.60732481813601,245.3245015226243,190.36014900911164,363.1796512923198,228.7098178034148,363.7970823457238,335.0599047423852
351.8182001247309,1.358611531858299,378.73622732099983,101.92296257855043,392.8721147395321,303.2265298324578,419.1813945107512,341.178782533897
136.92459804738405,232.2988007313818,218.38072402657986,271.7036575289872,246.5941071090233,319.7134957659118,246.67917016763656,326.5434954647971
411.029616879211,33.981562018605075,680.3450312076149,88.22228509469176,691.0545924521103,324.30972852258657,761.7430891110743,381.95487560202986
201.972298462237,150.70832743909838,238.1364877570505,248.6117624575413,277.8018906199474,281.0698632999697,278.5651305039321,392.3844966322855
232.77558749081362,110.2121174554982,395.82784588816133,212.20202324959533,429.02500808176484,278.4833142564057,445.07923494634866,288.62235483931045
167.69902664054285,150.90468779468662,200.89517439306002,164.2798701352703,248.19392683874835,168.5088882379185,261.26718453965975,239.2631386707311
187.47485073428427,91.53243547763977,269.7712071629094,305.1492451807572,348.1948318339645,378.2191849170992,401.70183441842937,396.07595501418245
57.54787868680759,236.78627069234875,144.4432994879318,313.8377420040914,209.92524925113673,354.0351559978001,265.3775815726164,367.48499840821796
191.99411296248243,356.43659605368185,213.85165537855607,367.0273893664457,265.6430058467504,468.21361842989364,279.7940148276151,542.5824368358788
146.09090323854565,177.2669993512728,177.54469086107324,192.337234617519,292.112071090391,240.9043361297448,297.4295034904149,248.92809190985668
42.80370722413535,99.87373275662361,425.64696887438026,106.02352247448384,492.01426581409254,119.64522595612107,584.0345165755681,188.44850084765267
72.25040207973866,113.24497819771524,194.2180986976082,160.54414248371592,248.70069313089192,169.9389088346896,513.843698128535,187.8721967908053
223.71072981384597,234.1801847890558,259.28479181858455,236.28915148051067,381.03459252002006,279.0474807676423,390.74986440608944,319.4165217613094
132.33376727432477,95.49409638804451,357.5380032124759,193.76741466586373,376.771084077488,255.34950672943864,408.7320136153108,338.11621650919244
168.37064610740325,102.6347091733371,210.04069114546843,284.33034959856917,235.30380445629314,302.11467570115025,262.55334739964815,302.16244864483144
113.78575939392451,220.5150425657125,167.2220081374462,296.12971013180464,186.88056545360652,303.6133088268005,221.2856288637973,342.15791302947014
188.72828999647226,198.10467151474776,255.29909822887922,211.39131067068053,270.44585960398973,224.51157205668807,270.61539923016716,250.32289910727462
188.66577376269927,169.4623789814748,219.0200457319935,188.5648522403883,222.17700659996666,321.05275220824524,358.49440755363554,342.09495130789327
199.55257762449315,165.15294465959207,207.79417577077425,240.80335416839932,252.62370954538227,330.89797062532995,261.45377521549324,347.30059180361616
82.27607661924142,88.95539814115266,133.6839869083903,174.51969302666353,139.7700451194376,303.41686229180243,163.9516470578037,418.9004217202927
138.46828299644739,261.5671452326998,267.2356624329849,343.81155038236693,287.0677749811811,354.2865186849039,305.4646759184854,435.2917404807853
143.4126311520336,35.52314412634262,217.93037163738356,295.4080762253607,291.09750932639236,328.0709331672325,327.61000728440104,368.0360800850897
167.87069425347624,110.86639544573997,252.00395615769548,169.2147220652427,259.1129291565374,202.6886947632257,259.8483684885216,399.32856913156166
178.19074701438294,270.0062104741477,224.27706678350853,289.4520741061236,234.69887424708753,293.69972916423507,359.96487129124284,323.9277196220428
76.46044101928757,165.00967824855096,214.03935390457067,180.04781967434428,250.92003613935418,345.9713352688856,307.77994195988936,346.92812088956373
129.25294966747077,61.80773019353516,156.8131865433998,309.34092471387004,187.9957190674618,382.223336386997,246.5941071090233,388.0461041494522
76.46044101928757,161.62781940463435,275.53766399605473,227.98607412277846,324.1430940959638,326.1983224651498,326.557213512452,370.40929246376186
226.19192373331325,210.7720669199598,264.4254701836202,300.84010487450684,282.6397652838099,335.10057867194666,354.8318667135621,390.0886968050121
105.9632446884834,184.01532757720432,199.3046540720367,232.31599889334285,217.73124593456367,407.6267410907607,268.4155489035442,421.43447191397297
201.4420786121499,277.7248754088544,252.52028679051003,392.76096234982487,260.30338240129123,470.0575020823174,303.51106038361917,470.83190809269695
221.8140533748144,51.87925375911588,292.6345743385595,179.95716861570156,378.6084972821596,187.35097328161535,426.9229069903225,333.9847249779408
131.04926694291836,59.76028161229308,206.56362932256755,87.26715894449934,281.44331517824696,143.70675529066446,290.96858917161285,162.06149708827175
298.9555264246245,10.02266038902299,353.2895059222615,314.151634410118,400.18544876297597,316.7620471034833,402.55120190015697,353.3191285936308
161.33227680324634,321.82680562332644,173.52079313927158,357.83745000481844,184.83540884536768,403.8207040470877,219.72147246420397,456.9278190685069
67.20315349467363,163.59707048603755,128.78872706236186,218.50622512560568,202.6151216599467,271.0264467194291,210.4127614923882,331.57342239732475
79.77898914957274,120.65986391307443,214.27502416904025,152.78714552772757,266.18158325506204,181.01664597792293,311.63556995521094,277.3961086020428
110.04181739425506,128.0334019401513,113.85764551784192,196.38503006390067,387.28010386060646,268.88138055850374,445.8138637531081,338.0092014157673
76.33155440520615,196.3950401749694,191.79778085099747,228.2917147835518,263.89742711277034,463.7085352288671,350.124313297843,484.9476922320732
131.79950004551858,137.35862667953344,133.87022992111395,220.9850696293887,167.46586261611938,225.98094083589643,239.32165847943304,271.2522202716778
66.9375824697719,346.34493883529564,181.24742307718532,350.9466983429115,209.24413971153945,429.59802445129793,263.8043449733089,476.2482879864819
121.79355194881697,411.505734122466,161.04038542547354,447.8543340905889,225.0173513217551,452.23509018903815,247.02520003259616,498.7754067241085
227.70383365830318,164.67359314275902,247.22723689076204,178.96553118117052,364.4652109489597,196.36542402679717,376.2989868188582,236.48729987530953
33.43352035393486,135.47770450175724,263.72405094616715,228.1244135837298,292.43391304128636,300.68465368048345,299.4980239790035,352.64998396785376
41.07776612601069,239.17564834969062,195.86983907734114,244.2386345673031,203.75471132856356,333.1570976845204,247.7009957147635,345.7349699784645
41.07776612601069,167.66212269647198,186.0165777888576,235.03254240534073,207.0143334334511,269.64736212240473,243.9771019737625,292.84962115557744
106.9657043179198,192.50697101509044,154.06155351901342,313.7923411457696,279.3105906592798,337.3522409145966,348.4211260546017,359.72919577004694
135.94321690182295,212.80586701554725,145.1078903892352,222.95830384945282,170.01965445813184,253.98066317654332,187.44269905838206,298.9414318527618
213.40207335187017,122.99669307341532,361.22041439340956,167.06468380023668,504.57983608249623,250.44931106643122,516.0404368095332,331.5199142241379
226.38895948504995,103.9531633557655,324.706430825608,246.4956733898948,324.93154737122467,299.0105485832166,346.4819430820056,365.8682690187426
298.16164176690927,89.13322327049055,330.96163498302275,113.26745340481091,396.2939774612396,158.94550053100977,501.31859104473796,326.82684887801736
213.59802293221492,211.14883145472825,324.1658917717936,227.03783311447785,354.88024205636424,261.89658225139203,388.56981126011374,276.0114337015484
89.4973121476074,28.031531006404496,134.51733598441857,158.44418552922957,135.4408277284862,333.27314837653455,152.34882457356977,338.59240527395184
136.06196479783293,69.23869683980176,253.0650345772885,92.82537206753486,279.13407707223183,172.09432577276883,323.87356885514737,215.74804676861797
139.4985294246814,175.58006043503462,251.71556419054593,286.77797003858024,341.23954743823754,329.4771723826234,358.78243663606764,330.55914402052105
143.50196639455268,202.1352980405445,162.39264558074782,222.14733739124097,163.92979783429962,235.3946101640795,225.102973459994,256.97494539060665
211.46484827368394,157.36305041467944,260.9804537575772,170.773948619312,297.0576061823556,203.37820630709592,297.87320222648844,217.78784616041293
73.9576172111682,24.547765513648603,157.59044467854798,195.77073516142912,209.97609355198983,259.00148437372684,356.49683632077654,272.02697012471924
326.40064064573465,89.73989584717239,528.1837901771877,123.41027519009253,533.9439890327691,140.95843663595463,557.5189772444351,148.1140848226074
143.87211693661993,223.25824857742558,189.0204763398216,240.6608949055533,203.11163242645426,305.6020526636891,253.93747677398113,309.10258472443354
178.68354680343333,146.37835832354133,212.1844438252793,286.86100776860616,278.2409599031525,334.5372270211947,300.7555561100608,334.84486456372167
32.801802939119426,164.44598166779775,63.17340739527629,228.3565749487439,95.7505212784261,263.65938099390024,144.64194179713212,285.0271829579563
117.39698033416713,255.06451527795906,117.50796717008171,264.31089942410273,163.0663165947219,313.81310749337706,213.45424151536972,319.8426682877453
84.89643592576198,225.21910732762308,103.39565275244401,285.5828848477516,183.6963761112757,294.6942271994711,202.32336004592645,296.470026328062
106.56553570090792,212.5477501737875,159.79776265567034,312.67522039391457,200.16213861885248,350.03374770826963,353.3198167392701,366.78068051548917
46.923268315841746,124.89579849691826,69.55733262427171,184.75853592557948,142.02680435310842,262.0715471399678,366.9053765214398,425.32842669185175
109.98430456495109,134.89014265640512,215.63550657219002,182.08599533821086,227.93209495826432,222.97445667015865,305.1851855855666,287.7847650080156
285.387461137122,260.7474570036367,330.9843966589589,340.9883183429357,398.95133537469127,417.5430790527353,424.76588912201896,418.67048077847534
108.82055517730542,132.41127158053203,180.86283042338658,236.71521038083785,267.83861088432235,256.54747848047685,272.7542439024023,364.98943635836383
175.36751745663247,167.44690685747676,205.25823404870243,275.23816581385523,205.51465368156855,281.7657729018399,268.62437951180254,296.2008993419325
182.98354569763012,140.89259855023894,205.90721697965458,233.57090827098125,290.48527463743585,272.6232663323123,323.5917449035205,323.5662871961613
109.3272401131002,230.97009502368977,155.61814004732602,244.7668763014087,170.90909100141778,269.3118292254879,185.8835068451133,276.13012583797104
213.59802293221492,67.23497813846511,337.5123534752437,234.0182460988437,346.5673384962675,241.11481589412602,368.4487347769433,326.3098891324452
131.9099010794874,198.59249185348415,146.91382746721413,298.86482141028523,346.8405792953219,303.62534253369836,383.03124696077083,313.25873899859243
111.58666416276878,146.17404074971992,184.87550203831603,272.9084837338588,273.2703888802531,333.0380368299835,302.2139762206039,343.53665664633985
166.6525808005789,189.01409547249887,291.7120725414914,197.52988342276493,354.52566303997384,236.28915148051067,355.52768615849,273.27231270062407
152.17210335333746,68.4102240848663,157.77246285034298,102.4103113801794,186.2058493520264,129.76811920220777,212.01229380618,153.53290576474518
304.5941631556229,211.77311834504226,378.7051091028576,381.33357961677416,386.7462211532745,398.40808845003966,401.56471696014955,412.22812855126
167.63114367524602,298.72049882459027,181.71963281158884,342.65616420141913,247.5973827328975,379.1574285302055,257.82759351441797,380.04372524109544
216.51058544194004,216.49517092239196,240.17353935780113,265.21271526979075,304.2519923515262,377.82977085378513,341.13274464023664,387.4765969032197
111.69722863711264,167.25399561744723,334.64810997374013,245.61554936197209,344.24681608752655,304.8660523512914,362.237160460809,360.4048984907315
77.37688985922723,131.55708200681417,147.24603135286637,276.7494078927751,295.20107770832254,292.79084537703767,317.38180943759176,295.39848079699
114.36035805620057,143.2721688350206,176.43740402946392,166.60801767425605,241.02145047804206,271.9656191879999,251.60592113168465,274.4230642873564
73.2039359647619,92.7519205908506,134.59666551618955,129.41257307024443,184.02803345773447,131.84168639512896,256.2908623234874,271.93748322554734
322.802887237996,136.32030996568045,334.05789954205346,286.3939089855313,500.60378275540774,324.8200123327353,529.6608740139739,332.196895806919
244.50307707706978,49.11508770978169,399.1670909815146,147.03882912893695,468.98537189192336,353.9939784733048,481.8812487661288,381.5135005866495
139.06559218909808,210.31622852729356,236.82332354394103,251.2889894846991,337.5193060183107,367.38630816338406,420.7698590265959,406.77799620849424
49.79689250496655,240.17370107807298,213.0029575018218,285.76436264437416,329.9506146548811,423.208011814166,384.6107951400666,429.15769676962617
95.34005557355329,80.59118150707113,114.2066567446916,199.419344431105,219.0223557350463,398.44781918108964,244.51078841643618,407.68076393319586
173.65951948197554,96.80375492500261,266.3527579178638,173.31699286831056,293.97728957742953,250.46813770399308,314.97251012163986,436.35114615241
71.39222695086382,174.10333594104696,211.1875463908167,228.0112891924532,220.43738985295963,345.2692600505692,258.56295040830935,454.7789032756879
234.71313661325448,226.98157573295316,240.33529426224945,282.4899332471093,303.9192977119192,286.97000388123405,336.9873771085335,296.64305025263684
107.3791799445462,38.39861739246767,157.3868715952602,152.77365391564877,218.6753441928203,368.47496667493203,265.3211146515806,436.7365056690988
63.157611398830355,244.9013251912852,130.62970370486806,270.04568427343935,150.77603086725796,274.62076856368134,247.87599409332955,309.7026119966161
64.72389341692003,89.68220060008267,158.87811077666555,181.273708776261,188.9373390650966,271.9151128009564,220.5006903464386,290.83836918701934
238.11056361235833,96.215320175684,261.4240856466749,138.1292192520048,280.30425710356496,205.25283590127282,312.84230915727966,236.5645749487782
43.3145073736383,150.4798261914958,131.8892159045888,184.625470126093,200.04911900598137,266.9578792588915,390.1219698564801,366.03699179272724
99.74988182109051,277.37801159111103,104.36486930076671,390.31003077430046,105.10901897102859,426.14171306205134,116.17542511823005,446.3842776610039
86.35325600483253,207.08494032819976,131.56266805787152,215.9412905809056,143.64778446956151,256.30912740816797,175.83513192780285,346.8504542957809
109.09613418515495,195.1301352160365,118.13857503775935,278.4342308200216,135.94321690182295,380.34539953585784,200.47507216196612,421.9316749548827
47.22144208864787,162.9700998659673,188.7675266880445,180.3441278288675,303.886987332306,293.4790608624634,371.77122633614664,340.24257066672266
180.26961440549354,278.16042544210205,190.1902746400834,321.8731023883373,328.31571693059936,365.0427187099817,359.4052967467517,458.0189062451452
48.43130757575296,133.90257682503085,83.61080738114698,267.97960657847756,282.79168963167245,279.51097361537666,345.6472518194598,392.76690703215064
138.98642390461725,147.1955010069838,156.1827371761376,174.51969302666353,243.78793427899774,229.53499328294362,389.0031655152017,424.167652545882
83.00769791005759,259.0241409679119,140.4309305412198,294.54774238793135,275.26640895494825,299.64675901261137,410.4901307331864,309.49158956950134
94.78461911412265,166.89864819919276,249.99944146359903,168.77067351424182,341.4375831688231,259.10771793534064,371.40156887818495,459.0999357172334
363.86129352266363,102.77186586847483,437.62943251917505,112.18881786067226,481.47534654396105,152.21516678798125,587.6975571999574,160.03079840283465
119.15987661348075,155.28391475740608,207.6100408746141,165.58611079489506,275.8292537332325,225.2454881041301,416.17844617290564,254.11694936585704
158.15472795419106,164.17944477123874,180.01885440696032,198.6629401736297,231.00948545642444,373.4820698387299,329.74176568354096,384.6896772651959
111.23563454176278,102.98963225856096,144.5017014877357,104.74192430368123,155.2066272957868,184.87507439688625,213.9503885065324,289.8358265167059
177.56165398931978,32.860635308831235,213.6669534588407,113.75887983327205,219.388500134886,178.32687018333078,230.3319884123401,249.4627652567932
198.20846387939764,143.5776852120492,355.57981235925337,178.7541522325442,435.19248455549615,266.85895229893646,482.1184968509536,289.47117478286714
213.1594191011523,216.8525613068738,261.19635323531105,222.4365415458627,306.34848834655656,379.54856094165905,311.89614663846686,490.2235901747125
211.43003427959357,27.35468798286741,318.32105062077466,178.14971129040094,338.69362463615147,191.45805423604608,345.57186691462573,339.0664192850407
74.92681354667391,104.68729742041802,118.83812606811088,145.6587063630119,291.04699416476126,164.74132875648,411.715326018597,208.34384774747528
109.91148589133306,62.775520903539054,141.46893463630104,191.9701062086944,192.27729379494528,288.27379943237213,218.9491108881392,325.9594522623223
227.21319247336396,126.57523955134079,229.41655234548847,143.47050424510536,235.50720409406557,157.0659714023839,263.7288625156598,400.61528657762005
168.6236088618622,95.16157668527666,242.86205956843366,151.41964168867503,312.0790745431583,256.00041532613545,319.25882415647266,303.1375637997045
367.3811948685905,141.01215696032045,384.46919867390886,235.17020917584742,390.6511906118751,241.21322144346476,440.01058575742894,251.73482400706197
142.38129936916872,142.72453141919962,216.7647855151705,146.23820630577652,235.60339656197348,174.5011412032835,257.5155237888739,239.2599495413737
36.088214989259406,184.65764509911514,59.75251346134072,243.5317673915868,89.77233667565514,244.8582222890474,150.52433967116352,331.1766504901497
35.33191274890914,163.95905495905478,53.71584767471905,192.3093412647576,130.84699956389676,355.6790362613946,228.01959028120257,364.7386213312997
40.05856647152253,190.83758667407727,282.28995870133167,214.63436283331123,301.1023185475669,287.8025790048615,373.7431782971586,322.93331470922874
138.17596951186346,95.77857169795794,161.61010475975272,175.24750160112015,275.22137419436825,220.5353824869207,276.8323361533848,232.65081285997786
106.56079536216343,32.896744366644505,160.495884597208,153.32183147154822,175.97166292347248,212.0788439478181,179.65543308476114,303.2657845008236
104.56761932281395,86.8607471677957,187.7056647252711,93.4464699833219,227.73342644856305,210.26568343272848,260.8815349494658,242.2274419358752
58.095657429903696,260.7474570036367,175.84607902235868,273.79829673206405,239.88652206229514,294.85817772527525,246.00505488499095,364.9939984213931
64.68544811108464,300.843592348222,202.9394690942284,349.1911470669383,220.52178746202532,355.51517835858596,225.90107582648852,435.1634801964202
128.34509889574255,159.7137099638915,294.1748274910765,168.38991039988042,321.16374691422243,214.7592449748544,473.4253381305036,331.05290202779054
170.89539817921204,390.28609770865353,192.9922776834202,461.2042073155997,208.493540356035,519.47161730623,237.68486971032496,521.7175242702301
97.12865757428094,180.84310307389126,132.32929286352763,192.95503714237014,223.80445067770856,215.03169867768918,237.4882532858232,286.5657587220616
34.946420744129426,33.981562018605075,67.08856830635382,96.6633321908812,149.65808926141187,319.89598842246727,342.79026223643166,383.1895099287047
192.73021737676808,171.06243620062628,201.80401969542592,239.47185955052217,203.76702952968856,248.2406025725233,260.9942823722397,336.6325893569437
72.04186527006777,296.5797159466975,551.1220769865324,316.5005806604283,563.071729305014,318.81376095566407,624.4514054211398,332.93337597435243
196.47011419969388,141.80125358537114,234.5946981065975,184.2336603286365,277.18213714446523,191.03162156914937,329.29988380214724,233.11818019284073
36.16214472882024,203.47858292284383,163.82868431758908,210.6938707926016,201.8381241058428,295.77297794477835,235.76466413027666,447.96478381614054
98.54177477885436,192.39964557779757,414.49440093328593,203.27009270887595,488.2679611138652,221.67249717337288,492.4221637882156,253.7785859578617
68.27573346130038,266.2226561149566,139.13342419844034,365.2865993883556,144.28340075597154,433.5811971621911,248.6170155243599,466.65925714175887
49.89520343460494,337.65191587116254,221.6697143199109,349.7476090176148,251.79570750135395,422.32339047193454,411.59957935852174,428.34771900489017
245.53635057754414,80.79884212907254,248.31904365282145,257.3270553164644,296.1031155276318,276.68468581457194,296.3914233503657,288.42388703114864
274.78006598730826,123.638697681258,423.2049537867007,288.6567969964449,466.75253530115566,297.7797133801072,557.680423652405,357.30427119457454
70.17448115496865,139.79413717992514,287.0865288101324,259.4791809242371,306.464744656475,301.64163851554775,338.5158648417824,350.14002268417835
203.94126448538324,152.98057522599777,282.2083612195328,272.8019505680103,409.55606004090157,307.3965485947442,446.9309388310057,316.1057115354385
58.53687818947556,22.011454627022975,87.78971238259673,262.44982287125663,117.39698033416713,337.0763744390031,139.28045979347394,389.3176117470731
96.7696711062054,28.16644220822299,145.95674581276873,166.26574498933485,178.16626717525696,212.16612506967155,263.2758040451377,254.27149562252228
70.17448115496865,111.96394735698053,216.91409439369815,119.02525757798907,242.95707326801792,124.53789800521957,379.37815676968927,409.3316974091016
108.38484535078744,70.56732291895668,149.95832671517576,81.38039055702471,154.83195384406667,220.40415968779794,160.84049207269294,241.2079942342206
131.31714629700937,118.5144818333544,175.32671757029036,181.68482506911207,311.10679849853005,194.07720522865807,334.5163552881039,325.6328588327352
160.8379150571345,102.36071082389276,243.20190688917737,109.87589541998516,254.58732843778196,140.95843663595463,337.21120127149663,150.21312318047038
276.5080429465875,50.73821328418774,400.63134334294944,237.0597554096761,428.0800812548091,282.46780309307667,440.25784903310154,336.6488200355901
83.05529519730018,96.85455572587905,167.8918299313987,145.24741620822397,198.33716408790386,193.55819526405494,285.71025565383735,337.2542127444999
77.26404932989529,5.329378456160296,189.08931263491468,89.17636554642777,227.70383365830318,154.76320816041482,313.2237688383083,228.50007940328388
73.9576172111682,89.75891090821257,168.38422254373424,93.10744529904386,198.8888297739038,126.66668100734921,426.5069248230242,163.62942298599532
197.0022117060538,116.29113071437149,273.825314868776,119.01091450264012,295.793124360745,205.08831389815796,306.78088783787615,236.4968324778172
101.32537667982928,51.027412188813265,184.69218955132925,229.74323149688271,311.39594772796096,344.66887714593724,324.69702793083303,542.1851872528189
30.168405596719616,49.93799554187884,187.7650180743405,83.38980143902128,217.3962844261216,289.9017027378373,221.6697143199109,343.1358606792291
102.63674528604001,93.60571849648763,103.87685696199546,319.8262968028822,189.45804654493344,334.84486456372167,236.82332354394103,350.55576461920964
148.45378248385015,278.16042544210205,257.32061391249044,347.1411732614572,367.30774021818314,413.06812795189086,368.633382775858,463.5088896494028
77.13493016683843,340.51425865761735,206.04047794470677,364.16028642655266,246.78987686897602,392.87404778741256,259.647449355099,394.12828768672864
82.6466175352248,177.38488887234314,96.91054485273675,248.03152925093207,151.79704095593704,259.5627227678036,154.90258935409972,269.01958514548613
78.06376482039178,105.11134707802076,188.57057016988117,198.83626747142273,388.77740665632814,371.8092576984398,419.1201025496083,379.58838251729674
215.71258884301199,196.98063107783358,250.25150253535506,295.85572910862084,269.32275972664917,370.4877875357868,290.44370718323097,540.4591175618477
114.54124231571811,92.14243166500921,152.23124579249617,136.27225135735824,182.62414765642404,191.5961887704145,297.5048660176052,202.99196115379667
91.88353348568089,95.58257764513941,114.96154534927535,358.8254248358446,119.60300951173706,383.1054711876153,160.89945820201163,392.8141696690552
231.29259777805916,140.0690365786619,288.4843536706046,183.56255731804134,291.86938866761346,300.8724993956387,355.3281935956756,318.93349151409325
119.27536204120995,228.0112891924532,121.23323394388781,251.10097883306378,225.77750527152602,350.6993390204215,232.65448858665343,433.54238685066025
103.74243564467164,132.04586517215415,121.98579225775737,240.9504033289699,152.2833659495598,255.87815290601137,171.13799921976116,288.56026019774947
197.10816258949032,187.49366547689672,235.00170942395803,217.39881896526433,277.14896711214874,237.7767076685478,410.06134133839333,321.3332328225629
49.089750588583414,242.00753284768746,66.44656128874841,252.4693486741638,246.439977702208,310.18522889084085,278.1115111443904,314.1416494746169
108.39131034012537,76.17981139281586,153.2817863849496,249.6587973550482,207.23454053302322,283.10592018741033,246.05094637975714,291.8347976897628
82.99480509475309,275.4241110334579,144.570199399635,280.3936249348302,167.81869616671824,293.4038414928342,250.14944443133425,304.28539908265435
103.30968204040704,182.41512455887596,238.00676618947267,217.5517727447493,288.8323203114741,259.5885095241849,300.02719868670965,310.2165743880959
102.01682258475297,8.843350574637842,129.43961413910003,141.44761908847394,148.77094186476359,243.09133574429327,344.33057556330306,266.28170666597987
170.3883760053657,95.38055260193076,197.63146993705985,190.37174821172147,260.0953617888854,209.5698482692209,319.2715422293763,230.3768711597781
119.76885456170005,173.20080876597396,158.93261183739384,193.76227629867302,178.0220019379726,236.0441331879069,185.70034012048882,257.55012068769145
104.56761932281395,132.20152792042865,233.54526142255835,166.6194177517885,234.16595777720485,256.6729467430328,256.0598748489287,274.3494079033199
69.38272668744153,267.49440164174666,214.78736021263876,271.70565719564365,250.25150253535506,282.50631242589947,250.37468802049582,303.84946017454354
137.37089236250083,150.9446879569843,280.71123959968014,151.42177948953415,320.7983145078576,194.393209039507,358.3164846828487,235.16917167860325
146.9841762528373,64.41525557517117,170.97981159520745,144.5784783561715,199.18596344939834,178.4032211049648,234.53190675818612,241.9393454235426
79.33427506614831,178.4032211049648,177.57038494629913,184.1433047056665,216.5001553810245,197.63678453232367,216.89195451683074,240.17058468176285
132.3994430103894,236.2813663254912,159.80855779937016,329.74195920804783,197.35597563207875,335.0599047423852,224.18041666206562,405.1464580798289
200.04911900598137,65.71260083821251,237.14860506630959,158.69334146922552,316.84534492210156,183.25993410408856,345.48429032575285,311.2099009071533
200.6810832741011,258.4805462222827,278.49889118521185,292.70619913997234,347.9596705408559,304.5310118096531,421.6182042787322,313.3167824650792
170.93795753497233,194.06251358554474,266.3805039766325,204.66251226983266,358.9133126158631,266.066235639938,422.5627791197736,292.958472516189
205.4137161824249,134.35678178458224,281.7275631823086,243.93816150346146,283.01528515318154,313.25873899859243,302.8695255532026,347.08606357678013
124.1985821137316,46.58309033860568,168.76015575378318,152.5709008894149,212.21439903148962,183.08220525921354,246.5747357119816,288.7778953359197
161.80051241573634,347.4469195966311,253.21761399211138,366.59868260411184,273.8716816173303,371.5338559982777,328.2583366734021,479.48873718420856
325.8721670111813,121.13649510740406,337.5123534752437,133.14310028036905,360.51980223016443,219.66658196392044,388.56981126011374,298.6521054281028
158.14042305797065,68.29462364249464,189.96135796191692,186.62098611934252,195.11099276514025,203.67426326663505,244.84261498252542,204.41355674151168
375.63523149680424,108.97264983935864,401.6208298005746,218.5258914315648,461.89744354454086,218.7544991351783,483.9408703772116,289.66853966615736
23.513421182582718,246.23779140323828,160.80165621126227,344.9319039583858,244.1503478577937,371.52506658311427,278.26072398175216,424.21258167088166
134.83214143291568,201.4565428008839,252.6855214138199,206.60471648325176,279.2200140538462,223.04544391472362,348.1974501816448,266.1176388639716
40.234258924631185,109.77685935846607,94.91296244123325,283.2449781277497,172.51063282154118,310.9605302869314,240.0640541914916,356.7361162281021
86.59127726822328,129.5881766938956,133.17272504466976,204.3505263666476,153.53033887117905,279.2179945548628,182.95349486871407,359.9816679340714
201.1882011674523,54.98272618171148,225.8223842615396,350.3442147034122,296.6760453673845,358.04559642677026,341.9697924891171,375.3312226419364
132.03396103553274,113.0997128860059,140.3118923713362,203.32161981739787,248.1499362736575,286.5657587220616,256.6242631710495,302.9420716137832
75.98012702981993,36.079681443509095,322.65768889701235,63.67230209831179,370.8469832824585,127.90792129629855,371.29439535850844,175.36922911813818
144.40809273774033,190.87815336843016,187.0596924441651,193.2294400984099,201.65500487026517,217.2184943036362,209.97115138221878,277.484724033703
44.06413800805054,62.95079235607255,108.42932373616856,199.73912247267558,199.11394021324182,264.71545505011323,237.92165075835175,297.04206216691205
150.26941967353736,231.20833635475685,205.4610483858102,286.8971414099972,261.3493803593592,365.46684580784967,288.9206822710225,382.06724295278593
246.78358284955425,122.26861121650003,401.94303041068576,209.36449195765914,439.20365230280714,321.8560564522307,520.0759721371588,437.17454282038295
60.68749977294528,52.096282061572715,106.9657043179198,113.18010243521921,333.4926152607876,144.5804854900861,352.86555072267885,226.63767167320475
131.45232991016942,76.78404276671034,428.9448657852532,260.5993499930438,444.17696478195063,264.6176739004328,497.4442961473138,331.2854626810406
194.9877556003664,171.50272570613953,221.51711336663803,202.12671180612261,297.8249456884589,315.4315759988688,339.9160405529741,321.19966715610343
128.7735853208239,75.98372291377505,247.81584683767602,121.10870547323802,319.4551088389446,350.6087389826983,459.53478436492435,463.5088896494028
188.23150955681683,161.43876650294652,197.1265058395647,216.4156173567179,281.5960064321294,313.8062165863472,307.24381815496025,316.70073410482445
234.3921872962884,103.96123889072155,257.6793426892802,303.62534253369836,331.89371762739927,375.56444448873737,390.6721459973081,410.0723578267106
80.56327589525468,211.15013465409427,197.92682058551856,288.9633839631587,250.4798861329139,308.9469245422577,335.839073347786,342.39316400250596
199.57090315983905,153.5928093117083,303.63926296836587,204.68735086876788,394.72452115130056,278.26604909312283,409.956981526411,300.66511798000676
115.45243266855103,153.405049239142,182.95448961960815,308.1331742450911,284.9158940594932,312.9485106060139,343.3964939886583,374.0607060965609
212.8478920219187,363.0744619237423,251.1810139322449,392.01915762494554,281.0328490229433,401.03286477133247,287.0534790291616,542.6036905611231
30.360602577219193,117.28100737115017,137.29017957578523,368.39900768055355,169.38269447767578,429.44949337702917,174.1954191448373,488.66478801515194
122.93955291440928,58.760881847347584,179.1372604614623,227.6027729176034,188.59149236225198,262.7422736662037,198.43977154860377,289.0412886985332
216.51058544194004,69.97520789868591,267.89367003446824,99.73798658688126,329.5976544528738,126.60133534868923,373.7994547585763,173.5313153919612
215.7092123174665,185.98715787395665,373.5551932395961,225.47506755570438,449.05448514650465,295.77007039504707,468.2495938408189,368.434419675996
288.28065447435705,45.678295870674184,305.79575395012705,154.2308945625768,317.6915513352169,242.1407846590963,375.04897006974204,256.675001715706
102.39982693750144,134.49903548222943,261.1025525997253,157.8425206453695,360.36541072281716,201.3539564420881,479.84935538945837,201.78359837251162
327.32689478893013,137.20366674991354,366.5297168996626,198.9988875388256,412.70394309899024,304.9679282552192,454.3297864240117,343.0771603954697
131.67327921010653,122.8148431704519,161.06097755659056,174.07063222218432,168.71148053104713,201.97660567542547,184.68008414131702,301.0808724469036
111.1478193158204,271.47010252733304,288.19165841656525,275.6345400350356,327.21386726866064,276.7821053743316,337.482261885641,347.5622267256724
164.7593111709499,158.73116247403868,184.0633348929408,184.9090092694684,358.41364164760853,233.74936259421594,364.84620935586634,237.15099072089728
48.78751515382152,145.13985746999612,101.81187379777302,223.64248775769033,136.5604623895317,308.41808008490744,169.4272529344159,325.64464825144427
163.6779469226831,228.2917147835518,188.31860429809916,322.28512748885834,225.42038474441446,600.3929633897851,256.85480616274356,690.8565954679568
176.51096307287915,243.06954780626907,227.665102791047,243.58815779637936,281.0550184956998,366.38270671869986,360.21484931031154,445.48356233300063
274.1569988332891,34.896141912089156,308.1985110725409,217.380896384896,336.69007763449554,306.10483316811457,346.0644373704437,310.12148985086554
37.728650975942344,23.34354039470547,117.02429233485954,76.92321315900847,139.2938014778109,105.5841758474801,330.4859308928355,107.74998686653606
188.04742158804504,72.176236719285,232.79276227162217,127.79179434600697,268.591957447418,253.67073774263565,402.4181896430031,330.3420774534263
88.17981088893536,304.02373328655653,129.9530663675028,340.45099913888157,150.65412632674227,366.87495070317505,198.81645814693852,377.408232043855
261.1025525997253,125.29201830190242,295.2311776919061,347.1156172822174,300.77212808732236,381.18081581196697,390.2239686409901,434.9511160237891
69.0300128545949,105.41643914895536,72.05117850101233,299.2719539802072,139.55789104486877,301.44417829277927,140.0100991521473,317.25371950643165
198.7388419444855,109.83663036289535,294.2451270125467,194.41531957755777,313.8560720735544,237.32852540627243,398.4912409502569,244.5023100033272
56.77890719060028,107.69387724418758,285.7806364064415,162.27065157922044,311.3867310558634,251.20371279541104,348.25701954461624,357.74562841202476
107.89186144910099,99.35798853237402,174.91139150547167,328.77456574562837,232.9788632545141,391.9599883379411,456.8812209483626,476.8565443989516
38.7053703774085,136.93838400668588,203.30879122211354,203.87089274265549,234.53190675818612,236.4559409311737,255.44404300931407,244.79084420153345
33.27312905065291,88.95539814115266,85.46007873695442,147.1955010069838,173.16540080406898,339.1686381047874,239.0198895309101,368.0883275283785
102.2033151250681,135.19675304050935,317.9392481216287,163.27022834704215,367.752408564541,263.4919201958341,431.4392702348544,272.40221855407924
207.76673672787493,112.65821906401003,578.5976786643748,130.05237408870752,639.7328628433436,333.21702698932853,657.2568773499229,333.6195616398287
159.62189148132305,86.36522184118924,186.21668113562802,182.58931260250333,217.84336353262339,191.27697126171125,267.35367926460094,218.62578021395785
85.663465996742,11.088027923895389,189.45804654493344,131.5192155622654,281.78967167588206,212.02175992057295,287.0677749811811,349.94339579852056
237.11796216594996,25.224981098871208,307.7349640113349,132.56905173552795,362.28364173681797,188.65495699030336,372.0027242140588,195.27460958182414
113.93633231493665,260.7302712432981,197.68477256341342,307.34267393409795,230.55006645833464,318.3288983488504,255.87523713285324,327.69931730681367
398.77578999889045,101.46434114890711,399.5126340740497,177.38442366718056,408.7104774804661,235.1069059311727,437.13979357296813,309.37583198166163
301.6368240451531,132.41127158053203,531.468252362548,298.7031715174107,541.6203149352717,320.4078386005379,606.2474698119797,423.01199002600805
129.21670878829536,26.649860424171916,299.2099747165269,66.0093019577486,346.83562754344575,283.1918753163645,568.5161496466069,333.0605120887178
194.38452912633412,174.3755537472525,197.70064133380316,223.15102879408306,232.22513414020924,223.67186665825642,280.99404896382686,273.8320956813458
168.54312673765727,148.30628515981476,184.79938098722351,217.6007537343567,187.27359847189817,231.450204218948,212.21720628793537,290.4464173239419
48.24749695758447,176.85633873025225,188.13185068292003,309.0672305426008,285.0939951972709,375.4249592241767,314.5106450278935,404.65170953704
102.39154988364317,134.0810274019409,105.87611366799139,190.1318071929631,173.71717038881314,245.38796809758864,221.7022725873679,362.352987249971
108.14008803264325,123.82567973010822,358.2171517416994,219.77313096795112,370.7200417355365,222.70295641603377,402.4828736738826,245.47489116387686
112.59656675081699,97.92302251855251,139.3838396375153,222.28900532921503,170.86105607399412,252.80040721844313,253.52102069678003,255.62899665918513
265.56198225244634,137.87117894317785,367.752408564541,218.7234580875678,368.3698239852784,431.1531953990656,414.2738047054974,435.41362586032665
35.8801410778847,280.7047937114368,64.7230134537058,326.91350608198746,84.42969169493254,424.4625235744844,89.97065876680095,470.56923446297606
49.496763364719385,174.7267068297896,99.16872612735311,231.38845116022338,131.74175136210422,315.09561469526466,202.62138059700632,421.6496687049904
76.62498895560165,276.7359379780496,166.2018974140738,308.00469839180954,205.48656329843848,461.31764860273904,244.40854119768633,476.852730272403
181.36476466789117,167.9423083052537,220.7645835488351,177.6873024395593,230.40445289471415,261.24620333545454,334.9742728909788,283.48658284922124
153.42240488521773,126.26544465371266,357.1529710592746,216.2142027045163,391.6049591450159,267.2465047211553,391.8039214505457,284.0706523184578
114.13196975335559,232.65213404013238,319.7031327463439,264.16187750039535,344.6706703606323,364.8786055523592,388.848630986959,437.20767605523434
131.9099010794874,88.22228509469176,225.51135293345104,96.6633321908812,251.1213942923887,310.1259735952167,275.1667626707104,364.92962413773745
227.3861668531864,220.37402777751882,227.8438723933069,246.4956733898948,252.0902861872919,279.40712381012617,392.62472036491727,310.08390648889696
154.18076296216026,136.92804199637123,162.25547286568826,185.1376149306234,164.00532217838176,187.8485339834942,175.2979570582666,272.29978160885224
144.2009935939113,162.07722427076607,157.1138003459955,201.99910630869942,179.46115595609072,237.71191792873537,180.15224082572615,292.8261888833386
121.7118340271522,176.56835080183475,159.50472622413767,265.9344638393442,163.82868431758908,455.55930439721874,211.36398275798774,469.1254802137737
372.7505509875407,238.26728004792096,433.32366131931025,278.26604909312283,448.6886752209715,282.0288356719534,462.74048173840634,362.8074573961956
99.21674347475505,223.86025502679516,117.80328225344334,232.99342114613123,204.26955291914874,261.04709107691565,271.4242972409927,288.8904060876705
205.76131930914815,60.06253811564884,274.3469837456481,208.23321118522318,484.97704546408454,223.15102879408306,497.37049642297984,250.4814607452534
282.88197670164607,78.54085285129352,306.4480478370542,284.0916496481877,321.0170352240403,328.5590925834357,333.6703582744342,350.4470789579355
114.51162706616783,133.5587250720312,218.03311838249846,333.33696082351486,233.37152376999893,334.0370717229884,255.00547113377934,340.57785907585185
29.077272216793055,197.79401334155443,91.34368781294606,212.15789030306397,149.0309163614168,239.75129915300775,278.63408986486223,266.2226561149566
349.5291443563762,300.05824844102256,383.7666035189117,381.7705244825466,385.4197550783859,496.2741300947967,397.1075040358369,508.38714796821705
149.39041953457127,113.32666900639285,157.18546508616583,164.8538150772454,223.16751708666027,284.49814605136663,301.1584741200824,344.2829457308164
54.92372187813581,128.52681134994606,91.11067762138494,232.30585531016297,141.8841331536219,233.6515891543498,179.14906778269886,333.8801055912378
105.71065461270423,101.64274923501308,250.75606879796112,304.9818344843048,314.61413430253157,372.9338678866668,358.47314331862685,389.32804651448475
134.04605007890356,170.32137674938022,159.92488555933096,194.32365550027308,301.5807970160712,216.88598904900266,304.68338755228496,301.00970448912494
30.08104073053599,149.85036612263534,88.41553546063757,230.6431313333664,166.0172972611612,310.4579974771625,202.4962440477353,342.648558301514
33.32262061490985,138.28284098692063,67.1824087160612,150.86337711992925,149.60472047842717,183.4205846017579,196.52325426026903,292.4461998056919
152.75306934800668,161.52071264485534,522.5017084810545,259.1443125046209,524.3041426819768,369.01813141805195,537.9429359933482,377.8098955482034
94.64739883581112,112.41335809925499,131.09579526498814,143.8345552357386,237.2151203316842,200.524032175576,243.25792047621542,335.283776865861
182.34691760968167,170.64017181344346,360.7071192732248,195.95139005642451,415.25605426533986,204.58004743951992,436.7802853319764,230.66026508262618
274.41028328663606,200.31894886042622,283.2142691767569,234.03133488553127,300.7182192707471,265.91898592762163,317.4821440340408,331.92082625203767
96.5362786553908,185.07215438828842,175.54986856310205,260.92783248565905,228.50095389576174,315.5958648088345,280.6931857967655,334.6405713527833
377.91392120149095,105.55091723437457,428.4966818891895,137.9585867595772,458.9105432929661,331.9353226444121,755.9626495827989,331.9646247249086
66.0444806831873,88.49770173594398,180.0425862076462,151.77044938529565,422.43680820203303,182.8471942301736,430.33418214579484,212.54858815664957
249.0221210363713,59.80936958811422,293.90436350270494,156.40891464172884,319.14101960879555,335.06430548092897,374.33789658705,337.2978701711558
136.57001532672172,76.9924276950033,138.54468263066542,172.74838259321936,246.97218045216047,178.22641902729495,299.268473171988,241.8945918444179
220.796687470089,204.05725360027947,240.68374129470382,428.0194967392506,241.69095502385096,454.61259380905693,260.9780648149676,484.5448311000933
125.61091080212084,62.3134852077445,218.9938638852544,288.97580701812853,261.01359000122926,290.6641886513409,262.05174073680706,321.93749256134737
202.97991991815078,262.44982287125663,306.2172157236194,264.8525488459942,312.3890414602001,312.2193731432967,329.59129367058046,383.9227391830588
144.95218044458727,125.85976901042334,358.00896043965366,340.58410795684375,414.02160640463245,340.9139118977156,542.8141061941529,389.059338809598
127.77635843181437,187.84405711647042,190.58803880255192,376.03166435144846,209.31007420386769,378.11223878769715,244.68038745608473,400.365701823989
42.51671224051868,135.608224204598,197.66312243094873,173.10234136405688,209.0296166891768,337.91485567019777,222.4716400538208,349.24037787316064
155.79329061529273,221.40195352203776,325.46128610556815,266.14821353675484,372.68071824239655,288.62886581528073,423.83350495585483,374.02586754606233
138.52707996389185,138.09346218731102,148.59626501127948,166.02817602773703,155.126206046387,278.9815163083076,192.69486823288906,348.76752519568026
180.01753438923038,109.09114009838208,211.748881276284,151.07523739708697,304.75458365172426,214.8786595487487,305.7819807952546,223.47073798292848
56.446929412268055,50.80097270996274,209.92524925113673,70.64701806419576,220.7635083819543,191.04548463195053,264.26147280305463,347.5264673019545
163.11035060419292,75.05844893111018,368.959081565976,171.2622592356948,371.5614877343106,237.91805895484907,418.7126516206479,249.2997222948285
175.13322059289263,150.11048102886608,232.3641585067182,272.0229279387161,250.37468802049582,394.99928574519646,266.0584156319017,422.60116666107234
57.04453685609179,176.81700964710694,82.80961040589933,264.0359766835425,115.66131366889178,281.1426047348517,216.8181923864341,302.306444888872
101.6251994797421,39.84101359676118,124.97095245520141,242.1407846590963,166.55381537629958,280.1675707091619,171.06766929059108,389.5775212638604
172.8550450720156,42.149933192312226,294.249191444635,83.51696580600321,295.634719404555,157.3148039534692,397.1075040358369,180.05174288982244
124.63351187896923,163.9492106752228,198.33716408790386,306.97798116835185,245.52103725969857,331.8390006316467,280.9965928597671,403.65988350946634
131.39499198976185,142.1950102755705,156.3503599775561,177.6363601473414,207.6100408746141,313.6931921671466,292.80843622305747,333.704165571701
70.67319986724681,269.8141421207369,79.8458200247529,303.77914621816916,215.93778705725092,319.62087946066714,293.82537976653697,474.1775599935934
92.59414081834224,114.80538875634927,158.84374507788462,152.11239905868823,217.26940385216767,226.9972618267502,239.7955751823917,239.53124275535436
190.8006965167035,61.80773019353516,224.32974311818992,248.39076126479316,324.746436958192,369.8139991639011,372.97583557805825,429.97988668452626
135.0215136178326,12.296563825501364,141.84955235201267,89.19022651435544,229.41655234548847,128.73004846644372,288.2479133210992,224.61062264277658
207.63716040362422,329.9436019448102,208.9391655205706,432.92433178067967,279.10619474994826,434.48041954158316,407.5852924182955,537.1484777750159
122.28725558779297,145.68485469630573,285.94208193610075,298.21139251780374,514.558637884305,309.58633945038724,528.247322030918,392.53447588260553
87.59396110586914,133.34724754916815,101.52015722523713,257.0538369647902,112.3802164981413,287.09973583032814,195.3967280289424,409.41765774786023
105.93116395558421,171.67403550585337,199.6610428780057,176.54927201883316,230.2447283980174,252.72100543981176,504.39441909122826,369.6945206458852
131.14496113225712,116.62236988626873,161.7088053570396,215.71435353494223,181.12379093132162,268.59815464574507,341.6788544174951,362.78339041805674
234.96912336499375,109.59981886342595,250.80542340409994,274.60740620684334,258.7107686726289,341.18182515267955,271.3052178020359,421.0849451382727
97.64911155246972,163.9441638806597,226.32722243952045,172.66105224144422,232.0802534762489,268.535425130971,249.09652351490774,272.0034722853182
175.17924352478576,101.17163024214246,342.711240354608,118.87399547755392,352.192500300513,173.35385081399568,367.16956670107294,341.65576848760116
164.59449941634935,195.1173710553387,177.08847326569415,280.61361855350066,272.6480763288185,353.1272481348007,280.0684329797517,366.2480598318274
131.9153991536793,49.439364249322246,149.5041872345066,307.8921075249962,197.90040617554797,318.75260601443927,272.7240802914173,330.82359470582907
206.14720741462415,105.94637283846694,243.36595102461393,211.44386163533244,445.6036057855932,316.2248117060351,447.7196924786357,323.83454349362205
44.31033150388679,43.485572680750984,100.65416358256844,196.69436334249662,245.68257517559547,271.2747520843723,340.2044904690334,311.2195512166803
165.98889221818175,239.48690405033358,231.21233914553525,267.2978264560098,293.3799819638272,291.8723733043341,293.39270738409067,311.9203777443742
170.75049086095174,228.2315456202271,257.4092884722494,236.41060180957584,271.7433271500359,256.00041532613545,345.51127313850264,335.42568220705107
254.54241474297908,71.32594458370846,265.6857098600175,159.13590153944656,312.84230915727966,249.05315488520822,318.5166409705593,275.1627236976552
56.62566975517811,133.08280465688526,81.78642713574924,188.46910834653247,145.79177129569476,248.9638298498963,158.84842428770557,281.1276596941403
240.19211463512204,186.2089767157822,395.0593978444324,270.7652994185406,402.5799946251426,353.12162338875294,405.0178317882718,357.25453512287294
129.38263657922053,141.099396363887,254.18115493762116,220.46812596573795,266.0080989369134,296.8569497056918,274.82194517079995,297.6647924168779
181.1689196401581,73.52979402317588,298.6777069889878,225.6835727379107,305.74435351047117,258.21382817517895,343.55727298567456,273.73366626558317
121.67906591080981,255.33754427860774,222.0758674068408,277.73747118036124,229.78760481928367,293.846178359651,233.55305770215338,299.49944174647675
105.93116395558421,143.47050424510536,135.9992964733345,145.24682990550852,294.1830919645904,209.66451463201963,413.18482588851003,331.8227659105608
206.04047794470677,117.41531099590574,214.78736021263876,152.24026424116198,264.6706882354264,242.1941453946496,280.5944824029868,275.1713226249946
120.89124202353295,74.8514646208134,138.72303869045422,166.6194177517885,200.8451344491132,286.25807540677937,274.4746233898814,348.97456254106436
111.99711467453584,141.94694270523524,177.15688352102998,221.864426170091,200.63617894259207,232.44077295169285,223.54050776742156,288.43061219127327
165.98070988478347,162.13143358521145,188.77778968016784,251.29866150486606,239.8334447321333,283.3325390726748,251.81380557655356,305.32772949844036
146.49634394810866,305.3191785214208,226.4168168578677,328.4756516320573,234.35559007493245,352.6656267147997,425.58610437386335,431.9037947728713
81.29238776957426,154.2265156359851,114.77273064985646,164.9720092122824,259.79549565115985,183.30275863496524,262.5416401562141,249.5126145900398
190.92573762086573,102.95778883316521,229.71130017637986,233.32805657690588,250.4115657731106,256.6761520146764,252.65797475387367,303.8337192837937
188.66577376269927,138.61325745131626,309.27225165576675,180.93869819890097,390.7401283684456,222.45781204385267,403.4696889665453,229.21649240023845
142.47275708860735,265.68950333456036,271.4242972409927,284.9880013909319,354.5111035081495,295.9704571705657,389.2230678285197,328.897042525478
72.46488692990711,51.60257012217653,131.4947935929732,85.15848709483,208.23842612878406,124.04711219661195,278.651883072051,153.53290576474518
218.83152907006695,123.69864797104454,354.732035289269,192.34540114986692,361.8891362128953,231.61639191162342,370.56001144570996,252.8117651412909
143.22868090345668,77.17559509267457,234.01857213768483,135.8295119830837,251.5230065156366,230.51723062343584,255.00547113377934,272.14426278131333
160.6678378530545,167.8011143455391,261.6833570307678,213.45448608849296,286.3440083833584,287.3189701469059,383.19496185999697,291.0217437426539
59.10529681688842,21.392847291880077,59.885905210774396,136.56652388803053,190.95623572236659,227.76473560331215,199.01812653564068,280.77089214020225
101.39933706891125,134.2180720265619,337.56185199430837,170.44165932974389,352.64858442294167,302.71957951154786,423.9024892019343,337.53881824116974
63.65846954816052,70.91465485199973,122.02698394271069,101.14641403060902,138.52707996389185,137.07695517240884,148.3049624051751,152.7107930257417
128.36809986600662,205.4154400639807,138.3493793483089,249.60759822163507,139.28154982460518,372.03304572030913,318.7794691845942,376.842817739694
136.06196479783293,76.17981139281586,194.534787534631,211.1510321023753,257.05527005903525,223.0976637729373,282.83216248938095,247.87513500431984
96.69164535825574,349.2095718705501,124.99993047114064,405.81842861601734,125.3333883576067,474.74738744134345,163.86439990623163,478.8447176125334
140.54650273024936,79.20371033415242,165.76068513742567,179.40507207787954,187.1309312985956,295.79352954425156,226.42113797694543,323.59911087182945
325.2704930916684,232.9185474143872,495.0689360231367,284.0009698164384,509.42498075953426,284.2649551625532,602.159037683144,299.1979279694884
180.2484249706094,88.94995772326544,212.85812402596173,149.34204838641313,254.7558913044521,150.42671299225836,257.7526662878599,239.28507557184835
110.3651910915208,84.80657984222576,334.843236041832,90.45992136849836,374.4717053686586,176.7589378178779,472.8447883823406,269.73449018837226
186.6384486502874,48.02005650469785,227.4225982568292,86.8607471677957,272.68071690422045,209.27739787722717,292.7273595458217,240.87461542219992
196.43349389764907,98.98711344696122,236.84867043286636,245.47851923757165,314.4879903045012,486.2983057085686,358.68127629203354,516.9298122948973
65.48017193609051,152.3043270572435,85.11632855334489,196.71124490246777,239.43110025711505,222.5030239698755,255.87523713285324,227.96477246204984
87.82524067322521,3.7243747633540494,225.824744088494,91.36076042842323,238.13699468382544,166.96137746262846,275.10055207954025,276.2482524241414
322.19887867891975,187.74968456155054,328.150664653998,211.23656471443462,442.4165523319382,260.92846329708595,449.38627963246716,261.7564042079588
75.98012702981993,50.529923009824934,299.0484377667178,221.73549811441984,303.992838906396,228.95867580265093,368.18950387525337,323.0228217414587
150.3816617037475,215.03243980786266,159.4754059055314,249.58317198478713,173.50239123163993,288.9762818192827,216.8181923864341,452.6666726420359
91.05553718398768,62.95079235607255,100.76674882926025,169.7593592451039,137.28849741560398,227.68482069777784,159.14226704840968,246.414410422574
188.69904730201375,184.5301101884841,214.83673892794772,220.1983769745676,224.26714478749255,315.1450467725606,316.14089360501765,342.9655659603527
53.25674462570717,63.91302773716214,65.56304296477172,137.67800211399782,114.44089872815593,175.8825229113058,180.06914216042279,178.5766956058078
167.6838399138923,137.40495728245463,187.28912844866545,214.52465703753157,256.1935629091672,272.9084837338588,475.46184373843624,294.68892535802
151.05835356655268,171.25088492446275,182.09357388379905,256.8874779892786,336.4265360940436,287.5953621940064,354.02644961459833,288.50543677385406
168.6297965922863,133.42356107264524,203.94545001742074,158.99318085172507,257.8881981929666,166.45241159650192,260.8407797578578,191.8985549729665
123.9309623415207,293.5732393190064,172.41093712820208,373.6205433856247,178.8219156053902,384.5458459598859,180.07425678242763,688.1622685749317
85.08522892597101,166.91726056757548,234.62512201538385,167.35537001617624,303.20875172189875,416.9016747962464,376.37741087342374,429.70918929084553
165.51693706285073,301.44417829277927,196.03834000005662,383.93292538709017,247.24829433471393,399.1395817076645,253.10458918322462,473.58036376384257
33.530481634154064,165.67044993764713,81.29238776957426,205.573608729984,267.95257310676345,271.5938353359247,332.2746310379761,364.78350688987126
28.64724234209801,114.82382491567269,126.15193787025514,165.3643109347574,266.44192029537413,177.2669993512728,317.81434580222464,239.87648687536225
135.12663522673694,82.85173776530965,261.1721952407816,303.5748993259084,342.86584817067916,388.37256325756994,472.3611548926001,416.9016747962464
158.3389993027835,37.76798432570174,226.64561483659128,199.31179187366715,256.32179492561545,222.79940005838253,308.61069807547614,257.6658522555218
213.6497165617907,236.41060180957584,266.4854057303433,367.321385892401,304.34388623046055,462.88182928489204,394.78098604294576,473.7384807680341
124.14606729305326,97.92302251855251,151.30852702262393,260.0587515576246,177.10392341743054,260.5016634631367,240.3779512724166,262.25937813513923
28.64724234209801,198.83626747142273,113.95931705247045,286.7690265312224,284.9275702167833,295.3413349752319,290.4123535653399,321.94320887340723
30.899994688621085,71.32905189584649,81.78642713574924,305.2057222804482,154.2549698050653,360.2142949921337,160.9501598187538,381.61184504949057
152.14430099096973,129.43089736299225,267.4720400209184,241.46720773618907,278.57482284151905,243.3951569734211,286.76309719966247,253.94815367259042
78.21814860935896,110.31304276196481,178.66387328963472,247.86091833325605,198.53079856153198,252.45775386460969,277.8557374349828,329.95610677524417
87.1576880701191,26.11768150187784,140.9838880843546,194.76487373382662,204.00416008828262,240.35339674099498,218.27962979519006,253.74337478598414
171.7558729083214,147.51659695828724,234.6238760595567,270.59130964324333,252.46629648754504,285.181753075789,288.5527997262706,391.2085836136028
196.79790961876537,61.242843839140306,199.74475967801072,154.66407356930955,451.85623771931876,210.22334267600846,452.47000372519665,212.61340955189402
199.98522915628644,141.76841453891484,202.17464380785572,163.09118375255167,220.37598338795212,297.2763061030303,224.67063528219126,309.7501553392946
36.92436841981123,94.91082991948663,82.19945144435137,108.52070016879529,179.13921610493063,294.70188291268073,246.15053528164825,336.4560201254222
85.08522892597101,153.07033309730875,305.9714723467491,187.8651752467648,330.63484062963465,239.28507557184835,382.8251646002766,247.47735939573326
72.1457182867637,86.33215651196527,93.10976276267799,133.18580244087985,210.04069114546843,210.82641916259394,224.82459182084503,309.39597485657225
151.82556551490438,289.4761674318837,245.63674194236646,293.4790608624634,439.6338371118712,330.3492503518203,458.5803857586443,378.5318329426687
203.95260177582563,29.215573117271155,233.89937071467756,158.39816104573748,420.02489557548506,188.62709253872092,561.0173218945,190.30192839045
165.13216037835468,117.0030776480422,240.5147893656085,203.33435547805084,285.533206790058,299.0676150096463,315.8480272439469,353.43672596450875
93.70312358941884,87.54021902272166,106.66907129670314,130.89820354363425,336.15766144487594,142.26634881486433,348.96769041822404,159.1157523842709
137.80562219545334,177.2832542246289,202.43356611048196,253.0095507625228,307.40362940946545,266.14794801382703,316.52692482165907,333.4080673234822
75.12009135830203,29.404857431010853,94.02950229081304,95.55568493117734,152.15701942163525,277.84135441235566,217.17398399154632,327.2597085773642
125.74190468742502,159.93212340814384,129.1573233873017,196.60430272536763,223.97318470055865,196.93610957925702,242.94801374563335,314.00637649585804
137.1493598103334,92.23891127692774,193.25490702852684,170.773948619312,213.03964623267822,195.313689896484,235.9022144143047,318.0255673635052
90.45797464087016,109.97485129977196,292.1094804090676,138.75027344685964,314.8884298480052,178.29272752576347,364.4758018745392,209.6991090650685
128.70449810085552,229.79701304963748,171.6863545557577,252.00977350683166,181.2239766607075,391.083245452749,197.55009669823502,450.47707756670457
182.18950345064172,242.4105228781598,227.22414073698243,335.7833145654157,296.97387733804675,453.52350858105405,499.8975118575139,462.8135698892434
244.4674027938636,105.31308135993253,300.7836662708739,180.37375342744983,385.61712913641867,203.04060013707306,409.69798884909807,259.00772712504585
33.0975689423441,121.73541846959407,93.4694797992874,169.27552928154364,130.48099360889285,240.64623276927534,224.60752640302894,244.36841173935022
110.39705474989896,176.38940416376946,200.29299851779655,247.82194458885724,273.72489119757364,274.1379080261298,296.7216672683344,287.680050911938
186.8855863383766,118.80203144130184,200.40454125399276,134.4624060944762,212.17769231579288,193.96095456506163,253.05602036909823,224.46504366298143
122.28725558779297,120.19706383199794,404.0212607670216,288.27800729365885,463.5537728464817,386.22182441809144,469.5136752981994,487.4769706646128
84.50644477030585,85.99212423255457,97.85105451258349,126.64131425444519,134.55154301708185,280.53247674335506,159.8369242237287,298.3050693172639
184.02803345773447,332.8927293016211,238.85362151226238,368.4909260302144,248.32544527845394,386.9548862326228,316.70123260505005,464.8114353736372
153.14085040326074,23.547127603406498,291.22960739883627,168.97135181424616,424.8255233804884,191.7371197721783,427.04226087273815,237.27077557992243
69.07079322012586,278.7196384431621,192.96202388725249,419.1322116580133,205.58143705643494,425.74016746392925,215.02174239265736,438.1896095068402
78.97704446954441,206.19344288066486,94.43808122516126,311.74099548985106,127.04679508145381,328.85486155311344,142.1494485145712,401.4768427587874
49.51141850877521,147.957429039862,175.18984094914506,267.40488756594124,214.35995321978643,301.73400128411265,227.77471914803198,312.921475407141
47.22144208864787,59.49425304562893,233.7141200656774,176.7222916551862,350.54881676832514,283.9188347603093,416.61539511096083,309.4889059123591
32.6716902787973,81.12776104180287,379.58953700403094,188.86578184686178,414.9436634688149,233.14054978018248,456.4038926080076,297.85935610043094
118.91621568558166,220.86887384319047,179.92573861182618,281.71554311000085,212.71813432143884,393.2664241375811,238.48452664953928,565.3154795486244
224.27706678350853,107.20435644681645,300.1553335439356,208.02668544064647,364.09568537572613,216.11101488449984,370.32189194146997,330.218169185586
86.30715963986955,69.37735461269463,285.3602360627782,84.05843761115706,322.7739126677356,179.2312708308627,327.4003540865764,230.74274066347945
129.43961413910003,200.2568385125517,161.1606497346393,324.99728874747893,277.943335779599,330.99516275897895,322.28927110917533,332.82244425616375
99.20949495815051,196.70639359032208,280.7224631344916,237.76261677485732,287.7656254861523,245.52379565439136,353.04727033817557,288.63228617132876
85.60291371322339,196.6575027713363,370.9474562513749,367.67533171173244,416.68557294693466,382.7196201190288,472.97068151725404,383.3999463615445
65.42458995278717,151.63513813115367,93.81099649525102,213.9628575081918,135.0253618120439,241.42962525854807,188.04382763026868,243.9814296854293
92.1628872580831,205.3038358941822,96.5362786553908,239.37059520405023,149.38902785067808,308.1794646219313,207.34717479155236,462.1428954792816
116.60769621946356,66.91694774076535,124.92210989521703,250.60955786357056,156.10785964314857,270.64418111382327,185.36985399030095,322.359673236026
218.78435161315141,187.0755385177891,274.96895135272,229.49025766931734,331.27651096508,258.87813200918754,334.08826698005146,271.04602572253435
295.2007721737951,190.03046084439453,389.74620247245605,230.39151827303536,411.40026810465145,337.9673394081368,436.3228262586253,418.0382930322485
66.86205706703463,68.33985908730601,112.35207591504705,150.84694083214595,141.448061517795,159.89561875517776,237.11809976179907,167.10152660157678
97.85105451258349,65.07987315417802,171.7558729083214,263.9894325819701,179.00881046709145,353.02616865935744,217.8751813065217,406.03791588798134
116.76642846439465,216.34163361512904,141.5738004115241,259.90290881382964,215.02441356350258,299.6671425118623,224.45409999674175,333.1700914705219
108.3280928395767,203.51326274456423,120.98037937831496,216.40550895369478,228.43025908783343,274.4708025404253,273.07067231331183,289.0078828585739
63.19666781477843,214.6431037482822,89.36286964580518,293.4430826988912,213.133873275812,297.02562228415775,255.27988374228823,327.33220480006065
379.7300369475852,285.28046644667165,408.59765232507107,288.7545247922123,455.9336349641925,350.3127505644795,543.18085994291,366.3391277064947
252.85694552578806,115.49773792159161,259.79549565115985,211.46967089457468,267.95257310676345,248.2518481806289,276.19711022142843,257.8456535917254
88.03129467771268,126.85230370399317,123.16043896341128,277.1386791599044,241.53883249743657,386.6250771791804,260.3563542034884,388.0461041494522
274.38082565198414,64.85019620263066,375.74984356787616,157.51703908603216,415.25605426533986,273.7383816853272,545.6369211428693,278.33503368583047
227.62852420531058,129.57913147408664,246.46886749071433,201.4468711476931,277.4712029520143,215.7819992708898,301.4180788365392,326.5377235963104
28.050400324329882,127.40272940540034,172.7708758218076,137.02601187242158,192.66718817841615,232.70732272914876,424.327293828716,296.8750419517045
89.90538686582981,237.60834230679222,123.14070339961127,248.0876863797669,152.65677592251453,261.3645705610579,174.26822808751663,384.3876573141184
65.63325919845728,284.28409847902685,77.078030072144,296.6012469889745,218.63703789690538,335.0499185484891,273.5612723272682,335.3747015070645
189.18699586070386,119.20726331649558,278.31746855984545,148.89583296605647,294.1681752924904,188.90969197302735,414.9590617883683,210.61061737625192
172.309429923412,167.09986575070866,247.81584683767602,180.6530623367165,266.0444931640032,197.9473113209675,289.28761674612235,202.0257290386459
79.15098620692055,227.6490354330566,125.09366274400368,390.44368740735456,183.07455957026266,412.1282954109335,195.7160989107831,420.95190262195985
156.05288198096346,225.98094083589643,170.60417684651105,228.0392778753787,285.2335227428783,258.5731122887051,296.16699929412,354.85960519719043
76.73191947280654,189.8793053139916,97.03684312832321,263.78605352269966,138.5958765562942,318.1006682786235,204.3730842820036,389.40244019512977
56.203228610843276,176.81700964710694,84.2742944779141,184.8246645916893,105.08376656288671,210.61574082702643,271.2392689695616,280.9917442453474
192.31038478136117,174.47722391761727,193.64104118177931,231.611553615772,231.80736341632146,328.06155148899734,270.02763959497287,338.4874088736998
41.78638305712605,219.55688028401954,47.8847411395141,230.84224111221576,182.87213079812403,238.18511485570852,245.62669682049216,268.2986812102196
87.14809760218188,239.0630845335367,208.12132174677856,376.7297066377009,275.2703907085845,394.1790474371492,399.70007838994974,441.7281511338368
247.31113624977863,130.59251537750225,303.992838906396,143.37916371115344,370.8469832824585,153.33873298246368,516.967048275124,290.50330532498515
110.43762000524003,137.35000321902376,123.15290059145224,251.13614355317884,223.36081340943397,291.38928071773285,223.99043877390784,333.3998548322504
247.17532601397792,42.95528591961564,257.7641420727494,172.024258703838,340.5010917979119,262.0623349837726,379.0972879108199,282.04185060375573
56.32212346409515,55.5413679631714,91.8828334082732,66.67115777267853,97.14383028201978,183.0404762932529,200.97688436551292,233.60545578730515
152.47096859052027,207.1875971881341,178.60243589956312,207.6164764120865,180.71064361085092,277.01824951708653,356.31493149176185,304.5508163654894
96.84494281956037,123.37292208384083,108.338721196988,145.66811792013897,122.38942360642658,195.90392681948705,170.45964177396147,226.63767167320475
284.39361679837805,217.56561357252087,390.06995671623946,307.00385079190056,392.8470027481427,315.00101260950004,428.59077398813787,370.967482553828
150.8651668204403,172.15362196063015,187.11001807071028,267.64487029947117,201.648992834552,320.18691902850077,208.17682625508644,340.57785907585185
96.4351771888371,185.954518659366,155.002406625619,191.06025088338566,187.7520409731212,205.38245800335415,200.63617894259207,366.3331953630345
105.63529135672323,143.17857939039305,379.2479890323745,150.78046031167364,407.89942159053066,179.62656034048328,430.6167092000173,260.73240074832916
58.19762802969957,144.55289301287274,264.6336258485192,180.71790046484512,278.3807832119775,220.45649351488652,327.8182517393286,278.8039035059761
444.17696478195063,126.29505476882774,451.12237552834614,183.89959479046576,470.3489460017763,231.2431654353206,485.7802536776414,264.08389655918734
29.495416883764605,145.24741620822397,81.5087024774574,166.63943385526977,96.85870575168991,255.85864128399842,99.66286549080277,270.8301456343995
129.33301785557623,85.14346411835851,130.21994530018438,87.44655798631679,136.4472607128329,126.01498075826711,138.43277473910203,223.33039181234258
62.92694273286739,82.66563133966372,167.31253656046053,155.20418074431063,171.22433561717173,230.8118424410711,356.68514869888406,236.2152544602692
243.35123761553874,125.06867152430921,320.3709778254748,181.55492708347137,332.2260154854445,225.47506755570438,343.8251961213955,334.5836920596027
103.98090285925396,93.77945581504446,155.36792739555273,170.44165932974389,250.23790653113724,182.47351321980278,352.21409633368,406.129260398455
129.38263657922053,112.67892393580469,160.07669822503686,151.41964168867503,240.8711823292853,157.51965767690396,286.4492273686588,339.99196453255564
205.87936146785626,146.9882051524671,594.429799560174,161.90923237935928,625.0791372069727,223.67705165870908,672.4924302611178,236.64038603340612
383.8665876940512,182.80504574516738,528.7027626553759,254.1643646102162,548.1803925491096,269.78820679473654,563.2098401510522,312.57733313938246
167.29595635720972,243.45124678270486,234.1994527589035,429.73887223735585,268.810389770542,497.98189530968625,297.12911467608893,524.2437872532963
34.67813523903756,154.59033107325257,37.832417034037476,191.25582232503032,38.03795317913956,271.0264467194291,230.63322046114703,390.67862563325104
233.77981464667013,252.20943710388903,338.14071979334625,407.44198887492774,343.96270415553806,453.0993181433564,382.24606008593753,466.6216218306284
239.70116077895844,23.51445762499707,288.47111196068687,202.36353288986055,345.0325581998154,245.95591969766875,400.398417889127,271.014791928466
215.84364706518315,108.14248870710638,217.50320813902252,155.23254001458807,287.4275174481503,175.51179799754334,289.14176903668675,235.3946101640795
36.151035415998706,190.0616844176134,92.36379331343247,240.12698088124208,282.8094152808343,256.9559148796854,288.0735450061564,323.2318052256891
62.345737897837026,123.10816124699453,169.98949655066156,126.86397357084324,170.38553307559172,193.4982003447795,256.7152331104173,212.9314249053394
239.81670629607856,132.50184832665073,247.62845056975607,154.23824780220048,256.1236211161923,181.01664597792293,271.5390992532852,283.3673892635032
207.5197004080414,202.47076561523684,280.5988318452517,207.47829153694312,306.2172157236194,225.65223156077673,357.8267916024103,236.82791104033703
89.71045395274466,212.7600235480654,110.17261140939394,296.60902022411153,113.77918541891152,320.14923350572025,157.02254018958925,343.0911684290009
65.56304996754886,218.2415243125624,99.90072166356579,239.30532782232547,107.82933923421767,326.07476149963856,122.88862741210319,341.1356871181084
148.60398445632097,57.56681547111854,260.4588219625381,163.3843031714719,313.22925099229747,240.17058468176285,393.8163550094121,292.3846374516879
286.75497183641914,18.83893637942065,321.2902432732473,137.8207753407775,327.9102967575366,150.28900434003333,343.7287341897937,242.3489140847979
220.76843917233896,180.77185422084116,261.5315385943813,192.660440520892,263.50680203475963,196.37165587853383,343.7703281910311,205.45955126771705
131.39499198976185,57.049661661029695,258.30679254429674,246.50385458620886,271.76537378304437,301.4015176601655,275.8292537332325,407.24268612021814
75.64314007546201,200.279937832431,100.89334190926442,238.23939727560332,101.86308556620324,346.56177554960504,181.21271164019637,438.138542785313
206.04038453644208,196.62373717550707,227.14263444285808,232.02062670263066,238.32778591724053,255.51521144974294,291.1972269345216,260.51478261040336
112.57086267314904,36.222053848643796,130.91759842958055,217.86724969672352,166.95457029328244,243.69420572334096,422.7597172534217,298.9611613563301
300.56803136789483,70.75564966694868,408.7320136153108,218.79192629105978,422.9333994480415,248.6084226856443,425.5462994307839,336.45160636644715
118.35397129584939,31.950147137816664,196.42502474606576,145.84985597017737,213.05025115317878,192.8708113105834,436.9335418205275,217.99743338087572
246.00857110961422,251.53441698229202,387.0822657569756,275.61891998194,390.6504576206941,332.927471113081,470.89059583694126,410.4251383012581
159.16548068504414,182.84303109245727,188.73653107175855,344.90666233497103,189.0204763398216,348.85153004273457,302.0959822064234,362.05497231911005
221.24725661624962,269.76704305144057,230.1250409663592,280.7047937114368,400.59001749107875,381.73394393756917,435.8092070330489,405.7123593562394
123.21998601436,112.26400831600324,158.5596940419521,245.32150777729555,194.92082430842618,245.75251767771127,314.0126536689965,250.36553208036668
248.04020643998632,123.83698746402673,403.1621435393118,157.62055509248734,554.0676018390285,255.59556771406636,642.4132798434537,276.89145382832555
222.96658498954278,202.14794195216228,254.5419263153986,232.9185474143872,256.4129486515687,271.19179165848146,308.2677514091415,322.44564885070855
163.6929205826472,100.84107247497376,165.76110309489673,224.03983405257537,198.8704605579051,249.66128021293915,202.42891796248946,324.22433023239665
80.90866122562959,357.601539525406,278.2047252831978,373.25711825455465,278.6788435852777,376.1426094283227,331.9169862300859,392.47954823601947
98.01569480076381,101.70869068431732,260.23300412255037,139.54557468509378,329.5965219896964,177.82637557639808,339.19940653025844,222.11220848550545
182.14051384982838,78.61616273686444,232.45047134777613,292.71884567629826,246.46838354518056,400.07547572272136,257.8986805126107,401.0517111762775
231.09258192161687,70.35810501259152,294.94917636593584,117.03663445022728,357.05123342249635,347.2194083753043,392.04392357567235,369.5012446805412
34.43762704535293,160.03079840283465,102.76194720765649,193.38741780197643,120.07170627353266,216.4978341205543,151.86458070707818,272.0903740028846
122.09030008967352,182.22421900780606,197.92682058551856,193.89131338908473,226.65573182803186,268.9016418564113,470.82507193726696,321.5678926931927
42.39592689164033,105.19292370734817,66.83291966463361,275.1775483961574,85.85087497265884,294.44294524920826,95.28245371061459,325.9906555357423
295.2007721737951,138.14623794914786,342.46273901967123,300.32230691551064,481.5923020773406,435.13471845175,564.556254698449,461.8157637165272
144.79190705839807,37.32014434155492,348.41796721959605,264.15812646170093,360.99709418326484,344.5922198927887,363.6871141174944,346.8708852605782
244.8304730884788,149.32788856850323,259.63625924493977,384.96002853648287,260.51561800336015,486.2983057085686,313.1184315630082,503.3418299237381
64.44787333854993,171.10198234918747,81.90144779422744,215.16936482415338,145.96220262855348,255.60009514078092,146.48187735166863,336.33081715335567
35.08580469835569,110.7983577346077,117.04752834378762,113.8057080298907,280.12223271047714,174.8430578309304,347.45735924063985,272.465541684114
62.25837998321584,118.88451471620155,160.89066381241943,200.90120938340291,189.94434865613232,209.53781070602014,216.6664412252007,221.5758949510778
277.4632773422081,132.92096405172592,300.99771153469385,259.01817357129164,323.88207750626236,336.2870499509446,363.2461582381435,389.6787980479341
46.87210071115764,28.26357201443081,101.79311588265696,229.17103441587142,110.17261140939394,231.98068248559372,170.5408974374241,284.7873561692213
315.0705825480515,69.87952077198315,319.47386612605493,222.95830384945282,334.0029472430455,239.1428466465926,339.74624745033015,334.2429466795923
45.82929660180606,227.68482069777784,82.19945144435137,240.64807010143215,252.96417461732975,264.71545505011323,279.89166686277565,362.03145657413035
59.48233958471179,121.17189567343021,162.7875706348402,280.4521616232991,281.23895237709803,296.96237682526834,298.97765170389533,316.83972758925864
190.0762338963273,273.89670758126795,193.1389903329191,274.57671309069434,203.3749991846766,289.8297967860932,239.89814327717016,364.77662265171045
42.8266057987312,143.4863498240626,81.14149169444912,243.92579526168947,200.47777110310003,307.8133742284633,201.80401969542592,376.553702790034
71.0612367985464,246.23779140323828,177.83297116289532,251.47491405314292,180.41421499080508,308.9106881344912,214.6184843816978,339.99020922602153
122.14201569703816,178.0609191060419,127.13280963452674,286.3939089855313,147.33864187563836,318.00617321008133,159.87217987958104,322.68272329529464
54.43287378575074,56.27135584185845,205.93599705931368,203.23435221784587,211.027126941674,219.45244463434992,282.2996140247505,233.855771614237
96.57506170246907,249.10536381867718,259.9752867751083,300.88216628124127,262.65956275194094,310.0472759974138,277.2046209215084,347.27843823025086
143.03946741460416,60.35128273880924,176.6141060758795,103.12808158962699,340.71145314095736,136.24300387361993,389.43093223530553,174.85350756211045
83.24690096367674,104.19565096765372,100.33997436183738,324.4358436473915,157.06710438311808,340.8155852626751,275.959069116474,380.4350012369662
348.7664757034942,185.0322603775102,359.99092864615426,228.13852827336947,387.2886915212347,248.6117624575413,422.8786223870637,275.1713226249946
37.171119386396896,151.5204122183856,165.5381006368196,189.94228985516804,203.94545001742074,328.8257062487274,262.1461856441876,329.8814242367396
196.987900050175,79.55604691066799,229.77044911055467,183.01071439042428,234.3965171458447,310.8129139002793,283.75660381221803,316.4918183609572
111.48651306449948,134.1027359758525,115.86896057320682,179.2312708308627,140.3854158797681,222.29828052809185,153.11314478492324,245.1905706978163
123.3257569048383,140.80803529845772,176.15517417793077,218.7544991351783,219.41763978755637,238.49041632929718,443.300086895633,302.530372596943
37.21963719751304,118.84782829725249,91.8828334082732,265.94361476999364,181.02486122443355,284.5747744041462,208.80244403018554,316.17389867091214
135.23779928664993,170.20537975763563,284.38144237894477,210.7376448202146,444.1329385680615,327.73785652605284,454.3107693050579,367.56277137807007
214.86670770524347,145.311919872469,250.74011168331623,182.97934082672978,254.6829922788847,186.60867945022764,310.7033601829865,230.9991720436777
281.3678679794732,107.8857289042824,295.8757708499635,121.91135023899324,306.7006312294139,142.5541804859487,331.43051215311823,187.3018911523716
382.7424912736945,123.73876535073735,401.95925676706395,155.6631271092791,421.8961435973467,275.0616977933364,464.55446253965937,297.72770439407543
118.94619166697042,67.49991387528515,207.81747506412987,126.12245415918058,224.7865086101447,169.86620529162835,238.87282908681672,181.64322536555215
62.897650863910584,89.79669122606431,102.53883395841765,197.54743472400781,119.33126724090796,254.40917795451068,119.60300951173706,304.18519870480947
83.77029435085808,134.66582718563436,111.32989896294629,202.47076561523684,116.94893834963455,208.24925921223826,120.93659315263841,373.562655806299
151.770315632514,127.99431567026451,183.6960530843128,149.02259331695174,204.93228897204455,243.58815779637936,210.46210628991366,294.10124827612475
32.37864890606823,73.52979402317588,48.03318154528112,200.47610480012378,136.32904872305798,233.11135527623327,155.61814004732602,254.14092075796992
105.49924427281488,177.4695803329892,177.64317112190744,196.21325295756674,181.61813861022776,203.61878381402434,199.0714036517403,239.24662085207663
165.6045766314851,61.282881907522174,226.98404683386096,105.96385196348925,308.19257729254207,144.27194919669716,310.09379572968834,177.87572112861196
102.22593101686257,62.6628472986389,169.4272529344159,229.32570442714552,181.93098373003232,307.19375895963447,208.2483916267082,324.91590183072833
60.05860816078721,251.47656568755738,83.62957744553105,266.77075479368614,163.9510869895051,325.25695768991045,193.52715398248873,373.32008304775127
236.47929745903477,219.72318472957005,262.4424135609932,232.42957559885048,319.7509567942429,288.9280286119497,363.42785816016465,298.19548066687247
137.50565568030402,192.8765914719389,195.59008996927724,277.9573614176361,203.02924031008746,284.32198773493013,261.63475198427204,346.7178765749688
212.41571609597563,71.24712766596079,222.67539696490977,154.59033107325257,225.80351441618458,163.59707048603755,296.00944961444003,327.33220480006065
301.71696650506175,184.91395733054233,323.1985151821148,415.44015209802006,339.0241355702283,469.47008530613266,348.7793740757338,533.8629909326403
22.690680493044457,173.22299499035194,237.85626041553556,182.4891343223478,271.7548343414644,201.03352834739914,288.4532614996451,245.58271019185858
249.12996671549774,272.75466032337204,312.81374678134904,429.70918929084553,368.633382775858,500.2745362585235,388.5288385387802,541.4959396266155
193.51731123180642,142.8056101832928,339.90707893718275,300.843592348222,343.68131643446173,394.6780549040413,352.571836996562,397.4710624424111
129.25294966747077,194.52149150116009,232.15483985911652,200.33159882749533,252.69858380992778,205.29938549436432,263.99145985254637,216.6822096597175
132.10403900389258,164.54651246137433,242.92945582574035,283.16831926092215,279.7505947858392,339.32073824097137,319.1032276101237,383.18153919718605
199.8324719845781,260.6350499566892,319.7382862437491,265.9344638393442,332.6230862765736,345.0197961114547,364.9523670972479,348.3441745601762
144.67055287690147,182.84812432435214,178.24929290576608,214.34458629447545,360.6117777676436,216.44110010709016,404.27801561381375,235.58806131437586
145.0878911173728,101.61582490097237,167.43951307096134,326.7440764453057,179.13921610493063,380.9511423886154,209.20854934580066,421.65961189636073
253.16239330371573,269.93522752152467,257.7694380652337,314.1005835872003,267.02284626962756,319.86464607305237,300.70435831815115,355.9254869081768
228.69733492865598,232.61227652409983,327.41667699981826,280.6273026973522,418.68621524981404,284.1761919829286,477.9494513558447,297.24088905901647
75.62417415131672,111.55181707311212,165.63458300840233,303.69345076481846,171.7109664495124,328.2435158416709,175.1693355031179,429.52397709463236
70.84391629011509,102.67984953101626,162.20405743686655,266.87111812825725,201.5031226981596,298.38647642060926,405.7323936561382,299.7863024063852
86.309531229461,217.5731491174385,118.49910723877942,283.4643357569007,334.1060303615339,316.4528394107422,383.8285028741797,457.54011675011327
428.0318250189121,120.31493218016412,471.3974643125493,145.47122903036276,494.44594962690684,220.9063647542485,499.7268508516458,242.29226054047948
193.42087391859127,166.79832848953407,205.39742292644692,193.4656165075211,298.7533723451897,326.52519035990895,308.8153351865666,402.36115186558595
80.93379751439134,151.4895723255877,92.1061971521349,248.7251575685268,113.72584098153547,274.7067677620976,139.48335587665693,284.7560451577779
86.309531229461,59.95100024804497,99.52996939752468,111.36823777580547,297.8249456884589,141.25498585077736,398.63367378847903,143.8034450753055
121.58806750297266,42.94341452385109,251.1213942923887,137.97699498022064,251.95051239727317,255.62899665918513,321.4537927441651,328.4756516320573
169.42837915621803,118.32113331766806,279.1879535386155,131.9178365894812,280.0848190888474,209.43612157163687,355.99810885084787,282.1315547090035
73.90251700181209,4.152638351150213,89.4973121476074,261.04024556649273,94.83094797641984,270.0815920667516,155.68203633621732,302.4458204429998
95.97504951099633,54.73131785803114,144.79256470549612,315.5958648088345,145.13419450775044,357.4009932391635,181.22085484306314,401.6233952013973
81.13000654471212,273.9038164964926,103.41872086514036,290.9199024852616,120.23060304180207,360.8713754305853,147.71736873943206,383.64256205001067
287.7236073097909,23.461878495387886,297.2326680187139,182.33766632897007,316.0262479818013,273.46710482284857,324.09889794203724,277.95495691120504
48.73614232170322,190.89575313926028,288.7775558904827,249.63164277318998,297.3969695652654,254.99917578851975,339.6140773706917,257.1304655892699
108.864379081948,82.1082619203597,120.98037937831496,248.65850153121391,343.6155109647003,286.77021808656366,349.74794254876684,288.25578104504547
230.78417413650598,273.79859685183965,280.73714226962807,278.54938946790764,359.17351487618976,357.8798725085,411.6547784688493,368.9796593687929
130.17560756877182,229.3805445416977,142.49113625413952,269.4638914344903,155.75498010163187,350.55576461920964,171.91693660362634,497.98189530968625
176.60932959857317,310.0472759974138,219.89120986479068,322.7877942707612,262.4643332243425,339.3144681992668,266.5371641974456,381.80074283926626
201.88926767363722,347.38962370549154,312.94280848237446,368.7746988065424,367.999048019676,369.91628489434225,415.41454420809384,382.86276969755556
45.33120490662657,199.16291029074782,252.28640965588627,240.7145688147458,308.2391442259287,270.556667893694,326.9202474520884,282.02419675859977
125.61091080212084,104.68729742041802,183.3886175442978,183.48181967484675,192.47280723458042,199.66971986227205,317.7283898464075,232.90711222585617
210.3674392641331,359.39416518955915,218.21862756589348,386.7925410297572,258.56632219071196,409.8205462210269,287.24540886226083,441.99896083543223
43.89983504637571,83.1104536786527,158.52781663114726,119.55757107192461,270.05238444094834,393.93179909841706,294.74443543566696,442.47030714668426
147.66072642853567,143.42016164246758,176.62421737061007,167.36371186563326,244.44747833901863,425.0322160273286,249.85865838390623,485.9880044310287
79.12211036254133,347.4007888826666,177.43113438416376,372.7491266189232,233.7795095248455,377.3435242237037,272.95796175494775,464.248145642384
58.53687818947556,18.180323218103176,82.3293748343534,200.61687860022175,129.39775183022428,325.4201647512495,163.0663165947219,373.1207638746954
60.452752339791665,129.76472433027473,113.19196339305854,136.69803080776697,141.73228886899213,136.9590684907016,211.3706931671431,330.8028433846141
161.87377788400556,28.97284823123161,356.15563109860534,92.19686781422199,380.5551437697386,141.61775454021418,438.46957786604764,182.85175430648118
49.62880048302382,170.3993771457897,206.08519846816347,257.5494122924395,211.430428663597,287.53851735951974,276.02428533093644,310.60666902871236
332.7748871049624,185.50985354270438,383.6906022013843,222.0048170408974,389.01904183735417,332.22333958354733,410.484874929638,347.38962370549154
49.62880048302382,176.6884948741275,174.40870762537412,218.7234580875678,255.6448514264036,238.00846489170794,256.9466336018382,277.1261319446015
60.070349186165096,196.62373717550707,102.1791976274467,274.8221167435567,126.28919483192576,280.0701811513094,209.91108550021886,381.361300273745
360.1608067169516,89.63465425299032,393.5563686664522,115.03696187309366,399.38109358295475,152.39734433440074,538.9606639153039,305.4449537734257
55.168425510835235,172.46339758736482,209.0192422380788,178.02356784324436,246.6309622967219,268.2986812102196,317.6447518082197,344.5981750838604
124.23365556518075,133.85874738843683,197.14133464542005,183.90319407848077,218.553982444939,267.8792999461328,230.64109101405523,395.60586746722356
57.695518225992835,87.67445909849297,99.7376610110986,111.92407184751474,114.11634593393087,130.60266696862027,177.43113438416376,160.98935286896156
138.86864111639107,288.63228617132876,153.5247392012075,288.8374742078664,246.3714180977996,315.42668508138445,248.7785787361846,317.16141436568006
71.67857216511042,176.06824640214123,101.08214445322035,195.06967293181876,106.25202996573299,269.16944806169005,112.40356607815262,354.30451735111285
190.84203603028482,153.22386463535582,298.8975497868303,184.5309060972642,310.8649939456303,211.56889465581588,394.795320836595,266.9578792588915
132.20231423814138,204.2904597814458,260.6879253785484,238.9453866379128,274.1049794145166,260.3656554989903,274.88800437423635,384.11774454506565
65.53264546116658,92.97676200047486,76.12261963804696,231.450204218948,119.34211751316913,264.3708167393419,192.3613846682835,347.0398651068381
65.6386790559707,202.24618080165288,153.57748522777683,220.39445924010892,154.83761670740083,227.36464661799394,296.037557383174,246.52405679295293
191.3659707960803,266.8604297610822,315.843172032174,307.47846986018203,430.9249737758273,364.98286314224754,455.34167486006913,437.9039210745484
31.897903760977563,161.26744699955103,84.36235694051832,302.1498795504902,161.8309408908052,304.0745662712593,190.76670983431873,368.14691085170074
189.065054624245,196.39234430172849,235.37522109497135,209.2204400265662,261.07404078709754,404.8766803384574,262.7316828447741,436.7620804083133
190.4076271725854,88.13941385064815,191.99487471145193,209.15051964447352,199.93016656225095,236.9923878172647,200.645953680149,292.143928254686
303.63926296836587,83.8713353682867,327.19881934403344,87.73848148911567,371.38376433120766,276.0449039145831,397.1481042795081,320.41394798278094
76.0195609876235,119.71682481351753,256.04545589279974,164.65076330631294,284.8230969850871,210.4398683611699,312.269413998864,262.69923196445694
62.93407944059528,136.38593070087157,149.90571665264608,230.65219474871563,160.4732682183902,249.84309643076818,202.41506536508112,335.96138694759264
109.21090783691133,16.164515430214163,154.731294808515,121.13649510740406,230.63226693180522,208.61823236140958,258.08768752519205,338.0259707301974
48.57016555036951,122.53580765681156,142.49113625413952,187.58431009820183,193.4454163155329,212.58034416714352,194.97099198224018,275.3723748108635
161.50479917812328,163.90306315907412,222.71582060387584,210.1337465068786,300.1090049455707,265.8424868048794,350.5027367138878,391.37885925574693
99.47570256525047,145.23313839146704,239.34737334940084,183.3098252577603,248.68149587405915,210.2275584233419,353.96364358863707,252.65171091288312
64.57201247031774,124.20715623494857,132.36239206407558,184.40211530545312,171.90716754516652,235.98924427426763,189.59538543052457,274.35087040204826
110.32397062405495,93.73110503561568,134.69119110820017,101.17163024214246,183.50520794432256,218.765645275686,335.87326199355914,379.4464361256478
156.3881964242653,294.6303982085299,239.04873301156414,294.7618175795955,294.85471438504777,317.2768377799474,296.0076985810087,396.3095515502291
139.42888124406863,142.14578648279303,164.00532217838176,267.72918086425875,188.9923806588326,324.2788260898211,209.91108550021886,366.1614630290046
151.48362951863828,310.6901446647211,310.5139647070721,329.4251582149567,318.534012040389,486.9478507681782,330.1360392607401,511.2508019177737
71.1250181444566,139.22931971936654,124.07625039545096,283.2738116109416,172.21311105289834,297.2265120181339,292.5820759915328,339.3269781404034
209.38029892868494,186.45966531573825,219.46443983442074,285.37012970049534,261.07603843594745,286.6526453873764,279.2200140538462,296.9311977309378
76.79342048086194,58.22551600636325,187.90087293409934,80.77645992500612,213.0486722323193,236.1578491713434,278.6040897134842,295.32202367049933
77.21710102000715,194.76487373382662,180.99167050810124,214.23440870059056,297.27670879441445,226.4596963439426,354.02644961459833,244.39594072168407
117.86390172719362,75.64425763181936,148.247081284652,209.43014821536116,279.13407707223183,247.14628917690024,291.63252606585837,251.49849855443208
115.03432255219303,149.32788856850323,233.534200313953,235.81054137678137,246.4040836983002,437.03171625464637,292.69679293262647,459.71608582560094
116.12897771526748,140.71075645871665,125.3333883576067,141.17170071971432,204.69455926105053,219.55514663925993,219.79298317287405,249.6804587473334
119.54070537960212,276.12262204471796,197.3000148509005,310.823147210007,212.59136536451712,367.4544546344242,217.3918970089801,378.1082476638156
119.51515672595235,98.82705463706921,221.32040141213506,171.62766395938502,226.7942775042719,243.86718614952005,285.5706872254323,321.1728481688151
205.0881544389055,151.70992560884213,456.92469343061003,180.33747963963717,547.3452071729685,208.79191906337,578.9811650334708,267.4106239605077
87.06180496643043,72.38509550593886,162.62351369927228,130.2369383162651,225.97509490009892,207.79589926808677,270.5784262675136,292.39403914144873
46.69189681641068,293.20012780056487,202.6423280804994,313.3351270253377,225.97509490009892,365.9969008840481,253.9097742877483,375.6266533299825
28.938638944917283,38.777519776227344,277.9616588160211,69.94081371289437,432.79031496236513,179.90269603346178,571.4801883752853,203.61878381402434
485.89038003045385,267.9864567655738,781.3122082124928,323.8558036890513,831.274421728788,358.9108533614239,887.404317665701,372.835955351369
189.59006770924913,95.04375973892107,235.8229723717919,517.8629833879236,256.40509372468273,554.9776734068342,291.0959834554506,584.1776237060179
154.83761670740083,123.37423028664612,190.03506341229476,227.3106482615025,252.8490745107606,299.2934584832336,369.23183230738965,313.5608172463209
37.5812832695318,180.84310307389126,58.53156561949269,194.50030401955703,76.40545968074854,208.03349924022314,125.18610648966694,252.6659240364738
79.15098620692055,210.49165817504957,116.65953859154416,245.23876112671877,175.68421515920994,303.72654901937216,188.9653511679853,315.61279082434606
199.57090315983905,221.84178673066683,340.3733398921979,319.43406101749645,395.1765039872391,417.9168264653389,424.82027840736083,450.8896795321099
262.6523434627108,241.8606459514243,291.95865914231126,313.9061707505474,331.1807019050773,328.0169619040686,368.855019459859,331.4932024894848
178.94084414889835,225.2150581765877,179.19495392292083,249.85215420064907,184.58334305323476,316.1396836701516,254.82557168011118,403.82976649555275
192.5472898579057,79.73750805139642,255.30274773420282,249.66128021293915,346.08959063740457,314.7577303416506,348.0230182826849,395.80746615794857
85.60291371322339,103.05255060185054,415.99263282911875,189.6880062203513,428.46181320840515,230.65219474871563,481.23111204380126,260.12065851516275
76.96347067444889,90.2498943648351,105.03378777561083,141.210147541166,147.48973336358935,208.03174726874647,166.50607954038924,235.40838102792424
90.65296357411637,153.30924326829867,153.10158536868042,283.79253615952166,328.29887376350905,325.32351774416566,415.8665187413198,412.13378987579244
147.18578539317787,181.67837541962462,148.3049624051751,224.15699128954546,155.126206046387,234.0368100699216,249.5858204208145,352.37114298396307
138.33338355655897,173.887596638306,145.22880669036613,294.26151842280206,169.77962557642755,316.60286112827873,180.15958219187058,359.53117876845135
157.70545737246823,120.06465302217566,224.17472516774697,139.09887018434966,358.3409023489072,238.31592240780296,481.6160893072973,268.9656161311205
91.54580952161075,68.29462364249464,248.68149587405915,145.25703537274472,305.48205384780107,213.0726453477639,424.89889543391376,233.26886465362628
187.47625142695452,82.24618764917027,198.55458022343285,110.26224867304978,377.849676098838,157.1914944935165,390.7791373936335,324.1315062595829
198.14218014175808,120.99870319337974,222.0008836409954,343.0771603954697,223.8167802618098,460.74596580196544,238.24953329852823,479.8222688702622
29.700737270783065,123.83698746402673,193.45535271590435,192.85387467795852,211.38747171622705,279.97148896678675,225.49447294768513,366.2033351415868
85.20468357356216,62.80858147051013,183.28988537236918,136.80604255406192,231.24971109717808,188.36916000728198,234.34941064793477,350.50230787090925
83.54791676601123,198.84264596460085,186.8855863383766,335.19722396633284,311.6846833187685,365.25361838851995,324.1920055157445,398.5871227578893
29.8215063222774,295.85572910862084,274.8220057543095,337.2001639698909,497.7084951417236,405.708910498871,590.3988166944604,484.1513637338584
147.63090954019725,188.02232391947666,148.5630708836449,213.13456275240102,175.11967146847667,258.0647335558605,194.38400380200778,433.3376092263749
29.8215063222774,201.28553749118524,256.2719999864191,202.35374056129436,494.23975776291655,210.6695935456285,618.3033703153471,264.75829967363285
32.058558282428784,160.9176945312401,50.699053673762855,162.19492640406312,99.57377618253477,180.6415686769271,116.33423170163829,199.50426619920515
174.62233180209853,87.50744884177237,206.82139721415166,152.77246835772678,250.92506110128178,166.9636458945456,323.3670603435039,201.5899541981089
126.63262601806422,85.61134286694089,151.2618074707104,173.39771895011876,186.56675015062046,218.74984033815912,218.38072402657986,275.8800406864245
291.22960739883627,169.58222305352655,360.32325995814176,240.9504033289699,407.53672960177283,328.5457132621682,439.8333963411136,338.87845184796373
146.46712025084577,306.39443181419955,166.087042786142,490.8996195773551,177.09083153127003,494.6229404188542,374.2450346853471,505.93776805245733
356.75611159787854,75.14652026038958,357.01433894499587,76.74832349667727,440.01058575742894,118.5144818333544,461.4804291336578,230.98474891788487
480.65719452483006,21.70515222811246,493.53121513465493,129.4065854390939,587.5153460638861,236.71521038083785,616.5778827916339,298.7031715174107
98.53222065490637,249.04346864998078,99.88166205327975,322.1495753978922,101.87871214341254,397.5831071427551,141.17655642989254,401.071247807602
250.9660943319174,341.65576848760116,277.52404743249235,349.9496690436754,278.19979797514475,358.1177946540062,286.6299268669337,370.5950977582654
63.19666781477843,254.96764028256084,113.72022624723951,285.59115412941503,255.32250917102675,340.9139118977156,305.4866724917999,361.09966139601374
31.946208752085866,279.36653092843756,201.04120511673818,286.30334177351136,238.9020166725798,308.3066440718017,259.73723133768505,422.22623805606077
73.82595072311167,146.47438327633137,214.0302868805981,248.23618738369908,269.20336703603704,262.2771795547754,285.6438392382472,330.5822450960481
223.36723908583465,49.11719398236258,287.7780159321874,145.03019975050222,396.7942492510999,262.76424666666946,461.6430226221988,313.85483114944833
254.54241474297908,34.25011100272767,353.73096905742165,143.8345552357386,361.22041439340956,238.21570696477835,379.2538228478633,323.0734406936708
290.6755569266927,173.10234136405688,348.489168828825,188.20072312956742,350.4399107779464,222.09914247173995,371.1352999250037,229.92372276514484
115.95886173785799,165.8274049470788,130.59614466651314,288.3308453816082,167.92795105579333,357.10678509764904,170.75025369952735,400.4914585791304
48.54577952543757,303.38433524949875,152.6582366759799,350.6087389826983,160.04744241693493,384.46418387234155,217.6481968058519,399.47359106089635
31.946208752085866,171.33356454237244,203.60864300849406,310.31581752669365,270.7731187490661,370.40301142296795,289.42153111831806,399.6669095039196
184.31481749907857,30.076518690029673,193.7808152877286,111.96394735698053,205.48336591599286,196.50103185941722,297.4554984227657,305.3200864085168
89.17745109840877,182.27042387598323,199.3918466696598,241.85195516205715,257.16896397291396,361.21641975012324,325.6220798227553,420.7843159495638
138.91584434058691,84.70509865567028,142.07091183021342,256.692624904166,172.81308369349625,296.2191101697074,290.86222473666066,346.6395672905021
154.57855773796146,51.027412188813265,197.7947241268305,266.4094439516005,407.00966070162735,356.60535322708296,415.8544051172512,558.0327140906583
213.2212507934943,271.2946495948359,343.13337679456197,314.9518011864036,358.3337347193065,329.0988104150012,469.07254116806763,367.0273893664457
68.60198671384484,28.26357201443081,198.8888297739038,200.92626965978317,209.97609355198983,208.69676764101095,515.9960161644382,306.7447242589145
98.13865177925554,111.18851719698688,107.33382988218347,221.40276270804804,170.64475853752057,311.4295594134596,198.23941380612968,351.5986062713921
32.351359420977076,310.22910280489197,163.88127147825472,380.725031233463,223.14786411914312,434.57774629403866,228.83893015423425,446.4713283623573
96.6924613248686,112.41382157685011,113.77918541891152,175.3220069954483,170.5408974374241,291.0429102465742,200.25064562461216,291.5421497107443
190.58803880255192,63.16737184984682,225.1891997076804,156.57316114304302,264.2856054562684,252.74734891956544,304.3292022151208,387.2814527007151
164.92677406527145,61.98224987366327,182.95448961960815,158.94550053100977,193.45535271590435,229.08880635367234,208.38786399711884,247.57872522182632
132.12514481448906,137.01743979345582,179.34855208237937,141.14940369565937,227.8959376979621,198.470277261264,335.77340546477814,205.07293619412513
189.76324240803729,161.6506995167459,225.66594486242437,237.23404221028804,285.58429391791503,237.38934905710852,293.05940385864113,295.29516413157324
284.46426864349905,94.32683516524251,287.8168785583745,134.87254135657045,345.90676579861895,179.55184431534266,348.1749525317934,257.16178311139936
502.71405836320093,204.38642196648846,630.6670367395398,283.0163855276668,666.4911401242936,306.51216452800236,680.4793474438351,416.2279383215793
127.1526406506016,128.2369265999335,163.26276342436208,175.1187359861261,323.56156390625637,211.47986039495308,347.9271370122826,226.14541484477436
155.88837015560335,93.71273604731553,167.0351591695229,168.97135181424616,258.3654285603361,173.36644148150398,269.30786032079226,323.31254128725294
279.56952602184873,274.2335101836472,292.747013347992,283.2064200130175,295.0489622206743,363.7101229211193,325.8721670111813,390.61572468457746
125.81942404824636,72.4954544291777,148.87880392298285,209.09995295635875,158.10909082731206,384.1996806912148,228.2336631011016,445.26915201214746
159.34483650960127,257.3270553164644,301.17778729159784,306.56856602041864,440.25784903310154,331.1045683838576,445.07993280599214,356.10401891892
190.22956754243424,196.36542402679717,304.1216047772255,244.13845092463558,389.7119598939681,273.60890417283207,493.6610036570064,308.36124270507116
30.360602577219193,109.37112787243825,161.27748614916248,189.37955594601058,166.1534687023386,340.51425865761735,198.20030311316816,353.39034108711013
164.88881785327575,49.30177904842921,174.87482834220418,168.5088882379185,210.0826496441047,277.4151030731874,225.31602177812235,282.67732195628673
437.16532679651607,120.12482031266448,472.889399643367,304.31250935578606,519.6060923808881,319.9486764720762,578.1346262538779,341.67812710839013
323.1889590383148,48.52881283143033,344.6978561721538,137.8380587207701,352.4146947315729,189.24781229105625,354.12199505622846,257.80387707476063
182.7276830621716,35.9659699295771,185.79099369868607,141.61271771459693,187.0596924441651,195.11194326576697,188.23150955681683,346.7889768309944
92.92485962069289,39.07524710912468,119.48287657924607,245.30066273520046,165.86972917590256,252.80001019076397,292.40849722396615,286.29094735197634
85.11632855334489,259.00148437372684,93.69177146016614,262.75852319444675,207.15327857858938,288.89534456467885,233.5849142073008,309.6260528392014
177.15354046917724,62.755691281219434,307.8362375573367,213.7194507947343,343.94941634956876,257.7064056955987,351.4350164407783,284.1630325915754
100.10101465102252,109.59981886342595,116.89915276503716,176.3790396938818,132.1286217138987,336.0872044252676,450.69003548558493,355.37865255902204
144.48167541767538,100.58993741526729,167.0043720297134,152.56043360097271,224.07530773480167,278.4833142564057,254.6476679033467,280.39496462377883
198.71855558644387,133.90257682503085,261.79969609224554,183.02719767891628,270.2339018693348,223.85347123015157,280.7156001818227,310.7379832182461
224.96610601492188,190.74969201073648,226.7942775042719,192.6147205066129,238.16106158885103,215.4795222779339,301.796888911123,219.00499859026806
247.42218444694657,121.58637548751875,266.77424448264253,228.12737411441552,316.150073731024,259.04009092474934,354.43758967262636,361.14508305586844
178.66387328963472,154.93726154880005,256.8109268820874,187.49366547689672,375.900112730536,237.67654547037884,376.1944792891461,368.0883275283785
127.42371572006175,209.62090883450355,194.71981806269795,257.52012373931365,270.1776458388513,277.84916873174893,270.6986941906646,277.95495691120504
50.35860118525543,194.46739095706334,177.9265654453459,231.2431654353206,210.40026489590048,244.12156985838183,240.19158881215682,330.86523958734057
224.45866689948764,120.10555899922713,231.45945141013982,129.81390271073818,241.69095502385096,159.99351807944964,251.87593895573667,188.44850084765267
160.26404304861208,245.4289325116627,401.75661918571706,400.304993103917,475.05030141451925,422.3345956010875,501.1085866167856,498.69552006500334
46.15629327550429,145.84407724671047,291.6742418591248,177.215476557422,333.05583248866145,219.88039604973042,351.9500115013885,262.71742398327126
97.15620605381763,37.76798432570174,160.83651452666766,187.89297981945845,196.40173346135634,195.45403604129743,224.581297661721,221.0486456844825
390.1661930821036,412.9593876955868,412.9624002364703,425.9310088725583,652.2065447764498,442.4110446464811,714.6699374618817,476.2744044194255
99.14161633907399,90.95692212318117,163.16744750176525,215.7819992708898,354.8223754541703,303.6228756247795,404.4730876565217,324.79411957031897
172.83982977643694,79.30349780882219,185.55830779185752,96.47079842979377,237.40375029854786,114.82145529803171,285.7348346717219,228.23464313506312
156.1092979598926,52.13858823419712,323.52936373230295,161.32856420414484,335.30212186872956,252.49563409563962,344.589966885642,262.33345359891774
152.0219780113909,148.13500470430205,295.14636483157244,149.4917218767658,315.1770807776167,174.6930348912547,321.6151673537842,341.29300088449514
120.2936845222253,12.296563825501364,144.68538835921314,77.66554536691217,162.4407384434504,125.8911253290976,229.8880248730239,215.3453455703179
74.35271380725631,93.19074308223648,121.26827639183574,222.30140622700804,231.02927308335097,234.86526163859,296.037557383174,321.6960794892865
33.0975689423441,103.83240645415223,65.96304139752719,252.02927297213543,151.10976975846586,327.4517922716554,222.14047835361418,337.1050473541027
337.56185199430837,194.77050349948715,438.35856260317445,308.1023266383084,578.5976786643748,309.91629750364564,582.9268298859756,324.46494939289425
166.5523260222917,212.30501822789478,177.36071840330183,233.57090827098125,184.9741989859394,237.73200857920438,201.24365004880624,346.7257829345785
248.03161952739197,103.17508920307796,257.1862828396972,151.77044938529565,442.2593289523632,179.93251445964796,533.2022900904385,192.00180801298325
211.54407835424524,35.9659699295771,302.4746976016296,115.10166643472506,311.6462116554597,204.93566146576697,318.4048178701569,334.6049434209356
151.8685765917648,98.71265152503967,191.51447479044262,107.2842462641558,256.7369147307899,188.62709253872092,330.4754660622875,207.1142818271323
227.20131939998546,149.69325300075775,228.02215290352905,174.1823032566134,257.5009743863835,270.37192188788373,261.6917953041549,326.83687355840505
233.68836592830837,43.26886090505228,249.71826671141605,170.20537975763563,315.07273276054656,230.92270875442293,367.1347843996249,354.32983051335555
146.96082477131063,129.4899198016029,190.5076640246504,152.3698776049397,238.6080212288062,194.31457676685855,271.3473289566653,237.41321990682283
96.7662321406297,154.5916160989294,212.43539835987565,206.47147283938193,262.45143955204253,240.5326056667556,296.73344238491575,251.79813734775846
47.810960259791926,56.45357858924816,174.38365476167968,83.38980143902128,180.671519608072,260.10463344276303,197.99203582320072,271.09089257070553
94.89506545886806,34.663432047559866,192.409998697211,150.4814064418558,247.9996400196145,152.1197248841162,256.35712319884146,217.91690778391384
66.04487434816939,63.620122451894964,171.07317905298518,210.7550560186067,195.59008996927724,352.093586926305,245.07201346377664,449.46030208038314
69.51925796593864,132.7873453762968,131.1598108985791,284.4922232693095,276.03914097338526,365.5704083121875,301.4252990211985,398.74302798319127
87.14809760218188,169.9048241701633,121.02776932550935,249.26269026202823,251.52601248834569,334.4769682245022,441.98806428523665,355.91026873643756
183.8133466696095,95.00802719710927,351.29065823594607,155.0926612276831,366.51493265648355,167.09986575070866,396.8183710861932,204.9648343319922
73.80463535532861,145.9487899944407,180.71965517261253,214.97906483370684,183.02281905854483,282.77367832307647,216.2395750800553,288.11307032776955
124.21449029406232,153.405049239142,219.84838300001533,332.95915221561313,259.8483684885216,335.19722396633284,273.617840543312,416.09069338631167
93.23764177558743,194.7766327624182,144.79256470549612,201.5093667110966,169.63508256835456,245.77668334425792,198.85005937925914,283.7143078436072
127.70750184233952,188.82550387033143,220.76705847816538,211.27492259559656,223.1020211877898,228.59940575585097,437.1937049479512,304.931699816681
224.0880481191814,434.2075819222261,284.0210941164775,467.56083575471376,311.5238067266446,538.6233440747006,342.99994978908325,610.0975176751284
56.22130924706442,157.65292448152653,173.73631525943986,374.80985663579014,196.11975989216998,392.86079162339496,223.80445067770856,405.1163637447854
71.60988263702677,86.48912921581368,134.07183328742482,254.32732633059683,152.95722032106642,308.1331742450911,300.1595127694787,329.73659424058064
69.91087551889304,286.86100776860616,96.67633446891196,318.0218370834217,137.08781009421918,319.8262968028822,160.6295208286109,432.61255050317396
184.68869821044382,94.0399216128897,195.0897084897332,370.3225443309558,211.91694484662298,384.18858906293275,276.48399478085656,397.3340355213547
134.36387040966554,114.63958977455239,288.40550045510645,127.14200726651941,288.7160873503503,147.0242254119735,455.5601876466372,165.97484895980807
157.47299656737718,232.21442980688903,166.6419133878288,285.12185141802684,226.78553284047592,289.16306728846115,252.05942317764982,337.33345159519706
137.02317688067774,114.75568831649036,147.07561215106037,138.9685742650515,265.7369176507186,149.85382387255487,290.6584704904761,233.855771614237
96.41821905759818,84.7941425508272,229.30115974787637,106.66756987884906,334.4638981970589,175.61028261956383,365.5048043514447,354.9507900374613
212.49546445656435,210.3881146677268,260.2738462502896,303.5606637221624,345.6129402401483,469.6481405421304,363.61717197475923,595.6830419087232
314.4981844914644,99.35798853237402,325.3342925045608,292.60898505630723,360.6686122899871,384.6864209846629,463.86990762435306,427.42301838888756
244.1503478577937,150.33405789929105,264.65229622138384,169.30040507009335,303.7835720367723,239.9784463732285,347.1087122374721,256.689709897883
136.92459804738405,109.06554529235804,151.2618074707104,167.03730962390827,156.8131865433998,202.6790158204753,232.15483985911652,256.1707292831024
148.39778146379365,151.98270317652407,175.7157584802691,246.59817197869683,194.53404318416761,323.6021518224382,372.6322155407033,338.09122416580107
69.09726555397826,48.8555190488455,96.28070410478664,83.1104536786527,141.27031608608544,471.2338178769913,193.93702047265194,519.1405818034603
83.66310227044184,399.7105184558399,120.23098372282655,513.3162721755651,253.3468085557969,590.1497135918924,293.63671902526016,605.6381532394537
63.157611398830355,197.12694775015706,71.74443796285864,261.7099314609767,186.43655177231807,309.94362663246517,213.93279406192025,386.3427008018277
185.2743547645718,86.59444391014912,201.57618126524565,236.5049187466779,215.83468788724355,241.11308155255585,320.3897049853287,260.46335409277447
314.6595650821365,112.92317463131769,377.3558100288238,238.2786940730947,426.12113546035414,260.4079118725451,496.45384056110237,269.23135041097476
153.98735170630593,193.31107538270078,236.60360918722554,231.56239018024806,239.12744117773605,247.1500484604787,267.3333868624681,292.19105966184344
43.75265829523352,254.66739163842226,166.35778273646767,255.9559442799542,181.74729631349814,490.2564221591694,190.25097534497837,535.882781829019
333.766205086183,116.72045634815878,346.18848270329516,141.2918992136337,362.90786862817697,153.50951170577645,390.5715538949459,249.6804587473334
89.33773133504592,118.9035780767079,92.77532018887547,381.399084375774,211.36398275798774,420.5359217427729,257.16896397291396,426.5939213707946
147.08543934344976,84.12118006323605,275.45025509405315,188.96082754325806,360.21508705763586,412.9593876955868,407.2571061904899,432.7068982505719
49.70024644147455,245.4289325116627,57.99453460730248,256.52565526540604,146.77660094646336,388.80814131147054,159.18504061155838,406.7841619523367
91.23179188148306,334.49161336180606,131.17236525762874,358.9947646794343,183.97019451593275,378.561095730476,186.88056545360652,409.4882282192004
71.94320987101341,123.47949693089319,180.7636712257569,134.87947394050758,337.43183325182287,227.0006718290203,361.6953522679595,249.10536381867718
219.53572993483078,198.4365959014809,222.40437949377417,317.39379828224094,308.48360133346154,405.8005211177193,358.34576033422337,416.06335999961783
173.2425628758947,168.45139063525409,195.40153555577342,240.43300599384034,197.68477256341342,255.633916272312,233.5849142073008,350.79780046035205
208.7730940451087,111.2424614760688,239.32165847943304,118.62984158210111,268.82774662090725,297.03166337954826,280.2743402014776,297.97261265995576
185.36491446473897,107.17748078886638,268.21422994228874,149.59454686412926,349.59799241529873,278.40633631536144,370.5965121957457,289.60611078893334
199.6518348637964,110.24011151643519,285.3680687986272,161.90923237935928,316.5910944923367,230.88218112353536,319.03035494086305,242.2261325748596
87.83186115811493,98.47494266505308,122.90982755798044,166.457841418588,172.28253256790526,192.3268253051187,230.55006645833464,211.7362280212206
41.8538223364359,132.7873453762968,121.53360022720415,232.81722751244826,137.43329237756018,341.44600251045466,153.66793889933524,363.33011939418617
100.41301480475505,220.88560109570275,160.689194807857,288.02771580845365,236.86919416868966,378.4442388597599,374.868654034934,399.04936007035883
132.70493550789135,138.68579242985092,170.94490076175822,191.24944714400493,233.8195968289094,236.47315059648446,277.47519743800996,240.6752281527518
150.56779101489744,35.77315438629988,302.8416606333309,196.86043649548535,307.33117544367667,528.0758806878293,333.29359212263176,638.0454337189166
108.82055517730542,123.13250987966215,289.48584487805255,176.19594002995564,349.8280239646353,201.03019801428,376.1870087182318,210.61574082702643
110.63611196221662,125.4724673380308,165.83339970538483,156.64938697986287,198.0337551301054,266.07541155476576,228.29432132937285,276.6682324288766
32.058558282428784,31.56548632708605,60.115562778397106,81.14472492763336,99.86719673906602,204.74901607343975,104.79271797760275,264.08389655918734
148.38772464935104,83.69221199416282,166.46815014681016,105.97124960702928,178.85160421607824,238.07588579051534,201.29545166351843,333.1480014874558
39.15438719200306,128.69754803401202,170.3883760053657,218.56777344332016,241.11020239894506,257.51564572500405,272.3370892488399,344.47436971763193
99.35417357344532,209.43612157163687,123.15290059145224,239.52021741497086,142.27116589407362,292.60072246277963,191.38833036808444,298.0112957634338
317.89622512186855,159.02874721169195,323.41091545973904,248.07472714146263,401.8564771925813,326.22027319101466,457.8206229861685,364.7625054350802
171.72473298808757,215.48837633344584,264.0276724205004,246.2724010062622,305.8484414479413,272.2720878603065,394.26841547664776,287.6207922148149
75.00631582526687,110.2121174554982,80.83356463024633,187.07862837452188,266.99509896366726,280.39496462377883,267.76540842456353,338.37018601633946
52.930962373621746,139.05729936710722,113.0300547002574,170.67411071324014,300.19385896091995,192.2573590346872,313.51423757223915,375.648214959156
237.5073596833398,188.60410246934356,256.7526053271725,219.33013241741608,257.8881981929666,277.2215464368889,314.26433497344544,282.8720395908757
203.94126448538324,206.03445623865412,283.39794851019195,288.62235483931045,326.40064064573465,291.8637861388351,457.3947888868248,326.63902539450316
45.99138391262811,34.37902230006788,73.46307937757818,187.3432343344611,88.96943440736227,320.49264312949146,113.64886436785439,327.4139486916825
72.69503333670629,129.3126043539939,159.393944587022,227.36453861556504,344.74565145503516,244.79734876539732,386.43976880278007,269.73636575188
138.01911771285097,51.43232209809173,206.2897460435371,137.75105575170474,264.22860263139137,262.6647549302523,265.61553736740507,272.6875086475509
119.16326335265593,240.05263760842865,233.719796863088,290.42939798809897,261.9914206666985,325.3037008719548,302.4501401475088,387.5331837186861
113.56775327886413,151.2580168633547,228.77107438275868,152.32889114036686,258.4293403087572,157.20736414004702,288.150993595338,159.661329201237
32.36629138299238,146.42080768025667,506.6329242458026,181.8046578339743,544.1595776334203,246.67079667891997,551.1220769865324,255.92808190054814
31.83525341401919,205.53068990760883,31.844731015196416,236.5645749487782,347.1136923661036,251.15121243250147,388.5866512701659,256.7023634999115
131.66500801787214,207.9974265040067,153.06876264512863,222.3855279499224,165.73825629462812,274.8873489478672,189.51858716690776,288.4607529393334
63.183122462148525,75.3608590238247,178.05234106778423,304.9282228307862,184.82918812183433,430.6087284826771,210.53167591262624,432.5444964144806
284.1001279487242,222.58312339831244,292.1805393574484,275.61466128833723,339.04561295483046,312.56226985760276,368.53202164488124,313.47333907305074
129.31629901975427,269.48827215658076,196.562849061339,299.97907369717035,226.56061842771274,366.0997919084049,281.38706439349244,394.6927668806786
47.292850848594846,84.70509865567028,69.86248745348712,211.88931295312406,117.02783433006022,321.4555519233762,141.39763462840514,324.8200123327353
83.52428948078139,106.12094079407495,109.2326817911136,303.98625304601734,143.93880754325636,347.7871864661586,303.855849596303,350.3296350743111
224.17472516774697,282.76582009045813,256.7806580985358,334.75035359386726,363.86129352266363,344.47436971763193,378.11481256171635,359.83291551747755
94.45068192260288,49.439364249322246,113.06385814569957,282.5540951943199,166.50607954038924,338.43947574160956,195.66471620260663,356.1157492157698
191.59976722924978,108.83842916406994,212.71572461116222,163.90638883657792,247.39224604626096,189.33147164854876,257.9204399010704,307.7500697553804
182.98354569763012,108.54827525221707,183.36886276228356,123.68843628013876,245.08442795596312,217.2944954827381,288.3628032242206,220.6718930468306
137.0678407220437,264.7965055978004,290.92232794986256,320.28907429986805,308.23669311477266,331.73433534472724,355.74395738423846,408.7486482409926
45.69261970083627,246.8710529651207,78.73531130100521,283.521446097622,131.904970411684,301.47605508648354,156.62821292357617,372.4742835647331
126.12117063879421,60.126561162736145,144.4432994879318,189.82010800389773,211.430428663597,215.1946839571498,256.9466336018382,215.31942893536586
177.4639989792046,109.92601809343236,228.3012397457919,226.5275870847253,368.1836337132392,291.399925468923,399.49541975783836,331.75908073285416
77.26404932989529,61.242843839140306,124.61729031014977,215.59203090742596,247.22723689076204,216.84886917081076,249.27148176604572,267.5148634386001
56.02509646301499,32.12936526143111,100.54466198329145,131.498276541636,155.28223787255752,174.96930998539693,190.99900971625934,255.92808190054814
167.83091269434263,57.729536108812106,307.4860567334571,148.13500470430205,365.0180283041326,269.36333765364725,387.4479003333022,276.42278463108147
38.63327940938892,47.89625391792215,83.48244495673826,121.73541846959407,174.45988462547732,214.91958095560523,180.11301815453885,242.12186911214414
128.16590321686803,262.6639104752483,173.65951948197554,304.2848949027019,251.70912756411894,327.69931730681367,293.55100804210184,356.462861815129
112.90144007361339,262.3772859051727,117.02429233485954,308.1684530046223,193.67968680929417,312.63031189542147,293.27943869893227,331.605660495227
144.55930078260695,255.9161376335569,160.03548168864504,266.6574785777492,209.01276226711647,309.01449418796545,269.6240628546947,317.7087868025099
171.01404501154195,174.36544667049915,196.9003158673011,321.20705256728166,210.25117136261895,446.5181473451213,293.472635695607,476.22042000625214
159.4754059055314,129.88429208159772,183.60053355235925,225.87722512306178,183.62386883656228,249.36328386207316,298.0239887726239,253.68587869702336
62.305943054875584,137.9054768287239,99.64041090395766,191.140693276235,120.03919641442167,215.43219707820938,154.26982568064284,283.6471286623232
114.20833044427378,131.52096191334164,201.07857621031548,176.13498854706484,249.80011120821553,203.78486132399286,266.7418779822784,244.239075306377
381.2496917360999,26.40991130518752,389.16637814105786,153.37856802685735,468.3519186532212,153.5135998208808,495.27151980830564,157.56066765665904
32.9853568260907,172.32885075689575,200.17420634754612,189.63578318356838,201.24375683754937,260.2782503096283,338.90421935560767,346.34740875268096
139.39043868887504,101.69684744571371,164.9551065553552,170.38465104163242,195.752188112697,197.43867757612273,241.55633851924964,210.49210364280853
143.9469449275123,170.64017181344346,269.8290587571249,183.18927159230302,318.58193284612776,219.40177012412957,392.8951917557564,262.60651449117734
221.24880834312864,288.87440139842715,225.6274559379575,490.72070063195736,325.1318317613186,531.3009038983179,334.12527880478586,548.1324193954802
263.5351410852598,183.4893496399867,275.4741149335052,298.64598394811037,365.6751087733422,340.28674949395634,393.74588300864815,392.96983202681093
227.55037027942993,169.25451731603428,336.1848686669492,252.28976468330168,412.5362685741282,343.90743131402326,462.02664979498513,361.24164098963763
121.18385432530927,121.86056311289755,138.57681371239806,145.041914478026,171.28252899876853,372.1408448636387,196.8681449262638,407.7926923473302
49.61334462541406,141.00855338481543,123.16043896341128,315.08178306968466,225.47685249994043,376.8504807050418,379.2475465319043,426.6857286202779
182.57626526949602,158.99348275516874,256.04545589279974,227.25484689831984,279.42852927845723,227.96010303201643,299.28787783819007,262.2771795547754
84.02200537193558,117.11521169077693,89.9523058395683,195.06967293181876,292.72533669091115,204.6239686718274,375.68102351466314,441.0259997509863
90.54787019293646,226.7506491198457,300.70556344948756,231.611553615772,329.9292911013593,293.4171342460986,336.9923428495507,304.931699816681
49.496763364719385,177.15900796486235,87.66306158311724,188.4043610546498,140.49403553757037,316.0692392647882,170.21037188668677,343.8961947818948
331.70969708998655,305.75785236781024,469.9437260621419,311.11850594568637,514.2768220584176,384.5458459598859,540.0732922627263,402.602793948375
44.43731111199329,43.87984802959902,250.3609631847686,91.75499125249354,344.5829174020688,212.58034416714352,507.53782101519596,265.47679109236554
70.40747666848593,83.65722899011718,155.76285400409284,118.72062792329272,386.0804295989784,196.7969453055793,452.67238672554,270.10122213965906
201.65500487026517,154.43839702355746,225.92024317167966,190.7285639505432,302.9765085472822,211.78222682432246,312.4993833699867,213.75181776093018
136.52339855632363,308.3066440718017,137.3095219675219,310.76504862795827,252.320413102758,399.83356851350544,300.2347733577135,449.27300122914465
256.47286469255397,187.84405711647042,256.92966411537924,341.27288845843225,288.40550045510645,390.26875735932225,335.3530603232705,399.25245249313184
223.63873582142196,108.37162520894972,239.28998065834583,248.7284847899833,312.38824214454405,259.8333706518542,407.83510504376306,300.34589393790844
46.641050692898396,242.4105228781598,110.48311953392033,300.74060366917547,272.20140937874623,303.77914621816916,404.0760301796276,350.7930935096399
114.05416684151501,225.22703289606207,242.95707326801792,289.55653608180774,306.464744656475,298.0196277203622,313.5845455372867,343.14803405278764
152.69747688118443,253.61849135635413,159.39520577914035,269.4016423772512,250.03965045088574,290.40222888568655,304.4674982948512,351.18680512005955
206.22956539661584,138.1292192520048,238.07078810069507,154.61521781661452,259.86299270577155,167.02407841218178,275.1483335305759,261.59641816524794
143.25712404600327,159.44056690228948,198.09348696766867,206.6153085868431,252.85405280714434,216.20506212036267,284.9320143197087,256.3129094156782
157.06710438311808,227.60304313580875,216.14247002762065,279.96780537039217,237.68765473141323,281.36239453070834,253.37027836993994,318.668267327501
82.01857857180234,44.73901773573928,141.0602458377012,259.03250923863146,171.02913135182212,391.2891916673895,189.1098560547569,398.30118561659344
248.7922405893928,99.58223388265537,286.4413514551024,123.81915446600978,312.02691223901115,176.83670759397177,316.3337848826595,233.88939122400345
282.88197670164607,217.4722258008664,299.5985068399937,279.37351577856276,307.7002251411239,301.9460966488875,332.3130429371819,319.92700820805493
116.88029315720138,157.41168705169667,336.6686673590034,215.31942893536586,348.1948318339645,258.01488088826505,373.1463966224868,263.16538180641083
108.59337189518615,190.23065072839324,243.81167967824072,234.01743893566103,262.793221187941,237.4797331754433,285.1931238062415,371.2451721616236
148.32554636502542,300.05824844102256,287.7621725268896,425.9230480223101,359.0969941901654,442.274462340085,483.08797211080093,536.8309966035822
153.04733685704812,101.84825072735731,176.34633043173469,127.08463119453963,231.24971109717808,245.47489116387686,237.90413005078827,247.96684559733862
74.8167590200446,166.05018999923982,107.63108441829928,218.52169487223398,194.94900624770725,283.0511120844481,283.9220723027159,344.474255211447
201.19007641240592,287.2362708038966,238.7930010049654,292.92083770718097,335.93918602627923,296.71452563280087,422.1282945551692,300.57619313999163
159.59282757814987,54.072378319186505,232.59543480682035,150.12454412393708,284.82335910979106,157.6523626980321,301.5807970160712,236.45178368647032
130.8975937002908,84.23205930598327,147.71108799253292,195.0343642131784,153.33932626357648,213.74223845004943,155.819703912904,245.33739163600669
79.78520999862427,9.554505559403834,106.06877267374583,173.55172472216228,205.22716416141702,180.24093447557544,287.92903042679995,184.61524437356547
163.08456890107044,210.7620910088509,245.0784781750604,217.86724969672352,289.6872672968141,278.7196384431621,300.02719868670965,358.76159264084635
105.90259341501385,341.0186104520081,150.87834953699982,349.53945093629136,200.06312513668095,439.8600569853332,228.5198708424701,451.2725057133039
86.59127726822328,173.3957869351056,96.60065861314717,178.29891525505488,139.71995797482856,219.4093973282815,158.0585005968191,258.6882817512053
92.3872753826329,167.97451606450252,115.3239537171024,199.26628620743867,128.78665064940378,276.53084942998674,342.73941565440134,324.8811364461753
31.29636953726447,108.41002268032763,183.37339619691417,230.98299738143544,210.23348522647916,271.4723157495159,217.39802205355662,323.8750672556372
67.02531616272587,109.38053327842643,128.49260547241167,203.35839862815394,200.645953680149,239.80027022893643,322.8114239914044,361.54975080294497
241.5390656166111,178.9054879967895,251.53135253779743,288.3866377720775,256.31792890969643,294.8464332824865,331.9169862300859,314.385951238667
163.59276854366252,117.60856882971221,237.10113624502367,154.57344864489028,272.94896667161584,308.1794646219313,340.3744301473493,322.3752136546132
181.77779689144492,130.7892215536949,217.44760315837522,326.3427758591351,267.0547654361186,328.72601976049515,288.167209266672,430.4766508920444
217.21172288535232,186.77953484435673,260.5212098368858,259.8730441289691,286.4280131235102,289.5841779795178,455.7729589178216,358.47175739743767
157.97027769469983,128.0619708319148,192.1712869025406,182.55762890880646,386.3592584600575,220.45649351488652,387.01999616669116,341.15426231430297
145.03945434601513,313.7923411457696,175.2787104400783,343.44192333097686,178.4183388318535,465.0694123461261,274.09836029056055,484.328500997093
94.39217767050218,197.34858712552875,212.0697733219433,284.0737832006182,254.6829922788847,373.8134034434869,341.5444940014225,381.5486664537462
91.54062116489672,185.50985354270438,162.26052426516014,283.44037933595155,162.5610524499646,326.6868826575219,231.00948545642444,381.55210986260323
149.90571665264608,235.35979584675002,153.06876264512863,240.58186152519397,170.13056412135577,270.04568427343935,196.9587799947234,345.49872612861213
111.05543848640278,92.72659646868787,211.87222243457487,269.7786814177472,285.24348763122885,299.64675901261137,312.94280848237446,345.8032887400521
102.16610674895256,198.12479184110208,139.39043868887504,236.77529310098032,207.67791558182458,342.64242748637986,239.0012229549186,362.49304594943396
112.17198437717754,74.84906612549321,132.5504484042306,83.65722899011718,167.1179230938753,200.17410242148296,193.8784741410419,265.46781026960673
225.6274559379575,63.91302773716214,281.0328490229433,200.78002581809713,297.7725577618801,236.41145220260316,310.74235071702793,238.41290474866378
73.59975498189047,152.49607561478228,93.87010054378803,175.3719180849207,227.98223754221237,206.46144481490902,367.1330697260087,256.98044690858427
196.9981181079761,214.88380561461682,318.37433815635745,233.20027362438836,399.3928764051649,251.9373453081337,403.6476878350004,316.26647342572846
73.28065483104932,260.7983708885452,161.04038542547354,350.7539965772862,250.53555027808991,469.9409641128552,262.82417586106965,476.8849979020051
192.31862709820624,274.43065941971133,245.46142078672648,304.8195930162917,270.15898435218077,333.18146380009915,283.87219378084865,401.33151683846046
138.1359612294441,87.401854993365,166.81094948799324,110.38979043202202,267.095668851143,144.6487857151216,272.1325793233506,247.69855738407415
172.8550450720156,110.52497092384027,238.95973339323356,129.04479902945945,239.81670629607856,183.02719767891628,285.8677620200584,241.1354151820667
236.96726557489652,242.93514970377,238.72741539895833,275.0768079862351,278.31746855984545,295.0642972668693,298.7450910055768,300.641814915887
123.98608544010541,199.52952440910485,334.374730564692,254.93859690690454,385.1298631807379,373.45690603767974,394.21161272325975,438.7657205705822
88.29307801868,18.77370208523739,182.0977320558816,153.32826875157116,192.01904180029075,173.55172472216228,238.24953329852823,182.5119331372921
139.28154982460518,100.0848391578686,156.49488726053946,151.2769344652793,256.755624763966,197.43867757612273,265.5194616475915,279.2179945548628
206.89930824587515,136.77652660382773,207.5197004080414,196.26620628461188,258.15810584518914,372.2263667633611,286.36073286906054,408.2270511607012
41.04225796082579,192.01735957330982,207.28900949328533,344.34140387122915,261.8256863795637,346.0835632680568,287.0708084240075,429.19887243989933
99.35417357344532,60.10825328569724,110.43762000524003,231.51778868273865,119.70509413032987,271.4276131135184,263.72405094616715,295.79352954425156
203.44028312352233,122.51300056040928,238.4646449115506,200.56866254682936,313.58672376475346,253.59421866610032,337.0786121403879,259.728513204157
204.5284318609869,210.63765263847782,206.84482483875252,234.79813247946177,255.59080516974785,235.31723798346613,265.9945162407293,388.3031886714029
65.66884379559522,232.75577483678583,124.89924047304099,347.17655855793885,217.3714201045928,360.8090402462057,239.87934590658458,428.5211421440668
50.384298936099945,32.42767306028692,111.15902421423625,113.09311158522091,172.42563839171535,132.98334828852225,288.46676022864494,133.99103146257403
153.83689604859663,132.50184832665073,175.80869005491732,152.78714552772757,187.94474263889728,215.24130827202328,203.22418871963708,385.4913018445708
82.8558324696178,127.38020334271296,321.09343597677235,136.36237733482375,327.9259529659999,177.82637557639808,355.89861319176214,184.67031907826262
85.20468357356216,67.51436615440407,176.34633043173469,175.57878360581765,197.9251112914078,189.75837088486077,235.6264757979091,276.96331811424704
140.00062031413785,45.753824074563305,168.9093795004175,87.44655798631679,249.5070401988336,161.99965350941443,313.333320860488,221.97274110006822
38.03795317913956,60.35128273880924,67.55551933497122,82.88527437301464,72.18234058472127,153.2506026782238,263.33800366456865,230.6384849892195
41.69998233757407,179.0030676274252,204.26892551896188,192.05123168023377,232.09939791366537,198.6629401736297,241.36718636949888,199.057044699795
180.4085897843167,208.7073513539669,387.2550023244602,274.3238509482201,400.9703050701727,364.58819155037577,445.08689335956353,370.6149861576923
40.91634978094257,90.44733665122035,88.18028214035654,123.49106611086063,113.64886436785439,147.41533382785605,148.8792219992757,270.4903409229011
249.8565051112125,238.65138643126508,337.1301332743542,244.95966049764522,344.25440848970624,255.40121651097303,470.83079650036245,273.583826709478
235.8366687133583,107.09142136181056,282.3198330252992,146.33000766064328,541.3286826397093,172.29120034134252,541.7511913809655,238.84641926899297
178.80174643222014,80.13759256355947,222.5603539468411,132.71048868054604,272.1371899980766,149.06664951357786,280.7049465590948,172.18213029338736
131.4268484259965,256.5756455329956,166.3017599362964,283.3965622630494,286.978540910511,313.50888534873945,333.19593502150633,350.7539965772862
359.26439654432625,88.5810172552324,472.2707909243651,136.25813138570328,540.0732922627263,139.54557468509378,690.7591613240512,204.90240062754742
100.2849293870325,117.32615873473085,221.42857848144857,117.39358018751594,294.48199060290284,133.33871494923326,357.7094653377054,207.40165018670436
88.78219669867156,241.72541607111992,167.51974700663973,322.1385902607479,260.43189737735474,517.6203798576815,283.42439738475014,570.9309263101743
137.02317688067774,1.576201581948285,184.60359365568385,184.23421821297939,197.49928801333448,218.59709285878142,331.77437209050083,284.34529134687443
74.8167590200446,30.909689912268085,96.87897799024532,273.7073704677218,120.41366817217272,377.9766349063358,240.01846106491345,414.6931656084925
100.13273271794236,26.80236986744166,113.29630734528585,47.61482535218339,183.99981969191893,201.1730022353869,311.23039414941803,254.06324025739605
74.13931275745652,111.2270009851535,105.16566326316517,204.38642196648846,132.45540746759835,300.9968184881843,250.9926351077104,399.9905786413718
154.9987651393713,52.09714148511052,174.79674796864427,85.69114248417475,220.206746868869,123.41027519009253,241.02145047804206,209.0566680408706
180.36747612249292,113.27217640589421,264.4562724163725,367.7778741076486,301.845484212963,396.0831649044769,352.2693401570519,465.7573506899484
61.701623623941806,201.24498338367303,286.2447161412367,270.18830814146077,319.47386612605493,273.5546495012784,325.2262985914503,285.87354882951036
183.35106556098003,123.51109916106843,287.7656254861523,161.19174728028293,291.0959834554506,216.81034647620822,313.6779015703018,234.46014173609177
221.64917387631118,178.02356784324436,522.3646425000896,253.2888461623867,524.3041426819768,280.9799276153332,545.3602477439342,334.53582744385767
65.37768642289124,101.06934473667252,65.8325957838565,156.5270746499192,220.38463979091225,265.6049872605607,244.44452073637365,284.1735675020655
75.26674698416991,59.95100024804497,187.7056647252711,118.41557331086918,190.26541380341723,125.16669928148889,213.59188556503884,135.59681065229037
336.89051658336757,206.89365380589433,339.759136072206,211.57352823408544,344.7195584888365,249.51250158604432,364.4784786365947,346.89816132262627
98.30812256490185,92.8656264022266,329.20477417506737,297.80001162688217,329.4787125564845,302.2746351789962,330.1570190149834,314.0057095209175
56.83203262486229,142.63661312351294,132.85756474967337,148.92690727726927,238.06081871606085,175.68104677284282,241.8161306925225,178.50703455008247
146.56662198978944,266.066235639938,169.0081303705002,277.6695094537912,279.720198604148,287.27148329549306,293.07313915060587,290.6641886513409
113.77557340968002,57.049661661029695,131.89076546440424,239.38151175593248,200.67296729028382,298.2926627919718,226.59008254213302,403.9910571953006
42.51671224051868,99.01359761288386,179.97690028376385,181.25751681514183,191.16282055708135,181.92896569590033,207.5352562700527,198.52171777041812
258.08768752519205,283.01222540107915,306.02060642624946,530.2931679844044,346.39498875623906,544.9655878634624,359.9332321828824,564.0988527697193
46.65505351490361,107.67368215151934,239.50478365870038,119.8354778682823,300.31741970314505,216.16909678654602,358.0845075815971,233.073017876416
206.26709295542184,316.4039732229229,210.6162661302331,332.71996023797624,313.0543340012838,484.4338015069086,337.2047377169748,588.9086811512038
23.36577001368102,264.1446168604867,38.86727479173692,311.987126500329,149.84623371618602,358.4325673007409,205.3457049535655,365.6881056512641
83.80470840797857,158.28148604323744,286.2037432373244,234.03263859816303,288.7350546123786,237.4797331754433,293.0072434466172,286.13610755956734
142.0303486555101,170.3993771457897,182.63666419268318,279.66459014288876,200.29299851779655,302.71957951154786,207.3735163121777,314.35670838759006
132.1113125298517,131.52096191334164,151.70069982521798,259.98086544034794,163.88127147825472,272.84584641197813,208.24201767811073,275.41940305199773
313.0867587353098,111.2270009851535,400.1038677956239,190.34499088663935,427.6850779190181,306.51216452800236,437.6507617554955,430.6782936378373
110.68288969387763,236.49897192206538,303.7835720367723,345.96469354186144,342.2569889994106,391.37885925574693,452.45127030940085,437.6305089208488
201.648992834552,152.78312819245414,224.0569297732415,208.04749634382804,233.5314183844576,226.45794490352935,276.4701379924279,296.9927990222116
153.70960480735891,130.65388600145363,172.7154833696255,192.42816172624907,195.85111522930572,201.25505033358593,202.3174180549054,253.26374491557098
112.2207461051597,66.55537491772773,186.85373516264266,113.25220225992545,225.18700618236682,165.7683270208609,251.71556419054593,168.6535421051453
125.31694808815874,268.75639516894165,160.18949650473965,324.2730056184382,251.32158860200317,412.56795000668575,316.3393076750805,441.225139678765
224.0175050181071,123.92177355508609,261.1696019289229,225.717478423871,299.25023274675755,234.86526163859,306.1400771626825,346.3807360140302
72.52334490111105,188.08506656205674,149.0747996496934,218.74984033815912,174.79674796864427,303.2604908159026,176.43740402946392,304.8195930162917
187.266520469807,121.17189567343021,206.14720741462415,245.22167442579604,294.1681752924904,335.6475713813059,409.3822487204989,342.10030742682267
93.41447161934911,132.06677078024705,153.78764639465166,195.17160490697128,229.64625963512853,272.6753589965395,433.49570723004484,283.8671963687885
298.0464939418235,105.43012044936819,336.7088995260317,274.8552407173699,532.544322879772,286.39709079757864,652.7087868056336,336.7713465542944
56.77890719060028,71.34298540791013,289.4333228680816,96.75543385080093,301.75524841350745,259.0238628163141,323.26707899548177,365.37479790239485
285.1931238062415,166.6928727051816,317.0520478069987,288.3308453816082,390.18644019000243,388.0838096105992,425.563991496615,431.17985694511947
141.5064773923566,47.75847378677802,218.01327436251714,158.5046394141653,218.83152907006695,234.4585381267992,324.3707977000648,240.60249181173546
282.30489780351076,213.14720903037443,288.86161869426303,246.41713608076026,306.02399031581183,265.870700973823,378.73622732099983,344.997541062928
55.02165823988437,101.77331409778952,126.431229793313,401.6150634708921,177.25608910007196,408.0230228489081,321.8631853038256,471.1836102218693
60.67708530091999,69.25830116326426,117.05638885522885,129.79682240866322,138.8784364323252,225.62888017046214,197.56142113969088,299.433804245463
114.22315373576268,75.64425763181936,229.85725847097214,202.11177149928068,336.5159900647394,250.25694784878712,353.25764121894946,250.6790014881563
126.64609199142268,120.86710746810829,330.1327327801848,134.54255346447238,333.8023430954805,194.78653806092927,385.00208071779485,323.4029779705085
146.91382746721413,197.21511029930556,275.1667626707104,283.1390764164434,304.847500818182,326.2906025821693,407.1556946818739,331.8390006316467
338.45072522370884,64.43697357814501,373.6985016801988,96.01993964431165,436.63426397257507,331.7660862124744,469.5185432373324,391.11753346057503
159.73863551424878,402.8215192631118,176.05814786132476,426.43718901479116,276.5211367618931,499.5372809386368,288.9438700607507,506.61254395934463
93.93286634194521,264.69859335261134,227.40544899087837,289.14938053476794,302.22130088706183,295.9942039129505,336.5241180493619,299.67160120014967
129.31288047520596,96.55891155392214,208.6314165246533,302.8240211409951,232.89898477363235,412.6414070612587,238.21418187436942,452.9454381395677
84.09722331421527,76.54746721626178,405.44942697785683,169.06333625032195,426.6909262190033,180.28057744326838,437.6157281589795,231.83873298800128
210.71278972259577,91.99379119334493,231.60524547276654,107.64336580741094,240.48404981330117,109.16306921438047,304.23336342325103,172.96490543801275
162.7380570692196,242.32489716749,216.86093078568396,258.80197027128014,257.4855662257596,282.1315547090035,270.49463681895554,290.6899119079308
145.19119869488844,288.4124980703106,228.7779108261661,306.90178874988305,275.0952397607352,336.37788369122154,292.7603995442358,362.9257020480052
196.72883886615023,280.3602293534701,211.46484827368394,295.77297794477835,223.16190598975948,427.21515717795876,274.74832462529145,441.48998117355075
219.2320408550568,137.15149726746972,250.7169846362768,300.6908936131233,264.56788578393923,330.12110381293945,348.9517907702818,365.87477939593487
190.8006965167035,24.15347006296895,266.18158325506204,92.234342087835,290.8606659331628,93.05920563935123,314.3766992667572,102.43959280975407
90.17993755634139,124.79379468024523,172.30460673857914,296.9709727692555,282.48826643279483,300.88216628124127,293.1607207287753,364.68594568980234
140.91276692435014,79.23610864996695,219.16293294481764,266.35897781697514,219.20952102151205,298.8135785382853,255.03643437849996,300.50506137080015
25.913799408254807,120.87249353259793,69.55733262427171,134.54255346447238,131.1798906231894,191.21249754792788,435.0143625248724,300.9874205981576
259.6991190252303,207.72321689590297,393.1206129695425,285.56885757382486,473.34501664845055,344.8793390792119,494.9200842477214,415.9419250551273
48.03318154528112,156.0204701222886,80.12161579918683,208.7074413137766,109.3272401131002,250.9978517440066,139.91166694659708,283.6568973275674
72.25040207973866,284.3950085238447,180.45548636962687,450.47107551080137,264.0658703207703,492.74330734529553,521.4374229653528,597.3696100552439
171.642771704837,57.8418893972769,262.227700408557,149.88142317002047,350.7856072914656,421.51702483521655,368.74962833438406,441.99104229545367
121.03573773287015,187.06902094398595,219.48642029790696,223.11336785129404,226.4892498938323,277.8094945123046,308.08998462071446,344.69005123084645
406.81919296302283,272.53064665407425,411.029616879211,275.3723748108635,591.3929645797223,290.9392170221687,775.215065659525,331.57753617237694
83.98333066959131,304.72086646862596,156.99784321096314,411.634494493503,196.96509973036774,426.7054551183665,199.1202606629328,439.71865604008383
198.40783631038516,155.71800917574288,279.02564301650295,181.29703373875444,302.4220128358595,282.2998583197546,309.82248735909013,338.15734560536083
124.07625039545096,107.49375151338411,168.92954824042656,119.39529954015717,186.95017543570182,191.09249218068447,198.5041555799983,253.37106211230426
64.07896374771633,54.77296647798884,115.79576474808073,410.0959273578894,160.39819839024932,434.89283164802407,192.48019070613688,493.7583750763299
114.22315373576268,77.01622565417979,192.08808219416125,296.2133412269974,256.93559936107204,334.7064724858033,330.68895540834603,368.750353204656
217.98579741948726,310.60666902871236,251.40916227491104,440.6049378140478,261.54884153776635,446.6399066979048,290.93184470795615,450.1092694835989
288.6200441097948,91.79909128815527,323.1749192946385,259.51613737416966,336.1893993488219,546.8894095262744,403.92353068178943,564.5404853120127
161.87377788400556,75.81364899188848,292.36033935079803,233.19172729718073,353.2895059222615,353.0893025309323,362.237160460809,401.0704425589706
49.36066928665137,186.2089767157822,219.0200457319935,422.33278953680895,342.41716491475626,438.8036174739147,363.8387663728454,441.3672138662017
144.95218044458727,162.58668874926485,276.6165714350102,216.49517092239196,369.4354483922483,347.5199310411229,519.1738550182839,377.45372714465304
60.83070758531498,249.1043692294993,76.6645716898215,279.36653092843756,78.56786699046239,310.76504862795827,157.53398174397617,345.6952088138459
202.54582212847944,125.74297147186144,284.0461431415526,139.2189348776075,295.7927524976106,235.8905071343108,410.8031449418973,287.94492826048844
120.97387958527314,107.17748078886638,181.59198596779936,182.4891343223478,205.22789928321833,244.07503658866187,310.3006067107543,340.4230740051143
127.31984156520456,212.06544991600936,145.4596192133185,222.8083912813921,319.75947277076756,234.4585381267992,325.0280905224079,246.60471908298123
49.18547680911653,149.5888741697463,265.8252279766708,170.1262866433838,283.2142691767569,186.99157185586643,343.44349219460423,197.990078243988
34.399457106705476,181.91646327111812,51.99762981395025,215.78184106497005,215.30665037030485,307.85719858036697,313.8748578126552,315.34399887658316
370.9474562513749,169.00062343884048,415.99263282911875,199.90286003338295,447.88990478647173,229.3731994153385,708.2243009149249,278.5982542070713
161.3204134438986,259.89190629267307,224.07014022052897,386.6250771791804,230.5760023690096,387.7818779620078,302.61700650547505,416.1412030312214
86.92478591492969,498.08844258282556,119.57995793689068,507.86302615373626,261.3980027537042,584.9702435874974,372.7390667686952,621.2297135919442
279.61424496066684,80.83811886291203,305.5618673081677,84.5536922330836,360.0383039396203,96.65579626711364,416.7547498462615,142.7419172935597
90.65296357411637,135.68173464672097,240.90487483364885,220.1983769745676,273.40155947007264,299.3241908114235,374.9748201298645,501.3121589393378
213.04582155742852,130.6975978179981,265.7755496978386,275.06228437907737,281.0962330446539,322.6415419530804,346.02814651178716,326.9781072022635
44.76160753943669,130.58514831729312,166.959166636386,131.5192155622654,227.4513558749712,337.3451052841018,266.85850543010827,401.2464124416484
76.7619127179738,43.26886090505228,86.25044612254352,192.53808140734802,309.0339655899893,210.7376448202146,322.296085052484,318.67977683771176
252.34354164048375,212.42452536726128,260.3624234161289,230.28569117708136,292.76919038194444,282.15276662871275,325.7593700569306,310.98063179166786
183.45480260658363,67.51436615440407,190.25097534497837,150.46191294449693,276.3061800117328,226.87485275585004,305.7364429562413,308.2875544022373
175.6291107564106,113.04206868159304,210.97345440163886,162.81683112924046,229.67076767756402,199.0697200740431,251.5145690419692,234.54994094439868
128.9046451402993,27.35468798286741,155.35600514709873,205.25386697228294,199.03942309066863,211.41353311067007,307.1639957858914,362.01147584315953
164.00418245593252,157.20736414004702,290.80419247399857,157.80113741726356,449.38745403784145,222.8083912813921,497.8219563857664,224.30443554575402
193.60051878287342,170.10997476537082,264.8860944420957,210.0626750985162,323.2793458994698,280.53295702780497,324.500395002174,312.7616042388642
131.83946934380657,176.3790396938818,140.30949128349184,274.60740620684334,150.65412632674227,361.78572707045777,233.3752923086307,391.8078048698054
78.21814860935896,254.66739163842226,120.89027277545111,403.45500248846196,199.95223310076375,405.7123593562394,216.65711529140242,413.8143898247451
216.69405123468644,53.05358420864195,251.73032632937486,185.46536652001473,354.6674088177605,204.0516627685682,366.83392239355885,248.27643792174032
39.85629098381348,139.42814312115064,339.759136072206,220.07481413485488,384.8929842766971,299.38008079780775,387.33959369913435,440.66575268456086
40.56371534080239,128.1553480156305,117.02783433006022,231.83873298800128,132.32929286352763,284.5975127365259,144.64173319656862,308.19103946479305
128.51497784990966,118.36432049832914,155.5653243244334,259.23646472422877,159.73863551424878,262.6862695083995,285.68965595306867,290.18698729260285
132.7348641527244,229.29573999523575,207.57513158034837,235.02874896859336,256.41818436994424,276.49462634526355,296.9329284626489,300.0497815682288
173.87166480389413,210.0399384847205,241.37140037076787,215.28515936972462,262.1523387349664,226.492464441677,298.5399627399975,237.01184478360156
74.06591189954885,61.251141180348846,104.5544194290821,213.13456275240102,256.1935629091672,355.8804678522121,292.205155859413,366.26816011634634
40.234258924631185,224.76456002893605,92.88924533369847,256.2167829520363,167.66151339191796,291.81549755479983,240.04083113696694,388.57235354026284
140.18233207671895,127.61757504577054,159.54472037771362,156.1334142827533,194.85274534290505,189.75800774163437,209.5223437962506,284.0706523184578
89.17745109840877,167.06469359169216,206.54655102456434,178.03607261722604,280.688460940265,208.51061280878142,285.2698863766639,389.62045841237034
69.73226648027124,280.580566537803,74.43399834671962,552.5076846082078,193.64104118177931,552.8907456567264,306.54091196675785,584.3305194638442
221.43634331542674,151.98270317652407,280.5058460983196,247.72389745625443,329.30876248805697,309.92162673459694,336.36582863759844,350.75252493714595
58.453941438093366,141.5004487809169,233.46137791834522,160.38612867730964,239.87934590658458,208.7074413137766,269.109502607088,250.74069116283349
105.43268012877401,116.38124055827869,170.26429472147996,138.25858397591279,193.0334112579715,169.30040507009335,291.3569544396188,234.1057362253828
124.3871798556386,117.60357363324357,183.16435734209526,252.72100543981176,218.47950529023544,258.6882817512053,259.28479181858455,375.89371171419367
58.19762802969957,136.77710057914504,277.75651024441635,185.42795628474022,333.3751983960684,187.7381630101576,334.8544810728699,247.69855738407415
32.11653205451194,82.22021465149233,68.56734438122322,204.0516627685682,156.45391503469324,233.5405506394774,180.08231595055088,254.6363944106452
36.55731744741197,175.61028261956383,357.3847683183572,198.49993876079213,373.4346019257847,211.07834077099554,476.8975915620888,283.0163855276668
115.1431306267357,217.04200290060186,153.3016816212299,276.16316771668903,202.91024174252928,276.88111538917667,202.99505047956848,337.86645272817
206.07541222878982,184.8246645916893,216.14247002762065,224.97009625778435,335.2491321654875,258.4299569851834,368.7344831845553,308.3673584242395
67.77735141741864,109.36878292924172,124.57488756494664,284.0916496481877,154.44443355243584,308.3860350036855,296.39988255979705,315.00999596483024
257.63698535351165,209.6519459139672,276.7908559574299,260.25913367223853,278.76063282982983,296.9808408051162,287.4148248351604,318.4309401770644
219.47831238942317,116.89270476691885,262.13705674466087,131.65139371226857,426.8522944836932,234.02490784443228,446.5868934574541,250.7710365503829
119.70509413032987,123.82567973010822,142.27116589407362,127.08463119453963,223.36081340943397,161.51643587985535,227.1443589368157,228.6794507773683
144.8836272793826,165.0252781777707,201.30239404266268,186.5613655701674,275.80388822887704,205.52404914893933,370.9431593703072,408.4408736840648
63.65846954816052,251.9285660092712,147.18578539317787,258.04591325396126,179.5467836982774,267.5966976633967,192.69486823288906,279.6219747428598
261.49757972554704,68.67187958931677,263.27745504218905,102.57684304595564,442.67651786037,107.8857289042824,468.7922104727118,141.51158123396556
194.05962651350947,65.95289483015524,301.07483169365247,136.69803080776697,710.6480018110618,195.04536024807078,778.0105164179087,237.38934905710852
122.80213664389082,42.01675002135582,193.8784741410419,153.0900797418324,204.12395150176528,160.78967088990495,227.4839702423947,208.73231648382477
79.78520999862427,43.529559342781916,185.80195938524633,145.02390960760664,235.54748781482195,215.75148121692632,323.3769153657389,215.9775960014752
40.20805135930084,130.7264329996397,213.79989054606372,150.70832743909838,215.11218939927411,185.0322603775102,224.74538988071424,242.1941453946496
189.6901103194822,143.307111036641,332.84685875122426,254.2503102291044,344.589350353077,278.4342308200216,358.1163079385654,336.68893019077564
48.97377363276904,94.17143466239611,149.5041872345066,211.04460430885592,150.3994698771635,233.72358585651747,182.77968936284316,237.25930578736612
111.60093768699907,44.73901773573928,199.70192403990472,242.83697934683448,237.11809976179907,373.7002267687527,289.7756096895843,408.15197100532515
161.55284970297106,160.69332429052685,176.304072485035,309.2485544274516,198.98272678404885,309.42294119305615,292.94586525837644,433.338779699799
173.61090492879478,291.3355007895806,182.0977320558816,441.2095708473117,222.0008836409954,469.3834842552817,249.9134932108351,508.7285827485605
89.50989013990073,235.73788603652974,117.86390172719362,273.93874334749137,282.83216248938095,385.1651158667158,321.45490386577154,406.0181655950492
223.3737261464046,77.59919487040715,249.97247584754808,252.79460965000152,265.8804651420412,280.0249106983293,286.53681048251764,379.83563555266517
107.33382988218347,24.15347006296895,159.77721320486734,83.02869687940323,174.37964510522482,96.04607012186091,232.87695539967217,114.83072994146812
195.6928538057622,216.31074887543488,241.15465465497584,242.8786749887381,319.7382862437491,322.4308590578591,339.22088160062657,433.8271051921347
37.48836027968617,23.51445762499707,138.98013553679743,222.61643513138463,161.33227680324634,223.3701037328387,170.93101660829478,254.13178291950078
130.75292250597636,245.54438584443247,141.40255977700863,299.8203444002751,178.63953293702568,403.47937026857323,189.94434865613232,465.01557803048513
107.726781422589,493.2563002422301,173.87166480389413,507.4892608440921,282.4668431297127,557.5951899265523,352.7663546866094,617.7122057112127
271.8429068818796,319.62087946066714,271.84322144474714,327.55391836166007,406.4310349464346,328.71856672158776,476.7469364590258,416.1759843485243
134.04605007890356,58.448342274437145,192.90478255470921,138.28284098692063,273.4431833742242,191.82902358036495,382.3936860910985,230.63171269084978
207.80569543847432,119.05594730698259,307.77994195988936,355.0110000917692,324.1430940959638,365.90046392121894,363.19686646847174,397.8959313391243
59.30309895892898,104.05886533353232,120.31163948040175,145.84985597017737,159.4830130444797,148.16050638476182,200.47777110310003,218.4958273165881
182.09357388379905,188.28034130500905,309.81574626647625,289.01722258328067,317.33724930307125,340.01475591969364,370.83542581316595,385.16371634111385
80.36289832613903,81.60564474108189,84.85330488446331,153.5412582973831,181.61813861022776,209.53781070602014,284.55408840821707,271.0842005815114
345.4573669073761,262.7510666487986,357.5380032124759,269.84370223467914,403.2717889608457,406.46742519226206,404.48780685732146,437.6379925462498
109.21933013474002,152.05599641357085,204.828363226454,393.4608576751606,227.3694814205361,457.08676619026505,372.75372342045563,495.07310208768985
75.26674698416991,101.17492701265493,186.79787039687253,190.93936767593152,212.7296852643394,209.68148729535352,226.19192373331325,290.0455385355426
276.70029062382315,98.82705463706921,422.4090309244399,228.7722246012857,436.2706666212875,251.67440779124018,468.2727943706523,339.7110788150077
232.47291689284827,75.17749752947122,242.1339290663918,150.1626035504602,267.20556630120694,298.9414318527618,271.22796843764957,407.47421321336566
31.83525341401919,158.9168348371326,61.678887378693155,172.23076416262242,363.229063008433,239.0784579258302,377.9735609378121,299.20851151927445
86.29574478158577,191.57219831328558,172.3311938964619,238.07588579051534,258.57312196574566,266.1671648355824,287.2794277838896,298.88830423981244
31.01202167402559,119.17134870981225,66.47955990054142,140.6739298902436,145.03945434601513,156.5270746499192,329.63191568553634,161.19174728028293
181.89170960360158,84.80657984222576,254.7558913044521,134.35396465103597,272.9096274633991,192.09367148339055,305.7851769642287,215.28705347928263
143.47608621780108,174.3536190591831,248.99449872780596,206.73549179105893,258.7995159423041,285.2968704102693,270.9695362894442,342.10030742682267
42.70373421183078,145.47122903036276,75.00706046658773,180.08774335895862,171.49134982800476,185.1376149306234,243.03973664412158,196.54559727623757
96.48442564234709,123.27065440589669,149.65418587068916,136.56652388803053,162.485867225794,150.55709736173378,209.57199278583883,342.61942277831236
216.88764953971616,223.72437953367293,536.6168835529969,322.6660000315281,663.422149197468,325.8287912954931,671.1794837150514,342.5634438804415
266.55412730422114,186.16182776740644,271.516931099559,247.28277606115813,273.61281767386924,311.06078723426475,320.31529364950666,365.6207808318237
66.63320046756672,335.56127487348897,83.4037148571587,343.22526430867043,249.5070401988336,383.30603370189596,273.2307441212989,389.9072348347871
192.7456842965728,298.4980313879656,224.94417507884154,312.00542916395517,256.0799938658977,325.9007237348284,301.1063197235621,333.8150313714595
37.88296257439529,115.13873192595973,195.08821364343294,162.03680474055778,295.9102380166846,169.33353109342193,318.87696540037126,244.0819909848103
178.52402578594493,109.09114009838208,442.6928247226769,203.9541328501339,448.55718241329834,217.7080177091024,472.5080736492181,221.73906989622185
280.91131086271747,116.46490753360526,338.1148308146045,174.36856191240722,372.9778705851354,235.91061697562606,387.65022474812633,319.7778822617414
138.17596951186346,158.81729013552788,221.52000042022374,200.34048141595466,248.13813162465667,272.52135305610824,257.2502924770294,349.79061727342554
111.75851805749588,138.5826819522575,161.33691944623644,247.9860668355941,188.9923806588326,249.16346123543522,270.874885182022,282.48763207456904
191.81667930237762,77.60544683719996,368.8253869934049,134.96033928368007,406.81919296302283,195.46466126242242,425.58610437386335,277.73747118036124
104.04150132997636,73.78204216417889,193.7808152877286,106.87537749489105,198.17061757304145,158.6249788958122,316.0463839821373,234.80501584773643
245.63674194236646,102.75643509204195,295.09695725043963,260.48643269865903,300.3542992760214,327.2900375876622,398.10433993734233,433.6785916877852
130.65817887830548,221.84178673066683,174.4119974086197,258.5256915948246,222.46776792980071,265.4979195082742,244.50485248809508,307.2971006946158
192.38727240486125,235.61247832640544,421.46759093868735,238.6270717721142,465.4812760032359,296.7076054508794,542.9259195830334,311.56564053288
56.02509646301499,45.88413559662638,90.79581934317189,144.41988476765465,102.92627422138072,174.67528478136603,135.01570089645477,257.96925366626795
96.41821905759818,42.50569376954714,316.51731393948893,45.93582721233214,319.14101960879555,203.0122469004575,387.0822657569756,226.97395734640529
79.46504079787978,63.2638049332951,279.0142310748089,173.07521784842322,292.81476046160867,184.1149300995784,341.3067693142506,227.92006702206976
29.495416883764605,185.98124296035243,105.97679946091719,257.568028721669,122.309363965089,284.49299728099805,129.0060209129182,360.731830404155
193.37485814467166,82.22021465149233,237.88655752047111,185.46536652001473,275.6564589940176,226.94425802272667,278.57482284151905,296.6886188990355
71.01298870890487,288.87440139842715,159.10696691189844,351.1148180317339,217.87792583752247,393.19626706921616,218.9665503754257,420.6026483730865
113.79814277727517,222.7226814064408,221.81293324291988,280.3602293534701,241.90769244640995,303.40492467255825,254.49961884027488,307.1159537582606
68.98605345489523,152.15018663847238,275.10055207954025,231.2131474229093,302.7930776607024,356.69786330124373,340.3290376041958,358.82480385836016
127.13736169163323,109.14264451499064,179.69480043948093,217.36670794147688,205.98219771037037,251.76488875634377,302.4501401475088,288.5457183420621
212.96050113850544,237.3633477336878,248.51968687499652,254.90843989507988,300.5774457692562,255.83185546261078,328.3620336807949,267.393229517944
98.19132159129934,167.10152660157678,213.21786457140422,214.46220125418523,326.66212705996713,246.04274785534577,341.963102961978,287.92985980953966
106.66907129670314,93.86708642958497,197.90329695555621,144.08044475418126,353.1865599636127,346.32933391508305,379.50904664053377,384.1996806912148
35.15548459481883,253.17511478593227,366.49118657579527,330.5822450960481,390.52864805697726,411.1892181946848,392.0406837618104,463.8750576380262
165.05562207837968,249.44567472052773,174.60712909636618,252.79460965000152,208.65692530096297,290.4710280228486,257.3571243516278,355.3773795384591
88.78219669867156,111.34335666886315,97.80147421853948,216.66933228250045,254.76831208631197,282.8474869664878,348.44235897074714,300.6273307329333
123.1739491130819,105.31308135993253,231.12585178119556,133.8306595847775,278.0704964387515,199.8793594644038,320.8958167211031,284.98610035998826
71.4352068076108,152.15018663847238,132.45540746759835,371.7966465420236,196.32082486168883,377.3319576202363,224.27778620718493,405.1511787960472
244.7358733001834,176.82881288657208,246.05094637975714,189.41495225021688,317.98903923277953,229.30332005205457,321.971141395993,304.8013249532056
317.3544985194273,116.15774067612698,370.9398483035304,234.21639140677712,395.50414505682335,301.0918509858598,511.3742317472889,442.5399535242189
41.49018019992144,104.15561262941911,57.29334002485695,149.5356086373823,136.5681668401313,292.89172516704406,169.77962557642755,324.85241587208765
105.56761180190483,110.7983577346077,112.93406156668618,124.98705188839281,190.35142626980394,178.06558652934282,408.4505919907071,238.998778840188
47.051935920396566,24.31790158839252,67.98899877014595,41.10404746966095,117.2926049618085,231.70342410755984,138.2867393250078,249.11791323508598
242.61817683494115,175.12849175232503,281.740513459462,246.68886620692754,293.8142475463537,334.9765726524203,311.9326932449383,347.27617883050186
26.729052733203226,173.46010777651026,224.09039663949886,227.0139938938207,232.09939791366537,327.66213908869446,261.6917953041549,336.4954540219768
380.64317072195684,213.73073344272052,484.99532472746375,282.8720395908757,547.7645134273953,329.9436019448102,567.3950257708683,432.2681217114167
96.9970076508942,242.1443982541563,123.7995803665099,245.22929676781737,340.0283413910367,332.97389884936877,398.77578999889045,333.9893849195805
26.729052733203226,275.0292112006634,209.52087635527798,304.9488695930126,241.36718636949888,337.3546009071027,257.5009743863835,384.27382350228083
54.97393788551826,195.1173710553387,248.51968687499652,378.18281546865074,370.90309812933225,453.5183140336097,421.00007516198843,464.83964367021804
114.39979608310912,42.40008716549629,180.0425862076462,186.54071035801664,455.1321328956965,304.02373328655653,474.0940419699194,319.22406600152186
83.66310227044184,177.50952155018973,201.32538783432895,244.8582222890474,212.29035478401323,360.5317415143278,233.67556770163375,377.3435242237037
163.33584918511363,318.01182681909927,200.90208463377658,353.009935177007,299.02946885935853,371.24203432373196,317.6447518082197,398.6462029823361
141.94662839507674,186.45966531573825,185.53093995083148,282.0903461280254,226.24628588849993,329.8337816803444,274.6697051822291,394.0847762667994
99.48135259983376,148.4898758554475,186.8294456511504,259.31923111782834,297.62315077808483,264.75829967363285,460.81257657391455,454.51106835905625
29.977878389944543,67.99102988505346,175.2979570582666,265.7661769845268,264.3098148434789,266.3022366191321,270.9860293494467,309.1709959393255
144.25403117711332,110.59822783884292,342.88570517050414,212.26077720904468,417.8489029032031,357.1009198320319,463.57077841383506,364.3335143392699
61.140175379431405,252.146294484598,88.13007204783366,257.5905711128119,214.2428017600457,260.8592145153408,261.26718453965975,315.32452911076894
125.82124711419493,146.1903562171167,126.39081810249168,151.71374018565962,180.7077258035539,241.1035951433535,200.7467949400563,252.09823329169876
142.45388445390267,17.232514594109226,273.59262191899506,217.78784616041293,294.48199060290284,248.53979833390858,332.85161853794807,326.10945536818497
208.655803973291,150.5091220512771,290.8637374795729,171.846477701237,305.5719114814131,187.23990158045285,334.8543554445984,298.97042475810173
122.10650867838797,178.76649800991552,178.47883174635706,284.49814605136663,294.5828595097827,383.46093688704974,378.0249750375313,415.5924572059678
205.50783127926783,187.47240237452627,307.0210791724347,221.68776911611275,351.428905269485,281.8876547258669,421.6566932740016,317.6462128209322
43.75265829523352,194.78653806092927,183.45480260658363,214.56667833597504,207.24262149823375,282.8943898105154,224.1962685515497,300.9874205981576
269.05478992797816,69.3460628606209,280.2473811596036,143.99981399299932,315.61328822385065,151.45991945101767,323.847239324746,210.06838677897736
260.9942823722397,163.50430155977557,290.55847481107816,388.9355117056306,321.121886868843,420.45780379010165,357.0829764801104,500.3576497646831
214.20181957598163,158.9207177850499,287.83688270710024,284.90925657516635,299.2099747165269,322.8649349607008,419.7269528197681,323.3342161438954
47.132423545016046,169.2147220652427,226.63978670354598,247.28085530454857,321.82017943623896,263.10277041223225,330.5076277971361,367.1633932440054
406.1429165517021,221.6101524450219,416.53257130334896,228.34503461854922,459.25386358251893,363.2529121538755,499.70691178787814,381.3648430554442
333.559199992253,38.55474619834982,334.1532685040418,59.78321995916886,355.1863293813239,169.57117023607873,356.6838497330601,285.84213697127177
141.23215538286564,214.80522401228404,243.3147210843015,263.36946304093954,283.4800222311104,315.3285154169104,296.0681952508652,336.3507053375929
205.6831656877395,51.89110599950955,250.92003613935418,206.06410221886537,326.557213512452,244.62720703861103,410.8686666125841,320.6614556998861
49.17464248227121,27.970239047102318,64.50605694471032,142.77220121591475,127.5084078041307,200.64403470338792,192.2135517245433,235.99357035288008
293.09935709212783,149.7447991422261,299.5532124424264,227.9894457238265,339.1428385774449,274.1445754878026,395.51898979118926,318.7843999460156
206.26948560051736,19.06607536386185,329.98132382968566,107.20238414123958,338.63852769822535,150.6413377979281,438.0388759775242,198.3709225353416
287.6884211242736,164.8538150772454,316.0861645792468,276.3306177740627,382.66353410456946,292.463066043871,393.6270246254616,361.49376542108536
146.98268047801824,89.18112275069605,228.37204076137297,139.81516504270013,271.7433271500359,159.28685321955444,301.99966263436784,293.69972916423507
121.85877013992778,92.32583244080566,128.5753413453577,305.9178752490601,161.65007019397578,324.9156507576008,171.65516159156246,338.7338492958443
32.53249380552696,126.0518346561543,225.38421396077092,239.53124275535436,325.20965319322454,332.79887181626384,381.1155623925676,389.34555337480583
120.82163897670169,173.84799930141284,282.29254607727654,190.83758667407727,334.7118752853229,241.38697256313753,345.4328239804512,250.09601903066437
31.48314625684224,182.53106280315993,294.35915599506563,281.5878029294468,446.3172575049696,297.6356121192405,499.6968447833702,384.0554713193914
114.51162706616783,154.4892436407757,274.19214450837933,161.5679418097381,279.09305849634137,329.52896577935303,308.1782867968474,367.8574531814349
65.63325919845728,163.58930993212365,142.55011953547898,209.06403203048657,219.82639817806856,249.91250293589536,270.44585960398973,253.61849135635413
168.92052034380882,107.29406965914058,230.9941754178217,202.13084095789378,312.7914167172926,337.38491275970426,361.9254358082306,374.81430380328146
156.05288198096346,142.62548294129022,311.91361289689513,173.07521784842322,326.5233491637261,174.68081097029545,395.62006334188425,212.43117639822506
32.351359420977076,82.20955861449568,151.70069982521798,248.1813479953746,216.55080062077627,290.8372084583711,235.03567973176825,357.0353669726821
127.77635843181437,146.11090094332448,197.43851527262277,188.96512621080078,273.0405358963801,204.58004743951992,304.3292022151208,254.91846577326515
150.17827919794044,203.23371632980795,240.5393086418215,243.45404558750022,261.829858075579,248.44412915388685,263.9678678748055,255.85859610892587
196.67877682439268,190.04857142160466,270.87414849633893,276.931828707139,275.3887668285553,292.35002939082796,350.7791761980841,297.8965864874819
184.2659467524047,29.524878289224013,202.8095523034447,74.86407076608938,251.73623565597217,171.5771972604465,276.5926967209917,172.18213029338736
108.13567163235533,41.669615121594305,169.4879525329776,156.5501577823813,191.51281769256488,291.51530781487736,198.51869405454593,293.90334174526
49.75294087780838,83.06117130276041,119.54345517610852,259.8333706518542,154.29257410413553,361.6489698324689,207.87310245727673,390.91352906536105
131.5702093320461,272.98365987276765,178.31819945878664,411.04340287104,215.27791943859216,567.2079048203591,350.631449084605,643.5415304239817
57.88770133119425,163.1948685795837,82.38455933532849,276.2726836671416,114.8527259565152,323.7603392834089,218.36382006186906,334.9017343087346
130.91759842958055,319.47089589008397,196.6945049260855,343.0270749403305,285.04935227351825,363.6085930809409,422.3784500683721,373.92597275296225
76.0195609876235,89.87660341855069,182.57626526949602,151.91364923045896,264.46768519373705,266.46051405875954,283.1399812206514,312.11999370858484
25.548322702778734,178.75253856037008,170.97981159520745,196.6585780025837,183.19760659701953,237.33054259010126,275.13344260768395,289.2087256548607
104.83731313489012,115.66474872405983,109.91148589133306,147.6572045428031,150.48318851931316,219.33630243543382,301.53662429833645,230.46991273745914
171.09171187330114,240.9627858169189,188.56233530534035,295.0388380062606,213.26678384509157,367.32416980281664,325.2495264846933,396.8297475637045
136.85309014327012,209.46484744756654,181.2250796617943,217.59704803750068,352.64046439182204,324.3495139894109,394.6746781542784,330.89797062532995
132.8973894747432,127.2774833739785,167.911809132705,136.79266735450608,258.55015105846036,181.49939584910646,293.53879396511144,201.47403535407327
120.82163897670169,97.2800026611782,161.48718663568826,147.8886444412646,215.61041946982394,208.79570382741213,359.8537889590768,264.0486270958779
141.2127281535401,189.7445571992339,218.7983562172316,193.22946847739158,255.89431988913367,216.83735892525468,259.26583620004624,291.5421497107443
211.10853575774752,160.40141075971363,273.07067231331183,224.50998006965997,371.17885555115964,241.2079942342206,372.7505509875407,290.3750745744208
220.2829201295069,32.93699299657474,372.9426864077613,55.306417299823835,382.2413123198319,194.9830154149441,395.61587713734394,265.93695386751557
45.149897200293076,98.39279615470609,174.01961631041456,177.35530948282104,241.90769244640995,182.3401941946927,245.73480538838092,225.7297438673958
116.1871045205941,147.0912972193789,153.05231516806262,267.17511724953147,296.1168582006176,288.78017837074486,329.5970529259544,359.32418009888147
162.7568033349688,98.97329837458223,189.34790442851812,130.26151910105253,189.7412557086066,142.26634881486433,338.63852769822535,158.10833381272482
61.21036692408329,66.00847220175301,219.388500134886,82.26712731927239,336.14457494554017,209.06403203048657,344.9803686096172,269.4016423772512
175.85179670652377,181.42171720097596,233.12043464227062,270.556667893694,261.3394802451036,280.49089570338504,265.66124118728334,293.20012780056487
110.9003952813552,169.9048241701633,138.3768290756265,369.4840068698722,227.29870995113367,374.1630500643857,235.9022144143047,374.98482699310193
105.16566326316517,41.32782098472917,153.8328296571738,69.86813061841286,224.27778620718493,163.59456408982237,249.99797891343198,405.1064836723298
92.02211484199444,101.34105314769332,136.49111960393066,123.13250987966215,160.22307009333932,194.81910042984376,317.4777006535442,282.43024839222056
287.8897739835989,180.92486736320654,354.20522285311387,237.73200857920438,369.6822295320391,272.6232663323123,378.8063231899292,384.30092580394086
200.87561971952908,183.3155980782561,407.60154757631307,283.49085940060894,413.2020201207776,316.3529971444696,497.8585250279664,324.6915814717006
97.68175947214999,284.0897340871835,158.0585005968191,286.6526453873764,222.85549728847099,309.5599237064546,246.3788864859772,329.8337816803444
161.24738563536582,41.68722100502541,345.73626771948994,237.60834230679222,381.2499412584995,328.57249036355904,424.30477965698645,335.14775761465256
205.11979574728485,41.32782098472917,222.15043411682854,104.47631473854197,223.75174687759343,178.84072392048193,391.5601416815652,394.75981845323344
40.621980561719354,240.10516555430138,75.8815527897702,309.35466914611703,110.98458207270036,315.2947317216455,129.43868974348885,372.4899033644397
75.90817235259955,169.61915025463676,234.5899880607814,228.73748630830949,282.116040706473,271.1214071017031,282.87781171636834,399.67243980759025
50.07248622352445,164.06096166445124,250.39626675693873,174.47722391761727,291.6008511452108,348.0683446442565,366.32147887528663,366.2121676126067
72.78771566270869,201.57415504611595,104.45881301116357,301.8240007618562,146.14064145228943,349.2161526063186,187.2149688455786,410.82797969895785
32.11653205451194,286.96605004031875,84.15464809791843,302.6566489012567,166.98331544528295,309.9518631835778,170.32655327842886,343.8606935434256
127.29135016204918,123.27065440589669,137.7485459481198,227.76473560331215,175.83796760212624,232.55529246322067,197.12621468979253,282.2331715197103
195.04668662507072,124.18656285448915,291.96011584545863,145.6905913664893,367.0617165816832,154.2073961614185,409.1037327315861,262.71742398327126
399.3914932961516,132.9981137002773,428.7634147982989,163.27022834704215,595.1466159022559,275.04670993277,600.871004137828,298.0196277203622
257.41694906972646,154.81904764398766,469.9250344310577,269.29489574396564,506.2070736936357,283.3020502782306,556.1085956172972,302.50023333426293
226.50834651350138,232.32546266687197,238.07881516449444,310.45180090870537,386.9229675218144,370.3302038631772,472.90626314901425,387.74290238349806
221.64917387631118,108.03853661279192,581.1388573724671,158.40630770623764,591.3429306839091,238.75012187134254,629.4790428635195,327.8942721507505
243.4145090321448,43.39396922138771,273.99882612898796,85.2989365102435,277.8225161908088,132.67985018726193,309.02175761892823,192.00180801298325
214.882401665394,54.73131785803114,224.0613075107153,260.92783248565905,248.08997207559915,362.76988862512593,249.17378009522346,432.69900963889955
29.805354610001846,198.82926079322417,145.71289937206785,226.37169367286816,174.75736875678754,361.3575097350847,209.08308420474043,374.282954461647
187.66366654984714,209.07303426787206,337.6229172603449,297.8918050629377,356.9865641543393,363.08402052272834,433.0910137557449,387.08607164717506
166.087042786142,146.98868492393117,287.3684801739654,277.5739034391716,303.71081496690266,385.3207262008485,455.18283433497686,394.2729261312231
96.90526410581161,93.45692277326287,255.6448514264036,105.95634547508271,266.3397865198004,114.3444630047485,276.02428533093644,156.88934958989026
211.0406150485307,56.946470023655756,211.9335725156072,90.65796627414885,227.81396383680234,226.61222387273048,279.18194139013656,350.11847300277157
144.61627308798757,168.30944764714647,176.86662659002084,202.6886947632257,209.97012493050798,247.28085530454857,220.1893931557736,310.0690916546211
184.39789873843372,101.4244312961933,246.5560884315457,293.0909689274376,317.07926941307477,319.42363721688355,318.0175593704442,402.991338083613
183.97832426621932,137.9332237240876,225.5456311229131,324.6915814717006,260.4250355059319,341.1356871181084,261.46224020036647,450.9547841838731
124.61729031014977,126.42082194730193,125.0933606544513,378.5608953511564,189.08931263491468,390.6035649439977,209.7997679780344,394.6927668806786
112.48879031133815,69.87952077198315,143.93929229898586,253.98066317654332,147.4780210709735,277.9902782659604,150.17408123644213,306.7205320440518
121.26827639183574,170.84727927144814,138.56062647294345,199.35345661257645,275.71837770555567,356.1230873533854,310.90960570190305,445.78507818683414
155.81583210771637,357.8209793377035,310.8261311578512,534.2792270515372,343.51170026298104,550.1353499094294,357.0538322737379,594.4166189577476
277.71765268094333,216.40550895369478,329.4553136964228,227.0139938938207,334.28857157997334,243.34457030769335,348.6152434177021,297.2866084934409
167.13630591595276,132.82003392796952,290.80419247399857,172.50653446563666,349.4794611921414,182.74072454653844,497.2483907966828,388.57235354026284
35.38626362172434,242.905797010698,64.54852875294274,297.19677567731674,69.82160100234688,377.27617133764033,199.18715584330783,396.5051951865688
294.3538692524602,75.024607318534,463.9254944828874,148.740942601419,495.5335808499846,212.3275394383122,543.824150384308,373.7292746970373
85.195366388929,71.24756822938765,235.40036518014693,104.94957648556235,370.1443126372916,255.12108858054845,384.4885505049423,314.4385203192388
143.7024279432501,152.64337779212036,170.7306092761476,310.7396620570845,301.3959800680727,366.40883086858884,314.16350619624825,478.66353350549394
72.09999461254557,157.76910112380656,92.36379331343247,200.04888319628162,197.5463881049592,321.78849301856286,278.6803667643956,345.79322175018837
83.98333066959131,48.368981211348284,151.86558793937755,89.13942396485963,174.16496611635262,280.0252982283,224.36931061918358,288.15485822066734
115.77115751717689,93.75616640389106,189.6998563457627,210.3881146677268,273.0778352522074,268.51441588161083,304.56342878248506,400.27082069163765
54.644771177357114,200.44814709009975,57.88770133119425,306.8975524778209,152.59981065403886,358.3516459630513,168.7855381854638,434.3950886899861
191.0596339834956,74.43527468948926,321.6401555528441,132.41437520684696,406.1429165517021,222.34722371385527,475.23866394708256,264.42706674427933
45.29080749143821,250.0566745517051,175.16211526281998,284.5078839736974,201.93552782623814,290.4972755333713,261.0997506580958,304.9418808053788
146.7161241400688,172.99670070744628,147.15040853207742,242.3489140847979,297.34752434432977,260.158094446196,339.98975644653433,288.957242684373
164.7140982887366,162.25972431553853,178.39113592963727,179.09144635002127,190.92573762086573,268.5697279690418,191.59976722924978,272.20121523369244
36.771267669344134,345.8053782946062,149.56439254151414,356.66566215699896,166.3017599362964,393.8729357290993,258.7985854768006,405.5417349420883
174.90302505241524,62.3134852077445,432.51322174788544,249.05315488520822,475.02616009666787,292.838219488285,478.90302134842887,316.99725240840047
379.7300369475852,38.792601293562875,457.1079273720009,72.93155667783327,485.50298409006155,89.87692144626523,506.30756806899313,126.66668100734921
66.86205706703463,91.36076042842323,130.74578109354212,91.67202896000158,174.19756419636693,244.29070366381345,199.70192403990472,280.33035176410004
211.16407455448075,330.1867157326869,236.08538837034678,372.91053848119435,254.2645052074455,386.20688195025224,297.7859820552359,408.4725921903248
98.59146074378428,55.68957863624704,112.08313679535883,219.0621124573528,127.5084078041307,256.97494539060665,162.881524086069,302.12189585021656
36.110569611896715,116.15515873828855,143.9985812079098,123.73876535073735,306.32487747572407,162.93562647110235,359.2999572972688,198.470277261264
63.42870411258932,32.062512601968365,93.76862707510232,131.7010807631687,95.20333831707853,283.2449781277497,143.51845241102853,306.201680858954
110.35300870951401,158.05573161531171,138.7114804629924,259.8730441289691,180.69432996356252,303.7475947715346,346.8218731188546,311.67894105047435
123.31811847186543,251.53441698229202,252.75445268152376,252.24457134810348,305.5719114814131,361.0978596665606,309.98378982632335,398.1477248204156
114.541628189342,258.75486162066915,174.79963378293056,293.99180842954604,229.92237641253473,294.2875545144611,268.5305434284294,299.2641193216919
147.98587006226265,66.85985075167856,185.61040894818683,91.33463873997273,239.7955751823917,108.4449141596639,251.83964580170564,282.77367832307647
241.0805750547087,184.0828126144359,250.36756141186035,280.49089570338504,258.8116958842825,329.4092423759227,278.9337497430522,331.77206258808485
122.68827204605238,172.7353995199457,227.3791152298126,223.45559790620246,238.64372462879737,229.9228272256737,308.32714785117525,332.4227206551754
57.04453685609179,125.8911253290976,139.4058386736476,128.73004846644372,172.68456458237839,154.98754648085935,221.31529898453377,160.3462335444751
61.31689375466997,136.4919026272566,124.89924047304099,149.2015986568544,250.35132349113667,178.0709541993192,323.08954084480865,239.80027022893643
136.76035481583386,129.76811920220777,159.2559665169345,179.70651558842388,193.13039705973705,204.24338868745954,204.7430657590247,252.6336188198312
111.44970263040074,154.93726154880005,146.41799296272518,286.79391879497075,209.2872350171174,336.29164235437327,332.69474875136865,392.3833594848904
106.96030087748711,120.67969514997087,170.61168852040672,220.7485521307258,187.0389447978592,380.0449224243057,259.5004299419951,409.533402404391
130.09926579667837,199.8663211767497,271.01061423633405,495.09783114776866,289.1538789343017,533.904248019812,397.0032443530671,566.152212355259
108.25937442087617,256.1707292831024,156.3738146423953,264.2780267651904,217.66849118008935,266.8055477569741,257.6981611897585,302.58524823509515
121.01078255069687,138.4312796736682,223.08405398977632,176.36157149106026,340.8275141157398,277.60688717183564,341.33220648523866,332.6825973533097
32.47606075122509,115.5339937026669,38.86727479173692,157.74035485300556,188.1534114309961,218.99470548932533,244.06373094671275,311.288369481866
108.68731111122989,156.6428108771806,179.53608964275224,157.8425206453695,198.62297395513545,232.55916943546637,210.299445216402,237.46346544244855
231.4651385872063,157.62055509248734,253.69461141752294,192.85387467795852,442.5289196177974,365.9819641712118,489.64340829065276,372.081038280126
144.60704310214615,148.35002028067427,167.96546349909048,195.4153560098001,211.43003427959357,378.93055095953844,280.3131852854065,380.42584071738617
482.7563567263504,78.66726838266257,609.8787795327453,163.94456266807194,670.6982321837927,246.21443682231427,696.2689729224736,284.02523199350736
33.03364727385561,96.7262671172439,172.66112539037294,101.45912399666447,173.79207028964018,167.9423083052537,178.07176893058113,197.77701083551366
130.15300913925645,166.3983711660795,165.82589645718724,223.33769915256576,227.52642890653155,303.7344645739209,228.14225093755417,310.8740502756791
169.34128976449918,84.36622825019306,190.9645863215856,161.95111209550828,223.2718732924173,235.7668153790294,261.43286708272706,273.93874334749137
219.30518066443906,139.82961939309385,245.1074852177791,182.74072454653844,269.36665789359824,251.3616222694904,415.9624727883935,291.81549755479983
127.78443419827825,106.91716038409585,278.1314583706251,187.0755385177891,278.18402634357676,235.46017521148772,279.6631905550531,328.8465786814237
147.38299395965038,314.5349606852766,179.51889698561493,348.2609065216715,281.28425871287465,379.10576826193017,380.625965176523,517.9948888848912
213.09285529433728,117.09450818217299,216.3160626129361,210.7107312692182,263.3465559794264,223.36265783269815,322.0877786602261,270.18830814146077
183.35106556098003,89.29868720934053,280.7224631344916,243.05309411802887,299.5985068399937,317.34868084172757,333.6703582744342,363.48922815283987
84.47897079128602,72.75451095546887,169.54331035018618,159.7137099638915,215.63550657219002,254.66150361116934,431.6190106809586,274.98698294907734
56.08166147953711,166.05018999923982,118.91989690416781,180.89035783740383,153.37508478757331,218.00693465562128,159.96682403125115,249.80084862594884
135.75454460918942,98.18916675247131,223.34669946931467,149.7381601533814,237.00911278718664,155.16482776521198,274.16975979796223,221.50759868147037
71.0612367985464,49.93799554187884,139.7700451194376,56.45357858924816,146.44741793597944,254.7847689770711,153.62539402257204,304.28810014069825
248.781363961693,68.62524441933628,274.5726382899132,120.18230892048794,369.35264814836165,126.32325289993287,380.1441978285502,186.18178592972353
80.0516881352209,357.47524153105684,244.34368700431583,376.76330486499575,280.7623230070915,391.2474528574766,322.2122784900398,464.4403559043017
192.50975411087646,96.83180206401713,221.90614191306005,133.31985516545947,244.33507508120812,152.27768404192022,304.4185365938323,154.76320816041482
304.1002431052331,60.42370570444761,342.0919076465335,255.20233751313387,376.7938375159101,355.71349124026204,389.8218037988318,360.62434929360296
147.17410273475886,125.20612254883993,157.0737450406198,167.91206175310776,249.99944146359903,169.4168093919156,323.57876560753505,223.54085095940206
165.13216037835468,70.68021098299923,213.71397423747786,75.78576220962546,377.394980802733,113.985338448692,387.14551268403056,222.45781204385267
322.0263528285961,39.94664909521468,351.58371529133194,46.63388811392597,359.15555248782306,252.66452957747447,395.753627202044,366.1091542871025
115.98281015374796,345.28189285376754,146.49634394810866,356.62363536193493,206.23060334877147,391.90448105176887,368.8253869934049,421.19127476565717
91.7521231188533,23.34354039470547,369.45075265798005,59.55132913722175,383.45302606327766,107.99911582388168,385.8488783817135,118.12724676855592
253.80913252471424,91.45291160241996,267.46822140885956,168.34602566217075,332.4731576657687,199.7654090067867,354.9972081518628,246.0034062100694
162.20405743686655,96.56822438283255,228.82483554489747,155.98136297109158,268.5109041212031,227.7238295318364,316.4883189583623,284.5752334568004
49.61334462541406,152.98057522599777,88.03129467771268,307.6353197435717,252.67528474193514,392.27272190792667,334.36545818749306,399.01250370576315
175.83197946756508,114.80538875634927,212.96050113850544,126.0518346561543,216.87526819707523,232.8399966425389,238.33756813816646,286.6194997019982
125.88405430491046,149.11100197197212,258.30679254429674,224.05453247473775,335.2802892499945,236.4968324778172,343.66921196936033,255.9069778098637
56.546602834292685,138.68246559750298,209.77671872715322,199.11596126520746,339.9110461134062,280.4521616232991,410.13249564474296,304.88366150212096
92.868509849219,210.3115645808055,99.97900485334547,217.69871441881975,233.46961758670963,238.044411285895,245.41484564654235,247.05763032441266
116.77410127703621,92.15917445948482,251.04295186224707,117.10975013547912,256.05441125578466,158.99047879240914,340.9262325443266,219.3331792083467
27.89160834016147,203.4888276344447,59.10529681688842,236.07073555349092,154.62018404408713,275.8800406864245,183.66753907339535,288.2734610880526
262.75932055846,227.00807334477582,266.54464158213364,241.3269112810734,274.72162793601626,356.43659605368185,322.1790474523848,404.6275886312384
318.1963146207629,221.31438550832138,509.7570096428556,234.75710532179858,580.0846612792884,262.0364084143808,613.8927522604363,274.2642301290466
69.2142540034497,253.0480748255302,104.17620242558128,299.92784726886623,197.47186711771909,373.80619357454555,204.65701299265365,379.1861552054815
136.3002697054705,152.40939344015865,176.92661242728474,180.88886702439666,216.7730893786564,217.9176381831314,243.03064654150063,339.19984093497703
164.00865435545063,73.57812259727909,256.8467073887589,211.27492259559656,270.50933385534887,293.4171342460986,342.1995732047218,359.2919401194455
205.22642309300926,191.36512556153923,403.1000281647128,340.69488581304483,406.66627617177903,350.9302556950451,460.1670846794725,357.0450547115488
259.7325955570573,309.690992455833,318.6856787057665,352.8777113474408,442.3957342442266,378.1881331961625,518.26800815339,410.55202558762386
244.3133455024505,299.3241908114235,274.360770123423,315.1450467725606,275.959069116474,335.0441954578358,287.48945567108456,355.83311461325195
175.22710883912316,160.96269273471876,234.01857213768483,292.4497706156566,259.6959287876935,335.5040316560953,286.48175332628557,341.5674932203583
73.6316043956549,64.18797706020139,131.04211291775817,110.67605567397152,217.7693768429679,210.35842509823226,256.0756778377049,293.29958560063704
315.2257410880304,205.1048054581767,330.49495140646906,230.6384849892195,396.28748900958334,286.29378440822285,453.14786412050654,318.30924493297795
255.14979607885516,255.9559442799542,432.79031496236513,296.9654690665761,450.3364319368814,413.8143898247451,529.3712574120867,458.1635871067505
37.014246602493245,315.70376929822527,166.53908346467912,339.7099721577661,233.51757541356034,356.7497392135634,302.03609726636176,380.5992608686071
380.5791720937767,122.78061103504825,496.4602222504138,216.11101488449984,527.7529405098475,302.577057859028,555.3950304369141,318.4245666260009
244.8715526578924,132.82003392796952,293.07313915060587,139.82961939309385,297.87320222648844,256.2167829520363,305.35331943287036,286.8693308472234
69.91087551889304,96.9386656687714,165.96647700783475,127.5762709117239,175.24625043479656,207.6164764120865,216.6756116874044,227.9082857668937
186.952087159217,215.5716823094585,246.07639591374397,286.5738314080154,276.5530972883686,346.5733801148094,305.0148905777273,433.5814041988729
88.13007204783366,81.98519555325035,130.03547165311818,293.5732393190064,205.48014565283748,305.75785236781024,226.23628129290026,399.70327703943036
117.2262014689516,221.23808258493273,126.67122530686125,324.57444309708694,130.48969576623173,338.8692860308544,231.74305483470982,383.3671710807594
251.35024553413007,314.8442175795282,276.5580193529162,392.5519263463784,299.7122837905056,410.4656283550072,300.5187555491348,446.59108202089436
121.03573773287015,318.3261653907092,135.30518110970252,325.41343422609566,318.74761690058716,342.8009768836644,337.9467516929052,351.3528192798923
69.44915188853213,110.4663630294582,132.02178248924787,270.3774569361028,134.72153917007572,273.748527569785,184.26972540206702,287.92945905911324
110.82677464015771,247.45370590160815,245.68257517559547,301.57307532735496,263.2740328425662,315.7334642018182,275.9796380137439,326.64855192067256
87.83186115811493,87.52910998923382,201.39573895478955,252.1335754597453,201.91609056215935,265.8424868048794,249.34906633757893,318.64239511616665
128.69749587661596,179.4343285609747,183.53109975508548,264.9204010060149,197.02149459907852,282.0235431608916,205.24767672517572,347.72866533042406
124.63351187896923,252.28976468330168,167.8918299313987,254.0541069440178,242.34978653527,267.9956216269717,346.0676121117618,309.42000765432243
206.45080458919097,13.22097605662379,293.6907765430672,220.27571843671674,371.5614877343106,232.42957559885048,381.15131172152854,342.6615286649635
190.18115232836658,177.52530890747718,316.2822948141591,218.17518987560587,413.0513385231901,311.55691522621197,469.37990283202447,350.5338030293225
150.61212047251712,153.53666043494718,183.37339619691417,286.7690265312224,213.81275950854882,325.0279897910363,288.60304007989157,392.46784007094146
82.9015892562861,160.4602990035548,386.4042344860993,217.39881896526433,447.42019293957077,339.5925506345815,475.74574545779944,350.5471161464369
162.1560213121774,75.19608184839811,189.065054624245,296.1106980098363,259.99212212786733,348.74981606405447,339.9023946504004,429.63883634525934
26.76141103919574,108.8815259964782,221.27494034848667,140.3801155411767,282.6130970705051,445.66185183614925,285.2787886576858,485.6095244580901
140.58469732121395,224.32583822257874,155.5653243244334,301.9176818183446,189.39338418189018,314.70801811757195,288.9438700607507,322.8649335831099
280.18077553376463,327.2900375876622,373.04540855374444,352.7502725357547,378.6855858132626,429.7574688508789,387.28010386060646,507.86302615373626
197.37113677169822,112.26498776353453,291.96011584545863,167.2148905407154,345.2968222205982,236.82886664702914,371.378360283148,266.16825746328317
233.48589870285147,126.32325289993287,277.73624174798556,182.36522256718757,297.62721132777955,246.06218768805314,303.89653429538924,293.92143091508603
119.12952002207314,138.5826819522575,184.02809704633475,280.4289869668073,300.31741970314505,325.157818079976,330.4754660622875,332.3207331322606
211.87222243457487,180.3996942141502,304.37865882377963,283.9631425323389,322.7161178336142,371.2390579843456,376.70535418845424,436.34266165895696
88.65444925019153,139.43355747529895,105.54634094778409,172.39996858028036,393.7165230485103,202.84911406753568,399.761323369512,215.75148121692632
181.54314394939465,65.21466863151602,219.2845119283821,82.84325977343589,251.01405038769434,175.94663899568334,306.21455126486796,235.46996714442676
109.80772306976056,150.6413377979281,269.44169607469485,168.68912125100303,282.6335876386942,177.26660878938858,361.6491193828068,225.1749484822483
178.03397320572128,91.59361869358321,263.0137909350474,297.6065512499404,279.6631905550531,346.47316683011434,303.5689732663278,432.0730833626877
149.7435722952063,84.41976871082575,151.30852702262393,89.17636554642777,188.59149236225198,96.83180206401713,188.8408623505691,229.2910662422014
220.38463979091225,185.34263738207474,241.17464595808895,202.77743312312643,283.5680573264915,255.75089275715084,285.33281319178104,276.2419520798376
96.4351771888371,239.50283351752955,111.99711467453584,338.32236327044734,148.09162212074554,369.774673666003,153.2359271714319,373.0559211286701
58.04695302448137,322.3621149577625,315.778786608002,352.25972758932295,339.2044138103279,388.429624509999,478.14526715261115,431.6746310000687
38.7053703774085,52.17088413248831,199.18596344939834,166.87937185349813,234.66856841413656,203.41831671751095,265.19639325704486,228.22894709821787
46.55606958091524,67.43564954970822,69.2142540034497,100.82130112132124,146.0593062420732,150.4814064418558,167.27160117232594,165.31711998821316
133.4561161146609,56.88197764310897,220.63270292112415,100.82718404698396,407.0913879810889,189.4333568933914,426.1624261864433,213.1217380365782
113.96450154920296,87.52910998923382,259.7325955570573,210.1337465068786,374.9748201298645,251.40061767393456,415.8665187413198,346.8582036629655
169.42837915621803,129.5881766938956,272.3911137165167,151.2769344652793,309.33849981122955,239.48763364243402,385.73239186187175,330.5958027582372
209.4003229725438,164.5689940516978,274.029062230814,224.7528641660458,423.4609518747141,294.64339898736563,429.1034752991344,394.2729261312231
47.358714746360896,135.68485604240487,203.75933303500562,250.59247083818198,225.128491357907,347.75683657938356,228.45890748729207,413.5232710295113
110.7839319492358,68.2193111091652,239.5920331712709,274.57871723817493,293.0361034831313,328.31910179196296,380.67275987260746,351.9703249894528
83.72387840944631,47.537044322196024,156.10785964314857,172.71603308119302,211.52553287159625,237.41321990682283,260.43801309691116,287.8049660403744
84.85330488446331,62.80858147051013,95.86121767729523,164.842034447507,105.49924427281488,187.4665785369387,205.30920245885008,400.5781997838486
81.10174929380895,136.5021539944317,287.7227456307755,260.15520195112543,305.74435351047117,349.03581783863683,307.2790659505188,379.6324926327065
30.52037105886152,259.93804319570893,184.4705083097703,353.3818041989449,236.75511535965083,366.8654551307587,279.0125175899248,406.96041502973225
97.63004860208544,59.63416989331063,125.55389477193837,59.78321995916886,273.99882612898796,225.64587220611853,274.8077198020272,238.45452785201388
142.38129936916872,151.82093196867297,160.47022257933864,201.94411029438092,278.1864967724158,263.8676561163633,326.16936470013997,265.50203355911253
53.706808291823776,86.59495748150661,119.15141159558178,198.27889895441493,143.44995075655498,415.9059570089843,161.02914654290876,426.56086423228976
211.10853575774752,254.91846577326515,228.43025908783343,299.58533634002987,271.8812888972748,311.3204343201063,343.6155109647003,343.15819982385494
165.98070988478347,251.098877938781,246.85375393990944,288.2734610880526,258.81290117007944,297.8374842206714,385.9215389394071,340.68862822866146
261.18766377726706,118.52652774881709,269.9000069094058,132.9685376716192,273.48789781491536,170.51817762187798,340.36579449889757,179.8854850517338
138.91886887500033,169.92726989787442,292.5565744318883,188.80507167600675,401.70183441842937,299.85588054988494,593.4276162494936,321.8173964751879
31.045186735466814,55.34826757987146,85.1122668905693,135.03551789834347,274.7659024423177,282.1950881885293,357.6594361682121,333.634744386376
181.89170960360158,301.8328754977134,314.1156032757744,303.69345076481846,351.4302239052652,319.2320216392491,351.8066300612939,342.4740798249483
68.71092104550792,110.12017836210174,119.98273775473912,178.59801810812166,174.91139150547167,315.7272519357105,528.7528039609897,319.0837626687539
179.51889698561493,168.35081341855437,316.45361129457467,201.39613180858586,316.52094075835595,221.87259819776503,415.27660039760605,247.51428254062972
192.367846317566,83.21293839009347,196.20011753898282,540.4768117415933,226.63978670354598,561.4349091369659,277.8018906199474,563.5990881030086
183.0169019128787,170.81769146743346,318.32105062077466,241.8613761503863,439.132758025867,280.383910338651,447.1103685043537,287.2608878967775
198.71946598114567,167.8011143455391,200.37634408847896,361.78572707045777,213.5180333015512,380.56256647847846,238.81268688280153,404.68728038462024
30.3909086677723,151.94694398860483,137.88166222917448,186.4052655037984,196.07827127182233,200.34048141595466,228.77107438275868,201.3539564420881
258.1512183626638,60.91556033933828,293.961277725409,146.47926125487163,319.75947277076756,193.01074483729457,358.9133126158631,271.09089257070553
18.652474303164695,249.6530704600497,136.16716684477092,256.3637001632621,182.3917208899692,311.2099009071533,213.26596895017474,434.51793837521035
193.2525334047435,82.26712731927239,217.57227549185026,87.01714569552546,242.97632744204873,249.91250293589536,292.8994106724798,298.83324863123903
225.5456311229131,117.21162881353182,246.2515366671702,130.73108434533438,299.37346958461467,152.32702079321817,305.0658666510575,238.3801228542591
197.82464192798264,79.43217472263964,244.79665023925452,107.36023477204141,276.82777962387854,186.36000080784783,282.6204936600438,299.8203444002751
130.61032194776723,14.36157896555636,165.9717007210151,138.25935470111625,173.39529210785525,247.8696265737286,367.48058551034194,346.8506094387315
125.51866293540273,113.28313623818444,275.133083817484,114.95492066206526,278.5651305039321,245.46477293528818,311.0172994129786,270.6767498803535
93.38036073169498,51.87925375911588,125.61976797368149,167.76992938121867,288.27294735568665,179.15803324522165,355.407530808835,325.11575742467323
214.55134131441443,226.18552369680674,288.66804229468664,264.5111643208751,401.46529076315215,293.3495769830801,493.8801745149304,294.07870124671126
180.06914216042279,266.9433077713254,181.05749569428139,282.1579449102979,199.81367881587798,382.2137243321706,233.28831760795487,402.96012058103474
54.412448974323745,132.96768120888194,84.50644477030585,272.89346858317793,167.24694974020613,313.08750532042336,171.28252899876853,326.231555544092
140.92020243712219,288.42388703114864,341.87233899521243,291.8669183199157,427.2655639194714,294.85817772527525,444.13427540609274,306.56856602041864
97.83058338898972,237.5229098846949,171.06766929059108,251.29866150486606,173.9964166937517,331.6902450820148,249.1618634991396,337.3546009071027
180.19280798086623,159.13590153944656,207.14202913822504,186.65745978296883,358.41364164760853,217.9374651084908,487.5934888446912,316.99725240840047
238.7930010049654,110.5316255546362,269.75323165775444,209.6519459139672,275.2621782127943,215.28515936972462,320.43839704736513,238.25060108834205
89.17695463603008,90.5175033940407,342.94160688861507,180.0168968864169,347.6451794647979,180.65282297028207,365.46307248687367,186.96486105342896
75.69966901468355,104.19565096765372,209.4467847485989,283.2173063833838,216.7730893786564,421.63850350204325,242.02318051105087,462.78331792931516
88.16751432784713,171.77445201040047,115.77115751717689,254.4863176384711,189.56816960922103,266.8604297610822,238.6080212288062,311.9203777443742
38.130205413455336,114.89413902789435,69.03633356486071,260.75120111124727,75.77795138084541,335.3163243781125,98.74431864442528,358.3197308954765
65.93889436060041,172.60717080961717,99.92829567564435,223.62410145202904,135.74279626185717,276.13383429844396,265.57811835844143,334.3897335155213
183.69722448587882,256.63477544703574,254.06610598741977,290.6936922114975,263.54365389441455,318.81316686023763,364.8835532756373,338.3513925277002
65.97724773678486,68.5477144386359,82.99480509475309,117.523618024196,85.19193230618822,150.6709731893583,234.96912336499375,189.2695770723952
103.98090285925396,186.77507855706136,224.41328177593556,296.9654690665761,272.9994372733555,328.08475922642657,302.3238293215979,400.9153947637707
216.7647855151705,56.991422155228214,252.20723008263516,226.8006413684171,258.86193546921874,228.50007940328388,278.1864967724158,231.14035723797937
31.220269317438778,260.3656554989903,170.16518976711487,290.0727533478924,200.82004851573237,296.08300305808854,211.185293481546,386.22182441809144
231.00749720903195,291.82942063092185,285.106033427185,298.5597778910753,294.9029705622903,333.95315746316635,309.5970555459984,372.7763693570926
239.46776017125654,208.76367761084148,267.42565666738204,282.26062195171545,357.4747918703495,311.56735220252267,443.11357831323824,323.4397537526622
45.119842573752614,145.44644134707588,114.15367751303845,278.31359636577355,251.96986300510696,327.36961249778244,378.64333324487507,375.38820088827106
74.16105116591045,172.6871151543421,111.61409594700477,195.77073516142912,246.01469356706633,288.89534456467885,257.0910801192251,365.80966789593043
129.15223822811447,120.90564730055459,159.4028999447815,197.09237851533763,340.79256060402133,236.5794080424732,349.2566698472345,412.5578310661563
97.20772715040381,211.3247250358321,185.25488348683854,259.23646472422877,277.47519743800996,277.9902782659604,369.0254121323469,324.4277886196677
134.364970598667,132.3331129115177,164.65359767261157,159.46811707003167,320.43839704736513,204.59446082443048,470.94268227862113,228.22894709821787
31.91951828462105,76.13152834948058,39.51210561651669,185.35224373064682,203.65942548292836,187.12818171244547,247.98704364013346,241.81375660114597
172.42563839171535,47.75847378677802,178.75148869262472,149.44779334554764,199.65034160069965,210.35292569689798,254.46621461291707,246.60471908298123
132.97511881855732,222.84657916437922,190.975973974562,261.46909657063196,237.28194264904906,276.4128420456911,257.5576130729387,295.53636278110133
29.181642358593123,144.41988476765465,39.51210561651669,159.22329987980058,224.9353094420052,189.94050544827354,236.3451315852717,209.352827708182
46.69189681641068,110.60094750522069,184.68122057213876,394.49861783177573,208.73243960527205,429.71170981382693,213.68164308904636,469.96444808137085
231.94018387540095,254.02392988721303,250.85255210914292,282.02419675859977,413.0566595457364,347.01724888873906,414.38466913015014,367.57462750715797
41.669659887238566,186.36974128146792,50.3674376634295,271.4412386718948,265.6765665295469,371.01597083125324,286.53681048251764,422.02366597819395
66.02965833326991,285.478162236464,239.3918235672722,387.88821003471,432.1243554263499,423.2388229364189,445.6329047672222,467.7571580021155
89.33773133504592,217.91886627223718,181.6739757221321,218.48896600302444,199.3918466696598,242.0627208137842,206.54655102456434,259.0706515399938
196.95510244927877,64.14385262273619,250.23790653113724,107.0247193274163,353.1880228566763,169.12079784278708,361.53575870153173,276.83120034518294
226.14496990011875,153.61002395975436,330.92927042876585,219.32763791117677,341.0149710011236,255.11559687369814,383.85329902626324,265.286473795205
434.5036458329933,59.80936958811422,437.1937049479512,99.08963804712474,466.35043776010565,331.65824670875764,491.77800472601075,333.21890802615934
117.21633668452219,75.36254600986031,129.43868974348885,169.1881940403454,153.008725651247,396.02092719712306,198.22342148192973,405.09010063790805
120.78524275504358,87.18065708465488,132.40822393010916,252.00977350683166,170.73562455664907,257.9558614229954,264.56788578393923,265.742481935778
84.74187305347041,145.041914478026,282.08751556888706,212.01815359667455,309.08836687164126,330.99516275897895,315.617514671948,497.97836466657594
87.89826839234539,106.53339564249873,196.36398772231922,281.2122270375056,249.19682212609845,285.6061788863282,372.0600073629531,295.0388380062606
115.45293349338579,46.47437414796182,149.52115803894299,118.05954203353431,245.55965191095808,267.5549794510161,255.66332871792227,296.47021532903665
196.72158540320675,101.37390415856056,202.41506536508112,284.0822548550687,213.61851854732976,406.13716287727897,221.7390787963819,429.67685816966025
41.44744256488221,125.98661935876437,58.43591148589828,189.94572731621284,154.15032058762714,265.00103203962607,185.75514065964364,329.7377914539627
41.681347334530564,320.9650048795099,110.92195273594625,343.22142783754333,116.84737371817972,348.4808180146499,148.4734003700938,423.15231658981236
82.73521976092898,89.05745961659834,187.436599484848,111.44482409313171,230.66993145833194,116.59036693569848,327.1404745888247,449.68012987739843
62.4834099764935,102.3221684857924,106.46415760324582,119.20726331649558,160.41739251973095,257.70037008159215,198.0165726205149,267.9446374188376
70.02840924189195,86.5258806469525,113.81121154788939,139.05729936710722,165.5469641393664,205.91584663380942,267.3333868624681,244.95966049764522
156.77574926601827,298.64598394811037,169.90971079470233,419.84478562480757,211.32166722980813,423.9451889595882,251.92612067707861,474.19017455981054
44.281483802327195,77.00864418721301,103.64596806978402,107.81741994329845,190.26541380341723,167.00796326188905,212.7296852643394,169.12079784278708
165.27066896892467,168.48390020895087,172.7154833696255,200.30045977457536,232.22513414020924,264.42473893211445,237.99166240914366,287.680050911938
194.86045674725833,298.65375577337153,194.8661550222561,313.2594779418107,323.0356365639596,318.2826729590908,354.37304281857917,355.6011390011021
105.63529135672323,150.07224850911862,365.6533188690398,159.30703583391775,388.9506743054146,174.70350321608555,403.7387545531948,225.3309152359688
45.69261970083627,66.5488448618555,123.19582632380022,134.89014265640512,149.45805419861225,166.507183645973,177.53783340110616,240.99256539227483
148.73652133253182,185.23058728037262,193.1389903329191,206.94154148307138,262.20586467546957,243.05309411802887,295.89065102026035,255.97424511006326
119.79541486399575,277.484724033703,256.1260223511861,308.01084626805135,269.32275972664917,321.82680562332644,309.900121033793,332.71996023797624
97.47339559740476,198.3228857825595,217.53635073761703,198.54188728794196,304.11395199154254,242.00753284768746,355.2030961095639,278.62221843316894
137.22725216500922,120.37243918603443,137.50565568030402,166.67350438278703,192.6031463550848,289.2624322365053,245.07201346377664,315.6944866485102
100.69936404262607,180.7136339209345,127.80351671260306,215.0099167783372,157.47779131176716,289.8070226207339,202.40366330260645,349.47670084950744
261.10450903506904,287.8025790048615,305.94182043014587,288.7778953359197,324.97089228312683,290.0998169429648,344.18753563665143,308.27198766364677
146.11206810447885,105.41643914895536,215.83468788724355,229.5149984077552,331.79604691978477,307.071245666458,347.38614877082995,336.53905360141397
177.5432318960518,55.92803194745724,227.21319247336396,152.67340593633352,262.99440116717165,173.99455638350838,336.84364767714624,176.90106329259086
44.3464644155809,98.38614197341916,145.44229965606388,108.46013861962781,237.96007725065178,165.97484895980807,286.5499322211049,188.24861534931813
200.81110187660295,274.2335101836472,201.4335978635677,353.8769029053503,220.24250085139855,377.72475140956095,300.6719780130799,462.1110186838711
53.2049184877312,71.76245712820335,80.20513278581821,104.34235355022466,241.0805750547087,141.13381550512662,268.7494320994499,222.81856976096648
316.04863590390676,143.22321212993256,350.4399107779464,302.6566489012567,380.4161686187742,309.7800939782966,396.2939774612396,335.10433842796675
174.05837657100574,305.97124898143846,183.17558997462103,363.96949557803254,207.17528543752277,454.1809820226034,305.16255409503657,506.3249801262448
21.116212548020652,113.28313623818444,105.56761180190483,150.4606745372037,291.85997451389824,274.3238509482201,350.94341359163894,353.131989407663
101.71137179985513,124.26271951057628,126.79010297455945,210.6444333031401,140.12962243728563,232.5158101728202,141.41997028453795,234.43925984395108
105.92030524592333,358.2943809622321,239.70116077895844,366.59868260411184,306.44132217868935,482.5735637765567,322.0409146448804,517.3977967486012
117.03509341332268,168.015824138837,126.28919483192576,192.64693541537463,162.63219937804948,365.1920050219581,167.33578411996226,407.8155051802203
86.28573007499992,126.9493105435673,158.247982660405,150.32781090747798,270.5708161687396,167.91206175310776,287.3623764352735,336.20634326437056
70.07331024683393,144.53877285023802,103.51566371432291,174.68081097029545,258.94126891136773,265.02177771516983,302.41061274746795,267.0176002067851
270.7129136516204,82.74227917953128,499.72314842989937,118.05954203353431,531.8351939580099,261.5748260796484,535.2946129650222,263.3326706426651
77.16695278724286,163.4653287006134,171.48984840882989,287.550541104426,197.29585679036248,314.073979697662,202.85617714252183,382.7226429369127
292.80843622305747,52.09714148511052,325.10201560910866,76.08968133664821,337.1801333178076,148.1140848226074,363.229063008433,194.3802876077903
65.42458995278717,208.13287966044024,76.84974653606956,221.96279314533527,111.6626883566589,248.1813479953746,191.9426231607067,308.00469839180954
113.67608721549612,219.33478870700924,208.04601055182883,239.2111421138477,240.5665106705967,251.5132936600181,261.708711603584,272.52001722395335
69.17871599975666,118.87399547755392,79.91510501028328,218.765645275686,149.50748278824514,251.73799874661478,316.94451097011984,287.54597152641554
81.39377155923493,193.68603831937008,253.9016188595551,214.66914656175624,269.9000069094058,348.2609065216715,272.3355432857263,587.9532031261484
192.27729379494528,135.63084467164344,296.84366935326466,182.4516263456583,301.53662429833645,182.58848754534162,396.1137956601214,189.79746354014225
79.12501264820848,152.78312819245414,103.09434868567487,187.16829708509266,163.18046907849168,195.27460958182414,331.06711902911445,204.9720719873509
134.31843575169978,76.82754817959133,178.67619052217933,244.46965873919254,285.2335227428783,266.77075479368614,302.3270432181527,465.12255477799255
105.43446042775098,18.83893637942065,112.57086267314904,143.26716255823422,196.6945049260855,156.35182453812754,423.0165040684759,249.16938937024423
100.28394418444338,57.605270844278074,129.0381287079203,198.77168480302987,229.8431474300146,219.88210806282268,340.8156061095341,299.69056484139116
344.5931471858671,221.0834497043463,351.0043732874053,233.4293831371762,356.54507186590206,246.82887856422113,390.6676974194698,251.4023541663368
87.82524067322521,118.20012213408972,151.16865253683758,169.63047786402564,155.94880006222007,260.8592145153408,304.85558645336056,317.96309410073997
84.36235694051832,276.87934562366837,112.95888836709041,302.40249794048185,149.0236390278152,313.7935855404744,228.69777538354901,332.8451355349172
109.29056665599714,299.49944174647675,131.27377382154884,316.6865178982037,149.99151312782737,356.33925681541274,213.6053705611401,367.18838184892405
138.3927430474055,278.500166645783,168.7413128714302,280.77089214020225,196.55157364613294,290.34813996351977,289.1768070142854,324.4281661599143
202.26826812958583,115.75368501787104,441.8994184388834,121.272128770055,490.2088717418867,174.12500843966518,554.3391411206829,229.15773009223412
324.5418051233182,69.90734043374013,329.91293708585835,116.82220442714839,387.6108532224311,177.95674953063917,417.65096918773173,179.47836754242144
176.84072621858328,120.66646796701114,187.70071928043026,297.58717151768656,205.42285384771898,350.45105831366857,330.3360197722583,407.11807412006806
284.8546082565161,125.5105832252799,291.17621751368716,152.04997979662645,320.44956033511477,258.27263882266243,329.74150346486493,295.7774160302212
250.8695562217884,246.537753736583,251.2525879224457,281.3320226186066,266.44192029537413,309.62858356887557,284.9275702167833,364.05573345753106
104.83731313489012,206.8319635706641,141.46893463630104,212.30501822789478,252.9402528093754,229.82650114131957,296.84366935326466,409.9012489180258
95.60881658490646,44.05862237936354,305.3401845611426,142.1950102755705,404.4730876565217,268.86316025285964,410.2268452066976,300.8429101956844
124.17814063516295,49.782018508185956,148.258439698069,113.07167493491461,166.55381537629958,135.56236730821018,200.94713816852914,153.37856802685735
234.22123296131772,192.0844841162397,287.4148248351604,194.4420479514673,351.497579439799,257.16178311139936,362.5658923115678,257.40716758033415
212.82579430416763,73.78204216417889,220.89685557379164,114.95625735213568,242.54053947993899,118.11390703982417,248.07201934592692,216.0910044856307
34.0464757317376,39.84311981982855,80.43178848613115,119.64522595612107,108.84282831493373,126.20563266082408,114.13973555647344,202.09941665669947
290.64776362076947,62.6628472986389,292.7273595458217,275.3168460514472,374.868654034934,278.8110928528721,389.4596930776854,287.19598994336155
57.54787868680759,121.49493070598983,126.12117063879421,129.43089736299225,264.26147280305463,200.92626965978317,291.45193876258514,229.17103441587142
262.63162991674767,64.41525557517117,269.02971604267856,169.82654467621663,342.8311208647969,242.72349360549146,389.1504132570504,285.54067378819485
59.5777778494637,122.83256927139786,76.89322834660794,146.5127225511674,95.91336522551445,259.36251532260445,169.07034536986603,307.18309171021866
102.39154988364317,187.5979689112268,151.07294176149014,195.35217231258017,173.58054536935245,294.82142214107967,320.9270757183422,350.8833139476669
34.0464757317376,85.51027415833244,86.31478866403174,158.10833381272482,91.52985962631084,159.1157523842709,95.21938772008635,188.31604300978532
158.2597162826334,280.86867923986244,196.72883886615023,336.2870499509446,213.71582762159483,439.71207789084417,341.45443745417276,456.4712467663351
244.7358733001834,143.63737303785499,308.81848396526556,178.0709541993192,339.12252891300284,203.35839862815394,453.02954210019277,225.45275646678118
148.52858970090003,45.48368995508839,167.78464953369323,109.03862282947856,234.62344460767756,113.01219295852474,258.7084694807175,248.35788566073697
208.1162917037474,147.28708206221648,398.6539690220858,347.5608803794961,417.2314478472356,383.1895099287047,465.4212219530965,399.43568533748646
171.9975072240844,208.21618780239072,259.69231800406055,213.72708088986394,316.5104423782451,287.989172004423,318.4543723544961,369.65822874590316
56.546602834292685,222.58312339831244,153.2467450075053,469.8000764392861,319.2305817988852,476.8849979020051,432.825204291864,489.0476891091033
198.90246283232173,270.70680293774683,256.3481728979411,278.6348448041087,261.10743569848097,310.0917977279469,268.2701791538626,384.6537529877425
151.82556551490438,116.3806502622605,300.3542992760214,122.81900884673132,465.37984006933164,175.91763373554872,557.1313978486123,218.3615405708547
322.2273505808056,70.37351146108686,403.95251668229116,168.65836717133772,485.71044238001826,235.03254240534073,513.3661956899217,236.2152544602692
250.14944443133425,111.0814483601313,299.74968747406,241.59295678805051,323.4292873726937,329.362579908416,333.52701188410725,409.5239244027093
207.0357610909009,49.674784909370274,311.62721242320066,96.47973989230294,317.9392481216287,243.9819470142638,399.4070573016851,257.81990100922434
56.83493080011612,208.3294396269034,206.26709295542184,244.61021000617393,294.3191006586088,361.66261203937756,309.27721220665444,371.80561248757294
150.17827919794044,45.470842207349925,194.79373994175825,115.03696187309366,296.7949196340283,186.24320821641723,353.8614280345766,288.81101560272134
178.05234106778423,115.06044844725639,214.9809213064432,267.4964298440801,225.92024317167966,306.4242206870583,226.53537034592762,351.2637252542291
208.48032004561477,188.16996245435413,212.71813432143884,259.43697190658344,295.7485249555525,371.31176023110123,327.8242531360488,380.908906008851
89.56387299802883,166.45467869844126,130.08548083182103,266.39025966709033,360.0476464399429,271.6499897349397,380.9963448300987,277.3847652230643
120.97448406863381,173.61757356264292,263.2703130838397,328.86174658777657,361.13498987298897,378.50092989667985,432.5684916869732,480.2282547258286
183.29595622153093,147.00873638719608,213.32123434541597,186.29481693956546,264.0408300580812,235.7448931560219,275.39419871689626,281.2927445818936
62.879170935511624,75.19608184839811,100.33997436183738,362.26278091176437,208.10369284547053,377.88362844291635,253.37027836993994,428.9455602609099
86.09826772255916,88.52777109383419,136.66633349607145,243.4439371928465,228.927107895281,306.02482049775307,330.2688894304564,372.4546489915026
125.60063213977966,222.81856976096648,213.6497165617907,269.72848343994264,278.45912239521607,274.17630410125366,319.9087081491227,304.50655199243414
83.31263711291979,171.48040699478196,104.79533828493831,318.7091715995612,151.04898068952954,408.741311743271,185.6926807383147,410.6038799922847
81.24959627432884,281.41286243061916,188.30672657429332,286.0642641514832,316.8381056303787,287.989172004423,346.76722883887635,390.9068865136407
65.74186785779636,142.31528060799087,82.27607661924142,258.3783621714718,153.62539402257204,291.51530781487736,214.6184843816978,303.7438466704999
24.83840103125369,166.9248370265494,258.952959612027,176.63485918464178,312.15378895303303,311.78699265641535,404.4656586181874,324.55471725130417
81.24959627432884,167.61445944350498,159.05887206095923,177.61672075499527,324.56639982359246,185.9628611578492,328.14710006071465,226.14541484477436
224.32600141973566,137.0157850399357,299.9474377718517,148.7185419416678,539.8176649143418,178.034370473516,595.1466159022559,239.92101985503606
35.91836327790089,39.84101359676118,160.3391230704386,256.675001715706,177.8310830618534,290.74207897745544,181.12379093132162,408.32798299095407
151.0130486461606,108.41002268032763,269.22281271460275,123.328995492453,276.4006369944565,166.13438575319273,296.57704279906636,256.2375265206584
65.03119433402301,364.3510477298182,164.12974785061152,399.0846462951979,204.5284318609869,503.719969442912,271.5157035698087,619.8296316611999
119.03186839908423,202.14794195216228,381.29689012972517,275.56739874521077,444.812866115112,278.02269907655926,450.69003548558493,339.23694294991753
209.09069408689646,60.21359749809618,259.6959287876935,211.23656471443462,260.08487720134804,273.9548892691774,338.6309640294506,295.01857759090495
127.48620927602879,199.76902173156122,156.10025409748155,260.15520195112543,158.27478421439667,261.9897340195869,167.44011880042086,268.02065226581936
109.80772306976056,174.49269537060084,183.6963761112757,248.84873631772743,267.4607778268327,255.28611901291043,271.7247737349508,427.2541172430125
155.76285400409284,33.59726992552412,215.78953967377578,84.36605458978894,321.14352189228913,142.77916092994843,363.18028612595583,214.19129601366578
26.74974554247143,301.7982096218635,128.9046451402993,382.604883159496,276.65604956641704,404.6275886312384,301.5581502883203,471.94527578415614
174.04963180102106,79.17191887352976,264.71752094964074,110.446127021034,270.5708161687396,193.42742494169076,275.8925342294726,240.68665430616574
208.17682625508644,218.17518987560587,241.82247180462167,291.5459616855413,242.13429788895144,403.69932393952314,287.7487119270095,407.4025907492149
205.22642309300926,132.3331129115177,329.1355033053096,163.73376360942245,354.7850931512243,200.19431780536686,406.2708375878976,220.22959500523743
177.25608910007196,116.46490753360526,178.1445579121473,197.64601432776263,225.36831361481197,203.45854960601352,268.86026041293104,290.3015426295958
99.52996939752468,50.99370592157369,118.49910723877942,136.36237733482375,299.4400034587115,184.667619861002,331.1650790027736,254.0049959519261
83.25169323391391,237.33054259010126,152.27508806981922,243.97047540794344,187.0434857312981,333.1798263748371,189.97225489797478,362.3212321808971
144.15751777378782,96.55891155392214,151.62918171208662,342.0684207063393,200.85932631365503,470.27271135573244,246.39874512670525,471.48716416269906
177.4639989792046,298.53873680371527,200.67296729028382,329.0308568312429,222.30478027817867,409.1915127563257,275.4315177685696,431.55516315081394
86.39222328788875,121.55777603424646,118.23716969334656,140.86597124161162,309.02175761892823,308.67261997129214,345.48429032575285,322.2970954075443
179.98538999811214,223.68780859042002,336.9923428495507,234.0685134106604,355.02959339720115,294.3344160062088,369.1852748263665,326.52519035990895
229.64625963512853,266.5923313974958,314.51247691949993,271.2946495948359,377.74066613457353,365.4002063640267,395.79873206297844,444.94131058846637
163.91466774026512,45.48368995508839,184.73270985139243,98.66414469212435,193.22787366422918,152.76556511610636,230.5368005282469,250.24245388813878
224.32600141973566,130.7892215536949,311.99454658000104,217.8938390874275,428.7634147982989,336.5663010664537,617.4269633276574,382.52252581253987
73.82595072311167,111.55181707311212,222.13430860381268,340.77382661630435,227.80542396074304,340.9860867906802,261.85078204806484,342.4740798249483
143.50239105850585,113.51051234337106,211.10355366033494,245.52840763311434,265.18661398325696,395.8966894519832,274.41028328663606,405.1064836723298
244.12341618580353,111.18247384076192,279.05681724696046,243.2357279637048,408.0597109590905,244.76086811648497,413.3578521468602,254.90843989507988
62.66135219581171,208.15150629698022,162.9783130489383,292.0300659557768,166.90261416690336,368.33832882167593,211.96897254582427,371.3082576006805
150.25868576498362,56.27135584185845,156.94920854233527,247.7950195609012,177.96239245233318,255.91495905477257,193.37083753521424,266.25559707006056
310.48053983940923,121.47671989843626,357.8022913054743,160.38612867730964,360.17053383138597,223.69853570336144,417.31945458840113,283.83849452907975
480.65719452483006,25.873616348472094,536.6168835529969,227.64507337207525,616.038933535795,305.7020973529642,709.6225483205839,393.1498524750708
139.49456230586486,166.24680182998586,218.25193590174317,202.09867823069274,227.0655968121415,379.38700647250107,227.73479801791632,435.3827961102235
81.8976297940955,60.21359749809618,285.7348346717219,187.74968456155054,408.8902844478821,234.80501584773643,409.7701260210914,305.3931105786498
210.1360167086707,10.02266038902299,232.1315209609832,306.7500696587825,234.85688559121613,321.3304632432361,304.55517968378695,350.4367396240827
110.73891734568006,109.92601809343236,180.40955099379954,126.8725518212666,194.38400380200778,368.40837663006704,202.7191100165967,376.870547864882
79.8030643353921,189.1060205565843,117.16770483062318,210.35842509823226,143.59213827939254,302.6847099348108,144.32504070625825,321.0272103815592
95.39279892795992,232.85303131609007,156.94920854233527,285.76436264437416,194.71151770174,300.24860741828775,239.52894526739829,384.20443086505105
87.7697704995059,222.22450569360802,246.4040836983002,222.84657916437922,302.68099740402005,295.79521438933415,372.45231017439124,333.23567684497283
29.82600352849873,283.909122775739,237.28194264904906,315.3874503066588,272.9162462172489,457.4433094229658,281.84081882042057,457.6723240834385
156.96635336989527,94.0399216128897,277.387704575029,303.5477775587328,321.8631853038256,346.74660610231206,369.7233190375005,368.89470510939
70.34694706462437,80.07153094539575,113.19679382685158,238.9020281260947,176.47959321243582,361.426732191435,178.0431559331616,394.0847762667994
179.93333018193806,211.9932789695398,241.9285424704802,228.3988808611212,302.1202214312124,247.83379685675453,343.0370722207231,251.97918439167023
137.24747064435894,72.83645557411228,179.93333018193806,163.29421199390652,256.2511197272456,173.99455638350838,307.7002251411239,272.52801606008956
119.53097497370764,145.44395686531956,242.12446274718113,180.66134960926806,250.47725447730906,195.25928375547178,291.6008511452108,249.6990540079949
60.05860816078721,174.49291047023564,116.34206726695164,266.9948164475148,133.3804677789187,299.4666717466055,185.85725048181678,314.70880480766886
117.09990897171168,108.01342014009501,186.88081657801482,121.43595630004988,226.59008254213302,136.52439022802722,308.73613511051593,292.8533790609145
126.30507077898676,411.71947354044664,132.0615384849456,454.5459603378215,145.79177129569476,466.4874635858263,154.2549698050653,499.446041807312
29.62556343539705,106.94557365521513,93.87010054378803,117.03663445022728,162.0281072282203,397.939084106911,428.30702050995353,418.4999147468425
59.32738483531569,224.76456002893605,94.91699413238553,292.82736503096913,357.1750945484939,358.7832188524784,386.4891601510318,463.073113735344
79.44615064002693,133.5587250720312,98.52546917184145,315.9344399292065,120.89027277545111,324.3611642675544,130.53651262721743,414.64976835760166
294.3538692524602,382.1345771697296,342.2415368288654,382.2777554119855,366.6456958254259,422.3345956010875,395.9492945012647,428.55081828365957
209.90787004538498,218.92703311295614,224.17189300857552,265.5004093851233,247.70460935920562,382.14814185326463,298.1657689983145,396.42444242135053
208.9391655205706,107.46031612919043,311.8917755686749,148.6788456422903,315.7543707959741,314.39300320455675,317.05919188325447,324.2383909846956
41.669659887238566,110.94630760551951,91.98861575276963,170.97776191961805,243.4877326572375,172.11251897614804,321.13321718349454,195.0343642131784
176.73752087655205,94.94523158489983,271.34098953114216,241.06329935900067,277.34665728380423,259.7850687579709,300.3447757674156,311.97209869483135
145.78328155911794,271.44525470619976,150.19585676314227,363.0829568765431,164.96449420310734,397.62844328198634,281.5974008131351,460.91741820266685
149.56377853402603,95.37606570591305,227.665102791047,156.88934958989026,364.9268229906468,164.79465527159707,404.0760301796276,262.67638101627443
198.97517989476444,150.66172710371185,269.6240628546947,162.68596601540338,274.69881749057464,221.80857421624384,288.57420060448186,229.51680193965908
61.304815641867684,121.21986121049277,106.81960021015958,192.8765914719389,147.36697956647154,343.7478183487308,169.34128976449918,397.6741954602898
110.32397062405495,125.30304605154228,221.82987916112566,253.40629878033215,240.31889817924474,267.865302143775,279.7670628871716,422.86172930992143
234.34009758558278,65.94599731548074,256.7369147307899,91.75499125249354,287.61236001803525,122.53580765681156,319.83587427648774,306.1667842331494
32.9853568260907,159.533073906096,176.86734707732103,282.0903461280254,188.59338778289143,296.9311977309378,343.51170026298104,357.93065050048114
186.32419099829207,90.45992136849836,312.699795838342,134.35396465103597,323.31639187625103,261.3950919295271,405.1834754649535,269.59165601588495
285.63219362730536,58.73884988138762,321.6401555528441,212.5630212992027,396.61888044059197,213.192716816054,420.1216906664523,261.50756801926866
66.26701062284538,219.4090133325728,82.68040288223308,269.1629421721738,112.20266655486128,269.612819211507,131.52897736869355,325.61157716202393
93.23764177558743,211.46854684474468,95.97504951099633,243.3568786011313,116.21072670432014,289.1469162338651,140.97785353753585,326.9069841691402
209.5223437962506,42.94341452385109,221.95506817672697,180.4793581478364,240.51593440446172,222.28900532921503,325.72025811352563,309.9363020360085
201.54498628018902,245.22167442579604,232.41069026260848,332.97793392076414,267.9437542789693,357.12693825348384,287.66220282789664,436.511282343358
68.50411120434005,134.95538618743177,126.52040345611954,234.69797610046638,253.14143139100193,248.6404147176304,262.8011704008154,368.39888407278664
191.35452462955257,143.307111036641,297.2530035150548,195.1301352160365,341.52168816298484,395.5067507561955,391.3829819793211,469.19863524156847
245.87767455993804,234.8544101708937,323.59067349484434,288.78153961559633,373.7370103769969,316.09301854890697,403.2101649667565,327.3144068644486
188.2710538057711,259.73690809860824,203.3343805415451,316.0792643876483,294.8277913723649,353.37883473676624,328.4046647914236,367.31852363107186
159.5705509928246,163.55554643335105,209.17527537394847,215.73868374152275,245.35788549275685,282.18306242569525,272.2218116928707,308.4914400780977
65.48017193609051,165.15294465959207,93.69177146016614,209.46484744756654,208.81714551072764,398.92090067444167,298.20995381279306,405.5751265177414
140.31934204033195,163.9492106752228,179.35386495680686,269.5578939503804,201.80928667879257,326.2906025821693,232.15707774783152,393.1277645612252
147.07561215106037,291.5379735094497,184.60359365568385,301.631148255992,205.69893423190027,407.751726379545,213.02427007130882,415.73231609355304
91.55063826263206,49.86405317706487,143.00983257561484,185.42795628474022,148.4079560548699,220.46543661744272,367.1228221547379,258.6600607961773
194.89358513533418,142.39632319875383,262.6523434627108,263.41202218439264,515.342422458729,296.84676878339883,525.7011304923966,327.0776826880662
149.59361030048166,287.3519077742717,228.79330677615104,385.9661746614678,384.30842224934185,409.28397423916283,390.7673408855928,459.4234157585498
121.91254385698171,97.61409154393532,384.0231503509836,376.2333746562358,386.4042344860993,383.2042820608839,422.50269951131,412.8664699818453
217.85976955508534,289.7312892728276,220.97434654225813,310.8129139002793,257.8986805126107,322.0138750336236,297.83305650910364,465.8920108656129
163.9516470578037,110.87337868792383,229.28527633083627,126.23317091992183,247.33908497414967,210.28183662453918,287.46583054749476,304.62649289713863
263.2864624578026,220.8296603601523,311.4922939673805,253.13267794851492,340.26513809105035,267.66840076344954,419.7881612161792,310.5488603521826
81.10174929380895,138.4099530460981,292.1175430378339,153.22386463535582,305.1481913407661,156.01837892474282,317.4684193286847,278.4387935257469
261.7219437624202,289.0355237325976,287.7780159321874,289.4083936612023,302.22130088706183,309.8070900882936,347.7222531172717,392.46784007094146
280.6819681198319,114.89737683027724,311.8997807857567,351.1725316385301,341.6556149347607,401.4846410354388,389.4015004777263,410.99263580442306
53.16895983070936,144.6487857151216,67.42078871385776,160.80179085692944,155.9751134178178,181.25129880876125,190.6708239889405,229.67560961356537
25.963170143332057,220.24567753272578,163.597676502351,254.52443498194626,179.8671152272342,327.4850334273477,278.3360874377754,329.47611850893225
144.11045458173135,71.5242256355542,227.59448706380152,222.74319472794878,257.208652997584,233.5652878205581,268.29831418548696,245.0535971692716
153.37094672534226,95.17252593513612,255.76199342387966,141.9298161185173,257.01975193205186,145.20176076547776,408.5869606077534,157.3148039534692
90.01876045401261,97.10986780666843,257.59777427820035,161.00223011987808,382.7366406251578,179.09144635002127,536.216177545353,284.0458476969126
190.35142626980394,64.8395391032587,291.85997451389824,176.48748565223207,302.3235453076405,206.6153085868431,407.60154757631307,357.97921498761553
299.62563813345537,116.15515873828855,359.3959323188342,143.92042343976723,366.51493265648355,148.86062211100867,447.1103685043537,155.6631271092791
81.85716070453192,136.96984074555627,106.2981201959237,283.7310995183514,268.7296348428886,536.6057976490902,279.6042798332859,591.803324874346
41.78638305712605,196.39234430172849,88.66900147903455,215.3658301560339,224.08204132436924,245.46477293528818,255.52477075617122,318.04639805570133
145.54786154266017,287.550541104426,247.7892674214113,373.0748374360645,278.57526097715214,387.16403128538894,388.58687463670225,582.9951840917769
337.0786121403879,252.65076101683252,471.9045228927919,330.6036077154888,473.8994242780211,340.91450515219293,476.3862356177466,421.51702483521655
83.48244495673826,158.92678301304633,97.28765464288067,183.27310565175637,118.91989690416781,188.46910834653247,147.56710065339618,193.82559964098812
227.68153298080531,124.79379468024523,356.09902171399233,172.2934295314816,379.0129170494552,343.1083496975657,383.2686825456087,372.2501246115929
66.02965833326991,146.66718421838806,176.2947562076224,374.6234701277754,367.8276096167316,379.66606806035,388.55920325281295,385.425529669292
87.4704966225263,95.93179162188102,223.37488585088997,232.6285291561157,330.9463450041395,273.79859685183965,344.5235533458897,294.39777559002806
91.34368781294606,142.55232729440186,99.3024044582707,330.4355209295552,221.32040141213506,351.8181679341315,239.28859660698052,392.7089763815277
111.91594519571125,77.30441379821687,269.28060558514375,219.32763791117677,305.6971802459918,321.2774693678789,308.74823355543634,443.9016900343177
62.65544772797101,35.19469174252574,83.83153187843557,53.929572899584976,140.54650273024936,124.18656285448915,191.9993980972049,177.215476557422
39.212240642777644,149.55647649144055,182.39029746980646,150.4084921872935,215.9734191688188,164.64987015564853,269.72358423072865,323.14094866425097
285.979646750083,88.09253581462178,307.9134528606487,195.61110496732113,355.74395738423846,216.1000124732469,392.21755632575173,234.21105995084363
68.47975184119748,15.399742487600285,382.7424912736945,98.38614197341916,396.28748900958334,127.14200726651941,398.6539690220858,224.7666443448689
89.32012068530754,107.25860554521783,100.65416358256844,256.2737264723165,255.59080516974785,304.88366150212096,271.5157035698087,324.5172342816794
66.86498404134376,174.78421243155702,174.1954191448373,261.05200211613254,187.52560557098752,275.3919667042005,196.07827127182233,320.95990411433155
109.02857421108565,150.10681641114672,131.46623878750478,153.32183147154822,148.08503778471393,208.03174726874647,156.93794386993414,209.72657400744404
17.75781699128227,108.85633861681082,129.1573233873017,135.46400344354973,294.15898789785564,156.19365511506462,357.01719293563787,221.89611959453856
42.398140164767405,73.03770476184931,165.4348186105267,251.976718471445,169.0081303705002,285.0967415403153,245.03481740951077,365.28422086634407
94.64739883581112,86.11775696548987,107.46841857919681,101.63912160656922,150.2713535544163,222.1736942535377,177.88475633364237,333.1830789202304
194.0770303756981,280.580566537803,335.0173584429678,474.99113828771243,346.9223405145261,568.2114919974127,449.9301828724097,578.9485070698606
50.847768194691696,210.52399012549938,64.50605694471032,227.622250512777,162.881524086069,277.40655699185766,196.6027797755507,278.6415710664885
47.43966369142435,42.42532751355392,69.0300128545949,191.23769948713408,167.83219643544783,204.8644053263971,198.39641108808166,249.51250158604432
134.83214143291568,65.45347532716563,293.7348515111117,77.60544683719996,336.9143182503991,130.37118984630433,360.11034034995896,255.33754427860774
211.38903418204512,106.66756987884906,221.29873651354157,190.96060611332882,237.2597321708384,198.49993876079213,380.7968201711875,248.41243097849096
126.66585376706833,148.49553163608525,158.61019620879458,274.45160729067555,244.8240658897092,340.7105240645805,246.6230496809102,350.2157089383599
50.9133667749253,164.64987015564853,71.04964360867939,259.21982382687776,165.7381188118226,273.9727432780824,217.96101651807584,306.24297175419065
48.54577952543757,294.8464332824865,166.4999315210917,301.5401752355549,175.10518620771913,342.403250975689,195.7268593958481,392.3833594848904
62.63317089107424,75.92207214674963,261.1129315130521,146.92151045514737,268.5536028788986,179.34595114988414,329.3963654609322,182.0809695800419
80.20513278581821,314.28279285216763,112.75113224935632,355.3260355197666,241.05796023735445,404.1170963766262,284.52303747781457,481.46223088206176
314.6595650821365,113.15984154228494,344.37381015232154,129.2471311959646,380.9963448300987,242.1443982541563,418.9847353993891,376.6947051136387
211.90044940219937,114.32711341419515,275.2621782127943,234.36417061414647,328.5650887058663,298.9026325112658,335.93918602627923,308.80360577897125
65.6386790559707,117.2875594663934,190.03506341229476,177.35530948282104,206.6133752977602,258.3624917442968,231.02927308335097,341.03167454532786
215.27791943859216,29.34670959266513,268.5083317035638,189.23258314336854,293.4656586549099,211.77118313838793,305.4764569267667,327.18460893255286
52.1450805177952,117.64908863963562,62.65544772797101,229.52340823964303,160.1519875613201,252.05144697991398,187.1309312985956,270.864563444086
177.15354046917724,168.0621858207435,249.02711175831354,173.57837273922016,287.84310639020276,218.38426267696644,303.0342854378031,239.75129915300775
31.469617297313572,162.52754944241983,58.836877929680156,244.09718821377507,101.1512120580327,285.4218142205661,272.61771105509035,337.3908215154518
38.17612486924059,182.41558765495736,107.82933923421767,237.67654547037884,134.90537260121008,237.7767076685478,168.92954824042656,286.79391879497075
213.32165817938903,73.76029839761094,245.5544259093686,78.13086666539137,324.3910357155416,100.07642467247933,326.5828475668783,225.03763216321485
268.21422994228874,162.0956145879946,290.01110009847855,230.85059274514305,298.6995868467218,272.3174452488025,328.9822632948073,285.84213697127177
57.44600577586987,138.3142947774118,65.92340787163332,249.58317198478713,236.25554207018786,438.46466914426054,437.2020056569273,439.7232238612263
147.63204417347592,17.193977072107135,265.319340940274,126.02202421079744,295.72663190751825,173.65862913001607,337.482261885641,270.7934861460148
237.2597321708384,169.25451731603428,304.82700198131363,220.92386416644024,322.19887867891975,255.00089361523655,341.08869848784997,309.42000765432243
196.43349389764907,171.90656446899922,238.72646361452365,242.21326325807837,353.1297018286411,367.5764652002585,392.72071930489346,402.2658334443914
160.21849523785846,246.59817197869683,209.38554086243613,309.92162673459694,228.5198708424701,331.8227659105608,245.04839511019705,333.2632465502259
91.47564693755469,30.361120820167873,334.3222589993656,256.85123124322035,435.9356715311772,277.9413572956392,471.014742504429,296.1901430399013
181.47055033744843,94.86982684328969,189.8786541645012,109.61473906238292,210.40026489590048,204.2166089288976,227.46759351995343,295.0200228930557
74.56444630605041,127.59063741030974,219.0291610721818,186.16182776740644,221.43634331542674,193.93275317162255,338.1351671808424,277.4402520549237
102.70773159163122,180.0299589817935,135.11685385222833,192.54620125539222,172.16071937438826,206.94154148307138,197.16036708131688,297.6243007632404
90.89070956262519,89.07881145011487,117.79814037276773,149.85368769458765,138.86864111639107,150.52484149322584,202.04852848601593,176.4573230481864
228.65015534501347,88.28450421369176,285.48651815600164,164.8136408525603,293.6383025010874,261.40971168925194,307.5474887598029,350.3296350743111
172.62718084057468,65.59268256742776,365.24509882580196,251.79813734775846,392.59516148847456,271.4309159316151,473.6488398966367,298.31899713076683
73.63161257963293,117.19269479685663,220.05148807493325,164.5806364372734,238.64372462879737,308.5887395019171,398.5259138067623,319.753935092231
92.77532018887547,142.60559264034183,121.7118340271522,315.0248638740404,181.6739757221321,328.71856672158776,213.20055700481922,344.0316792699564
172.38974945092093,71.70450565237422,201.4630058400196,185.37217373950418,221.21172887611195,243.88204267151607,256.6599623314039,282.0235431608916
186.44668867904622,150.07224850911862,298.4040267554274,151.2580168633547,332.4201680509152,256.1912827309319,425.3228464655063,260.5993499930438
149.65808926141187,220.51476356022755,178.9876556144548,235.60256665673793,214.60245713575378,235.6456703460321,258.6209110343818,259.59457214915074
286.4595606386369,242.905797010698,387.84160349282865,299.3551140658299,508.75174461872336,382.6313221770018,538.758563514614,386.44403479251287
159.43390533644882,248.9638298498963,176.47959321243582,269.1969618250472,177.5791143630681,305.4536746857191,183.25895505275193,335.70675938177453
99.84452809759718,184.48630671993308,153.61040702751,274.61855501609455,191.5473919815066,275.56739874521077,208.65845154741763,303.6133088268005
208.655803973291,244.13940071285074,215.26505074688535,338.27828040429864,255.9972598812698,473.6174608485221,265.50050735938083,480.6882685646093
210.1360167086707,247.23973724492546,214.62523877533565,357.50953343483525,246.3714180977996,360.2699020602524,280.22535519932427,445.29904216665557
249.26125683664225,259.51613737416966,354.8223754541703,278.8614045016802,443.52345332750724,368.68753978870393,541.1651444428275,369.6305503590026
102.02023312579333,92.97676200047486,176.50800008147462,180.9962774321423,197.55009669823502,217.6007537343567,217.80140794734243,329.12700379877265
114.35316146475597,93.71273604731553,189.34790442851812,237.27077557992243,235.221934022085,248.24762658733354,410.13287323553163,349.84255490326194
414.6185325764649,49.95492213840907,463.79939153965125,280.4359470288993,477.20151739100226,316.6141760391019,482.81959369195255,501.35976925024784
70.2650098118651,182.9787043315838,228.81998552567632,285.4230722518756,296.2964022393133,295.75401008364963,322.1656338383122,409.0262940976561
138.1359612294441,48.09804430165465,177.37048975609332,102.71845726016703,225.82349181299003,137.67800211399782,246.64802625976014,200.78002581809713
180.36747612249292,18.475911040425917,199.7944620176967,182.39568719610656,236.7562958316466,195.88292215623693,271.94536218020926,210.6695935456285
95.56378757504105,102.95778883316521,174.53450870330977,210.0626750985162,179.35386495680686,226.16747524768567,216.17333754411618,289.66853966615736
91.02142598473557,49.30177904842921,127.61514316841689,164.2798701352703,128.78872706236186,235.79124022597875,158.74731331598474,293.74518666825617
102.54334838317307,55.5413679631714,124.09353072280464,121.99964455182179,155.86781571548096,204.24738174988852,170.26429472147996,287.714377269123
48.78751515382152,100.6131327480666,150.2716440172676,281.3404550787516,151.96424647974098,337.02812241348784,180.45613526285922,351.82705790904674
144.48167541767538,127.03594619340232,160.89066381241943,143.5626288783962,176.71729766123102,234.78141713520478,210.69164603023066,266.71628903217953
252.77981505522285,188.44314997415216,253.4164080647134,222.36116285872083,259.69231800406055,227.6027729176034,309.6869807279968,268.52444502972463
45.86985460931843,37.16881950219616,130.48969576623173,168.2633029430126,210.81516880868895,257.0979307314573,219.22271395511495,263.13398022036296
46.422711588431916,253.74358441626046,160.18949650473965,278.4515414161645,308.5073112300414,356.62363536193493,393.2720814064859,366.4132264376659
197.76533086344764,114.36432484317504,248.1499362736575,195.61110496732113,297.808488924961,196.70639359032208,325.5263252036981,210.1543840237167
84.48071635202231,231.4879379118145,99.65808939010293,324.55471725130417,106.56079536216343,334.1796153318296,136.5604623895317,338.74726093544797
28.142024744436227,186.98140257961668,324.2647945923265,212.5093664471515,402.7262386356713,270.18176873564096,423.3419534185792,305.98156800579267
161.66959454981867,65.31997029465248,182.3596400844485,120.7924605759529,277.60431485710774,239.72202394598347,371.7702990982528,365.83001360439636
266.39369263996446,236.49897192206538,308.2986103093669,358.2986957371883,323.41472688291026,392.9837608085856,332.00525968914405,398.7727180011645
116.88029315720138,93.42538334182134,259.53320877227685,220.2180475943924,283.6345252343744,237.06129840942043,289.8844872664566,257.0151003626905
109.1650987871698,30.909689912268085,142.40750219665705,284.4038049996057,331.15330820280985,349.7529398024698,357.0221534295599,445.44447267821096
183.79976985336702,148.7653814376714,253.69461141752294,277.37801159111103,277.28588116308373,317.0347873347871,589.8196211625223,480.3304047410377
76.6645716898215,230.01233717299866,87.47812966644005,267.86780012810505,100.66942939274432,381.8192146577327,101.0567647464054,398.0343419018007
100.01846109852535,57.84274631242269,188.31605570286817,91.99379119334493,253.2225910603939,110.1661134376401,323.21418100446914,168.6535421051453
143.600258660052,70.56732291895668,253.29800870620707,79.30807468469453,296.97387733804675,224.50998006965997,523.5988959037169,245.6219334573984
222.85822423155327,65.71260083821251,258.9447384192161,113.32651383412933,296.32196965592385,248.94263279449362,360.38584783364485,249.6530704600497
123.59074286755515,225.84752098595624,197.0700321422929,249.063454412121,199.47184972939735,259.268152175266,222.4716400538208,357.87023009655496
208.1162917037474,184.40211530545312,247.44989738129723,248.8953496027587,428.31889508836775,254.88432026378268,524.8285551403287,287.84630715966244
189.82622614081149,84.61708534433525,204.6659030892576,355.49112260062765,242.62332525428764,355.92738787028594,287.080887876776,386.4484510531652
114.9850458227053,310.25173883960787,221.29752434127354,350.36327002075564,255.89431988913367,353.0893025309323,258.3654285603361,449.1353261834481
241.80240000162755,31.78582837434818,315.4389721702054,194.03681333659011,351.47824020339704,216.8525613068738,452.4819925043844,376.8220994256862
61.31689375466997,133.62430389807434,65.66884379559522,156.64938697986287,276.17830145024385,215.03169867768918,303.4222319985924,260.07483611112167
162.9209749447818,212.0788439478181,275.43245325513885,233.2889527341819,341.3946773050114,264.448528921577,420.2475102650409,356.92613231333013
68.42456464623133,144.34433253555176,117.81103847797945,146.18214769190885,132.58705100080473,151.0312991049427,160.41423168422315,230.69660118049165
70.52271398632986,301.17452857158315,189.59006770924913,312.921475407141,220.10951269319497,336.30592808466673,313.6779015703018,388.36535077773215
70.98665262076258,242.4698777808559,113.52864246053403,283.19245552403777,130.84291639139346,319.5368187848006,180.00904655355606,321.70383330466365
365.5552172120553,189.75762454967736,469.6860583114552,263.90239887805615,508.71364886266156,368.6352553164072,514.7018697812225,393.1498524750708
129.0517551876467,195.35217231258017,180.28880927553985,220.52896997755758,228.12130217092846,288.78017837074486,271.04649600020514,308.8344864323241
137.01003794061415,32.092144397312275,379.6142869292966,178.03693827340143,512.7687940309609,313.5515120399079,532.2511778545966,409.11809154944564
173.1446321870357,274.17630410125366,249.38832277235286,298.38298420329016,321.744272186058,312.60430537064144,435.9416823239817,419.97923981753326
131.31714629700937,277.2341595208414,132.68432110309493,286.2896931362149,323.0356365639596,327.77706129661567,407.3767982063403,378.561095730476
105.60519950261288,167.08060869649867,129.03383606154205,189.59811497036642,201.8234862539943,248.19366746907784,257.2673460205877,252.74734891956544
77.77423878920821,280.31020148910454,96.91054485273675,293.41019108347405,140.5319270008884,309.42294119305615,179.29234397177257,352.10139386051424
132.58705100080473,224.10001821178506,144.94228718813457,367.9072828018565,165.43905202200588,375.88683912790736,192.8600286195161,464.82453256612257
450.8767897984358,85.51027415833244,455.35727530439533,87.54021902272166,527.2590027593469,161.5656490066462,568.1941981226412,196.58726569043165
207.27544366309272,161.49246987258752,298.2059996783232,194.46739095706334,366.36227216959486,203.55616208821263,442.2316379566372,287.621531558519
142.00972449193844,98.18112582138545,153.80433581983655,312.31817884059876,192.47280723458042,361.49376542108536,199.78275067270616,373.47574015618204
69.55779645225661,153.71501704218448,136.01813959019927,177.87572112861196,306.8429718491901,265.2032823926607,341.43444417307984,282.1485931659502
159.2194573878482,156.79170040440806,196.28140919274276,212.61572810386727,225.38421396077092,319.6804788615502,530.7181567228547,387.17921742016523
162.07742868415255,161.91567270416434,194.0188221395055,190.27593207658057,231.9543965223405,285.4660498867719,333.6795458714109,341.31718575860486
392.8721147395321,150.66172710371185,433.1284561863862,263.8347660614359,448.5552579703255,346.96784297020344,511.34353691932927,376.7569360781589
97.76013071522154,213.41339941503352,149.5898455719651,312.8305008117762,164.98501678524624,425.2695418461105,392.82299639608385,430.33992921762126
54.801516064545226,165.7683270208609,101.07939080680498,208.6635830470164,148.4734003700938,210.6274734070938,151.02400880125498,259.60791377020746
113.15385909845239,138.29381138935648,138.75603628881098,235.57538618326112,457.45743502118205,332.12116901855507,471.4123991455489,371.63438100678934
129.27048963261691,120.99870319337974,189.74847888599243,407.964389749591,277.2046209215084,408.14744208688546,319.8904229050727,450.95659637780807
110.3651910915208,115.64669214662916,296.14595630452555,291.9587685556693,476.1575287960166,323.57527650829354,547.0508889074566,395.2101703091216
68.98605345489523,68.60053302007131,299.22513037837103,115.75193178291457,300.61112267590903,159.9112090156814,342.6258763371806,295.0473661617155
229.03051541165158,106.40430561266267,283.3785429436192,177.68904621366323,304.61709909960257,226.14267232973253,349.6501269350874,317.8647243194579
115.06531109149466,52.846920809269655,213.87726535611938,108.03853661279192,301.2454506747722,227.44187797795433,441.7139615523645,271.60479573051583
119.47708734082943,67.46636577381592,125.64832090388067,324.7271640370393,157.28100700412526,424.6479032944306,310.63290246622273,507.83739979984693
149.77193298833706,179.40507207787954,191.51447479044262,207.77111299833612,234.34009758558278,256.7851080806533,253.69618662890196,264.4766683450823
48.073927763411696,83.02869687940323,199.6204840976318,94.35930392516272,286.3402871280227,102.43959280975407,293.0553904123012,137.6244162502529
96.9847263394587,152.70663357507198,169.79660675563397,199.8075181885935,219.8441506420581,201.1730022353869,301.0924020393655,241.5464889585101
175.19377968632335,10.224555356095687,280.20257913578774,107.2842462641558,292.305990069666,198.31509784025468,391.78557788890146,202.376820004585
344.82014602077845,225.77735754567556,385.68614446118545,448.64486075579646,395.50414505682335,496.6212639772519,459.0725507320524,682.3648661983243
279.61424496066684,42.059971788785205,322.8932648262018,129.256842588961,323.090131722448,149.40888809186524,415.23121845155345,231.61639191162342
230.451758583245,24.668412337403826,297.4923921873447,120.06465302217566,310.4510378362877,148.95894307861556,324.0759534629756,269.8225769209157
360.62083322830244,158.28148604323744,385.2851596640283,190.23065072839324,462.83503114455493,296.87606834431654,534.8964691216975,318.5386857634402
97.21312469596397,275.06852506356455,124.6671861160239,476.0844330633864,156.66148295245156,503.80853781528833,164.4353418740194,510.72109140861926
130.65817887830548,93.18391846874403,138.01911771285097,128.09504896896308,213.67868516655707,172.31235353699515,294.4199738234629,292.24099872304924
114.3651482783684,57.84274631242269,283.4875245835775,64.22529093742617,297.77638924085466,109.16306921438047,313.32204400575677,113.25220225992545
83.72387840944631,111.20148579844158,185.36985399030095,148.34963152270896,275.05016620756317,206.7249632080575,275.9461962725969,260.1038535995076
188.066305324341,135.6471230436266,214.82418235496294,154.57236874723503,258.1379177433405,291.35145888836166,290.5029953410269,340.84172827632267
124.66733216168633,3.7243747633540494,162.9209749447818,91.67202896000158,464.1706454797339,164.42552490168288,474.245436947041,279.96660378159606
218.21862756589348,222.1381923275556,323.910989651082,272.98241051781014,335.62117411521695,449.1353261834481,364.48999307488884,485.5993203242052
190.9626657766201,80.10823708947328,266.89219392316454,249.20221297901583,336.79545963410226,396.9724149357162,362.57162379966223,443.88296653534434
77.13493016683843,84.93269636378653,189.68450312360835,203.5831483484207,259.1175612947035,242.93514970377,280.5944824029868,247.83379685675453
73.11851603347036,139.79413717992514,201.4427443604647,227.1488763462005,294.38081503046067,341.4779399061895,330.51233077227215,367.8740523605476
269.13479569929376,167.08353825685947,317.3544985194273,277.8004232424385,344.82014602077845,335.769648822847,443.18157685634117,366.8738544191212
253.6611783873032,164.2141884051304,253.9093718360357,200.20319723982618,307.39838545588043,339.75339966718064,442.8843731757443,345.3613899317545
132.74447914804554,183.4205846017579,244.50485248809508,188.12914216277684,321.8298822802249,230.63171269084978,328.9305762916817,248.0506500182628
141.40409610066177,471.68198827385,144.11045458173135,534.2719881055201,176.90511384656764,537.2441619000717,310.73089391643975,588.3564045493845
279.3465108176652,244.9112463913723,291.440083851838,258.90258335452705,291.95865914231126,295.75401008364963,324.239818784881,479.8563021912903
168.92052034380882,52.28237167880818,223.3737261464046,54.11912325333761,304.5331685158645,283.7323747196059,305.359657524207,286.13610755956734
201.10403205090012,213.43838209836895,225.8030843246932,363.1179616725398,273.32731556541125,414.02791123634745,315.57332694017805,476.14087000831904
125.88405430491046,303.4763776579724,266.76524064238936,320.4190549929411,280.08018554636817,324.4281661599143,361.67330893505203,367.0846509144315
130.09926579667837,181.63795772329777,190.4076271725854,185.9914910496356,274.5077736433525,250.87274478781148,322.8114239914044,302.1498795504902
367.4562461409221,341.7708737452626,645.6196177338389,351.82705790904674,696.2689729224736,369.61802431070595,707.5015236438034,388.86556010634905
386.4613246297846,384.9368475854716,418.11913262764324,387.53475583765066,484.4950057758171,391.30955736175645,494.28100011527295,391.64412971455164
226.10302717036882,313.50888534873945,298.25714320112155,349.98074815973814,299.43989167586994,351.0752218080584,322.0797038821522,368.957635533942
113.19056732788012,62.364951619131546,118.37207575245229,217.05332691617753,197.248038124028,350.07733691110474,217.29453515259297,363.26619242304935
112.63339432919818,237.13901830325216,171.27172178348184,245.34744059257048,344.89405866561515,262.08270512595993,385.5096688465464,404.0840084770036
35.53360482969566,190.36014900911164,346.76722883887635,216.1336553379411,386.2236426560839,396.36862894501024,392.1131094604165,405.1464580798289
212.29035478401323,150.03301366919996,269.4935821901328,213.18309818569026,286.59675198181566,278.93466570824256,294.63172251709574,419.17269385230134
37.728650975942344,91.38323481779678,105.7214851425053,120.37016242061156,112.90144007361339,210.68954401547956,349.54169675177945,268.7659279292464
181.92801839745425,225.2045933245862,219.47831238942317,255.51897241613156,306.6943077141745,257.64854779678706,352.8596594892155,386.3796672853858
116.00205509640092,58.17525007770797,201.17799092542336,397.3355823687239,438.3795602834379,416.5181976236742,440.5903878386615,476.9017695527287
87.30924416274978,10.697661854709102,150.54136117343774,73.86983731238288,217.9664943675717,218.36281035684644,256.83586083638215,263.5462739906529
146.46712025084577,156.44626753112323,249.36671193992348,226.8790321311542,252.08943686419263,307.22424367539537,287.3684801739654,349.79146826659667
38.130205413455336,111.67379366336924,77.16255300478484,161.57141822290177,98.44435166198535,211.02764463926314,112.04822522212177,265.87818457146057
105.99451581676892,317.4248033143705,203.2477802510584,319.08042631235946,223.63708170285642,377.5062363475784,237.38312078398758,419.83189491560324
180.15958219187058,78.22886492141856,184.9827211001164,126.45628743645013,266.6272044579542,158.2003158700288,307.8025002008375,181.08148526544295
261.25224092503305,147.143240985085,276.8597993804473,281.6976465402706,281.3180283550576,354.06181729340454,399.4070573016851,387.6763953005764
87.17000172715085,352.86701339131304,117.35231443596746,372.14486575389776,149.60472047842717,406.0225972704289,154.90258935409972,415.42340661051645
113.19679382685158,215.5716823094585,150.8651668204403,238.31592240780296,172.83018333072457,249.22380717837987,183.25895505275193,255.92198342721576
52.30662120522903,94.420222693525,107.59539234506693,276.0205476281975,224.7865086101447,474.7058222497094,251.43663475674964,477.90247077812603
123.18728059704733,218.67758978564416,211.1435212801167,286.5851657264521,275.8958206431845,298.6900067561906,332.7303945886838,316.6838471885427
256.4302321839469,107.6175094476984,403.1621435393118,196.43507413044523,403.4924867441141,230.10258835954468,429.1034752991344,243.71221981521802
215.7092123174665,54.53764468369837,322.04198703050884,169.63047786402564,425.59313187881514,252.146294484598,432.28557614419026,271.31264594737127
177.65386130456585,93.29958399151727,264.2306479195671,262.44052290103906,282.9014465351782,292.0300659557768,287.3430602467286,366.1614630290046
82.07121089513399,239.5911314582533,151.86558793937755,239.87234685937682,189.61774334261463,347.1951892447415,199.1202606629328,352.1547463706585
283.28503344117723,177.15900796486235,286.4595606386369,241.72498838252446,327.9259529659999,353.3882303802033,357.42701917267493,426.4868385095806
181.32593912517808,69.25830116326426,277.96461226518437,136.59414478128159,298.5399627399975,177.2732345567542,307.0065588613583,276.9899099474283
39.15438719200306,93.07935130290895,197.63146993705985,314.0366567988519,207.80270116802592,375.1163700758077,234.1898729709796,398.5527674131304
281.0550184956998,72.1731056965163,291.5423562494228,170.4365864937696,352.0457994894625,179.76416818188574,433.1736917599974,198.52171777041812
88.15845057973807,48.967049739399755,157.47990108953005,103.51027254722266,247.5973827328975,249.24333908647964,257.927928073597,283.19245552403777
253.90817451688676,200.71720048210148,277.9616588160211,249.7375396733455,521.6635200892646,249.7797400243426,529.3712574120867,271.1149290120632
186.6384486502874,32.12936526143111,197.56615598774923,104.03575801259619,288.0574493197033,153.0759946374194,405.19992642845835,236.5049187466779
187.17446171151377,164.47237751183474,272.8770255923553,186.62098611934252,349.6501269350874,213.0726453477639,362.1320274330294,339.75339966718064
298.4418051046496,196.98063107783358,383.8682504001354,373.58303044464395,446.760178410185,484.1513637338584,463.3978707439681,503.1019560092237
92.83895184644871,75.48309766118189,150.769369917376,143.7964392201226,154.62018404408713,183.06450761102542,177.83238900562114,288.0370574534009
161.83664027587977,107.05843230809168,163.33391851340235,119.8697814343139,225.8223842615396,262.89217378302624,239.00561353280776,278.9815163083076
256.8467073887589,193.81559414844358,284.15242896892204,267.98093320068335,351.44565044669935,286.8971414099972,357.49584357505495,294.26151842280206
102.54334838317307,158.06095231160955,105.43268012877401,190.4423716127225,192.1997057131334,203.0122469004575,203.75254406879023,204.64979831037616
38.031807397419804,206.11571504218304,131.18168173359336,208.51061280878142,232.19071201797337,288.81924146232893,466.960406281472,368.0005383435201
170.4048666324387,191.1092074168558,215.44373552895013,209.48259628976678,253.76958176280974,217.79818638959935,289.1683442092376,230.12829506639656
33.048341484795294,262.16678445249875,261.30771889692363,434.51793837521035,377.31479929037346,444.7804504362438,389.59655016691545,479.0178830176554
187.266520469807,87.37803305083942,243.36595102461393,275.1957202119351,373.6129337962714,431.9487292984125,473.5981889476964,447.38731567232486
104.40992817484889,78.05982874830634,169.62458298256107,146.73978285446037,276.82943447680304,206.46144481490902,300.8858412948328,253.4547165868284
24.927472429507425,60.03110083315086,159.66651355081228,193.24151703536361,178.0220019379726,267.8186251998367,218.73820385234492,280.76000554559914
117.74648460729188,46.66856043219832,131.40333168195448,282.45195105869675,169.3700235654559,311.2394943901042,193.42087391859127,333.8976803994406
105.43155783864083,167.06927742310296,238.06081871606085,316.1057115354385,292.50679376756466,387.02519490182846,330.86461542415657,399.76988590387117
97.67230468808205,170.94815493022554,167.9949018205098,182.66667244980027,263.31254445002656,304.8660523512914,303.20875172189875,336.9744009594786
81.3639726946684,92.24994465384516,157.61773696320083,262.4769872263286,285.9534857799704,451.9577098103553,326.4231271878067,461.9128360096708
87.18576485956547,166.79752659390607,117.2926049618085,288.06840378466035,153.26962580468327,331.9297765589,255.44841175444984,342.1791839277854
211.99965393385952,82.32857848263636,223.57662638433447,303.1341179442831,228.81998552567632,304.5310118096531,317.2706354583406,311.8879931244063
140.02653847147135,180.84386391318026,169.62458298256107,195.14450147449426,254.99820464399377,210.61061737625192,356.45990861118736,268.7659279292464
129.51956699579506,100.73662588985478,493.53121513465493,109.26864654327088,558.1981493445851,177.15115372404344,595.4506699638625,269.23135041097476
130.48099360889285,222.83001603527816,151.10976975846586,336.34342662910865,153.7016186525294,340.20044462469065,216.8806529927519,376.566623517209
99.20949495815051,133.12087472797563,312.38824214454405,250.25694784878712,377.8501455734367,297.6573086091997,379.03236960605875,311.63813228155493
41.15782559459609,164.77418544869016,74.697596374595,184.16711762626866,126.2953838106334,224.32583822257874,164.18609946897783,257.8370144676576
105.9632446884834,152.04997979662645,202.32310986035,181.87588905149977,279.7372408051687,258.23937712123796,334.1532685040418,277.3651542711142
51.628400185158455,216.38541355258104,81.51993121648272,276.3168705291404,169.79660675563397,316.35453609060795,201.42185211422768,344.1891519354852
178.40127364601267,94.32557493445115,259.32911729601676,105.70075738050835,345.2506630468336,277.2259961294876,345.5518747154358,277.40655699185766
255.14979607885516,84.93269636378653,454.75170164164007,155.36171853490504,456.25034777611063,207.77111299833612,501.90221741901286,213.192716816054
105.8657917104351,117.11521169077693,116.8915700637259,187.38229965756608,356.8056588069133,269.16944806169005,357.7439994728802,394.1790474371492
183.29595622153093,271.1680674073438,272.94896667161584,299.4766002484092,331.1220272023805,324.65720786140764,343.3746755046764,399.21113412947847
30.03981099064311,120.23383624139429,273.3859024824373,139.09827599034307,281.8349083473,271.73815277281545,323.1985151821148,272.58219451262136
191.71254667708072,319.01526563982554,217.3918970089801,335.56127487348897,279.3465108176652,423.15231658981236,331.1807019050773,474.39397461236547
28.142024744436227,103.61581828103476,300.4643218048887,114.33815657369927,417.9675130952064,230.69660118049165,425.5333563616695,312.9833347086816
49.75294087780838,200.6283299003856,73.85343392628232,275.4572470074955,145.383790363535,314.4849621632937,186.68672379123075,371.28806160625334
28.58433645471618,151.07741835061898,140.09927851709614,185.2684669926583,150.71723947424897,310.58628793479636,275.35861224526496,319.23037628362096
172.68375564941476,170.97879828404805,196.7578806813272,248.87298340039465,253.9245523856623,264.2590107352107,357.44818562840516,353.39034108711013
89.96149385548779,204.6092494005489,96.95138470859776,217.78233769661583,242.15578124915783,217.96991213765511,269.54627765821823,261.05810088249393
72.98606115665399,193.95077602107295,183.81620354562457,229.74323149688271,253.05602036909823,266.4094439516005,325.5100842513942,380.725031233463
54.43287378575074,149.85382387255487,154.3027858015229,156.9511313286149,174.61251826685776,236.77529310098032,274.63433362534596,286.95841017743675
164.6381459632098,112.18881786067226,253.80913252471424,130.48604698474404,268.6642315661368,157.80382265051512,279.01167514940465,204.0606756836446
301.07483169365247,71.70450565237422,450.0766507216109,182.7064432183405,492.1204572833548,261.9414414865451,604.761097921131,345.0725065326297
106.42486906397602,221.95862284089853,164.5415694513301,285.3436187909358,172.1721705217484,339.1781785897057,308.3641467462336,372.3490938141742
120.90742385709956,111.67379366336924,137.24747064435894,197.53622884457843,213.21786457140422,224.06092083272887,302.1202214312124,231.62488366480767
33.23339158781499,67.31899737786581,76.64064034980005,81.58941951865377,94.27094886263446,169.76644238523002,103.3727960051539,355.71986255741825
87.31002825793766,115.5339937026669,92.20597694872872,217.98764442432943,268.65757553562474,261.3665957365584,272.63311972928864,268.1944261115866
197.2797488348673,109.41656392056332,459.25386358251893,239.87234685937682,475.6079282581298,331.9949105386237,487.9575043194178,431.2678926300256
200.1555379791568,83.408781625477,214.38418672671088,113.53926697758857,299.5644558157554,186.43808716296056,336.6000693354901,235.92094994779075
84.74187305347041,75.81364899188848,278.67100103241734,274.13159084991133,316.0861645792468,325.25695768991045,358.45936794371386,350.36327002075564
64.07896374771633,91.53243547763977,74.34261144328173,309.4934350083745,96.35456754266518,327.01768326250186,174.5745936413998,330.36187485148275
94.58262988527521,64.58238861891125,307.9957686556535,107.77510417067876,354.5344424358296,113.07167493491461,467.50942275028956,166.40565871528102
108.00168748824494,105.80488786590179,259.0125657682103,158.7531449972281,355.85842505937296,344.5231131394997,405.03297732814895,357.18860655105976
40.3163286114046,220.86887384319047,117.3853237731324,353.0448977407949,220.76705847816538,403.74385387116513,263.71313391653786,421.8167332349463
104.31168708449387,67.18515163909925,161.80983565419342,316.38458928134645,198.14218014175808,343.6568712563209,257.5025122060491,360.53362177578197
113.02447800127125,349.16031699466106,124.34811938617479,351.7439582580812,262.5231379615832,396.9724149357162,357.42701917267493,425.4597746688424
181.93111331751575,175.1187359861261,277.6111339073787,177.61672075499527,288.4532614996451,230.49561599680277,322.8649667786052,275.9808390405233
194.76739491693473,67.31899737786581,259.53006691343154,98.84753322720887,260.9821078171433,147.4870268173179,291.7189852383011,348.9504940337956
121.79355194881697,51.2586721108268,129.9911014806312,125.53585117875146,189.27425768233797,129.68196995444583,195.49940471464464,167.84134267625393
47.08293542677637,138.71180710998166,244.68038745608473,173.8041718122431,251.8355002670832,182.85433512207734,261.8256863795637,194.98779813080904
89.65002058045302,69.1072833728808,191.32239791329314,139.2102551147793,422.43680820203303,388.39767361681135,431.6821336483916,497.3815778030164
70.3354832518763,271.69370592391476,131.56266805787152,356.87478632040825,191.8153292140137,365.4301394973279,226.78553284047592,406.57497574870234
31.29252871698888,63.937838951381664,183.62386883656228,146.92151045514737,248.03666476736416,156.70853679827758,264.71758574874406,174.89306755472768
19.95800103661413,100.03283732828353,154.76509349063832,283.16831926092215,172.7708758218076,287.01703092544545,301.1023185475669,291.8161866424046
108.53328159559396,104.0813086785297,128.78300492538946,163.53731728117216,131.4947935929732,386.2885616053374,366.90633273171517,458.59541640918087
156.93992151085317,208.41448983717848,272.68071690422045,252.41968816889144,369.35264814836165,297.58717151768656,405.19992642845835,309.44248973367206
78.45902881104614,133.53004171682946,157.61773696320083,166.59330258292061,237.11796216594996,182.64293921908208,341.9312999913389,218.62383720674208
237.01761862740065,99.76549584748922,497.31821182935647,121.49679289387328,521.0863459955176,156.75296103840392,523.5704509516493,168.04681095998154
115.29252092344113,91.50113461905366,186.7728572257503,255.1287490253643,199.1284156317054,313.8269665845108,255.80612205231483,387.17386673679704
102.27846010298214,144.4195478821263,164.40583762329885,164.67359314275902,178.63953293702568,193.31028536535104,234.45676204349522,361.0165395681012
221.44382595835813,162.0956145879946,331.6747750008667,226.7611675900853,358.8844231757569,285.7714770544411,419.6804670520572,340.09968086616425
38.73691893066687,174.49269537060084,55.35462608615566,303.3806925776479,102.99512398839302,347.17557565849035,177.73517971473294,356.6502813136459
211.276445491204,212.34728681453734,214.99069033564874,313.3525563768006,228.4611900662496,316.1726634482555,236.92737088490358,321.6814238335582
47.18785710345767,227.1105025836615,96.51112744290529,352.8121769916757,203.16697661805384,390.2331609302438,211.91694484662298,445.7291418046989
72.15374551896527,38.777519776227344,128.19190686924628,41.534008003620556,193.3589325801675,177.4695803329892,208.0723459575957,202.27869710356265
83.54791676601123,217.78466621925412,212.17769231579288,260.4079118725451,295.5026183491036,316.2248117060351,306.36592923720303,321.5678926931927
71.15692549230155,118.2989382422445,76.91575906886159,140.60165123950935,117.74648460729188,163.65018516180703,161.73569934077463,190.7285639505432
88.99983965433042,199.56431783378753,140.79362751317262,358.97311613647844,161.65007019397578,426.84766225530876,194.76739491693473,447.65535380109424
183.28988537236918,156.44626753112323,235.6264757979091,193.8384764360195,260.1510443884592,319.2893466817151,290.4123535653399,388.4289279203486
175.17048397156617,100.84107247497376,175.40283917664073,173.02710067986777,198.5043295148061,314.7577303416506,201.44408638448868,379.6308084034595
36.110569611896715,19.06607536386185,174.01945583313938,116.50693032266554,279.4698139103041,168.68912125100303,366.1351983139341,181.6881557775768
138.91584434058691,76.15736274580493,227.21105639801206,116.29113071437149,234.66112743612493,186.25947705988375,277.06905203386503,224.05453247473775
162.98278630217675,298.9026325112658,180.71064361085092,384.54259422316727,209.14575306019375,400.434168859469,225.87254182552292,463.69069915113533
33.96949346995304,56.946470023655756,612.5713923602507,103.17186488295734,792.6668211060336,277.5363989575204,827.2231291867031,353.19723219530505
154.01439094042559,148.59080692239309,242.68088570768325,165.79544315218774,289.2454588876342,320.45904884205964,309.3221452987333,355.49112260062765
292.747013347992,126.9375104460529,355.27010914734365,135.85354276526024,391.0784361951002,219.1504229203644,401.5183489082479,229.11765094860917
332.5464730557878,160.2177999682072,421.376994826067,184.8131314912264,483.0203310776754,215.4795222779339,566.8674332392895,220.13030903946796
39.57840712820329,120.67969514997087,250.7689881789378,275.5693069330705,360.1608067169516,290.86286119833227,367.58675732807467,303.79770713438836
170.93414528857957,128.69754803401202,177.32823297468204,243.1404760730578,321.3046787181302,347.6799168178631,355.1042574564593,386.1618957123648
229.78306468279737,95.6309908294569,309.27721220665444,157.99823330437852,315.489595301182,175.8800057027244,337.2047377169748,227.7238295318364
93.38036073169498,187.5920939614882,214.44168657630198,259.59457214915074,302.47512475225415,310.06085017757766,326.2511223257949,318.93349151409325
50.55494764969568,283.02972412548536,163.23382729188376,343.15819982385494,236.27337777886754,449.96266336428937,625.4322890111804,505.005502045308
37.14478364835801,151.74092813861557,109.1993521711984,323.8558036890513,373.2792721629388,334.7624746566298,447.25139828503035,335.31283126225463
261.5017468793254,168.93615434680078,353.77510037267484,278.54938946790764,363.1500671380282,362.6591311747403,397.6092992802288,432.64267271997335
360.915174921016,232.75577483678583,383.1647388202565,308.0273899638806,437.7620847104503,337.2678375773634,482.31466110148625,348.4595247637392
101.32537667982928,171.06243620062628,265.05836450751985,218.92703311295614,327.0172264538347,225.7461855055681,343.0042460714326,290.40554208112496
264.71752094964074,312.9485106060139,324.59457355282063,355.5076720028196,365.18495784583877,359.00917318407653,369.6306409712318,374.5309748616664
151.01234318331234,73.79248602025827,167.99815028824037,201.29181534975052,245.60285733804304,227.60304313580875,254.5055207037839,229.92372276514484
163.23382729188376,100.51781450011816,184.01662414831495,266.9757792289073,270.83337751875143,298.86482141028523,526.2454104046839,448.2125415123086
43.6177609808203,73.77661545066314,143.36870609225835,193.93275317162255,163.99249890690845,291.9109160792141,187.09655678636128,358.29901665528433
118.95457437523156,154.04318694339537,332.80124642229225,242.29041566602504,341.3946773050114,250.60126028904153,364.4753312178844,258.4836745638585
143.9985812079098,32.42767306028692,174.01945583313938,81.12332720577363,275.3540601068518,137.19563956805504,301.4252162152201,164.30061967829872
285.27553768146527,224.50859896998188,332.121689369766,278.82819711301374,356.39996032140743,285.72877871759175,441.699737692377,308.30618373896687
187.36271102140662,117.62328726108856,194.2781829745553,143.26048166563578,214.35351719357882,172.81714086288153,236.69646337691677,335.3775081313634
103.70440318133804,57.2679545010564,187.92141686172292,72.79934389388104,232.41069026260848,281.43486716167456,261.3394802451036,287.2344567444697
81.01555631321062,108.85633861681082,149.92582517197005,117.09450818217299,204.69023399361006,151.54792767614543,219.08290696296095,219.74230904398345
31.68213138391444,110.31304276196481,216.87526819707523,202.95518515806714,231.42575346239843,273.6365529856573,245.35160556429895,304.7249995371914
98.19132159129934,132.8408722455893,120.90742385709956,180.29655553075585,256.2511197272456,186.88030472439493,300.221875995267,230.24986427198192
54.363527327178325,217.59704803750068,68.42456464623133,229.02983497366824,138.41598816679118,237.21739555367515,144.94228718813457,331.5011458833037
190.50449930732924,169.0570862656455,361.33145204001124,195.5790536879755,431.9692393522017,252.09823329169876,441.98806428523665,270.96292040048655
223.77056974172814,272.99775496253216,257.0910801192251,281.508014082506,262.6793935380612,288.67490160293187,310.39959785977226,361.9492926904545
160.8137489153093,156.4062566288834,174.4427517267563,197.0289528690868,189.20246997637844,325.87503057016977,230.73688590000032,333.98932177677545
101.07939080680498,53.35971815627595,110.92195273594625,161.3569816871972,118.1957718873524,192.33938258511836,152.03695431593124,283.06650618904007
62.25330525594913,157.51965767690396,103.12192925972339,233.78793791437752,202.66030725247617,280.3681555140942,256.6187750288596,303.1375637997045
121.85877013992778,23.787436355564157,228.2322606208232,160.75392034191594,233.47171901615837,315.1789151051101,249.90124407775852,339.0893598912525
90.05906014467416,89.96852643844063,189.10247580206803,126.26544465371266,211.10355366033494,189.75800774163437,265.27513106760955,303.0678724562913
140.99056869077262,138.38244706779892,169.14697630798764,174.38172919009182,176.86662659002084,182.64293921908208,228.50288486014668,217.2998081943473
100.01846109852535,142.5541804859487,124.03239303147886,219.23662715545413,346.5346725960343,220.67093625545965,416.5487610073279,228.95867580265093
322.6282090155585,131.06886075036053,328.4753151697725,273.46710482284857,334.3886139540879,296.8718081761873,348.6298140384055,323.6970761070373
161.03513427016583,200.20319723982618,220.2467428565523,207.96791971457054,255.29909822887922,257.55937237796667,329.2861743087197,262.9986873390314
359.93856611399445,246.97634544225735,439.1598264619202,251.73799874661478,469.5185432373324,323.88022516855955,704.0090323512592,362.87537404962893
153.82653389154422,274.18424339085004,340.26513809105035,317.5425871959359,344.3535357396362,329.74195920804783,522.5017084810545,388.04508849710646
36.16214472882024,183.5598475641312,159.50472622413767,223.69385258614312,213.20055700481922,359.39416518955915,237.98960358450435,432.317061559928
172.9274806272798,232.36777169399923,311.37072557164925,273.5169494825927,333.65877637441264,350.178293909772,334.2275542145125,412.281029669455
60.38807344233677,32.610430561451444,95.12685296523856,208.82576436963515,151.22957929645764,280.6273026973522,181.62056625330953,295.593652170072
54.71952421635747,153.21199890080382,156.99297950442082,191.8183717912508,264.6274816811332,248.35788566073697,318.87035074749684,250.24245388813878
109.82854110071011,212.7449536393128,386.5684012044042,222.62453034242367,388.8125274211837,243.6440731125826,412.1626234562027,303.5477775587328
153.4168528521987,180.6452933445473,238.567071831788,256.7023634999115,248.23975147582715,320.28997595524504,262.45143955204253,375.5734981255169
268.1938257458,209.39108890972463,330.5076277971361,212.02175992057295,334.6512081187932,337.3451052841018,342.7369081043432,383.93292538709017
222.67539696490977,78.66726838266257,232.45047134777613,237.16689548258927,297.83305650910364,240.40058882854333,327.62202389339853,249.63164277318998
366.275342085882,22.251002526749453,375.9639346522178,155.28391475740608,442.65503045285294,164.21883734846972,611.5395352752272,271.10254373813694
111.60093768699907,109.97485129977196,130.74578109354212,131.3882038603856,141.448061517795,163.9441638806597,239.50710748191173,187.0624567300501
122.11833079654497,186.65132428668127,300.77212808732236,205.2108882412137,344.04072386455965,223.67186665825642,372.5089652322215,244.46387591184168
53.59798208014946,153.33873298246368,84.46823383996049,174.96953307636596,212.01229380618,248.92329357182263,252.60931210117192,283.7323747196059
66.04487434816939,68.97412040267216,206.3244848591641,82.24618764917027,261.63475198427204,239.43659049086767,302.1406447230714,312.9833347086816
339.34820959371825,57.42434195510262,368.5823042512567,157.3381171302036,449.69075245117335,262.9064560000799,470.5454393081328,326.65672771936875
222.1743430323337,164.842034447507,245.04839511019705,188.36916000728198,245.53064512306028,208.05192468105957,258.6209110343818,304.9488695930126
174.91895798262607,325.9864406330803,267.48526023041944,334.75035359386726,268.5109041212031,417.44452945081184,287.3384796225244,500.1594923170108
113.36322931110941,236.0579890840723,267.42565666738204,301.0074094950517,365.646778299807,305.2057222804482,455.7740705915637,396.357198832671
128.6859845894976,130.81417894534903,172.30460673857914,144.03627012052598,258.67308662286945,179.47836754242144,274.58349905963104,210.22008947735466
72.52334490111105,245.9050077766746,114.36035805620057,331.2747206262096,154.9987651393713,414.9914076779799,199.92528700376116,504.65883842508214
110.84269590632356,276.88111538917667,185.24224554092788,349.1911470669383,191.53975408447775,372.34728670057876,363.7035889172342,397.90559609753456
575.9778134174085,93.73110503561568,620.0969004649795,173.35385081399568,664.9148079742813,290.218224291889,726.8127962076142,349.9496690436754
57.71999245019376,303.3015489685598,59.32738483531569,306.4670981690105,331.7770381903212,332.3451356843255,376.97412895343564,363.23772377952764
142.05835388778934,185.83485018075598,170.01226353525237,199.1636900453054,234.4435681023144,271.1177319770373,336.5639838351193,320.4559261673669
177.84508677575155,32.21575989229142,212.52267518816063,168.77067351424182,242.84589643122413,380.2853202460152,349.4914942947439,401.4846410354388
162.58129733044,222.30489911933824,218.870600047548,258.13072080472415,285.48651815600164,271.4276131135184,326.1418619271645,281.3320226186066
132.96094555943887,121.55777603424646,141.7731860904698,206.5546910629691,154.15032058762714,224.4652511059727,250.77980347956932,298.0371693002891
29.19548528488553,182.01445767092804,38.73691893066687,280.1625574441782,97.9606133697706,404.24251317260956,171.3456978084418,429.8270461272663
124.80560213280052,277.63653551497,211.3592579793577,342.94793491069487,369.4354483922483,401.03286477133247,380.79382491362895,413.53684413453595
184.77290464903763,101.7899153879604,669.0118923215842,153.40750110174218,752.9987157259544,255.633916272312,774.1070013345352,288.1029417270471
117.79814037276773,117.61417127232718,168.0956786160934,167.0929807614743,216.6949421198532,184.79833930420614,256.1149117071071,277.2962661297944
34.397074616619044,58.22551600636325,243.19954945236543,138.98691682958216,267.76540842456353,256.6729467430328,285.6646843794036,257.4368315255549
246.87900878230718,143.53186790031717,257.0240669585106,209.75332976493755,403.7295834359401,246.8054282990379,460.8616574568144,259.9326078671264
116.00205509640092,215.03243980786266,258.63392017116485,309.55947259659547,391.5601416815652,423.7441526311405,503.96745923590447,429.4808829469456
96.19561816200708,52.94777057606539,162.73704268858273,108.65762014831704,234.3733835210553,202.8981306044124,269.03669599025295,220.8498220028614
163.46032592620654,50.8721084334073,205.42285384771898,348.62406301886614,252.77981505522285,478.5253060848526,318.4543723544961,491.32395008488066
129.0517551876467,262.73550574380266,268.4996420004216,282.76582009045813,270.22324191527173,417.44452945081184,294.6666265210805,442.5883602516022
335.77828008838407,230.80152896487533,339.2044138103279,355.3260355197666,429.59833382746314,424.69868881331627,496.4602222504138,428.143371589299
144.40051301089767,51.71724326744863,168.88018692725203,145.3988883687886,315.15410028603003,200.5059954435862,429.060469663663,260.62433264869156
144.40962894521775,305.22576615705003,390.58991177121754,310.2854938161129,430.37071159395305,341.28358492790767,445.2078213634299,371.84846945250314
27.881022739800283,254.71974705472977,93.10976276267799,327.1315561056347,237.0848749198935,361.20490512489187,262.55334739964815,369.1084207105068
153.59796877657794,28.984663309101638,269.84122600580645,257.816946350889,269.88408673179333,303.29252687095,302.891129916039,309.7009576355269
154.60621360549467,173.18170482942114,227.67968451206136,219.88210806282268,367.2383619551468,375.84170484308055,381.37812360448703,376.30787405622726
42.2246177950692,96.82565381241221,136.39635039058396,200.17172375815193,154.03319208323103,302.5138237067809,177.41548697062169,333.84736388483697
47.073976327203,93.87261498054926,102.96063038754484,205.73149399615215,292.4581749068755,290.83291892534817,311.32970095693014,337.79948484640107
180.99752735992425,95.21400916829194,246.20526492540733,190.89575313926028,251.69172915159612,241.21072724083461,265.2587016933054,242.2261325748596
48.63685193820362,160.71683506004072,98.1887852133662,193.76227629867302,197.34297078858847,223.0730539325877,318.97153871791943,314.151634410118
38.138337446709734,133.62430389807434,233.719796863088,192.95503714237014,248.74345218047966,266.07541155476576,284.8353953136547,302.9420716137832
87.87828364080615,201.00053578503585,161.22421638843295,212.37293396082129,161.58701453200325,284.33034959856917,226.03232289318007,382.4978972283404
103.51566371432291,88.27493662673058,139.01802611772652,112.85848230958047,243.22857509369643,117.64797669542257,279.46780848148734,133.68654368250483
172.1306096464199,21.392847291880077,193.59581795658,150.55709736173378,244.44747833901863,232.55529246322067,249.32474637771577,278.500166645783
67.3108083149352,145.13985746999612,72.63033060713379,173.55538044543815,145.2930386607662,276.6759151418838,209.97115138221878,384.6864209846629
123.34245657630493,162.45328205921004,220.796687470089,180.74662261135077,306.207268938015,252.05144697991398,416.6111608602721,299.2641193216919
140.92020243712219,259.9547080444972,349.25996471864494,322.6660000315281,411.8199046167138,336.43844467054834,433.5720955776179,410.3470225506116
74.72787656946785,118.01674462881196,108.44686624234986,151.1367727893936,180.00904655355606,288.7055049079188,250.3943400360958,295.29516413157324
127.24560991574671,246.2551359244795,154.4436905556732,296.47021532903665,165.82589645718724,305.6305573859025,221.05032406301024,306.71843148523567
143.600258660052,193.01074483729457,227.22414073698243,202.11177149928068,281.2458586423334,229.99505545557003,576.1747863321401,239.70237694660082
160.8379150571345,134.6789704671294,172.84474671339956,201.85321576579793,202.85114802420264,212.7600235480654,288.20644735498837,296.8472433394334
231.94018387540095,193.95077602107295,252.0902861872919,226.88041769688675,391.9425076170593,344.66887714593724,410.53789419437794,356.60535322708296
31.468766540373363,168.48390020895087,148.4079560548699,210.1543840237167,232.5551550550459,237.76261677485732,233.46961758670963,274.1379080261298
160.25516940360177,153.80485510277856,213.22729412249512,204.186066700646,213.56341041877047,226.4144894650357,247.20472224182976,337.79652295659565
146.09090323854565,330.1222361172441,159.3534095022711,353.8769029053503,172.14545289481515,359.45519799901024,198.38933921787176,369.7509364422515
188.83992783208063,207.48776793446277,253.70844450505933,345.96469354186144,300.181895843217,392.1298506927724,340.14047331386547,392.9837608085856
37.89104844838746,218.52169487223398,38.284032012767035,249.80084862594884,63.59785905030514,250.4814607452534,188.38533867007732,291.9115539062832
150.06757575381934,218.56777344332016,164.08416772638276,243.1404760730578,235.71467922529212,297.3517977766317,257.78075320872784,331.8499841951839
219.46443983442074,60.4584432465619,257.3648086127253,105.5841758474801,363.50194033816393,118.12724676855592,370.0252478111346,177.59892145767432
137.96373710752172,88.72065617254661,254.06610598741977,140.44353077502407,356.1167919721202,274.4418829642606,425.46956522111634,283.6568973275674
114.13196975335559,84.23205930598327,206.9117620822806,110.94630760551951,309.5614879232541,180.33271289691282,317.2599357597089,242.53306697545122
147.38926390856116,241.58320502697828,303.70304733971324,298.0112957634338,317.1768371734926,437.407581412123,324.4984228084487,466.1083814467861
119.46766722645728,9.554505559403834,137.08781009421918,172.82721455012003,175.24625043479656,182.5119331372921,213.56341041877047,193.8175593304782
132.33376727432477,109.09700269142954,354.80816749528555,129.4065854390939,370.1436502857393,365.6427220812435,422.9333994480415,423.01199002600805
142.05835388778934,26.90819707938288,214.89785697055095,251.07848133115232,232.83801227210438,317.43818550060035,240.00611620347826,321.9719150298533
78.23684917454062,256.31712358080557,150.3518326263017,385.0369152957318,245.87154727183668,399.3273018591079,351.0043732874053,439.59023771863053
29.021772398332338,45.16690378279306,38.284032012767035,175.67238510929104,51.85902937099436,334.28749255885856,190.30292165454998,337.9266811096923
139.9256167299171,54.8917527037612,337.72993653803286,107.48178745838044,371.68677225129943,169.48773541569133,503.85611178145246,169.7413761675435
51.43159881803072,80.92709394338382,319.4289291574998,378.1790569347168,334.05789954205346,381.25323929561245,343.33634100856744,395.46417139580416
31.29636953726447,181.35609201794244,192.42818348683045,188.36818156807186,208.68610991250833,287.68243755927136,213.81275950854882,397.6755867240065
91.61059569757154,307.41216456907597,185.24224554092788,375.5250255065951,209.37374136130202,422.9904200690727,222.96658498954278,430.05752615275776
29.82600352849873,180.04781967434428,256.8481360442855,181.8081654908799,257.5576130729387,389.62128039623417,289.61617052883497,402.60782119343855
136.66313118049302,110.1564401164046,208.98546615301967,120.25359317630519,209.71089484714918,271.1680674073438,242.94801374563335,275.34708519940824
175.22710883912316,70.84047759917061,230.39088382006372,259.219088698525,251.5230065156366,309.58633945038724,340.09880166516086,329.830940956298
29.021772398332338,100.51512687014164,61.43644249045135,324.6560924722147,63.59785905030514,327.0382185392965,171.5667545652934,363.34546316533164
23.222173559316623,168.3273357561512,119.29113691941572,266.9525867344954,208.49004410161177,296.9744559948551,385.4415047672364,315.6436335529798
138.98642390461725,49.95492213840907,216.9311999155532,266.880952968341,318.085690993699,308.83128972895213,348.7793740757338,456.88070018650757
48.23305428867263,115.92759282688998,65.58129746322808,130.17368437809404,90.44839525036487,385.4949068093489,136.4472607128329,407.52596116430806
81.64406626630863,80.77645992500612,122.85198665735882,138.98691682958216,254.7099710776558,231.36826288974885,314.5587587987154,340.9883183429357
32.912321278861384,29.404857431010853,85.19193230618822,71.49239743500982,167.81869616671824,264.7392277815938,231.30055415840698,315.9341391231192
80.77127785538812,89.82936215158006,90.46844436613776,129.71790717992718,201.4420786121499,150.21312318047038,383.92887962797386,267.4498464634731
27.19015833945478,107.05843230809168,204.53540226448652,211.68257321949827,352.5874981812514,268.29765690552745,371.5235059977041,301.0074094950517
27.19015833945478,37.88283736437548,209.0540954210263,131.3041906494694,350.20475948434245,233.05309411059275,352.4913015129335,348.4595247637392
365.7122023321864,43.39396922138771,372.36168775723434,113.79804953518567,470.2251407003187,114.89395128803942,471.96989050020926,182.8471942301736
217.57227549185026,211.88931295312406,258.0491274683675,219.35748155218798,279.845488118584,268.7911622908153,360.6694727647706,288.15485822066734
418.73598669433534,128.65405655410893,434.90280293982545,240.80335416839932,519.1738550182839,335.3360390685802,539.2581900934626,348.2781669613099
45.291736955158505,76.13152834948058,231.19119186923837,130.23830742341391,345.8837490770111,200.31894886042622,402.20711233292445,230.7487272631602
297.1348671643092,319.58053076479797,318.9907501649475,348.3320151732654,364.423471761771,359.45519799901024,422.58089381672886,422.89914205275056
63.502515592710516,328.88056897367443,90.95644712533175,441.2579238438128,271.45814755518137,476.9249486870588,294.2023337491431,533.8213218171808
256.0987173123803,81.82157428098947,485.71044238001826,105.39612276058803,869.6435446958475,179.53171137236075,888.2509787678339,225.9935950075477
111.88888537362851,159.868136007095,125.18062688410672,175.0357848434505,245.60285733804304,261.44338106038583,267.9956054133758,286.33591355685957
204.68487679249097,97.3859117913087,245.43018246208769,156.29471270901874,278.67100103241734,258.04591325396126,315.617514671948,285.6973361072965
112.25401852517143,93.42538334182134,172.96063807236249,187.980928792722,184.87137824729726,234.05760616037063,328.35788383362365,308.1023266383084
53.16877741227285,182.47351321980278,232.6032059859709,211.41965438866995,265.2587016933054,228.07526280550283,266.1530082273265,329.5714190939764
57.30254143730052,29.736136299612326,92.1628872580831,169.41652989941986,125.13508689236886,309.9829615547592,175.54986856310205,437.73252354297114
102.81230975968379,110.02174762485046,103.45900741547389,228.3565749487439,160.81466535126827,310.1590139390743,199.50907153018937,454.0083274549547
99.52835645850385,160.69332429052685,218.3251240486968,352.10139386051424,237.88655752047111,355.5209382909286,335.25190329759016,434.01305514570254
201.15040325274225,39.46965675973181,211.38747171622705,206.73549179105893,238.4140335387881,295.816154699124,281.8166328177384,322.26087079929016
115.34507195645324,96.76157356022306,172.35454436191526,246.00582344773508,224.48899397922986,247.9860668355941,226.24628588849993,280.4289869668073
66.19905877838457,29.450110205169953,110.26356553154265,125.55897213021828,120.03919641442167,188.42819003895949,169.03753329457695,381.8192146577327
162.14240805330647,132.72279942651232,363.6422061406726,158.83093878487875,392.4724834628763,163.80308495528092,416.3889397449081,243.1843690295718
132.20231423814138,98.08431712228531,147.11344274409893,267.13057868333374,148.4052494664865,279.75042104548896,256.1660128856876,374.5309748616664
101.44328484285757,99.69049038813901,266.5705821755553,124.1838643977011,298.51113799876157,201.99910630869942,399.95048901418954,304.28539908265435
145.38023834886786,57.123736234680344,188.60955162382717,162.45328205921004,199.56660677369874,274.21613268220017,202.66030725247617,378.51178744779827
232.61276789930815,116.32387179563335,311.39594772796096,129.43121050141255,328.8181317062528,172.024258703838,344.9290241751727,315.84173599257616
176.9918121292305,88.37149532805203,225.11413813207398,120.17542983484718,335.0813985539907,248.44412915388685,422.543817172184,285.75761581831654
131.07048929583732,68.33985908730601,213.45595254335817,120.41007045948245,215.0944344597793,203.55004457726594,249.01237991700626,207.2423656950749
84.7888335558565,99.74505353222058,122.59640052399641,197.990078243988,207.69752423387354,278.744408515425,288.20644735498837,281.2927445818936
135.5298002117118,270.10122213965906,188.13185068292003,298.78103608279736,232.2561002840286,321.43165782058156,248.42895075274126,340.9642240837052
70.02840924189195,200.44814709009975,146.45177852301285,301.0808724469036,196.14393196142038,415.5686393840129,220.89685557379164,450.2740736323721
145.41608936488765,234.38270078177857,151.96424647974098,242.04895886651096,190.88038253540435,307.7795252677816,193.25046738032012,310.7992226521038
81.99406029930664,113.01219295852474,84.46823383996049,152.76556511610636,152.17210335333746,214.21432856942948,193.37083753521424,329.1395772817755
359.33920850180823,77.30441379821687,392.3846237200026,153.61002395975436,404.6190564249775,314.76364380482266,483.0296616214764,366.8738544191212
25.774457662995417,102.65011059110842,194.34762483508987,113.27934219400791,196.42502474606576,227.88020206400347,241.09619373903743,249.063454412121
176.15517417793077,397.60636370087667,180.79928438820576,427.23083692252595,191.38927743765268,435.6532230857436,540.0326755935153,457.54011675011327
161.5068501488933,231.38845116022338,307.46146331347677,323.6006902839549,308.89500170513594,372.4164199689885,311.6390502765332,429.67725860845815
174.2692358604439,43.73923048258092,184.0957354832684,70.55827395622295,213.4036705571443,148.86062211100867,243.12189492467797,153.39549049526894
103.57876496522017,76.59331418968463,104.27232962841559,247.1175918788963,151.45209399711152,299.76629832836403,163.99249890690845,374.1916876171451
201.74981438126557,162.92282170643003,209.4930512516661,177.66024259438277,240.85959924042294,179.86904894815243,315.01787033898376,457.8066501767391
176.32705608224921,47.901505878696405,412.4029876993979,147.18683858909273,413.39417356649835,269.91362759023707,424.7968721094225,455.3354468408689
201.52536599639288,259.84582770253166,280.3481532532959,269.1156932134394,281.32867249516966,383.4116138750453,483.97578596528103,438.4104595504867
89.96149385548779,144.34464024307874,141.65718107750152,263.78605352269966,193.25046738032012,266.01662949767257,196.94350475981352,314.70880480766886
260.3563542034884,119.03967846155088,333.82885842849237,178.24319112047058,334.36545818749306,184.75727840685107,341.13274464023664,211.04460430885592
87.01453676150852,309.55947259659547,128.7595385255292,316.70073410482445,153.33932626357648,317.7896814480377,273.5757377666597,345.99514378428904
151.8685765917648,47.90062730955579,184.02809704633475,200.72987575985704,253.69618662890196,374.440848146596,289.80675802557755,380.5632597944042
157.70545737246823,335.5621789265581,351.8182001247309,386.61641668503074,378.11481256171635,402.1385857579386,442.1100620051752,418.4286457231042
30.856780954795028,68.54838221261898,133.5060610062798,152.595560252225,184.9741989859394,250.81180418561684,189.00871798017286,399.9379693532121
285.5843235089671,208.3294396269034,305.34843073319576,301.695114943678,318.2636293791035,337.3278993340309,322.1790474523848,435.73623498692314
132.97511881855732,87.401854993365,168.9336263263935,171.72994944679334,219.0291610721818,187.7381630101576,281.84081882042057,229.67560961356537
179.55549133764697,100.41085125994942,206.19256854809512,237.6684841501893,320.58136399882665,293.32875926819736,328.355158606679,319.3162060569383
153.37094672534226,15.399742487600285,167.7985868174823,108.46013861962781,332.8301273594375,114.63958977455239,344.5629143938961,220.38896700636724
45.033510213292246,240.58186152519397,76.91575906886159,277.5938895817994,169.3700235654559,377.89870153924295,224.2105134421637,461.55826788042924
90.54787019293646,73.36023065255272,323.9879657771449,200.44586548599295,343.06382996111097,235.8130378723681,381.00746621232236,400.1942118794439
118.54273183726475,185.07215438828842,136.85134575003775,385.64264576254254,189.35335268188484,398.94045347990686,215.3684341710056,432.66115651035875
338.1148308146045,169.6226660549133,459.7084429612026,355.8486570191057,524.7670729514803,382.95880295386684,555.7460720312894,501.21283846730864
169.13650276911022,24.668412337403826,236.86919416868966,132.84025344018366,238.90553801436724,139.09887018434966,452.8613665166451,245.33739163600669
150.56779101489744,134.57464788558713,152.33604118196766,208.4262495192108,181.54117874430636,363.0343921139779,185.67479100161336,379.0534124055888
87.85115953285197,231.7515628698242,147.28471115107982,253.9785141135241,224.45866689948764,286.18153655096705,295.3767208473599,348.74981606405447
114.64999158443736,93.84730863007124,171.85936791922452,132.93322071369428,242.13429788895144,243.88204267151607,297.4419529165696,261.9414414865451
92.02211484199444,129.09438803055792,111.98496997888006,215.2086229363023,159.4031071215734,261.40971168925194,231.5685598489793,303.98625304601734
261.30771889692363,89.68220060008267,291.26559731459963,197.55648810921514,294.31325260953975,210.26568343272848,346.18848270329516,228.77644138012704
120.13592394633578,210.3969578803785,280.08158744312436,240.95554378452394,416.7547498462615,244.47854910560946,436.78759638983,321.27979690714443
82.2644145108337,97.61409154393532,132.61521572942127,286.2744443189072,203.57145297810195,375.445055702272,268.66972977317903,416.7535624219724
287.798768482967,121.49493070598983,497.9119644464197,208.69676764101095,554.6963431590458,231.98068248559372,566.6984224638456,241.46720773618907
103.77671409169633,177.62524605692454,157.15757930857723,191.9701062086944,268.8559579171685,213.5067045259319,297.10793047872204,415.701257931195
100.30582667307525,224.50859896998188,102.1791976274467,251.15121243250147,117.03509341332268,428.1650942972887,158.7321244126469,451.44138276698374
201.65564196827984,212.93480556600218,242.3734220630124,258.23937712123796,282.0993289753908,271.5298573476704,289.8388576675421,325.1372820169428
38.84777413342578,169.4623789814748,76.12261963804696,170.97942668527946,90.61574455582331,248.26195865043613,201.68179231728362,329.42644038271357
69.18383584958366,283.1390764164434,141.94662839507674,306.59898815650195,169.90971079470233,325.7902077436221,172.35454436191526,403.9980057836108
81.64406626630863,68.35835343946106,100.89098527764655,126.12245415918058,268.1938257458,182.83056238997426,281.88418355146223,229.41520547742905
155.88837015560335,154.4892436407757,248.69423472397483,232.67083847309968,320.69850596378615,264.6118883290536,359.20946650749744,348.3238793285941
190.4756401045929,177.66024259438277,227.48725362384477,199.78672026497009,445.6502633855071,337.9635293935463,466.1143356722102,506.4440110481368
32.82665473891089,193.76085547084102,260.51561800336015,200.61687860022175,388.9506743054146,204.4819860081038,407.89942159053066,272.8314925436223
232.61276789930815,284.49299728099805,356.424677196396,355.50624662529356,389.5174327733855,473.6401450249264,395.4094522212812,481.1512924770274
211.04821601053237,100.51512687014164,300.5180266881914,273.39143687061693,408.89140407967557,274.99769059998727,415.5999333564607,388.36127369241655
148.5630708836449,133.57916465925396,154.7331248648638,213.41339941503352,191.7748178079457,246.6523287520222,221.9581550406374,464.72764768402817
400.11063959960467,301.0506609131174,641.4778524552668,310.5014505433501,650.8506418361708,315.76428381759035,668.5987826454631,353.86172449139167
21.15395026466834,170.12208431979454,545.6369211428693,193.0890868599616,635.2690444096073,196.43507413044523,691.0545924521103,223.3170507234967
121.83444666117956,84.84302458948207,140.3854158797681,98.00274850478426,140.91276692435014,198.7970824618648,185.80613665619282,366.0997919084049
82.2644145108337,189.68973975509405,192.54312105074598,191.21890260251467,213.97509197817175,222.32314341232765,218.50540783695183,253.4366101249927
179.20269909897408,61.021342559885085,227.4473461917001,321.94320887340723,243.23808115681217,324.4358436473915,306.5045843680601,379.58838251729674
94.32886311893927,264.2719983440319,145.4489091874483,332.3538794441576,155.82120207443572,371.01597083125324,268.4414411105961,592.552674624474
80.92779110652997,335.42568220705107,256.1259832283788,367.321385892401,355.57981235925337,471.5545679068355,385.5549673265107,490.1751160305191
153.3239105815694,106.98847026208223,196.7215034696239,280.3443144417818,201.74981438126557,359.4024990510264,240.0868867120304,372.4404399977823
49.42807334086936,212.7504522645441,183.16435734209526,241.97833644540316,185.3806419797742,310.49350837409656,332.3008377809636,385.8246115341602
314.87729732216695,326.1873491355359,328.16521791423816,445.35997224698923,581.2251348779872,476.5264647145412,607.0968081208797,554.9263964054722
159.02076483727055,45.68997547031886,218.614902511359,122.62699830414472,324.0759534629756,188.73304285140443,372.207417964462,197.97358163035466
240.7493737468316,127.93085039015527,267.2034011376893,134.95538618743177,295.7517229688085,240.9213816748448,360.2425608917167,295.76040818876726
79.13564633245925,239.94758202903716,81.1958463809307,376.0418232308406,143.64778446956151,414.64976835760166,266.992076715586,462.4319777891053
298.0721839481622,77.96232466444395,371.9274229830305,84.86899176605023,379.58953700403094,197.09537484504378,403.84738378463135,198.45435685269715
482.7563567263504,90.7334413273643,831.2594742963545,192.92807035894816,865.4983650447406,208.79570382741213,968.6636841757954,283.06650618904007
77.67118421314369,215.71435353494223,126.56072414911105,265.1168952760583,136.8422131395237,265.9363545659242,211.185293481546,399.0970255385343
154.27907067790412,70.91465485199973,220.22393932160085,83.66598029832588,343.2552399303982,188.22234676527623,348.2152293029304,220.93536239570125
92.53519366768224,75.48032024189435,160.87752309315093,116.41353368974903,232.738759679659,120.87295106551606,279.5605702435624,160.15610083062978
237.9474228173884,94.17143466239611,243.4376874708763,144.9055631271056,257.2346813346006,178.24319112047058,300.8180474736501,286.4747552146099
47.8847411395141,300.506375662923,88.66900147903455,349.72390181696454,142.25017354169566,407.5870655553292,256.8502826980264,431.7559912413566
166.2531111667125,187.0469701292971,193.4626466121238,204.62634209804378,300.64253992671996,270.59130964324333,320.12601538916607,317.5425871959359
188.84850321878645,144.9590423551029,236.69760297120084,192.80492154219263,293.23443229284356,193.76741466586373,309.2372812718024,340.79034015309173
54.59345783356926,120.25979534599651,258.60989352508386,237.19787719815213,268.591957447418,297.9039419891682,274.17078473997555,310.42302279930584
76.10828485941744,68.24278531611212,341.5444940014225,180.6415686769271,417.14078920283356,206.48356204171856,452.84476114157,312.4335813943179
53.4084396489949,101.4244312961933,198.38933921787176,388.174088056443,230.12498727857036,395.5036533899701,262.2819816042195,451.14617941050165
220.15635881588875,152.64337779212036,243.49731895260112,219.0621124573528,301.2026657310717,270.43638468444715,367.8276096167316,422.22082812632067
230.63226693180522,101.92296257855043,306.02060642624946,102.34343752504036,309.9057319365804,237.90513313339156,363.6422061406726,239.25875427206955
167.9949018205098,67.23497813846511,169.06311899508117,184.5192621064756,189.90284847742564,213.7075552407181,252.50893340523604,297.7137212263345
142.00911450148178,138.4992295543278,287.7621725268896,263.75749576910385,398.1279780262957,345.2192944609211,419.76199867075303,346.59945883219456
222.30618518289987,272.2453346254434,241.5390656166111,282.43756064778756,278.2047252831978,354.8714990578849,289.08927913250636,361.5747126267579
167.44578499926837,95.49409638804451,196.46366650466203,192.80492154219263,196.562849061339,244.7288209561995,265.8804651420412,274.12621701838475
121.968093027811,132.59368814885465,157.67537983243275,254.0736750575015,230.57442564507357,304.7198532360432,330.7219225699445,320.5474733305101
186.44668867904622,83.03682281843584,330.13302328430257,202.47579435291948,433.14138555390144,291.0217437426539,498.7609262074349,306.9690743503571
250.3609631847686,127.99431567026451,263.93638099814956,166.2124648026093,328.5847842320797,192.70823375452116,376.54974162284026,272.97761174877934
33.96949346995304,51.59961527297955,583.524710444255,90.437363166422,803.2508213063976,223.09475268352597,807.2720311229604,255.2248001080027
47.049658225970376,72.66835108194681,238.4646449115506,94.40122672860707,304.2632933429276,161.3941144154578,333.4070381169103,164.73825074943352
108.42932373616856,15.416477098669105,112.60310840865155,56.20047414306378,148.258439698069,170.1196023794265,167.78723253300888,233.47483777768477
167.31253656046053,85.99212423255457,216.68560908382022,119.86039668951665,267.4720400209184,274.4708025404253,296.96270574396203,289.9005991767012
206.80063446147517,141.76841453891484,243.60437296047186,156.42306056394258,254.13839108705088,194.9878383250121,259.16817881685927,242.59124995267254
122.99261948851988,96.3635298822037,240.01846106491345,190.9741531082203,299.89674607852083,350.2430301413115,312.61727110883885,369.1591395023077
90.01876045401261,214.37725391072829,302.9853807984692,302.69802899382967,371.3386989798805,306.4830197862755,565.5798158638177,349.5612835787981
41.7308343419854,156.85591551792317,75.64314007546201,175.8800057027244,104.19387019834217,203.6816090788285,182.63666419268318,260.92081197757585
23.513421182582718,80.67035903854033,141.62964063716677,198.56014820334315,263.7928745182786,215.84798809951957,264.65229622138384,309.2014267806092
135.30518110970252,125.47868835173325,226.4892498938323,235.4030088882323,323.9954770472637,270.44656148273145,389.9493229508674,272.84584641197813
237.73809555144464,89.39181632052568,250.7689881789378,131.78682733843826,392.59698886773367,142.5777339718638,397.22720889514545,151.23863962580046
267.944838530232,70.18957358167903,276.8984488595645,187.2521794948333,285.0939951972709,207.47829153694312,306.96417682567176,277.34109200726664
39.85629098381348,172.23076416262242,336.89051658336757,196.1742887881377,345.0374156362147,247.72126969453873,414.69654248675835,274.0760904590112
247.44989738129723,84.13409106116237,280.08158744312436,89.84568044878637,305.5618673081677,299.0014049165077,325.87175094982956,337.94766005312533
213.80634868658888,42.01675002135582,347.86827909559764,117.2831558833949,377.689376997414,172.41332330679143,422.89697313695325,198.91952515335507
104.19857916523173,184.18214681189747,221.51711336663803,185.29802040045323,260.3278455924972,253.67073774263565,280.9948411045775,322.0355694774233
190.7533151269817,271.3274902199546,222.72101361088954,298.87968957117045,284.29181773492644,311.2192994064707,333.18470817732947,345.03592510134933
243.09281338640082,220.87307675995805,277.2796556716629,255.24576875139363,564.4133823369434,266.3790487609009,633.0377105467174,288.8904060876705
231.0715259999371,258.3783621714718,277.6831140670643,290.66221612401273,280.7787489256262,371.51268604474126,328.00287102973084,398.86432576871334
238.58862907601454,75.48032024189435,315.591637536614,155.9632774140367,317.6484099655215,159.90017007840308,324.07524063518355,231.47663951596627
244.55848158332597,102.71845726016703,292.2774932126443,137.79606880980614,312.8431341420532,178.5766956058078,345.7517204782076,238.41290474866378
166.81094948799324,258.0300756481581,240.04784796703032,298.61179687867116,281.33920228943725,400.6765128183368,289.4294718112687,401.3426011909542
151.8499354725814,93.19074308223648,283.6990310110987,144.02158568490125,287.93103878187594,225.717478423871,300.5328217379026,244.44565951722834
115.556391105239,187.83556224639634,130.363239119361,225.4374488309341,293.09935709212783,286.9161488455095,375.8431357293043,396.3372387979707
113.79758697991386,132.62497714319326,156.77574926601827,414.919592952755,215.70994226359582,430.9975784155266,255.66332871792227,448.97830308440035
305.0756125119308,422.8989574180821,332.4131135449,434.2281910760129,361.6953522679595,494.6229404188542,391.03414221990556,499.7239994092518
139.32863900644227,101.65582135836775,151.83456465537,282.92730021683946,181.69954511449856,365.61411858803325,251.25380852416404,412.7281903954294
24.90258415482453,103.34910238534583,124.00255623989283,205.73149399615215,170.213955788221,219.51786446651434,228.4611900662496,277.05913722385185
249.65430925826647,16.308125454595068,349.2747876692179,264.54537831634605,519.1986927822319,283.17049517723524,530.6018784118393,292.3888284646779
115.30401734892197,115.92759282688998,124.59936727735587,236.4497242486803,166.0022944785697,270.8983141045804,169.36685344120684,307.51403764100974
100.36502474432616,282.47349686560796,187.09655678636128,356.0543254726576,206.428311665705,373.91800241452916,217.92675021060913,430.65964131010026
92.63309447320604,27.31202519081392,188.72828999647226,111.30653695748786,336.40671076310684,220.08180848363136,379.50904664053377,260.72094479057927
56.32003213414447,123.81915446600978,144.5017014877357,168.83021070575407,155.69539334087284,203.67426326663505,160.2449685419134,213.16933451645352
326.2989970901736,190.52590612934688,451.9016880054445,244.60435053837233,470.23290306349304,274.0760904590112,493.2905549983228,286.5194626268205
93.1682708104131,101.77331409778952,406.3719930603434,303.80823646186775,406.8919046053554,490.96147988660476,409.55606004090157,492.89082908153057
72.05930325520565,114.02320293079941,83.00769791005759,204.58649542758005,331.72975230469706,240.00508415641082,380.4161686187742,369.31935369420114
91.54062116489672,121.51537411566865,158.15472795419106,150.81875921261303,173.04276062562607,182.4516263456583,249.37874517606582,188.65495699030336
162.1560213121774,118.2555827865273,198.85394340712298,153.77166018807824,235.37522109497135,227.03783311447785,333.8563901438033,230.2092875487228
33.18203726541665,217.8938390874275,88.02844811693183,226.57526327269113,247.28600559688078,328.72601976049515,260.02556025056776,377.8423509258473
183.28187786861392,301.61664900797626,342.46273901967123,381.0365232560353,408.09944895435,401.5835981692332,411.40026810465145,455.03382984987786
72.75595870719997,120.22883962979651,220.97434654225813,246.15073147602618,336.4812477945931,248.61373028297555,392.1282992716236,308.59252207105715
114.54342858379557,245.61554936197209,304.94127432408305,318.735283466386,360.0476464399429,352.2469799234308,472.24182173797254,379.7585108033858
73.1658933773184,146.4581580684502,148.8104164944708,206.0221202692496,236.56732798114268,280.4328109340459,255.49388469375566,289.8070226207339
62.66960825099652,138.9685742650515,103.85888193776847,142.28901299723594,198.90246283232173,188.66592380959014,236.56732798114268,219.45244463434992
35.70997061545712,111.66572958345608,61.747580889613744,253.50377670217193,112.55127037125334,282.51539192804125,132.1858051969054,384.5096571331125
115.1431306267357,178.29891525505488,141.0602458377012,183.90319407848077,216.52577655085688,238.70224078158938,218.95671101462378,351.18202508020266
184.2659467524047,26.80236986744166,240.51785053737024,53.50074122805493,261.46224020036647,199.8075181885935,282.39073972280926,229.13717169089762
144.8496711063512,237.5229098846949,151.16865253683758,305.32772949844036,185.79099369868607,384.24913409285523,238.13699468382544,391.7008573684274
247.21929389337882,85.81346429660115,462.83503114455493,205.12100699197845,496.5971608444447,235.06976809877366,547.6697353848075,237.6467056929419
56.960982754876014,145.02390960760664,348.47048879448755,187.31282041252499,376.84159041811637,218.67727642835396,419.436185819227,261.1904010661409
138.10045825389483,181.29028184189815,156.99784321096314,293.80477641837734,174.16496611635262,396.98972289007264,268.71851834230023,470.8529134288101
49.51141850877521,189.36879362227808,145.06874544479746,301.8236502083784,186.6181513073183,323.6102643514388,215.46817437098818,467.75802450679134
99.64907377334238,40.087125113571936,270.8521269396328,200.460892501846,384.92033580952375,224.15699128954546,415.7570851160614,257.7064056955987
153.98735170630593,88.37149532805203,225.99564004724797,129.73278913866994,283.22538846931485,260.89822377126615,290.32824391893115,312.1863437209695
172.1721705217484,71.05740809541406,191.13159126595664,90.35043554103416,217.22253076217504,163.06093917325802,270.72009710371185,332.4444129453661
46.72776603849703,163.4653287006134,148.99303419522442,205.31646680650536,175.41951394269225,303.5962061949795,311.9326932449383,387.16403128538894
95.80675108024737,281.71554311000085,113.67608721549612,453.571198113738,163.6929205826472,532.5093769181804,168.31555113701927,622.5283847586586
115.06531109149466,149.69325300075775,181.42097948602793,215.08629120467432,292.0027923172633,269.51215965356937,370.2616050912766,271.47617920567916
218.67884062526508,113.32666900639285,252.33837845218258,178.76649800991552,256.9950207414803,276.3306177740627,363.5403681866084,395.2286753884945
156.1092979598926,170.17327132457825,210.8150270171221,195.25928375547178,319.3335978728055,202.8111628319738,323.7951789490733,303.01443113052164
189.21715365252118,213.62369239353538,210.32814345881954,347.7611790536096,331.166526423693,395.9508496572195,337.5904346053122,422.6325605991986
58.02201355192994,211.5236764139261,218.29320563449582,286.9585535925418,222.864975255441,411.5734128748809,327.4003540865764,437.2147515850769
89.25163743119248,108.97264983935864,125.36286139161292,140.17615512660547,144.0346748367421,140.80803529845772,168.7413128714302,256.59512526748273
34.425377065917914,164.73809251815695,164.59449941634935,262.021401750216,296.9149758508599,296.9432742502766,306.11696050179773,340.28674949395634
73.1306434848691,16.147011911461927,138.57681371239806,102.11065460479122,170.2178312821225,296.8569497056918,186.4610727226446,380.95082116237444
42.505661837729335,181.2018599849638,124.09353072280464,285.6061788863282,203.3749991846766,307.7602384388331,203.75254406879023,308.63516591159254
183.79976985336702,54.07113847038719,216.8959216548638,129.81390271073818,231.4651385872063,159.28690362468353,410.13287323553163,191.140693276235
103.30968204040704,183.17698643512503,192.39822989692132,279.9828604307274,245.0784781750604,301.5471523797524,317.41796359509334,330.1536423973994
129.27048963261691,133.569374087337,278.7130649378547,327.1682325114088,284.70103722252395,368.44157508899286,286.4804838450371,412.6088516199797
228.79330677615104,172.64764172409895,330.353746502519,198.7970824618648,334.7894526196391,251.73516848679878,383.2686825456087,268.26017858502377
98.4949731761943,36.056465641281555,170.04867992562802,134.87947394050758,186.7728572257503,296.4975897544505,394.34250092905455,347.4469195966311
179.29234397177257,73.75788351164441,199.99404816136575,182.06146514555226,255.85347905858242,255.21952209489461,258.7178773439888,377.84354281706334
29.983863843091672,122.02169750464267,110.71497068140827,221.2033925531425,292.41802936528205,243.80848820566527,321.69224562513074,296.71452563280087
105.98669744316386,328.77456574562837,134.86357792570743,427.42301838888756,333.6319010681421,433.80916313260946,448.02309916969233,462.78583883783887
158.23426347576753,303.40492467255825,344.8594047544047,338.45116358435735,352.192500300513,383.22434354995227,406.8151785979427,396.90765823821874
117.46477386220916,114.07698064134352,162.5352004354118,181.69469233107597,185.56592124585657,278.7273545064089,206.45711445440048,280.3443144417818
70.26515647316245,292.9821770898324,169.15311964761727,315.84609857566073,236.08040580767016,458.30218638401027,314.6542807741254,494.84741970893174
152.28198497431418,252.20943710388903,206.95550762181767,262.5340479276468,411.28519057517417,417.92663253751954,454.21874207833275,423.6715765794445
144.25403117711332,159.0776835125879,375.5647789214664,216.1635902046122,483.8655016431523,300.34295470441236,488.1730861802298,350.5941006776743
146.86777851739166,103.62668525000228,380.78610039251237,214.97906483370684,510.55141967750916,226.7730816797656,532.9050294992169,385.58469645092555
279.4472836668793,90.0532188594392,401.75661918571706,291.65601834148237,515.4284728298308,335.30657668721915,704.1661720192776,411.5734128748809
144.85438097779092,344.44914777203655,184.4705083097703,538.6233440747006,205.13819091580672,644.7759715160656,276.86898576564795,691.9905240709994
79.46504079787978,253.14650285369385,219.59596667321162,283.4402632477293,280.1767470432029,360.3651540037246,289.3431301726516,378.8489137393915
126.52040345611954,254.9893434488282,190.32165902427815,329.4718745298935,202.4092121621078,346.3721241835297,245.91050738960095,350.63361558544267
183.9198743979217,86.6325057991348,233.354039920534,87.88818065173297,238.26824495333244,252.02927297213543,248.64807284901556,355.7032877250748
119.90969476963507,257.250772737408,281.8349083473,363.3553741238034,307.0578317265762,395.14838032919454,361.2992409630257,407.7639948929314
88.96203802873968,88.72065617254661,129.96741151314302,221.34290752877712,170.73562455664907,266.4030590019105,348.9517907702818,269.32369665694443
139.1405293261611,109.37112787243825,290.65598207457987,118.80080045429632,328.1723481992327,380.38866809836287,360.51611041886247,397.1314229933145
88.96203802873968,168.12144312549745,120.78524275504358,170.38465104163242,160.42723787915702,181.49939584910646,288.28065447435705,201.09821727516865
117.22134500582008,209.61362742826404,349.4525094272644,248.95127249986572,362.25657944937313,306.1558463303953,403.1060729672196,325.58774729443815
100.70079865962225,196.50211328424916,119.9357330280079,420.618707780805,148.30238179617808,437.363340622728,192.5555497858736,467.64372187147796
157.85750647121696,47.563400947764194,254.63121508818244,108.7503664067268,260.2361085085681,240.4942705392928,356.78037629217226,248.62621207142146
371.9456152480755,120.5008002955991,415.5961131633898,331.4932024894848,465.16438581688806,353.19266079647144,488.06668853739774,468.6988158546631
307.62634856593064,94.65860138431519,345.49219364404803,98.89760026295856,361.6926013155618,294.54824606516553,445.6340673189479,309.8043099572673
176.86734707732103,285.37012970049534,200.17420634754612,321.64834691718085,317.6837951798359,357.93065050048114,406.62092565575875,366.996125856778
140.50641291698025,240.37710778827673,317.77236273559265,242.83697934683448,453.6227922976631,259.03250923863146,458.02499995748894,312.8359069989608
102.16610674895256,240.0484867549248,172.2539913829586,295.4080762253607,241.55633851924964,324.78461993807224,248.10690432027135,358.7435194488508
189.39338418189018,92.23891127692774,274.84361805153304,157.36305041467944,283.5677686747328,201.58502309447974,341.2419828027256,243.39854446706556
47.083279503389896,93.68801600172371,53.16895983070936,288.2919320126283,166.42658323670463,294.99358291916707,191.2691958650716,329.34746625234806
104.04150132997636,53.91085702464191,184.31481749907857,286.88329020905036,290.298425232004,441.4010202405166,345.1462318083688,459.47346670718605
213.77851728782863,98.52666531274525,267.04393090917057,212.15789030306397,384.6946007709738,222.3867642435339,425.2772127344222,372.9733119871111
39.70379224615697,255.3294581705996,102.77490225327418,315.9341391231192,253.11356194008525,327.2597085773642,261.97567937602594,348.1834197161803
199.44144276602748,87.12379343077518,232.6032059859709,197.34858712552875,327.5585747270646,236.5614739500667,374.26338918467565,266.7710934943372
176.2947562076224,78.61616273686444,219.772261822108,226.9151192403145,239.3918235672722,333.50069051683454,243.49731895260112,350.9302556950451
91.55063826263206,112.27807486429869,220.02629976166799,218.54616559198809,232.5551550550459,345.6952088138459,334.8543554445984,369.8543730030813
161.03513427016583,126.9493105435673,212.49546445656435,223.54085095940206,213.73312692648105,263.47239322151506,372.53923748556946,361.4692855680465
187.92141686172292,161.78044404114144,201.24365004880624,183.4102213996678,219.26126480681475,248.95725519579483,238.34413317101217,263.7572287451642
29.700737270783065,32.77077798640786,164.92677406527145,165.5202506105273,232.0861313237248,279.75199153616916,236.8139952326889,284.2503764639395
126.85716259378785,115.06044844725639,164.88881785327575,224.15693508263143,166.2516028123762,292.4402320344069,307.3356258647776,311.4163238814242
309.65262359348486,231.05521112294275,389.4596930776854,264.64008466041605,489.88342211368877,346.23423916642713,562.3345624298854,359.63110515211036
46.218914724306366,71.32905189584649,140.16133559631535,236.0579890840723,148.5049038266248,409.31110849457104,158.5025821998504,422.1809397483475
56.4282417580286,143.42016164246758,203.14552929114856,235.3253377396979,236.57375582384606,325.7902077436221,259.99216837546254,390.63521220913566
39.25331154372545,70.29380301692258,94.98875616280387,109.22094644532645,100.79207487975468,201.0618760206214,137.28849741560398,275.23816581385523
219.00148052734207,171.83516258050184,233.68836592830837,180.05174288982244,313.5845455372867,189.68973975509405,326.1418619271645,262.3729143504556
140.80306881764952,29.34670959266513,146.39468263965196,161.22433777297502,213.26678384509157,186.11137094601304,307.5969669827615,299.6211290868265
175.79699095374772,101.61735726741522,296.3918603794614,153.83912219004108,338.99278235175206,203.29387744546617,371.40454767715613,266.4183823720563
198.0055020158979,31.615371477453845,201.15370909218933,148.59080692239309,302.891129916039,172.4497874863602,306.24565963648496,310.0917977279469
216.26115901948023,60.43801977192761,229.38475238328962,66.75190542371902,388.8125274211837,203.71135135660313,464.50372558730174,272.6848770254594
156.91332686002667,111.0814483601313,235.6856842387843,220.0489726790872,268.82984349537264,281.8619482179198,364.1002089284278,386.6576434703151
34.85540227671322,28.97284823123161,149.8239824223078,63.31800024275721,169.11601242300628,127.09743192363628,226.45834060774334,170.27078432431205
189.9086069788467,120.5008002955991,236.57375582384606,241.8606459514243,247.33305358173962,375.445055702272,257.4092884722494,376.2333746562358
107.46841857919681,136.92804199637123,131.09579526498814,250.24366856725425,178.04606945971716,268.2593989315543,219.5144501542126,315.8170921351465
34.425377065917914,107.67293523145005,177.08847326569415,133.81407555914404,282.02925822378654,181.86756592531555,289.0895628691618,229.39840262716143
196.79790961876537,87.5369136105048,278.6748776718207,116.22361477829956,281.24320108682633,191.23769948713408,319.2901343470252,197.09537484504378
31.01202167402559,189.6880062203513,70.76496003920694,261.3062797958809,175.2787104400783,298.3968875628522,302.8857156523996,335.96138694759264
279.4698139103041,272.81110257300895,306.32487747572407,305.61951596700777,421.7360471279506,344.8495473570237,450.2591811279672,375.92736021670254
113.5410760318609,274.403557749081,121.6467287140608,279.62946045417067,165.86972917590256,309.78712481400504,184.84414116441184,319.92237063831533
51.95615315867865,101.65582135836775,359.3231343395392,187.50465265528607,368.5823042512567,379.3055601170588,406.46447969654326,401.3149204640939
315.37005288481606,186.25947705988375,316.98618378730583,205.08831389815796,338.256327534859,257.2597437093237,397.04121707363396,405.9658117649806
177.36071840330183,87.59264878921968,183.17558997462103,281.28528770820833,200.04401566740685,374.394505663467,315.6265464938543,396.15912545921026
87.7697704995059,91.72745271516514,233.534200313953,207.33604121080512,255.43477274641631,292.31941336798843,417.06234597445194,304.14653020781714
124.70848251565724,132.34589596624528,136.39635039058396,173.94147440137516,170.75025369952735,270.9719053378529,173.85656204851634,289.2624322365053
71.97599556867694,124.28846444874692,316.40205079801353,288.02771580845365,433.3285101425157,352.1547463706585,444.595868873484,352.2560164697688
227.67770713931475,252.7595852071222,278.2588899762758,255.87879067965005,299.5532124424264,266.31224981224665,379.65705180247966,297.8871165554137
110.82677464015771,76.97129995777122,207.16940992574607,323.5662871961613,340.2044904690334,341.904154139273,364.69446107193505,351.80001872392927
182.75876834088587,197.6657912607337,218.67884062526508,339.1524684748508,306.85346372292435,347.43628978896163,336.4118900716828,354.2906115820589
85.195366388929,143.74983751648136,258.18750724268074,151.3368482297396,306.932570211253,156.05890207547907,362.2850357345531,187.3432343344611
202.4585258945132,190.04857142160466,394.78098604294576,337.7982787148953,477.9692757976609,347.08606357678013,491.3602130332178,436.0064428094385
130.22474836186342,369.61595503492947,406.00355383407,375.9217301989025,432.11337027476867,391.2474528574766,440.6364568701683,419.57532089464667
80.34892578560553,189.18858953366143,100.81644180788717,263.36946304093954,233.60734799493815,309.2429370401779,404.8739456079556,349.29403515408785
45.99138391262811,45.88413559662638,49.28724149639881,132.13197883191808,67.27956773933364,159.22329987980058,88.18028214035654,303.08286348119174
239.84393993417783,130.17368437809404,274.9167943148037,236.4497242486803,280.0762141261528,297.802044227141,301.23773721479614,407.8135809152847
149.84883975253584,193.31278554448406,197.78147284357107,246.537753736583,269.9529862144911,260.73240074832916,352.1422246272262,382.03558547747656
139.1405293261611,280.52824213355296,402.2485864094517,328.866787075519,426.76300135043255,345.12008889430604,436.01015682405733,460.20673684675893
119.8828560202742,125.30304605154228,231.08061402012046,253.1778588589747,314.4981844914644,275.56019748153864,357.40707420717234,413.2960290847885
146.98268047801824,152.3043270572435,247.33305358173962,176.19594002995564,287.3546751498015,258.4299569851834,288.43729568754975,280.9917442453474
176.32705608224921,85.43823191919456,392.0182189139588,218.51491069407317,430.6167092000173,319.27683838434217,482.6759718065833,340.11119675544046
197.0022117060538,143.17857939039305,241.4233902024709,193.31278554448406,281.8166328177384,220.92179151848347,315.5942964855454,251.098877938781
167.15393677179367,192.09367148339055,199.8324719845781,210.8495391322906,243.12189492467797,269.59165601588495,294.6258302321846,269.73449018837226
66.18161325929259,138.14623794914786,301.16550264520697,377.0152260713178,337.094855317021,486.9747563282474,414.086933344289,518.719164242707
177.841013707488,121.56591728604798,181.8019472115731,214.80522401228404,247.0794730527602,378.92358226944503,418.68621524981404,390.5753210387696
71.67857216511042,222.34896934966628,72.4246927601024,344.84966890733364,84.42969169493254,396.3372387979707,100.0823753807496,422.8358788193394
217.93037163738356,208.15150629698022,305.97158927889785,216.89053227691318,307.027706824016,272.6848770254594,333.97789677244333,296.08675668954874
208.41045261829134,92.75238574414534,259.8974337509855,298.38298420329016,280.96827621302543,417.6557264950008,297.4419529165696,437.88164048005063
50.3674376634295,60.804299120799335,91.98861575276963,135.9818712811268,249.97247584754808,261.05810088249393,300.4196682425659,345.5592008753945
109.79912626369257,87.18034987312215,208.40093606099543,210.6444333031401,259.87931897759097,215.91417844010746,462.0344337132973,233.99252613532525
37.832417034037476,108.91344862225338,40.66241011952071,283.16683096459275,67.55551933497122,286.72252564188017,231.8789560926793,299.4666717466055
69.44915188853213,203.3754729975118,69.73174480248274,303.7933962101811,116.81100164461729,325.32351774416566,172.3711777488116,331.1008734413834
33.91699014909617,103.31471525441422,79.47404346269765,147.37140857930726,87.55808222312841,157.22694649935633,421.84785298482717,238.3801228542591
169.98949655066156,53.82177867129789,192.77244808607458,94.43139030511306,228.53698213358658,207.23070712679205,228.5930617404498,212.4103748731809
81.51993121648272,175.5700099418732,96.9847263394587,367.3667878268282,127.0110042534732,427.55198215065377,277.8840113250416,537.00846127819
128.70449810085552,95.57369810768625,212.6667069543771,121.03855804514818,238.10070106545152,165.3643109347574,262.529880119366,192.337234617519
255.75394707207346,107.49251780738226,259.3567956349079,152.75628498724166,319.57377300409786,237.41082922882427,340.8049214577632,250.87274478781148
70.79624160962906,31.56548632708605,195.3495669281315,91.2337375721381,230.69551937613232,215.01685264678295,272.03062075833066,266.50194580386255
243.4877326572375,299.2719539802072,265.6765665295469,326.2287913866762,283.47672941495296,336.53905360141397,300.4196682425659,359.99474080132484
176.44306257573857,200.92024239173304,193.78511349177285,383.16871197701795,232.6964973948807,388.06091347393715,281.5543985718218,406.13518148009905
113.96450154920296,50.10526476551556,273.40155947007264,117.523618024196,318.6856787057665,186.0320376129986,328.29887376350905,197.5080012010932
142.2734038457116,132.62497714319326,176.38828711083372,299.61604131792717,188.1048472928682,323.2825375513288,199.18715584330783,362.2967340595444
76.33155440520615,108.14588389957908,142.02543644932172,171.16732327598302,258.3393981970601,413.0750109399684,334.58825163362036,433.4836694509214
77.5447279928046,75.3608590238247,174.0591635929739,279.4185102650475,329.0935317074708,379.6324926327065,382.03090272300335,404.32703841315015
92.70561943255595,182.5616156316348,231.65589099281695,192.3268253051187,285.71436835330144,245.34744059257048,297.4554984227657,264.3628552285579
172.9274806272798,232.5576085517929,174.46810535413792,317.6973179004458,282.21721680179763,325.61157716202393,294.65607116990327,340.4351170936873
123.21998601436,114.82382491567269,126.88181500659098,121.03855804514818,312.30020502331683,194.6782739302081,326.6764392294742,248.92809190985668
96.19561816200708,25.41470622883732,188.5196725704443,162.97897412889742,223.60357121755843,360.1216210079366,227.8910413823389,374.6809521473192
224.38537552139303,146.47438327633137,228.927107895281,295.8064542253884,259.1141381242565,373.5217507890193,277.91596583607793,382.1212579768515
350.7213915558654,51.70958084441437,369.1265471817505,112.31068532295888,389.8218037988318,223.00037588368792,407.54267952189156,248.7251575685268
174.1035912910138,276.13383429844396,249.60318296760158,348.9632032230897,288.5636637509157,382.0696341858445,309.33399243563935,401.7477479290311
45.00854167676207,116.38124055827869,178.69826764659777,138.17789270282907,192.30505997399217,159.34737738526553,197.40761479847947,239.1688267766786
462.2660151565599,84.99844840101026,502.36882631045887,115.13873192595973,522.0970245880776,182.3401941946927,535.4455114429983,275.45304732100493
123.06132338600538,47.969032889318896,306.4480478370542,180.89035783740383,448.6188005633938,254.35604206728917,452.65452716340394,302.6107434081676
29.453303055270887,193.55819526405494,259.9197082521412,231.28598837720233,289.14176903668675,255.85864128399842,322.5186307508863,262.27863229160283
103.36941512371988,144.9590423551029,107.08704295751133,321.9678237529003,109.52934347644488,338.11621650919244,152.65677592251453,349.26838844128827
105.87611366799139,83.74837529610444,138.7330702776608,98.03414148350696,173.58054536935245,141.17170071971432,236.09832221740777,141.2918992136337
200.16213861885248,197.54743472400781,272.1803099221302,284.75876706850204,325.20408930728274,300.51540568387543,365.21619550560735,311.2757609496335
119.25126904253104,162.13143358521145,139.98015264134122,200.279937832431,144.61627308798757,384.24913409285523,169.14697630798764,386.1955454153136
89.42988781494428,196.3950401749694,234.3921872962884,307.46603657238546,300.1635834324638,322.28512748885834,302.62259644789333,433.52870124820373
154.27333714852327,212.5630212992027,216.07584940611423,268.1070735269515,294.88637071911546,301.631148255992,322.03182673011383,395.94042403781447
90.05248740551045,178.62008523503906,262.5081531754722,349.78510600374926,332.5464730557878,355.45036209501933,356.4971278163166,420.35412203095683
76.64132578367297,173.02710067986777,365.8477524183657,212.83184898644268,393.09334050805427,224.03983405257537,397.7258777829292,241.9347552447295
240.96066430545656,182.66667244980027,445.89158183562387,195.313689896484,506.7746533832963,201.58502309447974,542.0156435431826,208.8868160981279
143.26209597183728,240.35339674099498,177.73517971473294,244.39594072168407,190.98020416798857,264.57525663379545,191.51281769256488,318.668267327501
94.42212246654417,72.7775084503384,165.1851969084562,141.13381550512662,200.63731941128043,180.5593581879772,213.95171365688046,216.1000124732469
285.58050045027835,186.88030472439493,307.48833650672,203.29371697039147,315.84954433937185,208.41448983717848,359.93519626679176,245.8211670576747
337.1301332743542,290.2094092642393,515.22816103264,361.3803622642115,553.5536402836029,420.48773030899866,555.631407523403,447.65535380109424
97.47339559740476,368.3288399627337,269.36041604505465,408.88698190131356,276.7784937812313,418.0609416512441,368.8440596272991,503.8694093393014
214.83673892794772,78.75751158506705,369.37145731640754,134.6789704671294,370.8320929873375,186.13874738719747,377.19633747428554,193.3053941804446
46.990999811881565,84.84302458948207,69.86248745348712,180.42162019702258,94.39466427334058,268.26017858502377,148.92193592436163,299.97907369717035
186.917451065271,153.55451563070133,211.98404444081112,157.3530059324404,212.6202062740395,199.35345661257645,421.02520621995836,254.16711071135717
249.00558143946358,152.77365391564877,252.45369328570212,176.20940781860304,280.17578790743374,298.47414498772076,293.89624654872534,360.72047717728594
237.53736580698148,35.77315438629988,301.6368240451531,163.42906627040514,450.0424029180319,541.7777584694634,606.4840525520823,603.1474313117618
98.92039164740216,107.26149339802961,160.95487574836162,213.49082743095028,487.7424637881058,354.35047106029816,488.1225107456036,361.21641975012324
95.91336522551445,171.01535294772893,107.7012081257451,189.94572731621284,151.2458096047393,222.21596020573207,163.36494074210785,357.3814159744217
106.42486906397602,65.86936049420427,217.22253076217504,119.71682481351753,240.8278058834794,259.6767928049639,263.94759322236484,289.43212210573097
56.92382190568394,97.4185483941476,199.7083659563681,126.63953934460304,213.63361451123745,133.53004171682946,312.9154971554216,238.51863836842145
66.9375824697719,147.91734765565295,238.48366600328296,175.5204673823409,269.14979809283227,179.96200400998083,327.0851126003176,272.52001722395335
193.3805004031972,232.06940296920973,204.63993832552956,271.04602572253435,255.0357898430768,328.0169619040686,326.3673063590903,341.89918554633954
368.7590095961048,128.1553480156305,442.6928247226769,180.28057744326838,457.3685444458066,245.1307077605738,512.3882897091704,306.1418227811414
48.328023974505626,97.61488843626091,350.5566484825438,221.86488029664645,395.0914844784917,257.6230874992319,445.6478903835102,276.7494078927751
170.82132455018336,100.41085125994942,210.97507336269229,230.97009502368977,223.33831482524897,275.1346009280335,250.8443576508055,282.64520178286983
255.30274773420282,220.88765693530556,301.21004155748,241.75790552587333,323.2552708776044,310.49435340686705,367.3977400992674,321.20705256728166
133.462531057002,140.6044007620288,187.15906295349026,462.8320241906783,230.73021827393595,463.649953983307,231.162128153345,480.7919875190745
203.09451220107127,310.99426713980745,265.5133740131279,390.56748210882284,272.7542439024023,463.75427966980635,310.3271661758445,495.0368840363199
21.736967244287825,48.455877880470574,233.5443475417172,255.01923866327726,303.5160627898677,271.9960465259098,313.09168053241854,276.3168705291404
42.40434268348794,89.87660341855069,201.88129411541829,183.72530066696243,254.34563988119467,222.58441270145875,273.0634022980476,328.2427536778494
180.69613301774334,125.85976901042334,195.85111522930572,351.41016833528363,293.7288011344593,437.7604436569131,334.4638981970589,505.24162517627803
21.736967244287825,217.16663902127286,213.95171365688046,239.37059520405023,295.613250409908,322.3752136546132,325.0999321606407,436.8339377478802
149.0309163614168,290.49888827423945,153.7995164278017,344.9257370579848,219.89817582188576,358.95230064108665,220.3386430527817,362.0529423878203
245.67314852624642,116.99910428719714,275.97832382562314,164.0071172451901,294.46390889485554,207.71829484285368,306.1400771626825,213.25464593259008
228.82180779370785,221.31400570039148,264.196635119938,234.54994094439868,271.22530914095086,244.41355177293096,292.1094804090676,345.6662068114055
145.4596192133185,116.89270476691885,214.07307990709214,157.97814982203894,263.070240127104,179.41400045300102,317.77236273559265,259.36251532260445
124.3871798556386,57.61536587737874,185.3806419797742,249.86545947624018,192.67080172089487,281.48048183695977,225.1891997076804,283.98513795311305
143.48748570313006,92.72659646868787,155.75986468760934,294.54774238793135,283.74976820894966,335.3342127685372,294.31325260953975,364.7625054350802
74.16105116591045,127.25359569433489,89.81735594471064,142.70856338960365,232.47865125642704,275.4572470074955,238.19535462591426,307.7602384388331
25.774457662995417,149.7381601533814,213.05025115317878,159.31854617529336,219.0791885354218,186.9179616619493,224.19734465655102,188.03761108187442
212.6667069543771,175.03217632997064,220.63270292112415,298.2926627919718,299.85887871192546,301.4015176601655,335.4217868566584,318.91500645858315
88.43042332663107,85.97355838767788,224.94417507884154,188.80284940911153,298.10959779372274,260.88075816484906,319.10515011917335,277.2259961294876
175.29419622032268,129.79687244998823,193.4016531182575,254.12858124833093,310.4088207231045,274.61855501609455,332.3176542685214,284.0009698164384
323.3248600960632,172.7308970935945,345.69452132488874,340.01475591969364,429.37430386742847,391.14244174168624,484.5828191392615,433.1395718713416
219.86502925621116,160.71683506004072,248.91142236954946,173.20080876597396,322.1779207205853,343.37034374966777,343.6337090519945,353.3191285936308
135.0215136178326,169.12695597388077,250.4915953053487,290.85257512548316,262.99440116717165,296.9432742502766,263.7288625156598,380.5259899645907
247.42218444694657,127.55073873719202,250.39626675693873,143.5776852120492,262.4700303061111,158.1844116298229,333.90711527346275,178.44208064107636
251.2525879224457,88.18318544783858,429.92915643796755,137.75105575170474,483.4282404100192,158.99348275516874,498.41997617175906,245.1268555733043
249.77926474242147,72.15119905026927,302.7664652428162,143.61945667751883,394.21161272325975,370.399925233703,445.6416285671834,382.55980595528706
220.15635881588875,177.68904621366323,241.7513908445021,210.079850402333,293.0361034831313,266.94923492311835,320.38572249024236,295.0200228930557
100.68204466930136,152.67082584637615,290.65763134535234,157.6515523729323,420.74121449699464,346.8506094387315,426.12113546035414,359.4553746781331
115.26384256598114,190.76553230568422,292.76918716221445,219.36515263057234,292.9853210518464,251.24099269575996,335.25190329759016,280.7190719175502
60.68749977294528,256.49248818748123,154.06155351901342,296.3965493182544,341.10580041097364,309.78783196295274,381.66139649412776,364.98943635836383
183.15990020357282,82.5333043290254,207.80270116802592,186.58193842665378,227.63173736638643,189.33147164854876,241.11020239894506,232.65081285997786
81.10662822531499,60.804299120799335,118.37207575245229,134.50887727865228,144.15751777378782,204.6092494005489,207.4622847554112,359.8262767326579
187.17446171151377,167.22892098759277,217.7674211214374,232.44077295169285,335.2491321654875,288.6567969964449,353.4561827722686,308.9469245422577
69.03798485443039,132.13197883191808,113.52864246053403,174.67528478136603,129.60520554539593,205.25981743262975,223.71995113191488,209.352827708182
95.73958403213338,257.51564572500405,105.7739539847064,262.73550574380266,288.6242399283056,347.34023651383495,364.1812941712211,359.83291551747755
117.12370810508423,134.62242947105005,141.471295143714,266.2832908525101,229.92237641253473,291.8723733043341,238.58862907601454,348.62406301886614
228.3012397457919,81.24512656284905,254.58773672776124,89.87692144626523,300.51260571009885,128.66685659531868,307.793784028068,191.3268929350133
111.83410275755949,109.36878292924172,332.3176542685214,236.07073555349092,335.41152583166445,277.3847652230643,354.37304281857917,340.68862822866146
70.52271398632986,272.97761174877934,149.59370966378467,295.94440732024896,256.40509372468273,333.67404247224215,294.59018827701635,435.5377291574894
73.1306434848691,26.907714657124632,159.8369242237287,280.6788710065695,179.23776475719436,284.0897340871835,184.94081281703666,285.03927418894006
215.6728624634515,152.11239905868823,227.59489949598452,232.8399966425389,251.5145690419692,255.00089361523655,275.60574212849804,260.2782503096283
88.03407490411891,53.05038909117707,205.04327479781142,152.66273688502096,205.22716416141702,267.5966976633967,226.9988233156529,285.6973361072965
157.21350169255595,186.5613655701674,211.1875463908167,221.9764401327804,230.34412537567866,229.5124629810608,272.1371899980766,242.0899118773958
28.57983249828788,82.62305907024356,97.47385434457794,246.0034062100694,244.97419799358408,248.0619646329367,297.1348671643092,288.53998233222165
32.36629138299238,221.03616558375282,538.9739215566829,315.4756362193379,561.9426461111183,424.9620410324947,563.071729305014,455.65237284698503
42.56621067564644,49.361838342707166,273.8084778022412,73.49570112209211,318.83387714828837,140.86314116441685,359.47990827604843,162.67832738478222
78.98417318393473,28.106621192683562,173.64952374880346,100.07642467247933,232.87695539967217,142.8666946432752,247.9968955810485,223.25824857742558
112.3802164981413,293.43443659660176,152.22909305545673,357.8209793377035,178.85838761257486,442.01680274454543,234.75353307490286,543.4610257472546
80.20278207692688,118.31295722765023,120.58488148102371,231.18734090458727,143.51845241102853,238.14949382670312,198.5008925638118,262.5795842658531
44.95809913039809,210.4398683611699,121.17855963415816,330.15368523549114,135.26987686393016,338.33445618861043,170.89539817921204,369.33025468747707
177.09083153127003,250.22505037589488,234.582288359802,287.4876155933013,252.08943686419263,303.7438466704999,303.71081496690266,306.81000251193507
301.796888911123,331.605660495227,309.82248735909013,346.2494711508039,372.2871684586587,391.2372415630058,425.480177533065,424.53865569399704
138.78943458237782,137.63098213997458,172.38974945092093,187.72095646194362,204.8634980115273,217.99743338087572,217.54810707705792,218.4958273165881
194.2396013137673,180.2246231588573,211.75907149201916,186.05695148606483,250.75606879796112,392.3729636029991,342.93979130095187,419.4997436670232
79.31160187660277,121.94006197180217,162.39264558074782,145.23313839146704,162.71316848110217,210.45921633958002,305.89394931436885,269.67986281961873
84.05935114163458,185.27079931501342,275.7714173513226,189.4333568933914,288.7778596827651,210.35315174942957,298.3040918192244,284.92601250228614
186.77165770522925,125.5389249265002,252.44166277107124,132.41437520684696,253.70844450505933,157.07455784615829,254.17003522017765,228.1314113791981
237.60428558361355,81.5837296626468,259.5526646117137,116.81530635418723,269.9529862144911,248.82750611539313,299.79629494757614,332.26932923476926
35.53360482969566,129.08165615345268,316.8381056303787,187.47240237452627,375.4397119325978,223.0730539325877,379.3609516636137,236.0441331879069
244.4674027938636,49.86405317706487,338.0648106481944,136.77710057914504,460.8522913528736,268.7440936445141,477.93259176265167,300.53818509413264
34.663713920404334,186.4057681516138,100.54170236585121,325.3965109429021,181.24742307718532,411.4291412868724,238.48366600328296,445.99151500233853
40.87198346075703,72.07886450517124,60.22246489224117,125.10171713544706,110.5608723417736,164.0071172451901,122.95078651625873,307.585791684677
44.20213641855353,283.01222540107915,135.52317903222684,309.2485544274516,152.2833659495598,434.01305514570254,171.12486621852867,448.59469093127365
287.36299289327377,174.38172919009182,422.0528038638416,182.1830342400515,448.6886752209715,193.1235752349698,487.39938746317233,232.9911592696725
34.663713920404334,76.54746721626178,65.99429415082413,192.38157692842685,209.24413971153945,245.1307077605738,269.14979809283227,308.19103946479305
76.96347067444889,37.16881950219616,172.56156368496136,133.1533799616488,186.66093702861545,225.73381014520427,195.66471620260663,300.30121962687315
197.19655634100906,194.7766327624182,237.90784030634043,200.70298509605257,247.90241467676384,320.72477545733443,285.99299665170093,329.0097656431195
248.37513402852943,101.59007128005443,280.67718068008816,179.30899288575426,324.0020584233864,345.70840759706573,405.8098508141296,375.11331972941485
147.0008723231444,110.67605567397152,181.36476466789117,152.25262721898855,311.87691036188636,267.5722735626107,359.0330314833235,301.9176818183446
102.69514796031248,80.5657293840311,215.3315142443711,191.03162156914937,314.0126536689965,191.86451868256003,316.41304491058514,317.56496279802656
229.78306468279737,256.5756455329956,271.01061423633405,260.7983708885452,294.3191006586088,338.4147889071934,344.65561138704174,349.98074815973814
104.7421241307161,71.95227692530405,129.29775995752368,156.49479926509963,144.13913146337552,188.73304285140443,211.8690836454916,230.9947045590996
226.77273598008995,100.51781450011816,228.81480629561278,198.59249185348415,311.15040307765565,364.07754820961514,311.7601856128437,375.56444448873737
72.58669926829486,216.59545349720446,99.57377618253477,227.5541014314298,104.79271797760275,265.21585559324393,119.51083313973237,276.85501119896685
22.31559261380069,139.98104166025433,39.134709577501965,158.44418552922957,130.89011444285117,185.83485018075598,251.36445604088183,302.6886714229059
33.27312905065291,53.02261712187359,104.55655618899138,148.50062503461476,206.20327839956295,262.7510666487986,241.60705853381103,369.45352888284594
98.4949731761943,166.03244480807754,107.19987446751334,252.04613283055747,115.29252092344113,307.6357767344716,315.60798793711416,345.48189768615134
196.9981181079761,94.79601942125949,238.1364877570505,343.2767963900165,311.0172994129786,358.9657468021773,332.36881253260174,415.4451596064848
205.50743247949492,94.96766668769524,258.0491274683675,350.92336803528696,276.7543223671574,397.8829057099652,304.2018470463135,399.0649929957328
51.11679507780631,139.42814312115064,106.76783179982175,206.0463993322582,200.1000165816074,234.92163012527374,212.6054869681531,321.3413293519484
243.31001600446868,245.7050079008551,264.18665330973766,269.01958514548613,312.48593801102345,339.13125993057156,344.37522545427095,361.45013196306206
138.91886887500033,255.01355954822608,158.2982684139534,273.81124200119973,269.7712071629094,309.7800939782966,531.1368324501402,346.65798326883026
179.65781943933558,116.62236988626873,278.0742991820829,265.1168952760583,281.24320108682633,383.19331350747973,292.31566523042505,437.87740448129415
184.69218955132925,136.52439022802722,233.49437653308226,167.19919423401393,254.34563988119467,183.20921604666017,265.05836450751985,236.33521201721254
146.82434196455358,127.89886069219222,188.79135602492389,287.9097922958341,213.0486722323193,427.22460331388817,237.90413005078827,461.84582552092473
331.82673746457425,145.5730483537051,341.87233899521243,167.32465497765494,349.25996471864494,221.77265203184217,352.0700067548141,253.74358441626046
33.0527430237797,115.4652192421861,35.70997061545712,331.80938120221566,104.74806661222783,368.4539359688541,126.15349664183843,437.06292560514794
131.36113254817744,209.10063127637628,176.00992496929274,265.2046149473343,313.492644950045,301.57307532735496,323.108243722069,369.457941249904
58.80826980568369,65.21466863151602,195.35534681454234,147.69471346604428,196.96509973036774,173.30914298701487,214.2473405062245,225.06675165380042
106.74208959338898,258.37939236551284,232.40258269203954,280.09028873508356,266.6220329759219,299.39618201717127,349.24152268159395,319.6356140900403
147.5274460781621,72.38509550593886,158.247982660405,195.8759784976025,162.7857280854006,200.56240784167866,184.92010253727958,222.1827827993783
160.9527082589805,150.84694083214595,224.75265832027276,167.4508185959542,315.10102132599644,203.55004457726594,530.661758635088,217.6318857390407
134.86357792570743,43.32120267103783,227.92873129322587,89.36327214687579,248.08947615977064,362.525470172884,342.8133670632509,438.2798882836117
21.116212548020652,134.38766053837605,112.93406156668618,153.5458709053774,302.3235453076405,213.49082743095028,367.10253837925376,318.96403574533485
234.1994527589035,137.0157850399357,235.25319972469742,154.3675253347843,342.2569889994106,177.2732345567542,359.50977471588294,193.46655567823996
103.09434868567487,57.605270844278074,127.07473696667702,173.18170482942114,180.40152696354562,256.19906571194963,264.61612740478796,275.60555083447
69.51925796593864,210.64740973815825,188.2152963992252,269.7274962440767,222.05422607150385,398.1916308080531,301.98993280677195,479.17026662758866
201.35726963137756,217.63735201064955,204.55481689529495,223.37547345640417,380.0729277430248,236.50359670154347,506.30756806899313,273.7767486319915
145.54786154266017,140.1455253254935,200.3327109314404,336.0058842201977,372.2832314681134,355.3582216395646,389.7119598939681,391.74671292382516
202.4585258945132,232.82766253567317,316.2011221749155,347.1411732614572,343.2965743544665,354.5193118688299,431.8112593532523,354.7631925681439
159.59282757814987,117.0030776480422,159.92488555933096,135.75191887477925,186.21739158439533,202.6790158204753,273.4431833742242,236.44239601609598
182.1522319579753,113.77174254414311,191.51389442592804,332.08523631423634,356.4827628110653,347.5622267256724,403.64627647353484,430.93963153549606
77.96592305289848,329.59490479841367,84.55884572371514,384.04156860151767,239.78059689538566,388.6966265324748,276.29215519726694,423.38142162473605
143.7024279432501,161.62781940463435,213.45424151536972,263.65938099390024,273.68143304643496,310.78103881443917,286.41189534130575,380.73992176807633
186.79787039687253,11.088027923895389,249.02711175831354,130.58514831729312,253.97750395175512,209.39108890972463,264.4254701836202,360.9534650291891
33.530481634154064,102.90641114908028,114.77273064985646,165.0959384139215,276.19711022142843,204.05753490653174,361.47406847029583,245.58271019185858
192.27342253030534,17.929480616986446,214.0302868805981,96.65579626711364,222.13430860381268,154.2265156359851,280.21052431849716,171.95543620588137
69.31682952405552,68.5477144386359,161.48718663568826,186.0320376129986,282.29254607727654,216.72434630655445,291.08806923504585,218.60190694131472
151.87295688337892,155.61513212953525,190.2745736130479,226.16747524768567,216.06145512276845,256.6761520146764,372.3267187424097,280.53295702780497
28.09828448039496,244.46965873919254,357.6830657472006,319.02239426970505,750.5390674157626,325.3037008719548,800.024758984255,367.7778741076486
83.4037148571587,40.75661697291244,144.6623897258273,89.82936215158006,168.9093795004175,109.87589541998516,219.5286939109494,243.6996613088672
162.2517076286349,85.90961565828452,187.8129648105318,153.5928093117083,196.32082486168883,279.5338345887201,250.9926351077104,335.30657668721915
152.7667896285911,195.49679608163623,242.46248988827824,253.28260703981823,353.61608492891025,255.85859610892587,363.2189085424222,300.0872782076774
177.1795689965763,187.83556224639634,244.10826078709832,222.34896934966628,260.69077439569065,253.4546563876203,368.062586799914,335.07174986593856
115.12510433372285,167.04555807929898,140.09927851709614,298.6432937590602,147.1391302154454,299.5625389513976,178.07176893058113,378.56083348740736
114.35316146475597,352.193867276627,189.7412557086066,420.9477170365332,303.3781979775013,459.3798977824369,393.9445253105179,482.3479892146955
197.56615598774923,127.15081864222174,349.4794611921414,233.20027362438836,384.20128352142325,346.8209882224454,438.99146926053174,366.60520494010143
257.1862828396972,221.80857421624384,499.0191232553784,223.09923542358572,506.69408525783814,314.60428622070157,557.9785624723693,345.56379664902056
95.82933918347238,153.5458709053774,155.0242095191311,165.9695787001601,171.27099393090836,287.54816392448663,220.52178746202532,315.0731895189752
101.86308556620324,297.9284991979131,104.19387019834217,314.9810777677756,145.90045472299573,350.7699322662275,167.63114367524602,381.1406586951193
80.41095969069166,156.32081694158694,94.54547363497929,221.40195352203776,165.55894079274492,291.3570082264646,201.6225443307828,327.98130372344434
105.98669744316386,171.48040699478196,227.92873129322587,262.8379092875603,368.90254870738664,379.44577808953596,394.21210966069185,408.4112991771237
52.1450805177952,82.85173776530965,83.83153187843557,380.60492373139147,164.85141888660587,383.2139153076855,165.76068513742567,395.90380633139716
50.16996353037799,156.10456213305474,203.64716649186195,196.7410591167532,284.94163124821137,208.65681216471737,304.4306900056666,352.41607826908546
325.64567359513785,106.22918447728199,351.29065823594607,228.73748630830949,440.0731776560421,247.45370590160815,482.17670663220315,265.2046149473343
180.97052854570958,126.72635307418851,268.29831418548696,173.33563687531213,282.2083612195328,334.9983657758417,283.39794851019195,338.21742139936754
139.1791319912053,97.38930210983675,182.17017521220316,150.1743138996353,302.9494252192452,190.61957240481092,308.1361157464134,536.1271364195816
117.15928841540459,225.5542225652482,219.5144501542126,272.6264951622098,289.8041504714646,414.74217443223296,319.76074394420806,424.3797200933637
81.33440713356039,195.56450073139436,102.76194720765649,225.34539114325412,124.78181153334951,266.46632726105867,201.66157511369525,409.6872800192392
113.65579119729674,49.72422644424956,408.158858835389,108.50941502181725,439.05571938080215,241.1035951433535,441.58710527452547,270.96292040048655
86.25044612254352,182.9787043315838,161.0720266915878,244.9112463913723,228.2860497861212,382.2000399352638,240.52721606365412,461.91112677542463
217.21172288535232,152.21516678798125,285.82185348385116,185.09428527520447,361.68291123946165,193.38741780197643,446.99345867627727,204.0606756836446
251.73032632937486,304.451956748735,308.2588780568105,313.68552321685337,330.9415927189274,369.5886534921438,341.4375831688231,369.61595503492947
131.10761333647358,186.27987791714472,176.95335750522585,222.3855279499224,296.24681043813115,242.0627208137842,323.9879657771449,296.6633778700228
261.0124985052819,77.59919487040715,298.6995868467218,209.5816189885111,349.59799241529873,290.4710280228486,462.1794832171042,340.53280155746734
64.71219129533216,95.93179162188102,187.36474151651498,264.83007146315396,268.4360162568651,288.0596827878248,368.53202164488124,368.9796593687929
150.2713535544163,250.9978517440066,178.04606945971716,265.1103314776847,201.54498628018902,270.144310143801,203.1548371678878,274.4418829642606
172.25074492452956,199.29927609796312,195.46342210585388,236.5614739500667,332.31970814480894,265.7661769845268,359.4553490288514,292.0085914280495
80.34196082858358,201.93198545601985,135.32561914372067,230.76858666754808,158.10909082731206,248.19366746907784,234.82283770057563,285.92824353503255
113.93633231493665,124.2192676056662,122.90982755798044,156.49479926509963,173.2425628758947,197.97358163035466,201.91609056215935,216.1443014794439
62.37560894194211,47.67411630064801,114.64999158443736,89.36327214687579,241.82247180462167,371.1428933582798,266.1464697123948,413.13764562118223
67.31027423272815,53.89629401233874,109.40394393117427,186.8720335413581,361.46619220008614,368.7388895825574,407.82320186376313,395.14911225414846
275.00489077156755,114.99064906776675,297.0576061823556,311.03596358923954,323.6138820146204,367.4544546344242,327.67818931967156,411.36331474255826
47.29881274374043,236.9544931313709,67.31027423272815,301.0989541815604,332.24748530950006,358.27336543812834,371.5240703805639,414.1390838604959
50.35860118525543,186.3178714861732,226.20275390590223,215.05227490598284,227.46759351995343,284.0822548550687,262.793221187941,341.7646265929512
114.53491349839629,133.31985516545947,250.49419796048275,209.79126547868404,331.97680810141713,229.2910662422014,366.82516787484354,246.8710529651207
205.9108046161683,29.06801421463428,234.69887424708753,125.98259869680962,284.09456084361966,163.65018516180703,287.91678547927705,190.37174821172147
115.22529314243238,220.27836610977008,135.32701749822593,267.7230417943019,156.84613512002096,385.86338935531523,168.04315194215684,386.3796672853858
52.93646460499665,71.24712766596079,282.73500671124316,191.25582232503032,378.1984683675181,218.50622512560568,386.7135994384105,267.4106239605077
112.2207461051597,227.1488763462005,139.4985294246814,266.9433077713254,247.63488989752415,301.47605508648354,253.09158617417387,350.14002268417835
276.7545766850835,122.78061103504825,406.66627617177903,318.735283466386,454.2821768740567,330.218169185586,456.8854331938725,382.71458974391464
152.47096859052027,143.5626288783962,225.87254182552292,227.55002364206527,307.11254599780284,253.41350618065658,309.96542407209887,291.9182818574446
265.319340940274,83.10723764504073,298.19198045815017,162.17343714138457,323.59067349484434,386.3308098515264,361.5315095144813,440.23732003086667
124.37139128426864,225.23954800416809,131.67632824035567,255.3439338840525,306.85346372292435,286.77021808656366,313.5967692934283,315.48249003173066
55.80929759552441,107.2890283699976,101.71137179985513,283.9405996328753,227.76914895779717,290.00813562510945,231.5429349970989,313.65035384480365
232.91116617499753,177.38442366718056,289.242766346547,273.6987886812528,328.2824785672952,286.4265238788993,445.0006469259377,321.26575939605027
31.824085581959757,128.0619708319148,63.502515592710516,144.55289301287274,230.0600764510971,216.33730121626837,300.21282587429846,292.64801230492424
106.41137566354112,119.3237153813238,277.9515876017396,155.76419781823446,334.1103908037151,242.4457379706865,360.54620079620594,242.63227576585365
408.48978148987237,111.16213446215126,536.9041929003653,281.2122270375056,681.229739428721,308.63516591159254,692.9653686848868,324.8878269101667
257.59777427820035,87.50744884177237,302.9853807984692,90.85815963437145,348.3464129982306,121.26422532311199,449.44131286427825,153.99342041458186
74.72787656946785,130.7933516030272,130.84291639139346,191.06025088338566,156.00139171329496,195.04536024807078,200.76710003831136,217.8274044594106
163.96744664164203,153.40750110174218,175.22396430952034,185.90035655941284,273.21976518667543,232.36777169399923,311.2437869404332,240.43300599384034
193.37485814467166,71.95227692530405,218.3251240486968,122.62699830414472,296.96270574396203,124.2192676056662,315.59857960578836,161.99172815911388
257.7294709878451,135.52733940134675,354.11350876514393,239.2631386707311,437.0254585336137,290.46482116541534,447.2514367996901,325.57601323914463
36.93347384074907,166.91320334623683,143.342688580446,172.6605016170829,209.7997679780344,327.72376894782894,220.24250085139855,380.9653026714013
58.50706946839828,93.54274864792168,131.63983324323067,143.51401147434404,156.5952138816394,164.02974040140668,173.33808217088944,250.01663016991358
65.03119433402301,248.0954878530941,177.52287047674454,301.8236502083784,265.9945162407293,335.85846681150673,293.27943869893227,351.24916574204485
196.89689126102186,252.12688514395856,279.22685141438245,289.22184468656747,286.41189534130575,321.07149306082425,377.95718070892707,323.5263043695887
121.50258516727304,151.4831398339265,221.3037764884808,213.96799037578344,240.04083113696694,244.99953488986242,250.17251828395328,365.27518474834426
62.63317089107424,98.35165937622682,268.62295554653764,180.71790046484512,280.76394300475926,216.33730121626837,305.9213258547661,288.4055435965974
207.76673672787493,185.7850600637176,504.22275523524814,317.43818550060035,522.4130571374917,321.10630588257453,537.109360906797,325.1252879939729
121.91254385698171,91.79909128815527,281.2881486300118,278.8614045016802,339.3037174576339,620.6111314178523,394.21840730273215,634.5016573024866
31.220269317438778,173.0271346899745,172.807504314001,232.80323708801723,200.2569919173781,238.1389506116726,242.36204951118273,354.1428391543684
238.70289817077563,94.07616298543338,273.1229610193998,118.80203144130184,293.6842487665736,136.92524576738978,305.38513476546507,184.79336568179997
51.23402393829387,95.5520547433876,191.78393136943166,117.04006868870403,262.4929957086209,193.2294400984099,289.19277740412684,209.48259628976678
147.28471115107982,162.07722427076607,234.96046705479705,294.65652506363676,257.78075320872784,354.71781869178074,261.4812341605334,355.8594015349773
52.93646460499665,104.27496288694543,331.944966423968,342.29424989094866,412.17118623591176,484.5443182536642,418.5987093676333,522.949655841758
116.94893834963455,126.89083141946021,144.10568718664265,186.90537274182833,193.41205452661416,199.84733161477868,232.514539532999,289.5043633072443
151.0130486461606,58.50688089956765,338.256327534859,241.773004936987,357.30741619627116,332.8451355349172,370.7994346849493,389.1094919305247
80.93379751439134,127.15081864222174,151.13416690346628,345.3078311441247,154.13203197375947,348.4777417209025,191.37625689952716,377.98500858653307
98.54177477885436,241.773004936987,418.5479266820071,246.41561030489677,448.56427428100284,271.31223393399966,470.94262133499745,272.25868421441174
41.97201380309559,235.65287708597253,103.39565275244401,257.25914099254766,134.71742870143328,271.13309825709734,145.06874544479746,326.8474821211885
113.45990936476497,305.97124898143846,320.94653687488,390.9176230241823,366.8251810089645,441.2517158153537,404.76309953160455,482.5855903563801
37.091141373716376,128.52681134994606,73.26618131317002,352.3677929836348,113.44411356257683,353.64422996775215,174.75736875678754,359.95346893569183
46.233964871300586,216.71995569924215,97.08417122331723,235.33015672325334,142.32581542238702,287.2344567444697,146.77660094646336,289.64526083935567
68.56734438122322,17.929480616986446,84.15464809791843,84.5536922330836,88.20938268611555,156.7527317691909,175.3477023739364,164.9720092122824
322.93446981690295,138.14561673088826,515.2823997716612,252.23226559403898,528.2156797832878,433.78031921905966,598.320663391041,442.7473964724006
131.83946934380657,68.28072856655149,186.62625340771598,73.86983731238288,210.46581789112494,272.1365433861807,218.5398622005961,279.244377858659
124.23231590385619,59.13014573203667,165.73795683881272,178.83442846587357,213.97509139397513,245.0535971692716,243.09634145355759,304.50824759092535
51.682027041183794,173.0102708935519,223.26464828102266,204.1667105709186,281.3678679794732,341.12506755426915,328.6601255274038,348.3474692401035
47.358714746360896,183.8176607628604,212.169726500644,243.04023100609078,246.23754013420518,262.433263853097,266.7443745697821,294.3238210327636
227.76430036153377,112.16580266209562,307.793784028068,126.29334150300078,353.74280547848025,182.97934082672978,420.0181616922748,189.24882681419155
89.50989013990073,116.73906545171108,148.247081284652,156.691312941837,194.534787534631,271.456085359523,253.0650345772885,280.5993534023701
142.32948798331395,135.7558506722551,237.00911278718664,170.97942668527946,276.2811426695562,188.5648522403883,284.9320143197087,386.34988730943854
46.53335847057952,151.91364923045896,120.61223698262836,183.72530066696243,138.98013553679743,263.84761203672247,173.52079313927158,369.37322059603497
113.79814277727517,42.90606956082275,197.7627358249996,111.2424614760688,247.24357354932363,200.15629666302448,282.7426426695939,272.97822752637256
121.67906591080981,131.3602851308673,197.3270664823551,267.2521353650067,227.07868823648522,272.0716709251161,261.9453264092712,286.2744443189072
154.60621360549467,77.11566052632358,218.56876564621518,187.8721967908053,285.75484963002384,239.7867947886767,362.77334860078787,269.4997464612822
141.15334670270565,152.95413201843448,155.08330071967788,200.72987575985704,273.82079511143814,289.55653608180774,407.83075353182073,335.55957155007644
201.52536599639288,48.455877880470574,408.2269404503355,229.99561991120257,475.0973855213995,230.35286518358615,481.8675969610349,316.35453609060795
103.57876496522017,118.96186907701993,106.44324270780501,191.57219831328558,143.36870609225835,317.39379828224094,166.40346939009729,399.00522127605166
243.78793427899774,194.4800403138259,318.085690993699,221.40276270804804,365.93752437019106,234.65929288113847,391.8245690659141,274.1073993367673
28.196037699995482,109.57708933689021,54.31644810449189,133.33871494923326,68.06268340828032,152.1532249163312,148.08503778471393,163.73172801940382
28.196037699995482,84.86899176605023,59.18567493079433,116.22361477829956,81.87862433504144,142.84033938713335,156.93794386993414,161.14481015653774
140.3025287845164,25.862629054973624,154.27333714852327,210.63765263847782,328.2311729969827,322.88036056306447,357.09097854166566,364.09885010680824
208.40093606099543,176.06824640214123,254.56762646563527,187.38229965756608,333.07993267091325,204.6239686718274,456.47114314587816,239.0630845335367
119.76171668500129,102.17571581004592,201.88752886625932,138.633873837213,249.6347437976707,309.1436767889857,256.85737770001566,310.49350837409656
207.435823180801,63.02755245204515,307.09259720814657,210.101745385183,327.86631389900793,245.23876112671877,344.45940666844365,290.18057087857585
140.47511796476488,199.12758443776633,285.86508780449157,224.732235975668,365.31583129985154,333.3998548322504,377.2470642039145,396.6814724719649
112.07726187193083,85.33382501396143,203.707837411562,207.33604121080512,223.15351144882658,298.82534318618747,292.72533669091115,339.6217815250397
142.40476794683568,42.42532751355392,151.65210204392477,199.9358777604694,208.29910179756965,211.57352823408544,208.57615971004418,233.61510381782784
48.15570910014058,181.98913724167983,148.4052494664865,189.75837088486077,273.825314868776,226.87485275585004,280.4807400411018,364.59005591530604
105.92030524592333,222.21520968872346,291.58779481880714,227.88020206400347,311.2655800825894,313.5458324594907,312.3422929141394,329.0198717639353
211.64150517143213,63.97050480559913,238.1499899759608,137.41496067130433,283.87219378084865,151.23863962580046,289.846434306105,188.58538504638614
40.63307259348471,153.53666043494718,118.66165058583216,289.0355237325976,147.36697956647154,347.40874105004707,264.5862856800666,384.3200703658354
53.08267382916883,162.92282170643003,176.4574344092515,258.6002680238369,318.17531957648123,337.9635293935463,342.6447093031812,373.44511833443715
367.4562461409221,9.703647512557316,395.8329788913994,122.42385956241775,499.62954128875293,313.64942124319566,545.2152887914443,329.4092423759227
131.9132647780401,136.45802617502656,177.84755585746942,272.8314925436223,242.97632744204873,277.51047401433,268.8926214617044,292.1617513151498
115.26384256598114,146.73978285446037,306.70192887833025,175.3719180849207,311.65846595063385,215.6342537383885,340.3874878259703,273.11707774475417
162.98278630217675,169.59903235129823,178.60243589956312,220.02025662844102,208.3663002534871,310.5498545618148,310.1005212428116,315.4315759988688
143.93880754325636,363.2529121538755,224.245254928191,392.786177427376,248.65018686210175,421.72492873250604,308.20822721934087,476.22042000625214
139.14064622832984,55.642243058021975,215.09194776946165,117.2831558833949,240.31906408907196,153.0900797418324,299.3619789514353,313.87451037281886
47.29881274374043,133.24895861054176,109.40394393117427,139.16281069291026,329.8338687288242,193.24626082333629,347.2188319531187,215.32585407480337
58.04695302448137,297.59962648047014,335.77828008838407,307.47073574493834,342.5808170811802,340.21376746954655,450.2046537910621,414.02791123634745
87.74749228072162,107.70323934250945,131.10253831072643,238.0298953206004,179.20269909897408,331.5465109395755,259.9084272388667,340.4431665324628
117.15928841540459,199.3554689873244,260.2955779051951,257.62121601046385,335.9091379185681,293.90334174526,356.09902171399233,315.7677569594434
211.06449628721276,147.91505767562177,212.61660166225207,357.1662877214039,246.70840117127207,435.74740409775507,250.65844701369616,493.96112624118683
156.3738146423953,164.17944477123874,193.53961049035703,192.05123168023377,202.14271480971507,356.1921526191868,203.65942548292836,385.0219060361843
160.05814354544864,205.25981743262975,206.72968476847615,296.08300305808854,270.66359023885616,324.94088251997374,281.5543985718218,370.6115298737531
233.37747469034315,137.61684403907375,233.46137791834522,261.5998367043726,344.29411082208907,312.3474495749231,388.96446898647594,341.2312957552422
41.97201380309559,152.67082584637615,84.89643592576198,162.81343377233202,121.49328248166618,247.8696265737286,186.6181513073183,262.14828578044944
70.62111585944136,111.28369068344134,142.40476794683568,116.82220442714839,185.85725048181678,151.69218284090118,234.52993276641828,155.14049066553545
91.27219264029902,117.87922039677545,256.2908623234874,259.219088698525,267.94782972195304,313.81310749337706,345.89566421988116,329.2141407486218
127.01902492201349,330.1222361172441,144.95482823937036,391.8314778926634,181.19003867874767,404.2948720720021,196.97703899444085,405.6679092918586
298.19148723949587,67.7512528813065,332.2194048220971,95.6309908294569,387.1232093749776,155.98136297109158,401.32512195058143,156.85591551792317
30.588176790540057,89.84568044878637,255.80612205231483,173.37337302097546,310.91390131160426,209.79126547868404,315.60798793711416,253.6605525602383
99.0362041963908,70.18957358167903,123.967572851254,223.67285176287527,311.7601856128437,225.65223156077673,331.82673746457425,230.3768711597781
180.45548636962687,104.34235355022466,248.70069313089192,116.96015433123186,341.0091061843983,180.5593581879772,355.280181658086,203.9541328501339
99.18162479412052,45.92184667314812,164.45988782141478,67.02776180350736,197.34297078858847,179.1026080357401,467.0780870147867,235.60629372756543
154.01439094042559,144.1205188335203,216.15300300016304,189.49098426567298,243.80129636219323,290.6936922114975,313.7155151411647,310.18522889084085
99.84452809759718,48.967049739399755,103.03332847677316,81.75221059069894,157.56241326503016,211.49703294406987,161.8309408908052,263.40323755054897
162.14240805330647,135.6471230436266,293.6247084788616,280.41236914534073,358.89029790779875,406.5649364232331,359.25923091893844,426.60517273459993
47.08293542677637,100.25607002256088,209.31007420386769,291.9265591368059,264.2856054562684,309.39597485657225,271.0504435568912,324.7149498771601
99.18790830413836,80.06362281328147,265.197998139264,149.96701376536538,305.01383674157347,186.10576896772702,482.81959369195255,192.57782127597574
109.02000743353399,191.7371197721783,169.06311899508117,209.28868308100948,326.3525554505691,323.31254128725294,414.10275241999943,349.84255490326194
315.843172032174,241.2090091049656,431.2152230049544,280.80883785030403,449.37542944262776,343.7800184327998,553.9134798190967,365.1920050219581
335.0899911433832,204.60694102793985,347.2922264636065,345.99514378428904,372.8739442532445,391.2085836136028,392.0873398934891,486.22396594017215
155.22671496704126,236.45178368647032,273.9954405552703,236.98912704261267,285.106033427185,286.18153655096705,291.59275677623714,321.22348931846017
82.43504861423149,202.90314741761813,327.8182517393286,214.36582662668914,334.8544810728699,230.44512207776572,337.6106717008992,257.9014972182507
103.72549182160395,117.41531099590574,308.75513449338933,130.7264329996397,396.5443630140164,228.13852827336947,406.596339839355,265.19539550678144
194.05962651350947,101.98237391262505,450.0766507216109,175.58374164547078,610.6110550850246,233.4731268823124,641.6714689646496,281.48444118710944
129.21670878829536,310.9808867634842,287.83688270710024,317.34713744550714,409.8666833649593,359.0356219017807,439.4358238511397,417.909019893987
32.043488606479166,199.08532856913186,175.22396430952034,300.90456772287183,191.36821407095454,304.02478914600175,332.0528571428352,318.2826729590908
137.96373710752172,219.00499859026806,263.54365389441455,220.13030903946796,392.2814775072598,323.19601878404364,445.7114573713586,330.581847423121
133.26008366313107,181.51413513717824,152.23124579249617,205.9017619003533,266.2171885446546,298.2613421523526,288.5636637509157,315.95923275947416
98.29321948828449,169.06333625032195,153.4251072040863,192.38157692842685,178.39113592963727,256.10712800620496,247.39224604626096,284.5975127365259
104.19857916523173,53.14216909481578,194.9877556003664,173.0102708935519,314.9539977826618,220.40415968779794,329.20477417506737,245.6219334573984
74.56444630605041,186.5019369888233,168.9336263263935,191.36512556153923,274.2400579148904,204.53049589496942,280.5058460983196,295.7774160302212
187.86461982420727,92.34099800523435,222.9547314216288,158.25674456512996,282.5839906027277,228.26041159807275,299.9078912526644,365.8169239654739
93.93286634194521,83.6189581936922,171.9515793442537,146.17961454688222,242.84264171350085,390.8882708470834,267.7003129910464,399.69977452360115
222.78810134277722,9.826897431879393,282.83352764914866,158.56906346870633,290.95584319123213,176.63485918464178,319.12535611795425,338.74726093544797
286.5766308649461,161.5679418097381,325.06205518710294,234.1801847890558,384.0806128212416,264.6118883290536,457.7687436141621,273.27231270062407
155.99045566358814,189.2695770723952,162.73704268858273,197.5080012010932,227.8910413823389,218.60190694131472,236.78584300185918,246.83463546904144
389.88579727649625,252.59807300897015,445.07748628796753,315.84655766806037,447.92956930924356,399.374447629197,467.6285363449429,440.9148056153528
190.8714993264397,244.18002921374529,293.6491570672059,291.9265591368059,297.65400255683795,344.9319039583858,348.0032722123349,346.9468621025161
134.29176904093435,113.04206868159304,150.26403770020534,194.50030401955703,257.4690194635854,217.1442096642994,284.8546082565161,221.25525983983053
117.82680058598913,283.9405996328753,249.12996671549774,295.77007039504707,257.32061391249044,321.81482374333183,396.7507744258688,337.12523228261375
148.4158661912297,454.3381885912419,340.71145314095736,474.7571618769914,365.921418218779,478.9633573031808,399.944238307863,526.4684537805939
124.92210989521703,209.10063127637628,129.31288047520596,306.3137933356127,188.16406740998434,366.85128655823587,211.52553287159625,411.96184142265554
189.6901103194822,180.4953647587495,345.607422884542,233.58196759523912,378.6084972821596,251.976718471445,388.6010322966269,263.1238470486415
304.847500818182,187.50465265528607,335.28038722332343,282.92730021683946,430.99501214740786,298.70470265629336,451.810868098764,307.7500697553804
63.6527626347644,26.732826375289378,74.697596374595,213.07226497930546,99.41145359345148,274.2082202109429,138.28945063581205,327.4209726623695
93.81099649525102,168.81171735274967,111.6626883566589,198.93450652071974,163.62521640198617,213.3830151887968,185.6962034051635,275.0459837401954
63.6527626347644,33.59726992552412,126.2953838106334,67.13927313285103,135.52317903222684,152.77303034326866,153.3016816212299,182.8356213629773
114.88358250544947,151.32366645608806,128.8832556287251,204.50561262265515,200.14891788162026,229.03004481286916,327.936759878385,242.4457379706865
66.0444806831873,280.7907421245735,114.39979608310912,331.3706296941343,431.6821336483916,343.41333641687316,432.64739002768107,372.9338678866668
151.0673531631984,101.8970006287658,313.0867587353098,104.31258892365598,368.8368990591871,265.7464679616853,515.1975207476465,307.79055467869125
30.138846110943838,163.9496277778938,55.277804272405575,205.27887456465223,89.97065876680095,246.21443682231427,100.0823753807496,279.1650824253432
208.69944569724635,46.28195953099385,242.92631157413558,205.6626710329484,310.96732123850455,341.51919548688403,339.03067031319694,342.7952697095562
69.29983375577625,75.68581828328432,166.55547394628977,111.41254483566749,275.66952146997016,176.645945735282,305.7182675311874,283.483705861689
166.2018974140738,29.06801421463428,178.86463208158008,140.60165123950935,185.04841125651552,149.0943624090182,272.6480763288185,202.45234789130953
105.43446042775098,71.32594458370846,166.95457029328244,210.75956933302533,285.04935227351825,217.9374651084908,324.15320602649376,287.27148329549306
233.5314183844576,126.57523955134079,237.28627921774924,209.66451463201963,293.75592057648356,279.06672792187857,367.1621507821732,333.2632465502259
182.59980395405933,257.09537208073243,449.08724356942713,359.81919384113763,469.6072547560724,366.04214274588753,510.8773104525105,368.39900768055355
107.98980881000836,55.43157187420971,113.85764551784192,289.8039053377494,280.18077553376463,357.6292347267009,423.387157930284,416.16671081584803
40.87198346075703,136.45802617502656,77.57226382355513,162.85577753499734,109.61466903556072,189.05662719699345,158.2419935531794,191.24944714400493
28.58433645471618,192.9770908341724,115.12510433372285,238.34771465003126,179.01116702611446,255.59437699649138,255.22921438371884,257.259457336769
246.78358284955425,84.13409106116237,336.134919424766,173.37337302097546,416.6111608602721,361.39973548041525,425.43256347599436,380.8067696165882
74.64344054127787,112.26400831600324,78.743808396748,138.25227993726858,194.97427062764828,199.50426619920515,216.448697527215,206.48356204171856
44.76160753943669,34.25011100272767,126.77217256584262,112.41335809925499,246.69201688462616,246.5540681230174,297.4923921873447,299.6714221276816
103.72549182160395,42.059971788785205,319.5791614000901,134.11413024915865,399.38653982486574,157.49448781981408,406.31750119295873,192.34540114986692
96.57506170246907,186.03584968185865,189.74847888599243,186.2268006453872,284.6762230996459,208.1977538888382,284.70103722252395,328.65775709859514
181.41465089853475,55.92803194745724,295.7214758641802,163.29421199390652,356.28017847103706,188.93164242694294,357.31913705240027,191.84626600403385
85.25733010681802,181.38602619994793,177.64317112190744,287.2280487102348,205.30920245885008,300.0474063695651,245.05364933043666,306.25444477624575
117.09990897171168,113.33687311826318,131.89076546440424,150.8203076089365,193.93123438142817,239.6166970020118,279.69285927314456,242.4045782733671
90.0708192904363,14.656629697052697,120.5232990083566,129.41257307024443,140.5512000912448,220.3778782156923,166.51098877251712,224.2603336458944
187.92087043517827,106.68256721667154,222.78810134277722,185.80577554901916,316.1577478740097,213.7194507947343,344.86840184903764,258.5849361303451
58.02201355192994,136.5021539944317,221.85624436471446,199.76902173156122,243.69585312649406,212.5394189438649,306.53648561733525,378.5569368619156
52.406476262377346,143.4908822087771,71.87413872991252,314.97809495763,151.5710560648117,335.5905060824373,153.05963517071842,341.67812710839013
162.2517076286349,37.62779741957271,275.49805379909935,123.49106611086063,281.2220970276743,205.7410598599324,311.65846595063385,207.31658722904996
175.0613024641838,115.64669214662916,186.75194399151258,279.7852116033556,192.31862709820624,327.4634253336929,217.25032128592647,413.01620950835
225.1577294084242,196.69436334249662,275.133083817484,199.5594793228524,322.6119674513542,234.23770407588256,408.58048214378977,237.48988281999155
146.7161241400688,134.35361047751647,249.35524174487455,233.32805657690588,325.6953535234369,240.10516555430138,334.1103908037151,256.59512526748273
413.4534827772859,180.88886702439666,414.46868437254517,187.84128523179868,473.9590260344856,330.5499414933221,519.1300940399076,345.0167650345575
175.6291107564106,209.70657312290388,278.163335877904,289.2362485789535,359.16432340048596,406.96441767647553,385.5320472394725,429.69187751957645
292.6345743385595,369.48219824323206,344.5621793884789,407.0166709497401,408.49864126233325,441.6431612319554,410.19159842093836,445.48356233300063
124.0298754504155,228.0392778753787,155.29942214599214,268.9062098216047,195.18341875078588,272.47626979503417,259.1175612947035,336.8706248819248
54.005544160414075,127.73037647212257,206.75211831629116,173.31699286831056,219.84838300001533,335.6952505246191,305.7071959651337,400.4884667701816
225.84946838553645,129.96383643004697,236.84867043286636,238.0298953206004,299.43989167586994,285.29343670522053,327.97275924801414,333.1798263748371
226.33431649309512,109.68626251015769,254.5312952614088,200.19431780536686,270.37592016648784,223.45118764370451,307.03761726200185,249.9288171321857
103.43302955602107,151.70992560884213,257.4643493960609,226.86680923400343,265.6038030975501,226.91204049540156,311.0738813533673,257.04510689586095
196.95662795980718,162.46906153928583,218.7031831566156,186.4957054375742,251.36445604088183,195.69668977759108,261.2965012568597,233.1527758019247
221.29873651354157,132.82902413271214,336.4855119176734,255.87879067965005,346.34880624451506,325.64464825144427,403.66296971609785,362.525470172884
137.42026083241612,27.970239047102318,178.16626717525696,143.03960031896904,274.0117588830451,177.20227971219,287.4747517037248,252.8677757413956
67.42503306628258,60.936347205135036,137.991414753416,178.06558652934282,142.6086072986332,284.1070583079311,160.84049207269294,286.2261958061926
220.3386430527817,164.3918929093213,225.84946838553645,232.49627612756794,257.8001293566144,240.5326056667556,278.63408986486223,250.10964376726395
251.8083154708174,236.72996256764893,260.2738462502896,291.5252525145717,274.9399240905713,298.4980313879656,323.0970412150931,408.1895778953354
161.44437079114167,126.8725518212666,164.57286087136018,226.5275870847253,172.3311938964619,299.465504008006,252.0418703366184,300.68465368048345
106.01092150316306,179.15535320708065,174.3968340673783,373.831242214643,199.73519944757737,428.97605036263013,212.8366648367983,475.2910003024916
152.28198497431418,177.50952155018973,217.78949727502243,184.65764509911514,314.8884298480052,229.08880635367234,364.4065090471753,237.03332663026407
67.15228981488647,272.7779571760126,102.17505305633678,330.29508970894256,113.19196339305854,436.47608218399967,123.14070339961127,508.677591470822
97.83058338898972,188.96512621080078,101.6251994797421,200.863220275475,171.3456978084418,297.13250199462084,174.63051430369134,299.58533634002987
123.98608544010541,72.79934389388104,253.19887807053806,129.71113420315737,302.7664652428162,216.71995569924215,352.64858442294167,227.00393131931088
71.94320987101341,75.98372291377505,234.29075883986343,167.37088318287593,305.0756125119308,425.96230675948885,385.14126855081196,468.9450980906293
244.98832796153897,162.03680474055778,317.2655569418553,243.71687953593812,334.1060303615339,248.07472714146263,341.6556149347607,275.45304732100493
74.92681354667391,60.126561162736145,132.66183677361292,190.2876402407979,363.0362740968067,249.8707558477799,398.4464836293136,262.14180864012934
180.45250415309414,53.56589676336449,182.496572286957,248.62621207142146,194.53404318416761,260.4971427092829,196.80880078635397,354.21310759448596
63.92935825242074,117.86172573565867,280.0848190888474,198.12109803190322,288.73724428030414,201.25505033358593,297.04664453739633,244.46494599119785
165.29472455031774,106.25357636058466,322.8649667786052,121.90466796553437,405.0178317882718,149.31835464311652,415.83495658889973,214.41657371379236
213.71397423747786,137.42115846119125,263.20548088674235,249.6990540079949,278.58013342498737,290.34813996351977,285.533206790058,303.01443113052164
123.06374375148098,158.1149584159077,204.93838222983908,418.65723930966357,283.927311399328,420.9580643112456,305.75112383581904,475.64829949477325
35.91836327790089,183.60539213142272,124.83759417328181,192.822418085712,161.7088053570396,196.38503006390067,212.49126117205947,324.2892011726857
67.02531616272587,297.7316393130603,186.88407255838862,347.79237210615355,191.99487471145193,358.7153974640444,274.5077736433525,372.7763693570926
195.8152926894701,240.95554378452394,352.64046439182204,272.22506839022276,437.7620847104503,423.7601750418988,446.3172575049696,458.96768126506095
135.23779928664993,139.22931971936654,326.8982957323921,162.18483169795445,375.68922493423514,202.7427583926309,454.6365829772967,270.8760914793478
134.36472114234283,70.52821614772849,166.53908346467912,230.03094781901106,296.92164064722203,257.64854779678706,362.65408532253383,266.4030590019105
220.69735023073474,180.778862469972,297.66051608167567,195.2167814755412,321.48620606932604,270.7652994185406,353.3222273327957,330.44403709107286
145.19119869488844,218.5832415678704,165.04087399076363,241.3269112810734,206.33298121344632,314.9518011864036,269.4492786387398,355.37865255902204
90.79581934317189,372.34728670057876,100.54466198329145,393.941636700032,168.5871255825534,498.393174002029,170.36787360772615,499.33379836679296
280.3131852854065,135.608224204598,311.23039414941803,222.09914247173995,345.57186691462573,390.50571789298766,376.20328579560373,444.7165088639758
33.32262061490985,272.98365987276765,41.38601301814926,306.9291025960073,117.35231443596746,479.803279502592,206.76604183294597,554.6557627662086
327.04306686821695,120.5717017958641,350.5566484825438,147.03882912893695,405.4489718559209,207.1875971881341,441.7275240921134,316.8148497147119
146.31546477614194,359.7545617879991,231.74305483470982,404.1880245146898,302.2699392795712,415.701257931195,312.1110132334927,421.89876941217597
344.75620926353076,69.97520789868591,380.51051873268,146.22962262357504,465.77524766093455,168.9228110193046,506.7523072857019,170.29345123820366
116.45790261545886,218.54616559198809,443.41404078721786,249.1043692294993,470.38428138896774,316.2158947791366,501.1085866167856,487.92292237675366
213.17989001259534,133.39225627617012,230.3901216592418,151.4831398339265,233.47171901615837,382.4354498812472,275.97501916520065,385.8223538448997
32.37864890606823,318.64239511616665,80.12161579918683,346.8582036629655,137.81973492262566,451.2826796350261,185.8835068451133,482.438722741552
136.32391283042972,142.03521658386902,205.58143705643494,222.1736942535377,217.6657104613301,258.24903951588124,245.05648702979695,291.17665124423576
117.56169915721279,91.83794799022603,215.3315142443711,298.33834482334356,249.7509398625641,318.4953140618143,316.65838364334877,361.3698417011529
200.1555379791568,78.22886492141856,212.5447595842971,116.47260966958198,233.7703061370476,186.96486105342896,324.9339592548132,189.19073619921264
291.0322415780612,150.9493940831244,330.4859308928355,214.54108099308138,348.6480208077875,269.33385188970476,349.54169675177945,299.85588054988494
316.3662710562647,73.36023065255272,325.0356395655493,163.35662858114313,341.5372078182813,281.9991624714417,366.6747426869588,341.7646265929512
53.51244228408796,95.16157668527666,341.9244532289472,112.67892393580469,451.2644357733968,228.2315456202271,480.19328991098723,233.78793791437752
103.54938978572763,195.8954532372124,194.25411530917634,201.5735700375391,326.5132285555984,323.66259190475375,328.647136730288,363.70076891101803
55.36628802027771,47.563400947764194,143.50417462388808,97.91821524364842,215.91189934186067,260.4971427092829,277.814808890915,261.7877310521282
145.8447486587577,170.51854407329597,149.59370966378467,307.2062002126755,220.10951269319497,349.8122745388284,305.7244576120316,366.9645346106525
40.05856647152253,220.39445924010892,319.51625105444924,230.72867706695178,338.61847183731953,272.3652442814029,355.16340496386886,275.7069898201843
162.5352004354118,26.732826375289378,175.5820477725045,221.32056026167785,203.02462456599298,286.6029557152457,304.92028453497306,346.23423916642713
245.44022041769978,71.6351198302456,251.8083154708174,141.15605548935542,268.57373141263724,217.2944954827381,312.73084547140627,260.23690779023786
585.9201137145293,128.1696832331141,610.0242803152553,189.56695041406206,637.6966183065131,221.67249717337288,646.0016429446957,250.73714037526645
42.40434268348794,174.09039107164813,233.49437653308226,280.7190719175502,236.35323558568504,292.39077970674236,245.44006568297092,396.85485143712674
137.68684799530223,61.470684724150175,312.21978005532753,240.99667465334693,318.9665433073679,271.0039158785201,352.86555072267885,331.0386369941415
37.2261775298405,40.488988844181435,260.43189737735474,156.51140123451165,261.1696019289229,163.78172753970563,296.27152885525174,180.77185422084116
206.56362932256755,336.7537862741351,271.89925977454556,397.4262042794506,293.7671900326459,400.40458275010513,320.70242941100804,466.6804629391871
96.04999393275826,157.5645504065005,200.94994844909243,203.14061655689773,214.63346014647516,217.1497262919002,227.92312777399277,220.5851117903021
165.2158650659533,143.72606885690314,192.93954239847338,212.3275394383122,208.85709176552092,222.97445667015865,233.8265124541768,317.9229287286206
29.62556343539705,22.011454627022975,73.59975498189047,264.8525488459942,190.6304178632692,357.17170047025917,426.32875373291057,374.394505663467
115.03432255219303,188.58661081551438,255.43477274641631,197.3782913145531,296.1394627839395,203.49794275705287,302.68099740402005,423.8236544171119
148.45378248385015,119.39529954015717,391.5908381521523,204.65956392739793,396.7507744258688,240.37710778827673,463.1173776176084,302.55352775998426
174.60712909636618,120.31102281801702,215.48405426750338,161.32856420414484,226.33431649309512,188.0334213992799,310.953542784715,272.25868421441174
83.31263711291979,157.579453348214,169.1013043437423,166.04930085238874,209.69407065366818,410.0959273578894,211.3531789229392,440.4223121579707
102.96063038754484,15.416477098669105,126.45038278912675,41.498327535877145,230.19982871192488,156.7954973782369,296.39988255979705,242.95527708725746
83.25169323391391,240.9418370090885,125.47541066044198,289.3014056971916,235.51187224750927,337.02812241348784,261.7675596422993,365.80966789593043
136.01813959019927,98.64404094463025,156.75755094234466,218.87653586565796,279.3105906592798,301.73400128411265,379.93420157993836,320.2229653387076
103.47730140265725,200.8557456004883,114.66548112982919,248.0876863797669,193.25490702852684,263.7331761843835,250.24007623907775,276.3282147746797
105.02223141553196,232.5576085517929,144.67055287690147,308.39678200449424,273.48789781491536,331.6137320338868,310.4792875751001,335.56556085815185
284.9158940594932,194.14348948433343,296.77306049783147,349.81849962494135,333.8328684044339,365.6322558378505,348.2140320656775,384.42597409908706
125.86993231212712,72.75451095546887,159.3984321467393,205.4164815186868,220.44989073076565,213.3830151887968,302.63384246213303,214.7592449748544
316.52094075835595,228.1244135837298,403.23288484671883,299.465504008006,425.43256347599436,362.03548627236506,486.0591714338678,419.3146214637967
123.60172284589589,93.33842580678767,244.10826078709832,239.0784579258302,285.1696935935843,262.9491494840084,323.31993375437315,286.5194626268205
403.14484102579655,47.52942691985152,406.8054598984373,118.42593825746398,489.48872281382614,166.13438575319273,532.4530790002527,233.3215047493025
228.2322606208232,129.56649683576296,275.5568500706189,270.90878422184556,325.4080324290756,364.1029523711494,344.64139686679346,364.23951979966586
133.26008366313107,162.40826453648995,182.62414765642404,301.00970448912494,281.58843027647555,367.6440413374702,370.50713936343465,409.33954745529775
131.17966306044715,32.092144397312275,153.81651295915026,191.03703898773762,190.80558953760087,327.8305306346755,191.78393136943166,378.5608953511564
83.2220452396132,39.20089262636308,143.99428241904013,195.86009082424485,178.4968122680221,215.78184106497005,185.85346816118835,323.88022516855955
48.073927763411696,33.53591062311602,165.05544397583387,228.03147352275923,260.8272363052544,240.70122246178653,285.8685535300075,244.9623621338537
82.43504861423149,212.80586701554725,310.11656856531033,238.2906916884211,350.89379524663474,239.1428466465926,390.5845828022032,271.60479573051583
63.71364425242949,206.2619018867735,158.93261183739384,242.8315240402291,218.73820385234492,255.94337285631602,240.64483276509023,284.54248402658993
170.63388429679557,87.18065708465488,174.73574035035523,229.79701304963748,174.97612245473977,317.43207234878037,179.34855208237937,332.41127369927335
200.37634408847896,89.13120673579948,270.55863368555526,222.2567691997895,298.2782931095637,282.06612523538604,322.1841475829855,309.9053511091204
499.42091289370654,177.2832542246289,526.2454104046839,247.81169146214873,556.1085956172972,301.8504002136319,581.4237947117233,436.7964072243076
38.031807397419804,131.49952506659193,150.16139241847645,185.98124296035243,269.85917365972205,352.1222653447038,472.90626314901425,355.50624662529356
73.6316043956549,132.94735040982843,185.56592124585657,195.97600831525335,200.95820715854583,230.07704870218566,209.06934165542307,289.93741663038617
132.68432110309493,149.75307164880797,175.32671757029036,264.8688418039461,194.86045674725833,267.4964298440801,330.618602144451,292.4402320344069
32.93913417274957,165.67044993764713,227.8438723933069,328.3513059878591,323.57876560753505,346.0745730274942,391.9425076170593,407.751726379545
92.20597694872872,196.50211328424916,148.85429765055082,233.18980256216742,187.88497173595604,356.66566215699896,194.09114319911563,499.2390719882098
102.01682258475297,191.21249754792788,161.1606497346393,292.2721491926031,176.74989252641257,307.8921075249962,249.36671193992348,323.4029779705085
68.60198671384484,17.193977072107135,157.59044467854798,122.58143582916296,168.38422254373424,166.78692387234295,447.4200099217374,264.0486270958779
208.11120428280242,214.68442231554255,226.70606164011852,222.67708383904457,287.5929836852184,277.2103258977116,340.2708772283292,300.9577537172952
131.67632824035567,94.93568927342402,239.60822333678368,142.62548294129022,251.8735287262145,229.89175324050478,418.17225097986795,290.06565923485414
77.33917819464997,193.81559414844358,89.77233667565514,231.20833635475685,129.1263797290357,276.59218696762844,132.4309136783446,343.5903376668347
65.74186785779636,283.0413045417017,133.6839869083903,335.55957155007644,212.9310057929454,352.65092150582944,218.10425163100555,370.4877875357868
57.30254143730052,121.11653794050355,88.30373589689582,221.0834497043463,149.38902785067808,274.57671309069434,162.38594266870712,297.95473257079686
52.19703574722308,197.21511029930556,243.72802394706807,306.97798116835185,267.82930549586314,368.3288399627337,298.87455909968196,393.1277645612252
92.91624651451288,35.06786672679305,258.47298772623884,289.5561393349519,436.663734039982,359.0103214849534,443.7599655027996,448.6368411485579
91.58525366959338,46.924142313274025,98.82940092622627,177.07188568570146,164.08416772638276,198.5955838338011,414.0551316268662,257.1054626449268
52.19703574722308,211.77311834504226,274.06961523198504,216.34883863966476,312.08776479971283,301.61664900797626,313.1520471957963,331.80938120221566
193.17735177667657,275.4793291848539,299.268473171988,307.22424367539537,386.48781127993965,316.8942477891019,421.879286032714,324.4013982844927
226.84211141441622,206.65259574924514,276.934121885557,216.38541355258104,443.76951138179226,319.753935092231,466.8607173641428,327.46330141784523
104.20732520174076,38.710542367657155,107.59539234506693,186.4052655037984,118.94619166697042,233.7062842861561,252.4112087068315,276.9904511918642
138.11969169749216,278.36026631275223,144.32504070625825,300.03451185105655,203.0374311337311,371.5700186126465,212.13477397877136,374.40108217130853
113.95931705247045,181.87588905149977,126.15193787025514,212.93480556600218,250.8695562217884,258.27263882266243,309.99392944971993,304.20710388335607
263.2032964128822,159.19872618403085,280.5988318452517,239.575380162039,288.90706635619233,249.39105178255696,316.2822948141591,269.20120982504073
148.09706230441031,337.6857429655988,191.9993980972049,400.0099268838396,226.42113797694543,420.87226038522226,246.2606947076695,441.87525408995003
74.43223611115094,155.21153115387895,182.5385904165621,235.99357035288008,330.63484062963465,252.8677757413956,340.0783843998248,367.12898038824073
24.135870131667282,34.663432047559866,150.98754197757836,123.00358425596508,199.07644308157865,165.31711998821316,200.47472720375612,210.3115645808055
64.5567890775988,81.40087879321251,170.61168852040672,254.5759623417846,188.69904730201375,307.8133742284633,324.1658917717936,415.7471859776802
45.00854167676207,131.3602851308673,150.08585747837498,152.3698776049397,161.1176305482914,157.34230572582294,229.47174120676522,278.18462554268586
192.08808219416125,55.997412683759485,229.85725847097214,138.79669683935626,274.16975979796223,175.68104677284282,287.0280825154271,181.36705405545786
60.01563448170977,143.31657705121958,82.12599672860964,335.64870133050647,119.31366004206505,370.90434919593775,121.24809923199997,397.9372281304761
62.37560894194211,204.13560998292252,171.85936791922452,289.1379416567059,207.77911504639675,347.2588742779632,259.8974337509855,350.5941006776743
115.66245478492658,46.66856043219832,305.75112383581904,266.17449733527496,312.30725195922304,333.9607424588018,329.98132382968566,355.1544798644689
107.7012081257451,13.832442506729775,169.07034536986603,191.89116383622155,202.57197533059545,274.99769059998727,203.6282097800774,324.6560924722147
256.4302321839469,75.68581828328432,274.029062230814,101.76827131364641,381.4566835926865,186.71188859107778,442.29574057770606,216.71004179881007
100.2849293870325,236.74459969417055,263.2703130838397,244.61021000617393,300.49076103842015,289.73535447956345,337.60721024554806,292.19105966184344
146.11206810447885,327.00001602798494,201.57618126524565,361.18092193324287,237.40273961067567,505.2517302654181,316.0463839821373,526.8127255155607
94.88500251194915,272.465541684114,110.78376931554955,272.5031090691397,144.0653403698182,314.44616459248255,189.43692446753576,324.54152999631657
47.083279503389896,297.6065512499404,67.42078871385776,386.5800446090977,209.70344280584726,435.6166754250293,218.6753441928203,472.3840968201899
275.97420987602067,149.59454686412926,468.3973171174329,159.21669339017328,475.40185323246885,244.07503658866187,513.5600701845324,270.27024005349455
208.22601872024197,178.59162523695647,244.4132279128338,208.1977538888382,276.8356772838342,291.399925468923,314.4838118387421,372.68405554105624
97.64911155246972,92.8656264022266,147.22129815401226,310.6621906028337,164.5237357025392,336.8583017286984,220.25211189463053,358.76159264084635
85.18644022277631,168.83021070575407,100.21017896015684,176.83670759397177,103.69700136084762,186.2757044649174,121.77874504297905,332.1467884140611
55.36628802027771,180.6452933445473,150.84759049992272,205.25283590127282,220.410167692634,205.53068990760883,235.94523738555225,261.59641816524794
254.2645052074455,94.8408521182124,324.2730121262531,327.73785652605284,340.71228923995596,438.1332483055702,343.60755774718206,442.49286451338116
157.97027769469983,93.20063003352791,239.84393993417783,102.77186586847483,287.00644105530336,130.48604698474404,314.87553600221685,216.4978341205543
201.04120511673818,200.524032175576,203.60864300849406,239.9263392208655,302.4220128358595,262.784231532844,323.0528641815185,284.34374622091633
203.4770422343928,155.79023665608418,288.2479133210992,182.8356213629773,303.46209531676425,198.79570576313606,335.09569616635974,214.19129601366578
81.90878251921225,182.27042387598323,231.47560503361652,315.0731895189752,254.12582952129068,324.3448165959258,263.71247474214044,347.52624406716325
278.3360874377754,172.18411625256562,282.86038458511257,293.62510506661647,304.00570661624096,318.8326901090554,384.2551255304388,426.2384082730964
42.7682269599144,278.0506029924864,81.83390626907975,315.2947317216455,101.87871214341254,398.76598218847477,105.91711306102253,477.81041139336816
131.84748689118052,205.80676565514221,172.96063807236249,249.26269026202823,216.50203217430678,370.25790979311256,263.11597923153806,374.1630500643857
75.62417415131672,78.6323298470888,132.7348641527244,157.9587072006252,185.1898607567698,336.0436819058851,210.299445216402,415.3748510519491
42.37142563796839,13.758117746845773,104.10398146244394,137.8207753407775,152.27508806981922,143.26716255823422,216.66140265837498,234.60894388785928
61.092064651003824,120.37016242061156,72.94653118012032,176.86676107244529,94.27094886263446,191.15504947912018,144.30395433414117,211.68808378368587
107.23236398615825,42.60661633884665,184.10956272951142,220.34927043101428,229.76048916388314,242.64439235943183,245.87154727183668,298.8892131090832
28.57983249828788,240.7145688147458,103.78655411634169,347.01724888873906,246.50264112938146,365.4002063640267,318.9907501649475,418.14086207466397
208.20392674560856,100.73662588985478,334.20778993359255,160.3971654728939,359.7812914704395,243.4315628455922,380.0729277430248,330.6367419546797
299.9328007604916,228.7722246012857,312.15378895303303,294.79388235676424,529.7442257947486,321.1728481688151,625.7267096841933,427.6157214801581
194.8661550222561,108.37162520894972,330.618602144451,141.36679907866312,331.95841104723064,283.9631425323389,362.7179189318444,351.2534764534337
118.13857503775935,58.857451035759226,166.34208933414504,222.83439015195304,168.8675703464646,333.28962102137876,220.1035852417252,367.258827799509
177.16441716100965,74.43527468948926,238.4517240854961,157.07455784615829,253.73677814602067,190.39125011535825,313.3097000293859,271.2871095763922
201.35726963137756,63.31800024275721,208.20392674560856,92.19686781422199,289.0659725951582,122.1607405039442,541.0071996553704,152.36421155118958
175.79699095374772,138.4992295543278,387.1974665998054,255.94337285631602,413.98990081600317,256.94237449122215,422.1967235604114,263.30470867954045
218.5398622005961,228.1713331666262,227.954780228097,228.55315014763568,238.025519906501,242.21326325807837,306.64836739555744,376.799940690768
237.0979122902619,106.92276529214747,272.2797815839886,203.29371697039147,288.96274089720924,230.24986427198192,299.2280660994382,256.11948082720505
156.91982761520143,225.32566229944686,198.85394340712298,235.70683357928723,238.66453348630367,254.07342041038612,251.13824554112225,297.03560854140034
126.64609199142268,55.30604510829377,204.01291094967854,178.5661126079083,243.81846176272785,220.44097242009286,346.9734403112401,260.7278915204448
123.06132338600538,144.4195478821263,358.0403948719216,236.48729987530953,366.77282383811774,269.76704305144057,428.7119933747913,326.91350608198746
71.87413872991252,169.1881940403454,79.95165311727608,229.26706439115023,98.54316838657117,242.97581134974504,116.70162929992497,304.56976622072835
152.67115150119307,79.23970042891887,184.23534011716052,83.10723764504073,184.92010253727958,358.3540584156818,249.2002019633114,359.24603805368486
124.66733216168633,155.58788259613496,275.43245325513885,170.41875962520248,524.3113940676808,183.0404762932529,587.8257215656643,204.24738174988852
45.033510213292246,183.19945029099102,71.15692549230155,207.32569772893635,131.40333168195448,217.0529485097278,232.42769736498892,263.91025677685576
118.89702308342596,106.90955425777118,251.97580781369163,131.9237871769089,314.36227589403416,276.54821635115894,383.19496185999697,306.7054628770184
103.000671798624,237.20262179596415,160.4732682183902,255.20233751313387,196.9587799947234,330.3492503518203,253.16239330371573,399.67243980759025
22.31559261380069,148.21802623327872,25.0695113963635,189.0066892961431,134.01341318595757,244.89063425707457,262.0752097610795,271.2951904140003
21.431761906692063,89.56102709615978,59.9422517604251,211.38966294293826,218.9665503754257,227.16045205922552,278.64581746772,233.0145179842969
220.8111832716046,106.41353070091611,240.373144057804,205.62052875136303,347.9271370122826,222.09205460082498,362.8171121457258,256.11948082720505
130.25174168164565,39.605900415507726,145.44229965606388,76.05173527011445,189.78876194163564,183.71220201850906,338.951242700459,200.05339523369176
34.64011111263958,69.65877775534062,174.05837657100574,290.7630665640529,294.88698289184873,343.84276170637327,342.58339388408666,408.5629439673426
207.28900949328533,112.9409251681811,211.40640830595441,153.83912219004108,350.9227321090081,207.29552757930247,380.6037334213656,261.6577145490622
199.14709969075076,153.32826875157116,247.66226681706058,170.85952060462319,251.70850438566583,207.49947747100467,268.6907908746168,211.37682121528087
164.06594146727218,82.88527437301464,195.08821364343294,136.24300387361993,232.7002096346143,205.1048054581767,301.23773721479614,235.39691089861702
195.12948216511975,189.40595824156964,222.01494246838942,256.8034863226558,223.0952678036972,300.37101709372655,354.1523034538185,322.53933125038225
287.4077078926699,28.106621192683562,311.4146084042381,73.76029839761094,375.74984356787616,115.82560855865252,450.7181352069052,240.6608949055533
289.6872672968141,111.41254483566749,324.7638031795277,186.71188859107778,352.19556778679026,222.0048170408974,421.34438979483645,288.0445104676823
97.76013071522154,113.53926697758857,123.61645635497763,143.21343166022245,157.16071758145992,172.6456057119912,298.0846478620452,179.32902928183256
105.73105592246792,135.9245814072452,197.30020675820847,154.2308945625768,280.85470933733535,389.5775212638604,411.08152590960896,405.14134006833285
219.38947743396338,218.2415243125624,246.9097388628659,236.98925797233557,323.97276781234234,267.66225053558856,487.018026092322,346.39892759823675
322.93446981690295,142.70856338960365,348.3036559513528,184.7783182143896,397.40737529661726,200.6283299003856,805.0912359044801,319.74977944829766
107.69399797336838,241.58320502697828,140.04168146801698,271.1177319770373,177.16441716100965,302.6886714229059,376.5506337725989,338.59240527395184
283.1506934485537,146.71376184241495,373.5403443174379,161.41216751762184,490.5579872006584,179.50128159301218,598.5198807582248,316.3526741204305
285.82185348385116,244.09718821377507,372.7106671167712,312.1824833649604,409.5485966016501,321.21162788455655,473.2374135124766,419.51966137260064
45.86985460931843,64.22529093742617,126.67122530686125,66.55537491772773,181.4573108419122,107.64336580741094,245.79997560890047,110.1661134376401
27.172638902723154,255.5612359532301,75.18708432201511,346.82120158667135,85.97069498703698,415.3896731369624,141.5829458539801,434.8799982733022
239.85444416411897,228.09315421977897,252.05942317764982,292.61111127795544,253.0502503952051,349.2695355030021,383.38001816075666,430.0777539650085
41.04225796082579,326.77414611715767,211.40640830595441,397.16278994870777,251.8355002670832,433.46961806145595,271.0504435568912,444.65822660714764
139.3838396375153,173.887596638306,164.6381459632098,220.27571843671674,179.86166221291788,221.78532933639184,203.80183375077914,288.9280286119497
69.38272668744153,164.28124427985543,215.71258884301199,225.08215617390255,264.6706882354264,274.35087040204826,311.40329055067474,277.5115067999255
253.95983590369414,89.13942396485963,303.46209531676425,105.31800968915852,363.4909131168994,219.35748155218798,390.34495870100324,320.6099996558886
121.8794739544848,48.6942159221214,182.2398467922295,121.90466796553437,283.19647793516276,141.16772409623303,285.99299665170093,206.01376577286493
123.38779375679387,200.07708212979108,215.19705459791186,225.39081371605207,304.3064125853096,257.26729810085715,394.795320836595,267.8151788201423
147.38299395965038,114.91564665364047,266.6838776973779,132.61824175529574,313.8536609724952,160.15610083062978,316.45361129457467,231.47663951596627
355.1916145379122,338.7599739415371,361.33145204001124,366.27979199060513,389.7885180118315,381.24894272573147,520.7244426109563,453.75311278490096
41.44597141163872,35.3051356737848,226.50834651350138,36.079681443509095,279.46328318654304,139.70097298468193,403.06015122313687,157.123121153574
38.02446391514193,272.8128671879514,380.39680655438207,305.98156800579267,380.53459330918474,351.70780096096615,469.2907946699863,376.5475430819082
170.8661366664066,98.44145505839401,178.9184225942441,217.98764442432943,299.25023274675755,218.99470548932533,347.15935599411404,225.48459216103672
33.57542696169503,86.5291486473431,176.6141060758795,137.07695517240884,353.6389026655554,142.71237549395565,361.0601733157753,188.22234676527623
142.00972449193844,206.0463993322582,153.07231735586726,220.07481413485488,182.21425459598808,292.2054495597665,288.69669860240526,304.7013550735188
55.180246777248264,96.01993964431165,116.81100164461729,153.7038762365028,185.4962845823157,410.0664830916787,277.25814686503554,479.1732072388251
135.23455358793876,122.26861121650003,267.48778081618855,215.13300628947457,275.26513109559573,303.4289183085634,307.0065588613583,364.8646392949649
193.52713255306261,116.28398212746951,246.65791558242051,257.9688230834816,327.62711819040675,352.1097080308044,333.618171682789,376.0500445152169
137.22725216500922,138.38244706779892,171.07317905298518,182.1830342400515,191.13159126595664,243.9948114673439,203.02924031008746,264.63347153642474
102.46905411349839,85.20233217852709,308.3547343997544,145.93245541656572,448.55718241329834,150.42671299225836,452.7501895379029,195.57475488399174
199.74475967801072,82.84325977343589,301.0924020393655,93.3590889716423,319.2901343470252,147.69471346604428,373.550248836202,252.8334742650947
232.77558749081362,212.0822296036127,366.7287296530006,237.96396800322086,389.69131418027735,251.9066375071981,406.81121499934727,290.53225263718855
177.88475633364237,95.57369810768625,203.1548371678878,190.27593207658057,237.2151203316842,194.6782739302081,281.9310010900965,260.2818216851184
66.71631196293501,110.82040049967958,95.70063518200561,127.20695770769976,140.5512000912448,202.95518515806714,209.38185119507477,252.45775386460969
35.05891861084106,240.7122789017534,180.00491221595456,323.0097296817772,324.93154737122467,456.7945473853565,352.05782315370885,458.7563887876329
163.10561509225263,85.54949831503707,230.57442564507357,124.47820167096174,276.70029062382315,307.2971006946158,309.9467780349583,391.7765414921855
109.29056665599714,150.81875921261303,132.1113125298517,189.79746354014225,221.4577955157448,255.53505565988084,228.83893015423425,280.15142199494494
31.469617297313572,248.64791348630092,45.453445624047816,314.1005835872003,101.02943460885074,369.79104273899304,255.9972598812698,377.589665094925
260.02556025056776,140.1455253254935,290.06015127113557,227.44187797795433,308.2427055003414,238.75012187134254,314.8508723781152,257.20784651448815
96.9970076508942,135.85354276526024,173.4899000975937,167.37789340823556,310.17985330347926,170.30345965637437,465.95438136781195,291.325702221567
69.58278398206895,88.72097684797666,186.3655303322292,224.4027859569634,200.94994844909243,337.4458468686819,289.42413529342906,392.0703528674915
218.553982444939,155.58788259613496,320.1260200525435,196.77568170215747,332.8725205441018,212.50952048971118,350.2701577519575,251.25770347170734
102.94429868403051,191.19540651792556,199.49749175882818,253.3349380627884,446.760178410185,274.3909706723681,624.5690998516261,345.70840759706573
163.16744750176525,94.32683516524251,219.68838763946934,192.6433038810961,249.26125683664225,229.19192651927148,392.4938754584952,259.73690809860824
73.37464641317654,153.18357628021144,99.00521628403278,162.97897412889742,181.77779689144492,380.2843470599605,184.00679994975707,381.7728491827751
151.8499354725814,72.93155667783327,160.05814354544864,81.24512656284905,176.67970490761027,99.12009292962455,278.0742991820829,160.21221483482492
306.6059961331038,173.6592116963569,427.83247438375673,186.5019369888233,460.84471075476387,248.82750611539313,474.11757890393227,274.78611012202816
35.35989471666823,157.45143612524996,178.4968122680221,314.640518150476,220.452107821276,322.6234851088705,291.73402327193395,336.1676318025337
126.2191019767635,88.28450421369176,245.16295290325672,162.67344787389354,261.1721952407816,215.2086229363023,322.67470533333494,342.19009326905314
95.2134743148873,137.1101506241317,154.3027858015229,320.42858836706523,205.93599705931368,376.06545449977403,254.66778248228545,406.56717397562534
215.4888508872905,68.67187958931677,225.6499535926436,92.88311716797406,265.78289486459806,121.91135023899324,368.9844880647697,210.18054494019822
163.55158417668116,157.22026745034043,169.1611708126779,204.79142007507411,176.4530513559134,213.95941754771084,211.57146279176868,369.97745942422677
167.2220081374462,234.60894388785928,167.911809132705,241.86264401597896,202.4244639335331,243.97369380606966,269.0095931176211,249.16938937024423
197.7283679384469,73.75788351164441,276.8356772838342,132.5546342746575,289.3562229098777,290.14877964467115,346.5031139306171,345.3631777456781
241.80240000162755,109.89734606444804,320.842575389318,111.88121112910585,393.0895665730288,144.03627012052598,408.82821705970156,151.69218284090118
156.4169404182925,106.11121292992144,291.66704283609363,120.41007045948245,308.1010152155256,159.89561875517776,319.92536428813105,189.1140328736846
126.56072414911105,113.15984154228494,202.88904499432925,226.8977212979073,237.26857014413056,310.9770985157743,300.7836662708739,341.36317158244617
116.11479810557356,306.92085112086016,132.57099324004142,318.0463480719594,240.8711823292853,360.32324407246824,308.08998462071446,386.34988730943854
45.19767704441599,212.32995319255016,100.81644180788717,249.7797400243426,302.60648760067073,306.4091783062254,378.0265581158618,389.47015473434027
176.31854311581037,139.20779692726774,246.39513120857652,288.7055049079188,248.4629648897629,314.83741846141197,270.55863368555526,353.37883473676624
63.83163443675532,85.3242950583563,71.97653845579937,97.3859117913087,272.9959315892984,296.5797159466975,320.3448854447974,337.674342264631
46.72776603849703,309.7403326156815,102.28172171163715,357.00321423122523,130.16818706451113,526.000269693272,293.8142475463537,526.2962615573059
149.5898455719651,56.88197764310897,157.16071758145992,80.72628123396645,277.7061723965532,210.35315174942957,324.7044317297723,266.769142205678
20.4421576195785,113.27934219400791,43.336895349789856,159.98028125707202,127.04679508145381,222.21520968872346,180.91164650581553,322.68272329529464
80.44591549719422,217.59433569278136,111.15902421423625,245.88887007200606,178.75148869262472,315.1879492917553,243.95634674560264,320.4769327440761
99.41659260973856,83.48068355864332,161.22936485042754,137.40495728245463,320.40999428127395,201.27952876197898,494.7662769189479,259.12737934907904
31.35510304326858,187.0469701292971,155.29942214599214,343.3255965331892,240.75150852371402,388.04508849710646,271.1644379635778,388.22519617150306
224.59622389581156,158.1149584159077,240.77665338305937,267.334311261576,286.2447161412367,333.5329494266563,357.08281012669255,378.237548566902
257.05527005903525,167.6920178530375,277.1308091772176,199.90286003338295,365.6173173270486,210.49210364280853,405.2556768332269,259.6445318915922
227.68153298080531,120.65986391307443,260.2955779051951,154.23824780220048,371.72873608006677,170.99513789117904,437.3947559656037,215.24130827202328
185.10697538749696,188.86578184686178,204.87070167007957,222.45865509334777,225.45754722639145,232.66489024512813,227.1443589368157,264.4407914639344
48.22194691655502,113.77174254414311,439.97033218585847,218.74348920369073,470.94268227862113,276.7821053743316,588.2201897952878,427.2541172430125
381.2496917360999,163.95905495905478,577.6158359849226,210.46518607030958,754.323860489715,289.0386530850771,763.9987856860155,303.3015489685598
105.8657917104351,105.07259478902287,181.8649210696806,203.32161981739787,255.27988374228823,291.9587685556693,305.4866724917999,327.4634253336929
185.399959499171,95.69556202547642,188.36648893152892,190.9741531082203,245.62245159517914,285.09919707438814,310.6344990554674,305.7009915744033
95.19300906358232,100.67176697547957,211.75907149201916,215.4688133490028,314.61413430253157,244.44565951722834,419.6709326295981,321.6960794892865
164.76667600674557,169.59903235129823,201.19951658641315,171.50272570613953,297.958796975536,325.99366416911454,336.1108848924069,349.35703297085644
292.54946678299757,178.03607261722604,311.0208398068394,217.3813737094393,313.75355895694753,274.8824363926875,347.5309152025873,277.1708289443386
271.82469374675566,118.80080045429632,281.44291279310863,189.37955594601058,287.798768482967,261.58910522488577,351.2949019554902,440.35936470677734
75.20612037274223,90.30040511462461,122.19447723303209,156.4062566288834,153.3182116866427,172.82721455012003,193.99448137245298,180.24093447557544
187.44783891478306,217.32890835736492,257.2346813346006,300.9577537172952,319.5981212662584,315.25235308358714,393.87473443158143,405.347259669293
89.81735594471064,195.15962130243318,111.61409594700477,295.1024949806423,148.4654850219552,306.92085112086016,204.25239764416287,460.40633499447114
248.88669950576244,137.8739674489012,339.2965315971629,232.30585531016297,359.25689334794646,325.78170653934455,380.78610039251237,359.85641996615
135.18842314041723,226.88041769688675,166.75840780027966,315.50644967016336,206.90414596662487,418.37387565838037,230.34063590806912,431.4057634837917
51.30960284340043,151.4895723255877,100.21017896015684,186.98140257961668,123.0965333456807,248.61941384883875,144.2009935939113,314.99351442835405
123.1739491130819,179.92646021581214,208.27280340328656,272.58219451262136,221.49610920476454,345.26303684195165,272.2218116928707,352.3359760489871
34.399457106705476,470.9725131198996,75.96603582322552,492.5874329633416,202.42891796248946,504.65883842508214,325.47438200600135,522.1492790658441
42.398140164767405,163.90306315907412,146.56662198978944,251.40061767393456,207.59800262639996,252.1335754597453,278.8743787290536,316.1726634482555
134.99651110760217,249.20360778957271,182.54223637370475,271.3117747013493,215.39480448748864,275.0924301224814,285.2163471262264,304.28908135950496
264.0956083138485,240.45679393465372,311.37072557164925,277.04205170878737,322.7743069424009,318.94328947501293,352.8076852437015,331.446610461145
276.934121885557,227.1695358977954,309.3364678217731,245.12727747863477,584.9364809456829,288.4607529393334,593.6765513682342,334.65458237522233
53.20807074667596,108.91289577639665,170.58007244476536,195.0050820327984,194.380276539674,266.16685413074,206.67160229533079,287.73504680520455
171.642771704837,357.8036778709653,307.63736321278725,396.3802235905108,354.25071201917723,421.19127476565717,424.17428210108494,508.1262419067964
159.62189148132305,203.55177175689403,225.47685249994043,288.78153961559633,241.53883249743657,320.5377857812103,252.67528474193514,397.8959313391243
38.553756601784194,359.60044294128147,303.32289451781475,515.8965319335033,409.846949529463,547.7542610635612,448.4496871550177,607.9507187446194
279.22685141438245,176.82881288657208,304.56342878248506,212.0822296036127,376.98862636921285,309.6435036784513,392.080132222125,310.42302279930584
113.65579119729674,87.59264878921968,350.5762239003516,205.87034095624708,370.74532914371093,429.82345859523497,381.12317721689936,451.42210612694373
35.367547665427814,163.0886038209371,123.967572851254,236.72996256764893,228.81480629561278,333.8150313714595,300.7528412230475,485.1155755868598
87.74749228072162,134.11413024915865,99.80732835210054,149.40888809186524,227.4473461917001,251.20254864331392,243.51726385193095,252.8117651412909
89.4592973578166,236.93131678127278,208.27280340328656,306.57665958654496,236.71013418216546,349.97960497405074,245.35788549275685,376.2125118659958
54.801516064545226,179.55184431534266,116.84737371817972,192.6433038810961,118.10814698332469,194.4420479514673,118.1957718873524,196.64528501568356
32.801802939119426,334.6405713527833,33.757030156030666,398.94045347990686,109.64818281467942,496.8692287736464,112.24203845054052,539.0747452477077
237.3057007875404,196.453687164567,253.23139380925795,222.58441270145875,287.77449239180623,289.0499505675095,330.41955467501504,312.11999370858484
336.7084160896502,61.021342559885085,431.8581159131231,358.46612324463695,514.3822756473764,380.4350012369662,547.7984759501403,385.4486294384085
156.93992151085317,162.8026617906205,227.4225982568292,223.91897743413597,288.0574493197033,255.3439338840525,438.99146926053174,307.79055467869125
155.08330071967788,66.2390231716273,296.07430780834346,430.3832634670914,354.2573298093805,433.75654374330094,471.2548244202325,452.30484576442836
84.11335095469948,359.1494293402332,120.89124202353295,388.89064816465907,264.8763852644091,426.1783970075042,274.6649661193261,545.8334358391002
164.7140982887366,143.41233355890603,249.05255479862706,167.37789340823556,252.65797475387367,178.28170180167632,274.71751291575447,229.11765094860917
313.35657421294525,191.51118679410615,323.94493411465197,317.5507383485582,342.6450542705989,375.5793123711904,417.06234597445194,477.2447858745632
200.58625694932218,90.87128587494627,205.14442902832653,105.46336551277261,217.22075830921622,116.42171028550372,261.83069806421275,130.60266696862027
194.09690652670588,219.77313096795112,232.15338553264158,228.6794507773683,253.90141412060504,252.37855891852854,322.884458221916,290.72110774108063
27.279166334797107,148.30628515981476,88.79782993965308,172.88082801259398,135.50539231099583,336.5805925866681,210.43879741436663,347.0398651068381
27.03792153883468,34.40677341056362,198.48652501538788,159.79070199582534,202.17464380785572,212.7363417397461,237.9474228173884,267.6075462416387
94.40150130499568,47.537044322196024,127.32492970331064,179.52466159802026,211.34883293248848,283.7676783334375,271.8205037389266,325.4679555802796
49.06489615624063,39.46965675973181,139.1791319912053,174.3536190591831,217.08243554366618,288.4282785630158,323.34292424850184,351.5314123452942
130.50276669764696,141.71283214728882,167.15393677179367,186.17722577758596,174.2692358604439,300.1534197067978,206.34982875930643,319.7134957659118
377.5961288359978,89.40238803250976,398.800333817302,162.75178964229548,494.05140911718695,290.82109853778064,513.5270437599972,318.5298874790243
124.21449029406232,89.29868720934053,167.87069425347624,255.97424511006326,316.6907291240386,328.97883986694865,369.85196051472644,346.3721241835297
121.02776932550935,276.20486165568116,208.12132174677856,290.85257512548316,271.85082572241953,556.8834234686547,348.8233458706698,564.2182978287472
86.75387146755516,132.13670450326913,314.2822495461647,170.81769146743346,355.1042574564593,252.35669990156788,388.14179344180303,293.0961142951057
109.02000743353399,60.150816589632974,189.90284847742564,264.7392277815938,309.23359156641726,277.84135441235566,357.4427632362633,294.49088280627063
157.1138003459955,152.75628498724166,207.96069558638789,158.8338458906119,218.49080536922074,189.1172140974782,230.73260261538405,191.25643452996601
223.36723908583465,49.586106860333885,243.85120330984148,130.05237408870752,261.3754210092023,333.65744377369236,261.7219437624202,340.77445178330515
87.53172241152893,162.27065157922044,177.6337816419683,196.54381363886523,275.26513109559573,251.5748163769542,324.07487073640164,294.48730695804886
163.53660639732468,23.656818407260957,174.91895798262607,41.10404746966095,189.5634039515725,239.19868662901538,208.2016843593495,283.45013874658594
108.70180012108793,184.3623571633944,167.1179230938753,289.2693019548809,214.24850279750115,331.1938809839393,249.34906633757893,352.7030499731676
37.232896748107976,45.355900853644044,90.08359879577007,326.6868826575219,335.66909965119413,374.644761997479,336.83780877112866,402.04723189184995
41.258134745345686,303.1622914547707,103.85888193776847,350.1394086959496,219.89817582188576,363.08402052272834,277.6671275956523,370.2646919079109
86.92478591492969,148.49553163608525,156.466326355682,204.4819860081038,194.2509768400477,231.7515876854426,348.2152293029304,309.55805899893704
186.85373516264266,169.3597186341312,247.63488989752415,178.43463973120956,307.7919629376448,201.46253243156852,354.30684631121,228.23464313506312
242.52522018309216,168.2350710077394,332.35146252327723,229.1837763464042,401.04958978646505,268.1502805589323,426.1624261864433,323.14094866425097
214.94385987777108,54.15842285784567,403.7295834359401,196.24234798906267,429.0084990921184,242.5106021228228,475.85857863443044,257.25914099254766
187.16433578126492,41.97140307185689,200.06100973286163,45.93582721233214,245.34470163539623,158.06095231160955,274.7659024423177,226.2516016364645
241.02189698480876,220.94162129900292,353.84607843598684,337.3522409145966,366.83392239355885,343.44192333097686,467.22118874486324,387.8819868330132
335.35544518308524,129.9257397328512,365.74288377816583,186.10576896772702,403.05327815429007,210.28183662453918,442.97070751970045,266.1298073341844
32.59784074769183,153.30924326829867,199.34474633632772,203.3754729975118,266.32205151089033,399.41971708134025,319.74178256360483,400.72398981999584
184.92374932829645,61.470684724150175,204.01291094967854,184.51073274533871,230.64109101405523,212.7363417397461,256.5814803837463,271.2791069214869
154.20668287044566,189.9239674306574,225.105371881494,222.83439015195304,270.5922019049061,294.64339898736563,281.3180283550576,403.4896946348259
149.77193298833706,131.7010807631687,287.61236001803525,139.98689261290994,339.37260427908615,356.7361162281021,394.9651848617023,399.6704565086829
239.7903673272965,199.56431783378753,244.35534938825853,227.94141569420833,280.9022664810202,296.2133412269974,298.97765170389533,510.3485938556903
63.42870411258932,119.8354778682823,80.20278207692688,223.2636678313183,81.86589545746283,226.36403548572403,129.94060873719053,238.605741937349
50.9133667749253,97.10986780666843,80.86664824147343,192.43621103488104,171.78967530769802,196.8934521414335,212.2331508882589,272.20121523369244
144.13913146337552,107.25860554521783,206.04038453644208,158.90213760313847,247.80293222033347,199.11596126520746,260.8658379978674,350.5726911853649
97.53089219676345,240.64807010143215,147.86399402326387,271.47617920567916,392.889955434383,326.83687355840505,416.8393964213611,350.9466983429115
201.19007641240592,101.17492701265493,328.5650887058663,173.13311924374847,389.72301290879585,290.69907598453847,416.9583674156888,375.97233921155765
194.25410662324177,99.1553124882389,257.88325687982297,184.6077011230326,275.3887668285553,246.0245454925717,279.19640569485443,279.4186219779261
208.10369284547053,199.0932059377451,244.3133455024505,236.74459969417055,248.87894449570987,247.1500484604787,270.7613429169704,378.9521106934514
119.08042115158389,131.20407691611794,253.89584810935187,238.7972809085208,338.1454528509107,278.8792687008735,407.2200996394693,378.5569368619156
180.67238412400837,52.49081429994394,466.88281875691735,332.63181170292586,471.19161361357345,373.8134034434869,517.4050931487993,379.0860539442896
122.80213664389082,101.514869426162,132.5504484042306,126.60133534868923,214.24850279750115,158.12832540167298,222.48099694002406,159.34737738526553
130.363239119361,179.86904894815243,136.44352195995313,199.78672026497009,297.61160528115556,258.6002680238369,306.8286561127026,333.8976803994406
108.40752994087335,87.75343257538042,118.91621568558166,92.15917445948482,156.9718535151142,203.9048444035596,297.1031062569273,261.76894651923504
31.79410867546346,51.2586721108268,49.34782942993995,114.3718408718561,119.92028780025977,128.61895049037994,175.83796760212624,132.0066968911832
154.73367680857,84.12118006323605,175.34989279019095,110.25071709164072,193.9153377774743,362.73140340416137,206.94071736837392,442.4110446464811
85.84340926429083,55.933174404518205,114.51190499898526,108.65762014831704,115.47794395461383,241.87354322571503,225.77750527152602,245.1991568726662
163.08456890107044,85.97355838767788,192.39822989692132,193.28290489979454,288.8323203114741,212.61340955189402,324.7638031795277,216.84886917081076
73.1152615863105,101.07932182202971,158.76182377823824,215.91417844010746,180.11301815453885,221.2737263859303,201.8234862539943,232.16224546068455
122.06838958002577,187.19197895368782,130.84699956389676,189.24781229105625,135.5806504921987,217.90563200779656,166.15691889805078,234.83989698949605
67.7442899442108,85.20233217852709,98.53222065490637,149.34204838641313,138.94262864329033,157.6478586287033,156.95323932783833,190.02074897472835
52.24862211416566,37.007575871204104,58.21880920543672,57.426124814400545,123.62785076382785,221.9764401327804,198.75303476399776,261.8527736833933
30.856780954795028,180.92486736320654,164.1619993358678,229.41644341408664,197.64265857923573,257.73399762913283,204.92472915045212,343.49069095027426
90.8485141173837,182.41512455887596,154.0419355060226,304.98723082214906,211.0406150485307,328.54312488468884,224.93401677454116,351.00359844370917
24.927472429507425,13.832442506729775,139.1688815571667,195.30009306599393,185.70034012048882,273.39143687061693,240.64483276509023,320.8806403112911
52.05264769758771,83.66598029832588,113.81121154788939,101.14641403060902,146.45177852301285,142.71237549395565,227.73888677071355,205.1304729613864
167.83091269434263,163.73376360942245,182.88897101889603,223.45118764370451,275.85413278970776,295.01635621931587,331.01231115173533,306.0982066364593
32.53249380552696,104.74192430368123,196.28140919274276,160.2555242096351,344.436391761636,240.80846728728753,353.6637943227411,254.13178291950078
375.9639346522178,164.73825074943352,420.4083209769038,237.07562994659133,541.883902979062,250.98218446941596,583.847644428843,258.8965748343368
202.86404481216857,188.45116213496098,287.36299289327377,217.05332691617753,457.3685444458066,221.2033925531425,525.9820173772282,343.1698701239519
267.944838530232,53.56589676336449,319.8650826398608,240.4942705392928,329.2861743087197,261.7877310521282,336.40671076310684,349.0472809287702
368.959081565976,171.77445201040047,457.1290144581136,239.48690405033358,502.0866989710588,284.96861653853557,502.45125732720146,361.35954106052856
152.7667896285911,167.6920178530375,228.96263084541008,169.00062343884048,365.6751087733422,306.3137933356127,393.8759610520328,336.8068349212318
197.97537540746555,262.67412064297423,213.39563607951905,301.90838069609543,251.13824554112225,309.98649343603006,359.0969941901654,351.5500899163858
275.56618071194515,72.52432277965104,293.7671900326459,158.07285476330918,353.1227690691981,192.03162860124112,479.0245147509286,256.9837785988351
229.93117404346685,243.33839627581642,264.6336258485192,267.19500399949317,277.75651024441635,279.5844092018782,294.53026653126585,296.6012469889745
227.25903094295384,176.36157149106026,263.070240127104,252.40340595519174,263.5542045235044,278.16427508239127,325.0280905224079,288.0596827878248
176.58044550346065,105.67397581793017,277.0890500884268,184.79336568179997,285.24348763122885,202.99196115379667,322.7161178336142,233.26646830200178
95.6928685905757,180.33747963963717,114.2066567446916,214.6431037482822,135.47610226148615,233.17466499185664,200.79531806138615,257.04510689586095
213.10062700859996,128.3269999977861,213.32165817938903,159.51380831708963,214.4821966352329,217.63325782352496,255.76199342387966,263.4698877279754
32.043488606479166,127.61757504577054,163.96744664164203,279.4185102650475,221.86548107650745,283.19891913283897,308.19257729254207,303.0678724562913
130.22474836186342,134.0810274019409,317.64391338310423,207.71829484285368,337.414440408459,301.6943426703928,349.0169538418665,311.04655238110644
172.11975173839338,125.29201830190242,198.48652501538788,301.6823663081791,209.09069408689646,442.5766808841771,252.6863752517524,443.536286224003
43.6792933995309,25.41470622883732,80.83356463024633,153.18357628021144,232.32297885367186,344.41213576752364,243.19954945236543,354.855978320415
262.63162991674767,133.0425956914581,421.6958433481071,158.7219278352486,441.34140553112906,170.32137674938022,516.8440270931352,312.02948094808164
167.55557351167948,15.695879236082495,271.84322144474714,114.33815657369927,404.87718939033783,146.18214769190885,438.82008673892494,211.24031735961995
197.5463881049592,82.69379102756162,259.922102980846,160.70546006327615,288.0735450061564,227.1695358977954,394.66369704155073,274.8873489478672
154.03319208323103,24.547765513648603,156.33638702833383,172.6871151543421,170.38553307559172,262.75852319444675,173.85656204851634,293.4038414928342
86.16027887355169,68.03504721221927,146.05592529515823,186.4287267387716,160.7977571885921,263.75362300339594,177.8584146995782,340.3961533135058
219.77152722848257,205.1102180635107,281.32867249516966,205.7410598599324,300.221875995267,216.82836879932267,326.66212705996713,239.86173154829055
95.80109344265315,173.39771895011876,124.39561250058013,188.08506656205674,126.65815356503288,221.6388220715111,139.2290925756544,333.18146380009915
129.96741151314302,141.7821425438882,132.40822393010916,168.45642804695245,160.42723787915702,186.1505010646218,219.2320408550568,319.04769511730393
157.47779131176716,323.6006902839549,181.59902373772238,417.3296332141634,247.2302860407888,420.6026483730865,280.57947177848564,430.52542737673696
280.30425710356496,90.5175033940407,446.12601943108723,115.13479718310782,509.2549600089025,116.47260966958198,512.0990134929469,158.2003158700288
57.06466417967093,235.7448931560219,77.57521662091334,251.74039401509384,141.5738004115241,278.744408515425,151.770315632514,364.12549601707997
27.21456859145865,168.8911214498295,92.23842864816059,262.64256451533555,120.73185404158635,341.4231298184499,210.97345440163886,368.0777494523516
147.15040853207742,194.16986276643266,166.17713990833852,268.9906165381771,249.35524174487455,328.54312488468884,327.30406309762225,336.8160640034664
218.51483979788011,108.17605029627576,227.12611107889404,383.3712731040538,274.0593298941041,392.31524171902765,275.90900359235815,433.5984552839662
38.63327940938892,151.5204122183856,97.28765464288067,286.2815289328775,158.76182377823824,319.01052032652495,159.96682403125115,352.3202540844278
79.12501264820848,75.024607318534,127.07473696667702,143.72606885690314,241.38517809353604,181.08147593973356,299.3619789514353,364.26278118622
359.5113562565351,283.09488256314927,398.2695144971648,289.5561393349519,400.81845958557994,345.77092185793884,419.62386354544753,352.8325635749201
184.9827211001164,142.7149109443208,251.28362959739303,186.65132428668127,263.570344540402,310.31581752669365,289.7368294997702,317.94815235847005
191.84890797490738,46.6080797091526,369.1265471817505,187.89297981945845,376.7938375159101,218.1035540643154,483.2079444077511,222.79940005838253
43.89983504637571,102.3221684857924,155.93411240093462,188.90969197302735,293.13547144991526,239.23997406002147,309.9486926477892,282.3386834756367
181.96081449139356,165.56381708373888,237.25877008417862,197.19545186215638,249.46645207374524,210.31622852729356,251.07432257717275,297.6356121192405
56.11735710183537,172.92563291465885,107.20228962576641,265.02869129893884,236.50099382451023,326.231555544092,256.6599623314039,342.8335293802132
213.71582762159483,112.92317463131769,260.9804537575772,177.15115372404344,274.74832462529145,243.4315628455922,279.5669462077253,270.7043181242476
81.1325660743048,179.2575202421897,93.12416726131597,233.72358585651747,96.15373825034216,253.64279665908035,198.44385145104016,301.8070471022985
123.83871736304862,232.04639788582543,159.54472037771362,264.3925642784566,267.68717140195275,292.09203913872454,327.86631389900793,423.2388229364189
127.55910780115464,138.44375707916439,223.08405398977632,153.15262595221915,279.1619167911721,155.23254001458807,342.90841399837194,355.51835954822485
144.85438097779092,68.76525298052118,179.55549133764697,317.34713744550714,245.94989486801367,346.7178765749688,320.906643023881,397.939084106911
105.7214851425053,119.02525757798907,139.2938014778109,196.50103185941722,193.67968680929417,220.60083451652022,359.59725030933953,374.7392884847244
65.37930046704457,178.99849987854626,186.68672379123075,229.8967261048867,192.5555497858736,321.15582961113955,207.87310245727673,346.92812088956373
105.43155783864083,111.565207016803,132.85756474967337,139.07565649403847,187.08834769193348,227.8392669970533,373.1673596596246,276.85783759887187
140.50118213553841,161.83556700544955,172.309429923412,173.61757356264292,250.57430859913694,307.742062306955,258.9322339201424,314.9241474978779
157.67877651464994,104.49452323833923,210.32814345881954,147.0395243291943,280.7767385378738,207.43713223881946,340.0783843998248,250.3160622827075
140.3025287845164,85.24880659744655,202.43356611048196,106.01504842496676,216.07584940611423,166.507183645973,266.3254269652352,287.7847650080156
422.0528038638416,106.08525440276262,445.17671981658725,205.2439229510457,500.69168850826736,206.2619018867735,512.3882897091704,213.95612577179858
186.0165777888576,152.40939344015865,195.86983907734114,330.5499414933221,235.8554102405837,336.6488200355901,335.09569616635974,348.1972527171931
45.37147686158592,130.23830742341391,251.01405038769434,153.52102304277722,291.58779481880714,187.12818171244547,304.2018470463135,234.03133488553127
321.946911212046,91.1103258542184,324.9828199842303,293.0235343591957,363.1238100700912,348.0702734256557,387.0816039918603,369.6305503590026
104.8153889062519,36.056465641281555,156.8526687210447,123.47949693089319,172.83982977643694,262.2591783179388,402.3057006723037,371.5338559982777
54.35096915753348,67.67734259730287,405.44401616317526,166.24680182998586,477.9974673455155,319.8426682877453,505.836532293132,432.48466433679295
70.4352390570421,69.65877775534062,261.76355695286304,305.6305573859025,325.5595773243979,339.0265223257128,396.99604051824247,373.2529711709101
176.43196813636035,107.09142136181056,291.4592784373192,154.04318694339537,336.59217843037607,185.77254841558107,374.0230742479561,251.4980749605755
168.01689403301893,222.98858217777072,211.2767982110964,265.68950333456036,266.9201507782889,290.00813562510945,324.67794740885506,321.81482374333183
213.2212507934943,239.2863928481758,252.85694552578806,272.591927483355,262.5416401562141,273.2228627833327,332.2746310379761,292.5351178079381
146.19599921148017,139.56920930252002,224.72965815858726,215.56714384245757,226.24057941506064,243.6996613088672,291.4793675694909,301.7467319519583
211.3592579793577,53.6596634239248,270.472520363472,77.76476978833666,336.1428549452868,111.36823777580547,338.7103881522698,118.41557331086918
455.7740705915637,52.88432550542134,506.7876083329861,129.46197935631835,611.7193549412356,218.38426267696644,641.6714689646496,238.34771465003126
31.377276813027606,112.51297490596775,234.25877933043333,243.71221981521802,312.7711233053571,265.94027675178955,377.32144545890367,279.7183101464661
152.86826462256423,118.36432049832914,295.83003901366067,179.40911192900617,339.7736867255516,323.17209342356034,379.78747368306847,324.4277886196677
177.32823297468204,148.29042589647057,265.3451900415619,180.9962774321423,286.4018443752936,233.43646265154732,311.9446921996923,264.3708167393419
182.54223637370475,94.91082991948663,187.58784912601894,187.96494957444028,237.59653718913412,269.7786814177472,274.81914481929806,335.3342127685372
132.03396103553274,145.24682990550852,132.38040582077477,157.0659714023839,182.18180240044055,279.06672792187857,185.85019902359443,341.0186104520081
69.10577967667741,78.47382637024864,96.85870575168991,147.8724549672952,107.89405999628542,222.14020654136317,122.309363965089,319.08875357557656
358.23054941907884,170.10553499092492,401.1066229767876,202.15221678461546,408.83298089284494,298.76744536309303,440.0635213452749,367.01739277731576
173.1446321870357,69.10120264516303,262.65703910604446,169.69256553341293,291.7189852383011,218.62578021395785,344.7490433426683,222.79535547979833
23.222173559316623,27.31202519081392,120.26497328481575,105.01340246755433,231.53568078671728,198.39973143868244,371.40454767715613,234.40082648362016
76.62498895560165,91.13932312903353,142.48114437950622,156.01837892474282,178.86463208158008,189.9845173013764,183.87827654198466,208.82576436963515
109.1082729881044,175.12441805217426,185.3861706512413,178.5661126079083,188.73653107175855,198.5955838338011,350.49144307678625,206.61135590275438
199.6518348637964,197.06608626779436,241.02189698480876,228.0616179699718,458.9381910657258,287.6655326188584,463.2461158328655,333.0214797457364
229.4082535513837,34.81619030205754,330.88377258753223,204.04269105912775,470.83079650036245,241.91879364752734,509.46716447313713,361.18092193324287
119.81970192049124,234.75710532179858,209.9102336312842,235.61247832640544,292.1175430378339,256.02982704607547,298.6777069889878,265.79409270673375
107.69399797336838,147.62770144581103,109.79004015738893,227.9894457238265,238.4517240854961,285.8943381204359,328.959562423886,371.3697541333544
148.77438672554482,209.36449195765914,453.3706296407091,303.4289183085634,506.002415201087,432.7579533921012,538.1997936262902,463.12344368303525
66.74165896554445,224.27538479155152,75.18708432201511,260.5711026955106,81.48747763146477,391.5490444222991,128.6034911554434,397.25375148017685
266.22346097721487,231.7019079384546,283.698590929176,297.341342309567,408.47867534468776,401.4061778383059,425.4829174208865,402.7612814837679
175.5797078610482,104.9869820274176,193.4626466121238,304.9286895432375,218.15572579102405,344.0316792699564,322.21877904733543,478.7899197752319
126.63262601806422,82.23678713632087,139.39898645547353,214.54108099308138,239.6905377637464,217.2097339681702,270.66936683302185,353.1710152265418
102.98743702544664,230.51723062343584,160.89945820201163,275.1957202119351,163.6779469226831,304.6633325728156,217.88583841266055,333.74035348777426
196.46366650466203,106.12094079407495,234.2904848833081,283.49085940060894,259.6110319063826,367.16932300592504,281.38706439349244,388.462009023108
25.89756269804742,197.06608626779436,83.52428948078139,216.96868153455551,224.245254928191,220.73297190858472,224.63676911546625,221.6324041288859
269.13479569929376,193.52341645230027,282.1993582552811,217.0529485097278,336.686976945916,360.8053896407626,343.2959846883076,377.98108127883916
35.273040033490695,127.59516627307303,69.03633356486071,144.5784783561715,77.16255300478484,163.3843031714719,141.9922002624525,169.82654467621663
368.2290753525315,258.23754912379775,439.4559247798601,283.02972412548536,447.6077854211214,381.1072584153083,488.16246365993163,387.3149366210592
217.73124593456367,184.75853592557948,222.68789784621364,276.25074756958804,257.8442165993931,294.93410107776003,272.8770255923553,326.9357405576006
71.4352068076108,21.68751126906598,74.13931275745652,255.59556771406636,153.8328296571738,366.2033351415868,187.8129648105318,372.081038280126
324.07487073640164,144.9055631271056,333.0631549957876,184.75727840685107,337.84733311201893,237.25930578736612,351.5451442807113,301.1971712251365
134.99651110760217,204.74632089307434,237.59653718913412,268.1175463090464,339.55205585617387,291.4852497879994,350.3020055374642,482.10463379029596
86.66262572335853,128.65405655410893,100.21886312250908,264.15890198416685,104.76062146615038,305.9178752490601,143.44995075655498,347.30059180361616
41.15782559459609,70.75034579961685,99.41145359345148,148.10717388482414,146.76646407789613,210.0717196375454,158.98516157727545,248.34700242239325
31.14217907076702,68.74643355699949,123.71649349174278,112.6802239897545,127.13280963452674,222.2449406590098,149.41234116364072,477.3204069862029
421.0463287708862,155.79023665608418,493.27595200845747,230.1842908433139,530.528645347659,246.1343708362805,556.0454018193939,282.43258529075865
57.95904955412638,89.91308022293404,77.43695820997493,158.90730190631226,163.80342712722964,236.93131678127278,277.06750450347886,354.9068133436948
303.18345741372934,119.59189479854118,309.10073231819234,142.63661312351294,339.1929623099029,181.36705405545786,370.45044227795495,222.05902498274367
46.71068103213581,352.193867276627,105.83783573279273,393.43207798007444,126.30507077898676,403.37689287545174,147.38422244215016,423.1699245442918
83.5765830816689,138.3142947774118,174.4427517267563,288.9762818192827,242.02858216805606,423.7441526311405,277.40633402727065,433.04514393144706
123.17874225033601,65.59268256742776,167.28678175597466,250.10964376726395,223.54050776742156,289.26818483112385,238.6837294000721,363.9116614362535
187.36474151651498,16.147011911461927,225.99564004724797,118.21088575460294,237.5981366239895,301.2080549119225,259.1129291565374,384.09233442529813
131.9153991536793,110.1886076648799,202.93924398866307,147.6572045428031,246.44098414387122,216.20506212036267,253.28202763634982,289.5077267322423
282.66043100738705,52.846920809269655,360.75760169958585,158.40630770623764,455.1158511155756,238.2906916884211,464.33920629165436,257.20784651448815
118.97803376458884,161.8363560835783,183.32502186511024,250.69015146894384,264.85829298574674,275.1158595410151,334.5985787087558,366.6365125691097
147.33216528834728,141.14940369565937,163.33391851340235,162.93562647110235,231.53291011054793,231.9421302330234,319.4627397737621,253.73961648901468
197.7947241268305,139.96573455860693,218.78435161315141,226.07748668641136,328.8181317062528,299.5778181294851,331.05402678514474,311.24126510309975
30.16516955067762,142.260679562711,175.7157584802691,164.21883734846972,180.45250415309414,254.11694936585704,248.781363961693,391.2372415630058
125.07477088234171,204.64979831037616,431.970531525599,238.21570696477835,441.4906081273589,246.5540681230174,464.48594444545176,273.6651022529613
221.95506817672697,165.0252781777707,272.2797815839886,169.1021956710771,330.5191957440908,229.5124629810608,341.085140439473,339.0341628029471
163.11035060419292,176.12754953825143,271.4964660433837,203.45854960601352,293.6907765430672,277.8094945123046,335.3812480451912,283.2177163388593
147.00469786909005,193.68603831937008,274.58349905963104,397.0738761747053,300.66878288197074,517.9948888848912,331.62129110117917,617.4401021677369
123.73803212221355,190.7232241195933,203.90482673862016,361.3730947733286,212.38346984297488,461.50258968516493,223.27894331914916,468.64494113942476
98.30812256490185,100.6131327480666,256.8969912341042,240.9418370090885,262.0752097610795,280.7298619787859,284.25414439553845,369.61802431070595
268.57373141263724,81.396078680077,273.6624784457587,159.30703583391775,301.1671730990572,159.661329201237,301.262626803322,194.20569036286
257.5726187049506,167.08353825685947,262.929855796637,265.286473795205,323.7025566475544,310.1393930801987,324.2728723697696,333.750294300009
54.644771177357114,169.4168093919156,82.38455933532849,267.39970150340747,128.00663477637016,320.4208589622103,193.82753569536277,336.20634326437056
53.32875305256664,230.80152896487533,326.5350761533167,447.31181392560086,336.794865301107,543.0502213891122,396.37636865285765,574.6317816989964
152.3233112451885,453.46617316171006,360.6238413124666,496.16126236265563,386.1349783699699,499.0886112276321,467.90659781064477,527.4696109283551
102.94429868403051,54.94299099155723,223.51489128178235,103.31471525441422,383.8682504001354,110.81545575238039,542.63663253331,152.32702079321817
237.4514411407419,266.8343905599641,328.61238555567,377.865415986271,336.7653512869591,402.8215192631118,467.89504976031174,410.65004215790844
79.78906859159068,63.02755245204515,89.9523058395683,164.74132875648,296.5600537920166,232.90711222585617,373.2056971421873,294.99857787609176
168.50797079377136,88.09253581462178,208.93037299334975,114.36432484317504,294.76107616692923,197.24879108664155,298.63883470222316,295.7950611807665
138.00951556498066,222.1381923275556,186.25628434606574,310.25173883960787,216.69405123468644,471.62585138559376,357.44818562840516,613.9987394335606
92.99325720384797,150.52508451495282,99.48135259983376,290.83836918701934,389.3520439530162,355.3773795384591,415.6352875865327,361.26644854735554
234.582288359802,217.56561357252087,248.91142236954946,222.62453034242367,282.9825095259312,368.89470510939,388.7532829236689,384.18858906293275
155.2910662675369,144.65907311079806,160.04744241693493,186.54071035801664,166.4999315210917,245.28161213981207,254.63121508818244,253.65821599772173
138.72007859904937,95.69556202547642,146.78226484185853,96.3635298822037,188.58158586922923,306.50021797393106,256.85737770001566,384.0828079638571
178.1461645637454,131.20407691611794,203.16697661805384,261.9897340195869,238.77819955011907,339.24609107713417,414.80989623979735,350.4824150215277
83.5765830816689,16.713281122779343,160.8137489153093,197.77500762898518,169.24708641862009,208.94904472878355,203.53923083651486,217.1497262919002
155.36792739555273,99.62978797620309,196.95510244927877,118.52652774881709,224.41328177593556,131.39796354713255,291.86938866761346,192.42816172624907
89.20626925485544,226.7730816797656,128.84538636603656,250.7904686365287,308.9776192779395,303.4035745505014,329.62449086868963,304.14653020781714
319.4289291574998,251.57530023464562,328.3409041889396,327.55391836166007,343.64816991662315,335.7833145654157,438.5017451437576,395.5474263545247
38.553756601784194,93.05920563935123,327.08205258611054,94.35930392516272,429.05034449101584,96.04607012186091,475.7848994070722,154.89494740066965
179.9430360680469,172.18411625256562,332.24748530950006,302.74114959485564,347.2188319531187,311.4390901933348,361.46619220008614,409.9325904954064
85.3695261587185,67.46636577381592,115.95886173785799,362.59266304036095,157.3113665089297,374.1822114326724,176.98430831433456,443.3871810308682
217.98579741948726,137.6244162502529,248.1070495705205,213.75657030556684,265.8363529523126,221.31509836765431,321.416524024833,236.2317167684959
131.18168173359336,176.98394058948955,150.16139241847645,180.63591991499052,236.54497915268158,185.53389325882327,342.3630367702832,189.53667132719855
484.7915466010662,289.1379416567059,556.6737646479364,392.1720082722115,566.726181226188,456.9867819810058,590.5363345718101,498.56397726044025
141.84955235201267,247.23973724492546,203.4770422343928,277.1934377494114,235.50720409406557,309.25603718968654,253.95983590369414,344.0593937753392
57.95904955412638,231.7867137747918,130.34455382898938,348.2781669613099,209.785891745132,375.4975371764962,291.0064207432448,396.27659576608806
25.520197771916585,64.7388142164706,239.87655728080298,179.4165325660504,372.04773842703435,200.9794202807736,412.574928336429,229.86485636307125
77.57521662091334,18.911468281960417,106.45435886512104,126.7380584080527,183.6960530843128,228.10572390806686,215.02441356350258,285.48171835335637
274.3469837456481,189.18858953366143,344.25440848970624,303.96522242784283,429.72917793578534,315.3285154169104,431.9546863690618,378.92358226944503
133.62479652325274,244.7288209561995,358.34576033422337,280.24044809208834,402.8974111831281,340.1775848600635,414.6494866625218,340.79034015309173
89.36286964580518,161.60650437818583,113.72022624723951,319.27683838434217,144.0741515753616,395.7925545840275,316.8662032554414,467.70890474851547
101.80421543259868,141.71283214728882,149.99151312782737,232.2988007313818,221.4577955157448,275.5453657522049,251.35024553413007,280.9499285502193
251.1810139322449,93.2413107225729,309.91185534343236,267.6561369525822,315.5520873976431,303.1622914547707,338.34184232663245,327.77706129661567
103.74243564467164,44.33445146808662,146.89474744830613,251.73516848679878,164.4435553914054,290.5396042909353,182.0284202045765,380.658725583708
92.43706763443107,71.49239743500982,319.11471069155795,95.55568493117734,371.59806817757266,255.3294581705996,379.1796208325955,294.49088280627063
44.06413800805054,378.2957772785287,112.60310840865155,469.9355006143194,160.8671025346537,472.4277028319242,217.73089762808544,473.5263036961828
211.03182856300313,80.49871486104318,502.0866989710588,320.28997595524504,534.122863519034,340.1257948793192,539.6710146977977,440.905548482674
101.99532330458877,28.26945348221732,325.8049770884845,151.71374018565962,360.2425608917167,195.5790536879755,369.19295518035807,293.928068184207
21.431761906692063,34.40677341056362,60.68209147434887,181.5064473667255,217.87792583752247,184.51073274533871,280.6664327124793,240.99667465334693
233.77981464667013,95.15080984303405,332.9754497432148,108.27683854739776,335.86296398631976,183.71220201850906,339.2313306208711,206.24240993688954
166.99750691911973,92.14243166500921,210.53167591262624,133.9640194744103,256.1785953381927,134.4624060944762,327.9057373231108,136.92524576738978
64.83176906819072,212.88352322484508,188.58158586922923,254.4285419320231,229.6851990050357,339.6018475397938,237.60428558361355,455.26138781577816
65.12251836134894,259.0238628163141,88.02844811693183,286.96605004031875,224.0880481191814,288.3866377720775,290.9192455802384,324.10465314667016
274.78006598730826,154.62313855027668,295.9956279858109,255.9069778098637,406.30711670091,351.9117387379908,419.7269528197681,371.21572599136033
90.45797464087016,167.25399561744723,347.1562502855423,251.95157891343703,362.91209330284886,304.1099899151861,364.4065090471753,352.2469799234308
88.58747686699795,83.06334746417281,181.2160327645027,157.22026745034043,242.02318051105087,281.0130197883396,243.37532226206866,350.46018046107275
375.72270292488645,137.88883236715796,378.9219688779359,203.58576053101316,434.55406992025,228.26041159807275,562.6697607869673,255.51521144974294
250.19476196890298,75.8602880572252,289.6009097505465,208.4262495192108,292.45076470100287,491.15686033685313,296.92164064722203,511.3726097627996
115.87116605058462,164.2721819231242,124.12007522973249,206.47147283938193,129.36840885159364,271.456085359523,185.40854192597803,301.50502804312066
45.291736955158505,130.2369383162651,276.43509906150194,195.8759784976025,367.48058551034194,214.42900553059408,374.4294838557438,324.2730056184382
179.6229292507004,157.18953369994915,199.34474633632772,187.84128523179868,328.8731828353422,217.9176381831314,451.18992475370413,242.14825288018943
32.026193194379076,114.5799089893869,86.66262572335853,151.7858545565756,125.13322718882131,326.9338272139326,146.25377813815595,409.2787026516983
170.93795753497233,48.93143954934851,186.28279763560698,181.15496634269425,345.6448634190604,197.39353543673084,376.5906132922215,207.23070712679205
183.81620354562457,163.97282023453707,255.81697845976848,302.3017513915137,310.99388136638163,400.84112263678566,325.6220798227553,483.37476894125854
128.561481433251,107.20435644681645,157.67877651464994,285.30682333014346,182.5385904165621,302.577057859028,331.166526423693,302.74114959485564
69.55779645225661,179.30899288575426,156.75755094234466,196.453687164567,278.887381885356,256.2353520169197,303.92972625629574,408.6014686319252
170.4048666324387,328.7596514616182,272.98829458190534,354.98672790575256,335.0154635210825,434.35910580360064,346.07748712411154,471.1251901647952
37.14478364835801,277.7895107656272,84.11059674289842,343.0270749403305,410.0828115144444,343.81155038236693,475.71647653589037,404.0534894345054
138.54779503251117,109.58956634204802,171.47231767820261,254.16711071135717,269.85758633259775,324.05649688083264,348.43589025275406,390.2623080302227
83.74328457400078,53.89629401233874,333.90711527346275,160.6501697593781,459.0713485758444,369.1520797909898,472.61932718174177,399.97823399121353
95.57892483555325,233.9197041149977,151.1863123778534,245.98963288177188,230.5368005282469,262.50453908714445,262.24050069378956,270.7307854256611
67.48627048533116,75.17749752947122,81.91809743973518,88.35126496347156,161.00744721614998,357.33745212061893,197.5809059087575,437.1916913130337
67.16796845415237,104.03575801259619,180.39242306379037,131.498276541636,200.47082883771802,180.36807553242036,237.25877008417862,181.8046578339743
114.54124231571811,116.94924596372088,204.2813374670075,116.96237538929476,210.39726116525705,156.51140123451165,266.2171885446546,233.9811830285699
87.4062938439058,172.6605016170829,90.49009402129064,294.56121525518574,125.79168861298959,328.5469392003421,146.05592529515823,357.7072956249413
85.91297389059872,328.3056289880462,243.09281338640082,380.50325803263564,366.86089046007703,425.8346794708258,519.36854868833,482.0391682492952
33.9362619977325,108.01342014009501,172.41093712820208,131.17140573081113,194.0750288259248,206.13309707639496,243.87083365803113,234.40082648362016
93.84242231865395,159.533073906096,272.28252699852084,409.28455650164375,278.6516728512242,409.73673890478335,317.07926941307477,420.28976803023477
366.8251810089645,275.06852506356455,475.2700317565414,374.7347880525436,528.247322030918,423.06910875146434,535.6345260009784,432.1527583018787
31.35510304326858,112.02317503556509,124.0298754504155,242.83123812371568,251.61335000395437,317.7087868025099,265.9207375105578,465.7080218194957
732.0257128104984,153.15262595221915,740.4995388131282,175.51179799754334,767.2275526453984,242.04451351795993,853.6373571358582,410.5737269395482
129.3755721805994,52.94777057606539,160.6295208286109,55.933174404518205,213.22729412249512,221.0021198710782,216.5001553810245,228.26492683617485
206.72968476847615,99.74505353222058,232.6964973948807,186.29481693956546,285.0844806816807,212.19497908484186,302.68372406492097,241.28273790320668
141.73228886899213,179.40911192900617,172.91259369038286,186.03584968185865,184.199614921549,275.99523454060886,197.14066118845176,290.18698729260285
118.35397129584939,206.10893040493042,194.34762483508987,300.82153943598894,219.0791885354218,401.2901969948865,419.8393183673663,406.89934107534754
79.91510501028328,87.37803305083942,116.991306075761,333.74035348777426,215.29942130783368,353.1272481348007,295.092987758982,407.55520353264126
103.70440318133804,130.97868223420826,175.85179670652377,138.25935470111625,189.23777837587866,352.21779935571277,219.26126480681475,368.6953947440544
42.378596358138694,340.0151662679701,128.7595385255292,361.0535306650195,147.71108799253292,402.9314130674089,293.90158873290596,491.16306260125003
144.14142903187144,72.38591803451118,187.37711361437167,329.0931683952821,192.93954239847338,330.76748527406573,371.85004122946225,341.36007551351446
112.6209234202142,362.9257020480052,150.67406341161657,370.40301142296795,319.25882415647266,371.9658926943819,474.40779842878,483.18968999735216
62.345737897837026,150.2536572298062,156.33638702833383,212.5477501737875,194.3873252521096,247.40795599098732,228.53698213358658,297.6243007632404
111.83410275755949,7.932247444718899,310.4088207231045,102.39518049763679,331.95841104723064,152.2043345018344,370.61846046399853,199.7697108957405
205.76131930914815,255.28611901291043,431.9546863690618,287.38084823198164,488.0353044671872,335.23183872196483,538.2871781765169,336.78338582299756
191.81667930237762,154.57344864489028,206.23060334877147,263.45205163937084,234.35559007493245,290.8654924043106,317.6466349474846,297.03166337954826
144.14142903187144,169.48773541569133,165.2158650659533,183.5199048025167,235.8491057400658,238.9234697910733,292.1990147050248,240.0257167498413
62.66135219581171,83.6980717320632,101.0567647464054,120.61596508184687,123.37773091777413,229.21774262767528,157.53398174397617,234.36417061414647
132.8973894747432,212.13598960878608,169.03753329457695,263.9894325819701,225.47654669492377,345.8053782946062,254.86575573334912,434.4346943685795
71.39222695086382,99.28073365505931,222.5603539468411,196.5847110946242,230.34412537567866,214.88498244832138,256.2683594805157,277.7716982561901
142.25017354169566,111.00069336401477,182.87213079812403,146.33000766064328,220.438284315623,189.40595824156964,224.08204132436924,251.4980749605755
104.63817708521152,110.17070633329509,329.91375321810506,226.69330755600237,418.422125748861,248.6084226856443,433.1003589805055,314.323338607311
95.71966327923288,159.22753301518517,282.3198330252992,208.69198992097165,347.7438333758823,242.63227576585365,351.9500115013885,267.49440164174666
75.2893078331199,130.55037137330223,86.16027887355169,169.7593592451039,200.3898749500943,199.73912247267558,203.2524483445124,264.1446168604867
251.32158860200317,120.25979534599651,285.0041343844332,325.5249955080126,286.08327037211785,330.4575752783307,288.62978045993145,388.2328704507668
138.28945063581205,99.97231107709344,146.76646407789613,146.47926125487163,164.18609946897783,239.70237694660082,187.02140719576647,273.6365529856573
205.50743247949492,197.6657912607337,279.845488118584,235.5493360371414,292.8994106724798,389.61538222953163,396.37861124701203,399.91351385198584
67.48627048533116,261.8873056331953,80.94569067889117,285.4230722518756,128.20539444944725,378.8489137393915,148.38811761625317,382.2000399352638
51.11679507780631,89.76608153087487,125.99979519130628,98.18916675247131,221.00643745616046,141.27603330658394,231.07587586223266,186.9179616619493
130.86811336651346,367.02267863168845,139.49456230586486,388.8984869462894,146.80627045838574,409.4882282192004,175.42878234510346,425.57614636981384
213.52200697984392,89.79669122606431,237.45678366429473,224.5920111252731,264.3771666681546,258.37939236551284,300.6433000694943,284.75876706850204
40.91634978094257,118.31295722765023,49.28724149639881,153.1323418208534,73.46307937757818,177.26773863290265,114.3389955313789,186.31114114663137
127.55910780115464,180.3441278288675,282.0992974211335,294.15554226006367,323.3248600960632,321.575705344332,340.8275141157398,343.0924443635419
72.11761039713211,21.939234969896713,98.54316838657117,196.86185838775248,153.05963517071842,227.4184699260729,204.88784966584475,267.1153606464036
252.28640965588627,235.29426165519908,283.75024992444463,255.44838182743416,288.4618451575115,354.2906115820589,309.40012307528826,427.1917964338969
81.82948724360293,208.719068653698,119.19355598308756,349.79146826659667,145.7404180483964,388.4289279203486,146.00288655332426,460.9340310440187
128.7735853208239,108.29911773278633,258.9322339201424,115.13479718310782,266.0444931640032,180.0168968864169,388.53392424917223,181.08148526544295
83.27547672765543,158.7446908690177,186.14241988192816,179.9660109715191,264.4952872309324,196.18844273343424,288.5492873617795,235.70566011376098
272.4317465704653,52.61721783614912,512.8838456618082,80.13759256355947,536.7784484241031,151.32760395558935,539.8176649143418,156.82747836487243
104.27232962841559,167.95484320487728,117.56785163955148,179.64803134062498,166.40346939009729,225.8683220938754,170.24456913028104,228.0616179699718
108.40752994087335,73.27826785237906,179.92573861182618,226.88774576324207,243.2260509123041,275.2294153463107,250.56013873434694,376.3330853237328
292.69679293262647,60.150816589632974,296.1394627839395,317.2971549316866,315.2257410880304,327.5131283076909,523.2546220941496,332.97389884936877
143.9469449275123,68.54838221261898,186.67744280424654,209.29012964726792,355.5699908525689,214.0117098941228,413.39652246814484,361.02117694914676
200.62945528512523,147.00873638719608,235.6985641324836,241.28273790320668,254.13839108705088,338.39327443121954,257.3404855111154,338.43005355766434
79.17912868149784,52.17088413248831,114.51190499898526,160.48142998478508,216.29025520805922,209.26485357335278,223.19474174727748,267.46299436309374
50.8022198428101,42.95528591961564,187.88497173595604,129.43121050141255,249.0221210363713,224.41233598123733,272.63311972928864,276.3248375513863
35.29314468471352,45.16690378279306,124.6671861160239,162.36686558474406,195.08070250337482,306.84548343826384,195.7160076566418,331.32440692659367
99.52066623889945,35.31127357980109,140.97785353753585,247.08955738972878,145.13419450775044,259.9326078671264,168.31555113701927,276.0114337015484
138.46828299644739,158.39816104573748,198.75303476399776,185.78599155307876,216.62688333794753,215.54323917935943,254.863592119539,229.2866125108993
35.67840924504479,73.01146139101903,212.8118485854911,206.3688617486568,246.1064922420273,225.5362923684934,270.14264034269496,285.5345014838617
116.4870953382403,137.42395434441246,154.44443355243584,244.13845092463558,215.79042454596424,347.1242489612508,303.32289451781475,359.40828570905643
329.91375321810506,58.73884988138762,369.03309550821757,155.36171853490504,376.00398584934777,203.5831483484207,390.58991177121754,268.1070735269515
91.54580952161075,97.94064294080405,239.34737334940084,255.06775855998288,266.06971289430516,290.5396042909353,516.0925503071064,317.5837880421041
70.26515647316245,154.57236874723503,119.1443897424826,187.61529670426643,197.0619841894115,200.15629666302448,303.5689732663278,205.37224406718528
137.97374851482454,183.30275863496524,230.5760023690096,244.47041694906332,280.8003112599043,287.22383551804535,310.90960570190305,304.03820216417455
109.98430456495109,82.54512371468803,142.52410044319024,111.45590355664716,169.54331035018618,258.7500547725353,271.2368304117168,270.8760914793478
162.11467584454758,63.2378577133327,173.79207028964018,117.61417127232718,184.85931246570863,160.08709205008773,206.5978555297749,179.15807527304918
152.10698497455982,174.73500291710417,190.80472365137715,278.93466570824256,218.71143609694812,313.25693654123273,219.54253003705526,318.94328947501293
83.80470840797857,166.14551289354148,209.38554086243613,184.7869477829662,245.53064512306028,217.0522056688333,245.79522988168375,220.25683821281214
322.65768889701235,347.2588742779632,366.9053765214398,375.5366531814904,368.18950387525337,397.9390018641454,413.82859623366454,479.57292458436234
46.001742987711594,88.97256443871153,74.43399834671962,301.1778187003277,192.31038478136117,318.4953140618143,232.11318097526276,371.7098845336543
53.942715924095,101.8970006287658,69.10577967667741,203.02334550432644,99.66286549080277,223.91897743413597,129.0060209129182,272.9193016325462
35.748913670879325,140.7221992568582,115.36539836437585,206.8319635706641,192.49378485660347,220.7104827869305,327.56886310898744,394.30635169979297
174.384760779277,47.969032889318896,191.36821407095454,218.00693465562128,211.65196309393335,256.4111326000254,221.86548107650745,329.8813515769533
52.05264769758771,119.59759402378788,165.5469641393664,188.2044679251536,196.14393196142038,191.98604318264037,211.24196001720765,294.23224203986763
127.90318389767376,85.24609860568796,151.65397179808178,160.49277383685128,153.7016186525294,214.99399523428343,215.02174239265736,256.8229590305298
62.25837998321584,87.5369136105048,158.3277415818388,142.84033938713335,209.47365130790152,198.45435685269715,210.69164603023066,211.9932789695398
204.34855934649167,73.28330456343191,242.57013733406097,136.3086630998783,261.2401622891033,226.51707083824286,294.56895132413325,319.6117741872588
98.59146074378428,34.34179363575198,104.03693962853988,179.50128159301218,153.52565429275015,210.13593454667043,192.2135517245433,231.2584009347215
71.85136767895378,125.39994115022017,73.6397607593752,207.15323062239074,143.93929229898586,264.9204010060149,181.75050545234453,267.72918086425875
102.98743702544664,117.74833231046469,234.65192784666147,170.1262866433838,256.85480616274356,172.74838259321936,272.4005054115707,237.8792947893139
267.1435051314483,184.5309060972642,455.6831700950937,279.49431632332363,493.343400192022,295.593652170072,505.7642660950929,314.9709604690043
37.48836027968617,51.43232209809173,120.61223698262836,88.18318544783858,144.77712094746556,227.25484689831984,184.83540884536768,243.95938968904076
50.298089637895124,214.63959931953923,250.19476196890298,261.3444895997769,271.74810749142404,340.7534615961394,279.7789616592125,424.9005570643998
147.63204417347592,204.5658076948597,283.0963529621583,281.500419414454,318.178759462664,305.50796981219344,349.33676728478014,414.08206540487
98.82940092622627,80.59118150707113,150.06757575381934,207.0108513079396,188.45893985182803,422.3079078482073,405.15291269631484,459.14250214470826
59.48205463315364,137.1101506241317,135.6054399622655,347.6972622030259,201.90327797901784,422.74256851124204,300.2071387238729,423.7204106516637
93.73458518840157,160.96269273471876,104.7421241307161,260.2111227683609,183.04848861672136,268.0015661150551,222.35616376283394,325.5986428723168
77.27369462910184,186.01491789591293,165.9717007210151,188.05770928800095,259.86796996574805,239.51491132243333,314.2822495461647,333.51617626670634
112.519520295181,99.62978797620309,321.00800955509465,119.67785632837371,416.03899863790923,170.51817762187798,449.78873180497334,229.46107696748055
215.46817437098818,178.141601083,258.3549482290913,202.15221678461546,266.10657472627634,316.55618390923405,269.44169607469485,361.58255877095326
212.41571609597563,171.6932641822824,235.8229723717919,178.36441938939834,253.97473649020296,223.00037588368792,345.96477519003304,227.41348961239822
181.41465089853475,96.17083441337456,212.9310057929454,252.76187290467053,277.52554274859943,261.5998367043726,325.93420012364123,376.14732811122093
148.715232495929,147.91505767562177,202.01267255603128,209.75332976493755,223.34196400308605,353.12627083049864,234.8763701977077,380.66922273863497
93.73458518840157,97.0152488716166,115.82837041149759,285.7714770544411,129.29775995752368,289.12609085371184,131.33978189871286,295.6495687394149
124.94142304723115,54.8917527037612,176.304072485035,60.48050927976668,313.4357371566018,115.36004029525502,341.64101240103065,183.5199048025167
33.18203726541665,184.44298442742684,65.12251836134894,210.44267616680077,239.8522934966978,313.25877811276075,282.87781171636834,470.85360652141986
46.001742987711594,133.08280465688526,69.73226648027124,179.4165325660504,231.80736341632146,181.74472536336702,254.941540095761,193.82559964098812
204.26892551896188,137.13651163859524,209.52087635527798,225.2150581765877,224.09039663949886,241.51565621256032,230.37257177075497,276.65538997977535
241.17464595808895,218.1035540643154,310.3006067107543,241.5018884820903,335.60200664659783,327.46330141784523,381.42043286275725,341.8170925560607
104.10454555111221,126.3190317921322,160.81466535126827,192.16372127345312,213.88102451377452,237.93620797893584,279.87314218046356,292.1577600463419
313.1166777569675,133.99103146257403,349.29772608135187,164.30061967829872,375.5921120173483,201.39613180858586,394.66642972635344,222.0955715096408
471.3674244559472,110.7307281772829,476.2364165648986,164.77418544869016,481.2076866924227,262.31885794297597,492.2880651000765,298.1212607014648
42.21769110149904,57.2679545010564,48.23305428867263,129.71113420315737,63.356625087325185,269.89796232262563,130.21994530018438,277.05774550426014
46.218914724306366,324.7271640370393,113.04551222011084,374.1822114326724,151.02900039326033,414.74217443223296,178.7448246162691,482.2304402676864
112.55127037125334,192.01735957330982,126.15349664183843,325.25902650008396,158.97481753271956,348.22520741370766,200.8451344491132,411.0803871897822
97.72286776112414,241.75790552587333,126.00457715983539,261.0130502069606,129.33301785557623,306.8975524778209,178.1540172346199,401.5835981692332
127.3936093940715,63.73171310064151,163.4253599500032,133.70446698865206,266.82791989710034,252.60988030102894,325.7133944798525,303.4763776579724
215.19705459791186,124.47820167096174,278.62995164572067,172.71634431282865,280.9539445551804,258.5256915948246,310.56674057107983,340.09968086616425
162.11467584454758,167.06469359169216,306.9906483830674,277.1708289443386,335.8928571284772,330.7780619119126,345.7798367376631,362.73140340416137
236.8246590568758,297.5220898521834,252.61614904137983,307.5760724376443,266.48683192708916,346.72270344262745,292.7475353533226,419.79427288434573
206.78339664550523,276.49462634526355,245.44006568297092,326.77414611715767,273.0634022980476,452.8647081834199,277.7386454978414,464.04682847497025
44.20213641855353,133.39225627617012,155.0138885086206,213.96799037578344,165.97334041822953,267.76308939941345,175.3021963525777,399.8439700176058
63.24678127274835,135.46811043434096,99.64041090395766,156.2543098563424,110.26356553154265,254.12717706478384,141.66394948263567,303.6382454838703
185.8006031104683,214.56667833597504,300.12870632743363,360.9303637696804,317.0520478069987,382.64625445133817,331.55210591620465,386.2904593578659
24.83840103125369,137.9585867595772,283.07448009293313,209.8506078080118,299.9328007604916,262.27863229160283,400.58739666671613,270.8301456343995
311.20823250710635,46.924142313274025,374.5791532884885,175.12441805217426,382.6261738450548,211.64036341505707,392.36103930791637,220.14090291236346
151.86458070707818,188.03761108187442,156.81526312070466,236.3759310119385,162.09075392175993,266.7710934943372,213.9840081168324,268.58819730353633
126.431229793313,261.8873056331953,173.7889526520466,266.9757792289073,178.1445579121473,330.12110381293945,321.34782283557064,364.07754820961514
30.16516955067762,51.44553171052887,148.39778146379365,156.45329872085372,182.496572286957,205.2108882412137,274.5726382899132,228.72551917036478
189.04391428637035,198.77168480302987,285.57829701192037,256.19906571194963,355.2490897289096,260.50366396991427,368.6145107572763,315.7677569594434
144.28340075597154,196.1742887881377,172.13225844359175,212.32995319255016,282.7241093844909,239.52022588503456,348.0871672171576,271.1149290120632
34.85540227671322,308.01084626805135,179.6823714532093,316.4039732229229,195.43798019498897,357.83745000481844,255.19867195433662,427.37488517521524
143.9820049585147,203.99592727879937,424.7155821653596,231.13099825728116,534.8528372841955,303.20963204767867,538.3032290604214,331.7218809627543
225.2589972553599,173.22232821211705,235.46721105476533,189.56695041406206,260.10411299912676,212.83184898644268,271.2392689695616,286.5310294690879
95.39279892795992,196.93610957925702,145.02866860894648,208.0981772118818,163.67221800327934,238.4072814352105,177.96239245233318,280.4917820087378
204.53540226448652,31.615371477453845,209.0540954210263,156.52045435012752,315.88756743694057,165.79544315218774,319.2305817988852,278.6348448041087
105.96705563696396,105.15284136319615,154.731294808515,290.9563228607146,265.38247072254694,297.4897339180238,346.39498875623906,408.3230619114627
123.31607704867264,276.2726836671416,123.94486108714554,311.34032826429984,163.81020874299415,319.5557122388333,200.68182764908678,329.5541428628664
112.35207591504705,218.5832415678704,174.19756419636693,227.00807334477582,239.50710748191173,336.0872044252676,241.16105608315672,341.18182515267955
40.953210096116656,170.67411071324014,272.59672411010365,205.91584663380942,323.6138820146204,259.3726671629135,399.23784240407065,279.03654170160684
187.16433578126492,56.27100597809046,225.6598290048363,57.426124814400545,317.8650815551721,212.00723782755924,328.9697739247903,278.9221433922117
82.58286386836198,161.57141822290177,102.29085800653965,227.5528608750581,165.32991580290815,231.62488366480767,204.31821804326643,372.52783230781245
94.58262988527521,227.96010303201643,307.105228351012,248.23618738369908,437.64757126653865,253.17511478593227,445.6215095031505,302.93061217142514
88.17981088893536,117.4472314444913,118.99200973199348,223.08908312888468,159.65091415056526,268.2593989315543,233.3752923086307,316.52783100363837
299.287093988923,104.88610532894883,343.94941634956876,178.44208064107636,427.2052781317795,266.85895229893646,464.23627275794524,292.35950155033976
182.00048493727874,113.32651383412933,205.90721697965458,158.69334146922552,257.5492920518982,256.3637001632621,288.3628032242206,260.6350499566892
111.52516719085133,73.37397576016309,111.98496997888006,75.48309766118189,160.22307009333932,231.18905606977955,248.31904365282145,242.64036896678766
196.89689126102186,248.07117493512948,273.68143304643496,538.3299847816663,346.35685705205384,542.8874424931093,364.65531083519187,644.6039127994961
249.3859449912881,371.90533835432126,254.88370101863882,413.5232710295113,289.7368294997702,428.63383855494226,325.16679905640365,435.86393521655265
102.63674528604001,106.90955425777118,139.06559218909808,151.7664611837629,199.2518141228289,229.63342960249392,281.78967167588206,268.1944261115866
135.9439232659389,129.3126043539939,178.13062135649014,212.00723782755924,178.1540172346199,261.48137345543626,179.01370974222513,261.8527736833933
54.97393788551826,158.17712275824758,300.5774457692562,238.6270717721142,394.86119643391413,313.9619694211661,435.08071898803996,322.3315378000946
267.03332822673445,127.76822908968722,298.2099091163397,134.35678178458224,388.83599697341265,324.4934735564246,425.20749967074306,418.923785382339
123.30426932033893,194.22193703677175,171.10231555159842,343.1358046350405,220.90504519642172,427.83915353081966,246.20322537432287,459.9605137825171
148.5623451094552,182.01445767092804,224.09539743499064,254.0736750575015,354.30684631121,351.24916574204485,448.84521809784803,361.994395394132
240.13928017999305,128.2529251537845,263.483059918636,250.99763221508044,328.4606426066882,263.87022804943183,349.26805574566646,296.96237682526834
240.8278058834794,82.5333043290254,304.6731928757461,108.83842916406994,305.2495934048181,163.84031688714248,308.3641467462336,286.74525022485574
128.0368455640522,122.21257725506582,130.86811336651346,226.1339622768524,238.38228215796997,310.4579974771625,243.11997645018923,317.96371035172484
123.01694972361727,79.02314528927239,141.25878663462186,318.3261653907092,229.3943257103745,415.74176725046743,261.9048024137868,500.0480645800694
204.25239764416287,165.0657407074923,231.0053857847212,174.94829117307907,232.47865125642704,219.8660538097127,296.8664848978386,315.7966023688981
56.203228610843276,214.66914656175624,61.17629086809255,314.5349606852766,112.73996825758067,397.0738761747053,225.2589972553599,438.85116085072684
67.01938655130422,258.75486162066915,196.03834000005662,305.41016894712277,307.286124287083,316.6757428969909,336.30721834356814,323.0228217414587
103.12192925972339,107.77510417067876,117.27107261507489,153.5135998208808,188.60955162382717,159.86041450257204,258.05967498367505,169.70478196890113
66.76466368780962,137.72781205873875,82.24745943696857,266.1702097601039,109.16360125300253,285.5345014838617,117.05638885522885,319.63461371874627
156.95323932783833,275.1085886474095,188.6259638961222,291.3355007895806,226.10302717036882,384.06678331432073,255.46482225976678,389.0195226667231
164.1105856504566,125.59745841028284,212.81297337762146,151.38763678416032,245.52589111625613,361.45013196306206,262.6265841316679,373.80619357454555
252.43434707941523,192.39964557779757,263.2032964128822,227.04413130661646,413.0513385231901,250.73714037526645,493.4000734534067,342.94793491069487
51.72799467898341,218.00071779882686,113.72584098153547,234.21639140677712,127.27628704905233,264.3901406909559,150.7699170930482,286.7986461999338
157.91729545492487,162.25972431553853,172.21311105289834,194.107557528305,285.3311942236357,220.26291536159522,444.42703451680165,220.84420881662862
82.49025937044357,193.4656165075211,249.38832277235286,319.94501670543656,262.65703910604446,330.29508970894256,468.3479926992683,382.5797437338599
89.25163743119248,279.37162770959895,196.55157364613294,305.3911286075876,206.48638325132114,355.16005825840404,213.31232845919354,477.96584271525126
38.615126071686866,285.92479668049685,90.49009402129064,296.1459400067008,160.45727701055546,341.02200871368944,185.87368212234045,375.5793123711904
88.65444925019153,166.38650746495617,155.48951309288395,180.63591991499052,336.4118900716828,298.7428210458658,362.5342662050376,300.6624939896581
302.3891902204581,187.30901333659864,308.5073112300414,256.8229590305298,328.8412523945122,314.4807531878729,400.52328000915264,353.5464113675959
226.2668421905233,19.975937799564132,227.46183072512477,84.05843761115706,352.4564783150947,203.9164032548623,371.34496250417226,262.2260137936504
87.71653609687455,166.87937185349813,166.533493377754,209.26485357335278,214.62523877533565,273.12451267719143,251.78323200657468,273.4477245661614
148.02489071569664,150.93446099185383,163.53317376079818,157.53667181895506,184.79938098722351,173.95110124443292,202.53556929577786,181.64322536555215
129.3146493811533,136.47046703559496,333.766205086183,167.7217466189263,334.20778993359255,236.68276855868794,486.0567404893922,257.27836812193544
134.12418621707374,81.40087879321251,187.90673561845,333.3872042497238,229.988251745294,388.04957375681664,242.7185471010251,392.5519263463784
55.02165823988437,174.4024940115379,173.7889526520466,201.35836288580464,225.36831361481197,240.89099112728158,277.387704575029,335.3770122604341
269.64275873907735,215.16936482415338,310.21362622859345,254.8553649557685,361.2925419311716,272.81110257300895,376.43723133457144,273.0385557799567
187.22135726389737,159.52137391889272,399.3098911076882,254.7847689770711,468.0389072996536,289.9017027378373,489.4775647665803,291.65851485529237
161.73569934077463,143.4863498240626,162.27844359563247,205.99555865459524,221.23743401130167,254.5759623417846,224.2105134421637,333.3872042497238
184.77290464903763,13.885706066292125,682.6622895547092,98.41223897492289,740.7350710131226,172.11251897614804,761.8378143527295,255.08482929843922
188.04742158804504,89.63465425299032,241.37140037076787,186.24320821641723,282.4668431297127,229.64517519451684,387.84712460103714,384.5962423983631
224.67063528219126,169.58222305352655,260.7402065973437,234.62168139161122,281.38557370720343,255.87815290601137,365.31583129985154,353.86172449139167
51.74793727353917,82.35339267920118,138.86483476829585,237.21739555367515,150.26403770020534,247.81169146214873,219.08290696296095,253.0095507625228
38.17612486924059,71.6351198302456,99.90072166356579,209.8964849721679,108.04105409360079,220.6718930468306,198.5041555799983,240.30057910915883
83.88378593023134,1.576201581948285,148.8104164944708,184.86505277541875,198.40783631038516,218.3615405708547,238.9020166725798,284.7630698627668
187.04447244192568,62.538716246650395,214.30826294387762,175.65955521511688,214.639142067625,220.84420881662862,233.46654434559085,276.16316771668903
50.07248622352445,242.69520526502149,242.12446274718113,249.2997222948285,262.4700303061111,253.42224672147105,316.8638224343999,263.2312343085605
204.55481689529495,66.72484381184985,289.0659725951582,246.56561123836852,335.45878598651694,278.0008901059335,359.7812914704395,301.4239899805609
201.88129411541829,107.3887365838905,236.35323558568504,342.8009768836644,264.4261135274394,381.0416769766756,319.5981212662584,442.207156567825
270.94245913841263,172.6855833868278,277.5648791877645,229.39840262716143,299.02946885935853,323.5124155181356,390.67237368211397,336.2382625119022
66.56373271311716,44.65116773225596,71.7432337777868,138.64290058289518,91.05553718398768,161.22433777297502,100.79207487975468,189.23258314336854
220.41273555290368,270.3010877852108,254.56225008049248,277.1386791599044,292.1805393574484,416.1412030312214,313.65557342173497,455.38394466530974
177.10392341743054,176.17500692164086,179.12572272080757,187.23990158045285,252.85405280714434,211.80195491006157,282.74744438890787,219.10279747063842
172.2539913829586,157.34230572582294,186.77165770522925,194.31457676685855,188.83992783208063,266.47646841121906,246.57436070387956,267.2521353650067
56.4282417580286,240.71958965576175,189.9086069788467,297.07898506433656,256.19006440567836,341.31718575860486,288.43729568754975,370.08658728044196
228.98122215899747,235.1861493063813,298.8765008530352,307.31198272193626,380.5791720937767,318.43517411367196,445.07993280599214,358.04559642677026
72.98606115665399,65.07987315417802,200.40454125399276,212.13598960878608,255.81697845976848,352.05272505137395,311.6846833187685,369.65822874590316
26.161101668015508,143.53186790031717,322.1009613274736,217.8562205939873,412.9624002364703,230.2092875487228,550.8588620802158,247.08955738972878
210.96324985725468,274.7110597351173,256.4129486515687,402.7063965486945,291.0403178353487,420.1775654271067,381.79355299634386,487.544088935214
117.46477386220916,183.10707533347335,181.50646576104631,289.1872003282346,203.02462456599298,375.0198640648,209.06934165542307,388.8102972096158
130.0672353012166,51.898923127302496,186.917451065271,123.85119501769537,235.86974107443012,370.9247748575543,369.9268522017534,392.54154111491056
230.0600764510971,49.01351491886486,233.39012855905813,128.57382434957762,271.45814755518137,138.4945700156626,360.32325995814176,305.7778682892255
300.5180266881914,74.82667961977192,433.85597836783984,143.62589765568111,488.30280700838523,167.5105249470094,508.6229283156463,250.31337931773894
193.14184657679695,92.62424793874399,215.09194776946165,124.705756608826,217.4177432651387,149.95376735987494,343.8251961213955,160.2177999682072
283.1506934485537,53.91085702464191,315.778786608002,335.2332709037264,342.5808170811802,400.9703795741083,392.7024960060458,445.1176350724076
46.346806123577124,105.07259478902287,104.79533828493831,113.0997128860059,113.15779431330286,373.6636021782309,169.1013043437423,395.63750959585036
162.7568033349688,15.695879236082495,206.26948560051736,103.61581828103476,235.221934022085,144.34433253555176,303.3781979775013,220.7992591851662
260.5212098368858,73.37397576016309,278.6788435852777,143.7964392201226,304.9096752322348,253.28042518630232,357.7887438045768,259.2154729331748
254.87931399642227,201.00053578503585,333.80088811519715,274.18424339085004,338.3342322160769,387.54290703658444,365.5587020499612,406.2431070469369
232.0802534762489,100.25607002256088,327.1658921359183,210.82641916259394,347.28555645169325,225.4585246997932,355.27010914734365,330.12475438842586
108.256717216362,256.31712358080557,154.4680083815354,294.65652506363676,158.87811077666555,353.68382735436103,219.59596667321162,536.7661821062169
42.2246177950692,167.04555807929898,124.70848251565724,264.44021696666687,137.65693635685233,303.67012876611454,187.73014107731328,349.88982492286954
138.10045825389483,74.8514646208134,180.2121749911392,132.20152792042865,276.3061800117328,302.94631420403965,290.30511519635485,307.58731832785764
74.2639675650954,153.50848651490608,77.77423878920821,210.8495391322906,82.6466175352248,260.1553122183729,171.90716754516652,307.51811538614635
97.82618064838157,262.64256451533555,144.40051301089767,304.7739840959342,195.12096020029745,325.41343422609566,324.5418051233182,328.3321899776228
30.507814567010403,86.5291486473431,30.63762365488885,138.75027344685964,206.2156502833782,152.7107930257417,252.61614904137983,187.0624567300501
108.52862927349614,247.84310869896603,135.5806504921987,259.64233853388464,164.52116776607403,300.5257589922948,250.2565334391587,329.7089638695387
53.59798208014946,164.01376852943426,81.99406029930664,245.28161213981207,208.25223636000518,249.22380717837987,231.62767079856658,265.27712324100924
97.94181880275244,129.79682240866322,99.86258425836797,136.59414478128159,167.27160117232594,154.3675253347843,197.47186711771909,178.034370473516
295.80134901632147,168.93241765581922,329.8367136705865,208.23321118522318,336.1945613862139,256.5666401944252,370.9398483035304,302.6107434081676
190.50449930732924,99.59947631880688,251.52601248834569,223.47073798292848,271.85082572241953,243.98038312793636,275.2703907085845,245.52379565439136
96.17362623139809,33.53591062311602,180.86283042338658,200.91264428134912,203.09451220107127,221.97274110006822,234.1903998480565,228.28943429668655
85.20051855017985,125.74297147186144,180.19280798086623,140.353084781129,184.0633348929408,199.52034191999505,370.85179583966993,261.288254980787
201.4335978635677,219.4090133325728,257.32123546236915,245.09152534379504,288.49678355938266,265.9646228536722,323.7562328481987,273.23993034824525
171.72473298808757,78.01678345982947,234.81555302401844,105.2643149477276,270.87414849633893,122.81900884673132,420.34725996287375,279.37351577856276
25.281835813195332,89.74937126123363,39.53650804677323,135.46400344354973,118.94656214080808,151.54792767614543,232.00903592586548,208.3549742357432
291.0322415780612,163.50430155977557,320.3897049853287,276.27784986245143,351.05112521317375,412.6632117057049,351.4610216151718,518.6839060463271
227.20263347015768,63.16737184984682,472.2707909243651,114.5786607035307,510.50791780691236,189.59811497036642,523.9655293377668,339.54636517789055
30.08104073053599,353.2512040840016,110.86588540014908,365.180669452109,170.23078333143974,390.9068865136407,215.2309144286405,393.7609340439413
84.25955412821716,316.55618390923405,428.0920970038384,327.839645383137,442.3518158231188,328.9947123351154,493.7421941821365,518.6793571906074
225.18700618236682,191.559351394093,231.86394388575792,294.5801524686129,253.09158617417387,307.50819201925185,286.4018443752936,355.6272646764995
45.119842573752614,138.61224487364782,150.9140733494651,287.8625163662193,242.09936495695572,307.9858126307871,343.93043213740026,308.39120024886444
233.60734799493815,143.39168578176523,258.4721047384912,179.31576514029817,302.60648760067073,325.3965109429021,310.1693188754572,359.2516575523548
375.05000904366784,30.170561793040928,452.47000372519665,179.89035284993562,466.64691268768496,189.7934408148888,466.9466871258353,258.1195176235753
32.93091019219537,118.1478777806379,101.49073515692672,239.52022588503456,195.752188112697,249.7375396733455,239.0012229549186,329.4771723826234
139.13342419844034,191.5911445177066,150.48663612284182,304.7558025748689,229.14339208503046,327.11243849306305,266.5960815644165,370.7391719085751
136.32904872305798,150.78046031167364,137.81973492262566,209.0317455477121,139.91166694659708,246.82887856422113,155.99045566358814,290.93290161780476
53.942715924095,81.60564474108189,81.5087024774574,201.24498338367303,105.97679946091719,235.10822263107323,107.89405999628542,242.30054011859917
161.50479917812328,35.3051356737848,291.0403178353487,63.67230209831179,291.08025463818564,127.89622613388977,297.2600140386683,172.81763094503165
71.73480899401456,168.2350710077394,97.9606133697706,248.06514980748946,102.99512398839302,249.85215420064907,108.13567163235533,281.67336593044274
122.52909630100577,192.5455933739262,131.01277003898315,232.66489024512813,244.04962625998974,251.13614355317884,256.3737974447357,302.841725795091
323.3288832445417,92.7519205908506,405.1834754649535,220.3778782156923,425.6652475177218,224.00841888132825,472.58125352899305,259.792607638961
125.72639206386442,158.29519421040723,185.20938958610182,218.12394597035103,242.58951904363306,266.7942293300056,262.2519330560587,267.0617895926297
160.1519875613201,92.9191188790401,164.85141888660587,141.16772409623303,175.57254640238503,155.0926612276831,198.6788850875835,214.41657371379236
183.0391191911445,112.12127980816145,253.21761399211138,163.59456408982237,261.83069806421275,178.84072392048193,305.94182043014587,266.01662949767257
131.01277003898315,46.63388811392597,179.61180279919506,86.06231442275798,219.7381810658202,270.40066022279,231.9543965223405,331.3491389156015
157.28100700412526,207.75863142599738,274.6976820638112,225.32566229944686,282.4396338475771,302.9120486897403,384.07486736453365,328.08475922642657
163.17004285396536,147.32054629804207,229.4207629097875,150.8203076089365,261.45377521549324,200.16557317940573,321.38677469922783,260.41611010730935
100.33593979828073,170.55871019415645,103.69700136084762,220.27836610977008,110.64653156638877,248.71981461244306,175.47755560605435,328.5785687630918
354.57676973090867,140.89259855023894,433.85597836783984,307.7800816431177,448.47396816307173,327.85103606745804,564.2640795852403,337.6398438458968
35.475958112158395,146.4581580684502,48.43130757575296,180.66134960926806,271.6137216340464,202.8111628319738,301.7074430020181,286.94471605991276
167.55557351167948,105.43012044936819,252.5308311740519,195.01245488098192,271.8429068818796,218.47370466735202,357.4747918703495,253.4547165868284
80.34196082858358,108.95820612332753,142.31261127713037,117.10975013547912,148.87880392298285,203.9048444035596,198.49736302630177,247.41473496977602
79.88989922807295,188.58574482912135,166.46815014681016,329.42644038271357,176.4530513559134,371.1139053024248,198.68342211983907,373.81282592077685
108.29588924159322,144.96841296875866,224.93401677454116,232.06940296920973,227.88365724661,235.46017521148772,274.1200078785563,240.13704497681837
443.300086895633,131.0795436221859,515.4284728298308,175.6602885679472,522.8743391806485,200.10733443985967,538.755206982944,230.95947705835601
129.15223822811447,68.60053302007131,255.5524517591224,87.32774149103733,289.54491861802614,110.55094728783594,388.0246826053384,283.483705861689
87.30924416274978,194.81910042984376,137.02346097252754,244.47041694906332,165.32991580290815,248.10148513129948,177.3358518477877,281.97866410530776
182.59980395405933,16.991445009531773,356.1167919721202,135.75662461474965,459.091241446774,203.49794275705287,476.114218025137,258.99878797519705
93.57096399668717,94.96766668769524,112.07726187193083,369.6025016778573,310.2398366165484,427.723969101594,325.3556203700984,457.6656488359505
252.6855214138199,437.26516739482986,297.85394949060844,448.61392737325207,338.14071979334625,482.7129390139407,361.07378842382656,531.1438291810558
144.0346748367421,164.47870713437376,176.13055414505206,264.44021696666687,213.31232845919354,346.0835632680568,289.1768070142854,348.22520741370766
275.0805769056532,191.6830558481385,276.7848144969854,207.43713223881946,439.0540201045135,293.0909689274376,453.3187576435606,311.9196244053485
139.68265364839027,103.9531633557655,204.1638808467212,312.537779487064,233.8265124541768,339.4221013177654,255.58797185173896,369.1084207105068
333.1285873718267,253.65821599772173,388.14810220092306,255.92198342721576,392.889955434383,265.27712324100924,466.23395411608743,286.5738314080154
222.46776792980071,85.18559475404305,256.16772768559025,156.88044458901396,321.8298822802249,177.6570881808685,342.27074793050605,228.10572390806686
259.9752867751083,158.17404445744396,327.390912807866,161.43876650294652,466.1887256999965,184.36303699153706,481.716891490338,237.01184478360156
80.90866122562959,181.67837541962462,222.30618518289987,183.25993410408856,251.53135253779743,248.94263279449362,357.7887438045768,322.43917765879445
53.71584767471905,9.826897431879393,73.2850709038359,166.75547798187395,122.06838958002577,166.9248370265494,174.384760779277,334.1796153318296
29.733242742972052,39.07524710912468,59.13979972121376,233.47483777768477,135.32701749822593,242.95527708725746,176.6439689376935,279.6228811998709
196.36398772231922,212.02995796853259,273.62640058968077,274.707803402518,285.3991678088671,282.9591064396884,299.59561752172937,289.41906660145935
95.80675108024737,128.9961432958242,99.52066623889945,150.16787520861638,116.21072670432014,267.0077820019148,165.76110309489673,376.9271475990592
75.74036932606973,102.17571581004592,251.43663475674964,150.4110758368589,252.4112087068315,241.97833644540316,298.00436187263244,331.97745321121045
68.07454100765597,238.66113550176064,256.9950207414803,317.0214383832269,343.06099211728383,323.0097296817772,362.5342662050376,380.04372524109544
310.33826783321155,174.7267068297896,377.28280943241,185.36692084020734,458.62764330274706,256.49248818748123,481.1869640553947,315.6945100751238
245.9329982895001,50.99370592157369,267.4775348131998,184.67031907826262,294.56895132413325,231.26423092103488,328.2406742341745,232.7992131972694
273.5757377666597,165.9695787001601,333.77798101109386,304.34725775486453,361.0681677342431,318.96403574533485,391.03414221990556,321.98036979520043
86.98467454079069,49.16839240613474,179.19495392292083,155.51137992627233,265.37994304295466,176.4573230481864,267.97964375659444,229.51989771471054
250.74011168331623,79.23610864996695,285.5638520407074,314.31420562089426,319.2558648268236,362.8947989972152,337.07233696825335,377.2073552142832
117.35856405408977,142.77220121591475,463.3617962844832,143.03960031896904,479.0240095550643,155.21153115387895,490.7461854236307,289.41906660145935
197.33603628331022,120.19706383199794,289.3871611601759,331.4506999640787,290.96858917161285,422.8529946986188,358.7801656771153,427.0667256716234
170.7306092761476,84.61708534433525,294.0968042501179,437.1867550968069,314.2646185133716,439.9858459767875,382.6574817200098,470.2841671787413
121.50858515490381,297.802044227141,226.8324089938949,373.18168517127793,442.65503045285294,425.76955823098933,530.661758635088,469.53408820530007
79.5227825505234,207.72321689590297,116.25446995243891,313.2891980194921,149.08383514620184,426.4182913594375,229.90573133593242,437.6379925462498
43.36206724379062,91.38323481779678,139.32863900644227,148.89583296605647,150.7144384484898,180.84386391318026,261.829858075579,211.68808378368587
110.79098340960086,136.90112325077533,211.84131053901135,178.28170180167632,305.56018506580756,261.67473154818515,368.062586799914,291.325702221567
196.47011419969388,112.90267787679716,335.91335971732474,142.77916092994843,370.76887163267367,152.77303034326866,376.7845714173746,175.58374164547078
247.31113624977863,139.5097338585754,299.0484377667178,303.09364978974133,358.72986123469303,326.49648774516646,372.4310965530331,388.1085945390207
293.9421748850417,92.32237682146638,327.13232443462914,233.43646265154732,352.19556778679026,248.76063021085164,406.1912014288863,294.6942271994711
182.34691760968167,163.0886038209371,274.38082565198414,291.5252525145717,287.4077078926699,483.92304577873637,479.5698637187177,505.56477086527667
129.87313866263898,66.30047204724183,229.22149803551036,212.88352322484508,263.21858372983826,338.9246458426098,278.6516728512242,413.38580861880723
150.81351401802684,169.7397111396693,189.1575378633979,183.08220525921354,205.50783127926783,261.8151978700166,280.9889397484614,279.82049632505164
46.990999811881565,149.94491048937473,47.292850848594846,300.548741877629,141.24248675947698,334.5314964595909,144.64173319656862,411.4867210302161
287.23432998915524,83.48068355864332,352.25092921104243,137.55859410796347,368.0546717271014,178.02913487070617,441.49640205876034,214.52465703753157
114.96154534927535,84.36622825019306,142.94090194468936,198.09897162022168,188.31860429809916,235.73788603652974,188.64194357949694,244.76086811648497
282.08751556888706,140.1870114020984,287.3858356247146,158.07285476330918,363.5713918863738,216.52685374291792,366.7639622384898,223.92123656593765
233.67556770163375,187.47507100519604,253.3468085557969,283.2789131291228,254.18115493762116,298.83324863123903,269.4935821901328,299.7145170287852
42.937792640014514,137.15149726746972,264.39090692617896,178.81474534183596,270.1776458388513,236.46551516012633,311.8997807857567,375.0067800042807
37.091141373716376,131.37284292408353,44.81160011715569,185.23742243874477,146.35174317746942,203.61313282572203,209.08308420474043,206.3604450066831
120.64033045061838,122.21257725506582,149.37677630573458,210.98574867369916,250.03965045088574,230.6431313333664,272.82041099166133,235.7668153790294
148.879528559221,98.64404094463025,160.87752309315093,202.5742317452145,230.4929418258548,320.5696923393224,273.21515912744894,325.4960643899658
28.938638944917283,83.21293839009347,253.90817451688676,533.5771124402693,450.3364319368814,563.9796071778942,547.559202830778,568.8885422033479
77.27369462910184,160.21221483482492,130.61032194776723,191.3268929350133,272.6295049687624,232.48036231147486,376.588575016698,258.39069675144833
58.05205732780967,255.11559687369814,109.61466903556072,314.76364380482266,110.5608723417736,321.2774693678789,129.6355078899559,351.14989475795574
169.52851037461974,156.10456213305474,190.58050518674168,215.08629120467432,247.55392269465307,218.5019836457281,267.6807455295581,236.24645715987302
65.21746676615264,172.32885075689575,323.0340769514547,350.52088256405796,406.54564051124305,352.2841943118025,426.6220924427671,388.2169659858157
266.3034829887213,90.30926825500987,287.31881447587557,134.1027359758525,419.8406561285985,230.74274066347945,477.2067002417756,244.38932152631835
64.7230134537058,114.89413902789435,97.15620605381763,148.3097706413118,99.66208849027063,399.76988590387117,139.3932875188817,409.97483666320244
178.31819945878664,78.6323298470888,187.66366654984714,228.25024926710955,210.14814724589897,392.07173544068377,384.09677746868175,398.0937102516143
42.7682269599144,264.73807064833807,64.85397306370051,315.42668508138445,118.7508205357089,350.2633564259781,140.8129507043375,438.49059757631426
240.7493737468316,113.32672249655808,253.73677814602067,167.2148905407154,289.8307200457926,271.6394965487596,376.5506337725989,329.31917221307106
211.04821601053237,162.52754944241983,283.5139843567509,175.58006043503462,392.62661384787737,270.15002312952186,435.08016840769983,312.1824833649604
163.4253599500032,53.02261712187359,175.83197946756508,139.37207675441726,228.77102626703964,269.84370223467914,350.2838547466907,325.81984629007724
148.71727965119294,67.18515163909925,181.8019472115731,303.57538095532334,299.32781378259597,308.69889683299954,381.979453089977,350.4470789579355
349.26805574566646,55.642243058021975,370.1436502857393,172.41332330679143,371.9456152480755,208.73231648382477,387.03531162216694,369.51576163703487
17.953960212340956,145.59362612215259,161.1176305482914,175.2809785720769,192.30505997399217,297.5448530866023,275.4288165649135,318.8326901090554
43.3145073736383,190.1318071929631,123.65194703949128,278.94311972025224,237.14860506630959,301.6943426703928,374.7020333701915,324.3062288907318
270.7129136516204,255.34950672943864,278.49889118521185,274.12621701838475,316.5726752267426,308.7221517979423,364.258973104495,386.6995713603977
72.1716239476659,104.3215041273442,424.0853447166534,311.64365973348924,443.09226489836817,349.8390661184495,490.12176625155126,356.8683485970784
65.03770566751648,234.10917830629586,73.6397607593752,456.88070018650757,136.40128312781107,492.5684505170298,176.1554629448246,501.35976925024784
268.6798062091435,159.77554552947367,319.03797823098563,243.10465557633356,368.2290753525315,326.0396053690042,398.05518830621594,426.1783970075042
117.70993695378749,52.28237167880818,208.71364505797374,76.44633304902788,299.62667183709704,234.03263859816303,367.82069424225136,296.87606834431654
110.39705474989896,120.09590771845183,233.53505863128996,287.09973583032814,268.75070233075917,328.3554262408267,341.0593212605617,344.18955761597164
100.68204466930136,90.65796627414885,263.0033464988709,103.17186488295734,387.5172629866911,263.13398022036296,470.4069423071103,287.5071876893288
127.01902492201349,80.23020008176329,201.41670214062418,126.72635307418851,259.0688204253533,259.6767928049639,294.0968042501179,262.69923196445694
118.89702308342596,98.74124810492067,171.90460437755445,173.40051653245754,312.007569386759,249.38255117684454,329.25192057729976,302.83904827668204
17.428515780627478,310.99426713980745,163.3536031622862,340.7534615961394,196.9003158673011,405.56957414895487,280.83868215728324,452.1079636503027
76.10828485941744,94.45715253969665,351.00775458782834,96.88470303081328,435.5208635211308,193.12100106994353,436.1184536267242,234.38270078177857
521.6635200892646,277.8272770641694,547.559202830778,324.4633818355422,571.4801883752853,338.8692860308544,710.7839722777047,354.06181729340454
36.088214989259406,112.10900671810572,55.14225266121531,148.7185419416678,77.33917819464997,193.46655567823996,148.92193592436163,219.44707360108163
69.26142537573098,149.44779334554764,75.38034786471263,158.5046394141653,159.05309181223865,342.2620780091685,252.30414752750758,362.5368495498462
174.85008234262094,147.57156423560116,185.43786175761343,175.43409583525062,220.7635083819543,190.57627911927585,247.03076788497103,197.48873027029953
114.70720102540623,228.15474151519598,123.7552098122269,237.06844542041338,171.65516159156246,334.95983311053493,212.75499029537417,352.5107760050062
110.61666903085148,219.1395063114198,261.1129315130521,301.197329771921,268.62295554653764,310.0157536231355,269.36665789359824,323.8385919216245
207.59571651914052,212.7449536393128,362.86743625725035,224.7142677358318,450.0224760458246,237.32852540627243,463.61384470486314,282.7651753664403
235.86974107443012,118.55367662463598,263.97970517595485,246.6523287520222,375.5647789214664,321.6286173191446,413.45336526808376,367.57462750715797
84.2742944779141,55.306417299823835,112.73996825758067,83.03925362585183,173.6417041719416,150.93446099185383,260.10411299912676,232.95531912541855
78.37108799411712,188.02232391947666,211.6979874143022,309.8070900882936,218.870600047548,324.3294292918172,249.71826671141605,355.8804678522121
31.824085581959757,54.07113847038719,90.95644712533175,137.9054768287239,233.39012855905813,159.99351807944964,287.94885831630666,162.59928679094023
133.86927888538395,281.17328523590567,191.6164135687424,286.26555645117,196.91043806397425,392.1298506927724,203.64716649186195,475.2634896678343
91.47564693755469,186.78331573777785,345.15316249137123,341.42175704155085,404.6966314394528,355.0110000917692,474.93009444487706,359.72919577004694
146.86777851739166,362.6068614029183,410.13249564474296,363.34546316533164,432.825204291864,406.5649364232331,474.5859156195487,412.2076373601166
70.4352390570421,94.65860138431519,325.7400944382846,189.75410758939742,367.64754305985343,211.14077735360647,407.87977821766157,348.2788215293938
45.29080749143821,198.65597082605416,186.1774346677967,275.2294153463107,221.66532225724131,328.11660378679267,242.58499302245355,339.5612615845346
163.18046907849168,188.28034130500905,180.40152696354562,312.40638749641806,241.38517809353604,433.68085462026414,377.52991830941374,453.14642625111065
23.923863620680137,180.27383717911596,56.50543406602114,205.6167650791363,79.47404346269765,243.48334325385036,454.75170164164007,333.634744386376
28.297890748365568,111.05674449267882,73.04214502056647,186.4957054375742,136.28839277114417,201.7350339640485,147.22129815401226,234.30935421499098
78.51379953943653,195.86009082424485,120.54792874207936,220.2949021678156,161.22421638843295,246.97634544225735,181.19003867874767,287.54597152641554
33.91699014909617,119.50147496019788,56.50543406602114,262.8379092875603,72.44516786982696,300.33249240445656,448.7424141548337,318.7091715995612
33.048341484795294,93.58873377079435,291.26559731459963,109.22094644532645,357.139110963249,113.07438728720626,372.65429522973704,244.79734876539732
146.41799296272518,236.74504269491828,237.5772715038585,268.0015661150551,237.80627650950112,392.86079162339496,295.14636483157244,407.0912198592177
72.69503333670629,192.660440520892,209.48212256314054,247.53306807329088,285.58429391791503,275.8767752219625,357.1834090917538,338.88952914035184
38.69427180380355,60.43801977192761,91.11067762138494,112.39426437392156,96.8629306313177,216.89053227691318,101.44485801819023,250.34502055053306
153.9453512035165,158.9207177850499,210.8114503998165,240.90008319934918,267.6834636634944,246.57415517303653,276.0772333152205,300.2880268669666
84.25955412821716,123.69864797104454,392.04392357567235,190.98854221792425,409.91534198654705,233.7221793977573,411.92950763514256,251.20254864331392
171.15566510934943,96.42149933820069,216.26115901948023,267.69616630724204,414.07987162225396,281.47579623037586,434.81113788221364,298.69210720633424
129.0381287079203,40.087125113571936,165.43905202200588,224.0529629830021,221.2759973389935,234.0368100699216,231.2627339185757,248.53308568934818
223.57662638433447,184.5192621064756,286.51644885435184,204.2904597814458,288.66804229468664,221.2250837518007,371.61818931270756,234.0182460988437
37.955536110868486,238.66113550176064,220.1893931557736,309.0409348496333,356.78208517826255,374.89551361662257,363.436961238151,454.98333867471024
214.27502416904025,294.79388235676424,224.4979436405327,318.30924493297795,227.93933330251195,434.6896814596661,290.8606659331628,479.9908338258735
209.4003229725438,172.50653446563666,326.2989970901736,251.3616222694904,381.4566835926865,286.8693308472234,403.4924867441141,409.4814092806161
214.38418672671088,40.75661697291244,215.32499002171278,102.36071082389276,233.7703061370476,129.71790717992718,236.14272604639197,215.56714384245757
99.65087337975659,199.13000934415285,170.01226353525237,221.25525983983053,181.40205013571696,270.9719053378529,227.14263444285808,276.6682324288766
58.21880920543672,120.66646796701114,66.35518322178592,361.02117694914676,81.22114980052389,396.29226449457093,203.11163242645426,410.0859492221035
200.90208463377658,326.1873491355359,295.0038907992384,371.49134409607456,327.3119567202974,392.1672682565564,354.9139075089486,409.1583183266167
106.56553570090792,200.10733443985967,219.08116429641117,203.86616962381223,272.1803099221302,222.2567691997895,316.06307562485785,283.4156372634371
178.35245655759311,259.1769383932967,231.12585178119556,264.73807064833807,245.03481740951077,337.2001639698909,278.8743787290536,455.27742143888673
235.43083009027322,216.66933228250045,322.29312420763733,224.04102213060418,333.36352376811965,279.42789136222314,362.16238978515383,353.940517750447
47.073976327203,34.65445793858707,126.45038278912675,51.60257012217653,304.53688879151196,102.4103113801794,320.26332897145966,148.52982051244845
108.59337189518615,177.77090824671654,233.7195525875677,248.61941384883875,240.19158881215682,270.18176873564096,276.8137627105133,284.7560451577779
72.02194730394585,35.32170355466273,184.73270985139243,55.77893355213321,306.9188545157557,115.9872727714942,326.11754249004713,139.16281069291026
58.05205732780967,86.59444391014912,60.22246489224117,153.0759946374194,77.57226382355513,174.96930998539693,92.75938462704603,180.36807553242036
31.844731015196416,73.01146139101903,61.678887378693155,138.33902582308426,324.8183147726931,209.26518226850817,403.2922600831407,231.43473064658454
151.87295688337892,175.36486901934697,190.53813770952505,245.09152534379504,233.29077083033619,266.28170666597987,455.5682358031275,269.612819211507
203.14358454867278,90.35043554103416,236.25554207018786,154.63348763162125,237.36280590682946,167.1713558943287,334.4405641414626,350.84365682326194
153.14085040326074,179.96200400998083,313.8688872381985,188.45141046695827,407.53672960177283,208.13287966044024,462.02664979498513,213.89885604690002
152.2890692164472,108.52070016879529,155.82120207443572,187.96494957444028,200.21590716853214,228.53929701761209,241.03197797327076,248.95725519579483
46.55606958091524,163.1948685795837,104.17620242558128,173.24750513648172,154.53762793810571,302.5079146214657,162.53769980171134,307.31198272193626
202.86404481216857,305.50755217830675,368.7590095961048,398.4963465741817,487.39938746317233,410.7618880497366,636.9019628885698,479.7882259820665
48.24749695758447,59.40760296493032,232.2561002840286,140.353084781129,274.9399240905713,191.00068556308753,276.8984488595645,225.8683220938754
145.0878911173728,239.72202394598347,254.5181225709987,277.5115067999255,310.49198284134036,290.77872298601784,319.69678234324635,311.64365973348924
194.71981806269795,175.5700099418732,222.40437949377417,364.68594568980234,299.3905331633965,372.2501246115929,322.1359706313423,452.19631962009345
117.06273486963353,57.729536108812106,259.6320901747394,174.6930348912547,277.83751649215753,218.97696720959468,305.1768014143475,255.65865459631323
91.23179188148306,108.56427956730705,136.0345425845509,246.57415517303653,161.38478153631323,295.1024949806423,194.23278302291652,322.8649349607008
25.548322702778734,88.97256443871153,146.9841762528373,298.33834482334356,189.866374699798,330.97893601676896,265.19639325704486,379.0327678232324
35.21174149942564,94.94523158489983,115.66131366889178,225.64011454878056,150.3816617037475,255.34535152866,172.68456458237839,261.6222881710938
84.61663924081982,119.6324537283786,267.04393090917057,178.14971129040094,281.5960064321294,194.9878383250121,300.61112267590903,205.25386697228294
18.513243752309748,152.05599641357085,275.20065820619243,249.02102208188288,323.7897089626745,449.3242394600972,346.08959063740457,512.5225879855125
28.297890748365568,45.83269563275248,61.5085111790929,65.78925823025257,118.3082225407863,275.9808390405233,164.5237357025392,368.1482285018518
78.17968022544694,62.76475319363625,154.24574399463333,142.7419172935597,317.2588365801615,185.696455107485,321.7909095841422,212.7284898209412
253.9093718360357,79.69289237233873,297.59839166861417,139.14573018521577,351.74140532744286,252.35669990156788,361.29783186641,287.2608878967775
276.5486395580165,163.42906627040514,323.45836187380394,196.86043649548535,327.4641609067201,443.04832846211923,352.37321890987454,465.5088509217573
41.85400047351756,157.6515523729323,190.92681790930007,162.81343377233202,197.81821457181223,337.49971238235867,343.9346727532574,410.61587377154234
156.1827371761376,130.5358201417089,216.9311999155532,137.41496067130433,314.9859119346142,142.5777339718638,374.4717053686586,167.44261955130463
95.2134743148873,93.87261498054926,160.04182944275144,292.7969840960479,174.61251826685776,320.95990411433155,195.52367506918523,355.1246225393606
211.98404444081112,114.07698064134352,225.9533373890072,192.73401294158882,396.0933204641455,375.9217301989025,415.57972541965694,385.0697996463359
207.0357610909009,145.22456325534125,261.25224092503305,164.87602377114365,368.6075105255833,182.6113299792937,414.2738047054974,199.7654090067867
138.63769192342517,177.15713993739183,201.15370909218933,293.80477641837734,275.39419871689626,474.461919937892,331.1220272023805,553.4365029451
46.71068103213581,152.91966750912556,75.03551068763227,243.3568786011313,165.54121249816245,244.2989026965275,178.5234412810912,262.76424666666946
211.06449628721276,115.38652832905868,239.3046184157982,189.41495225021688,248.5514531709423,328.463562449943,260.0599251088535,341.1604266286597
94.0778846306543,132.93106414984538,97.72286776112414,279.33530710381393,109.16360125300253,304.14878086999346,169.2640870419256,305.54282184859295
90.84091976488682,57.54564482204522,220.206746868869,194.83532732378168,315.3474051792833,208.68115678811478,326.3006540087458,233.89746936796095
144.0741515753616,184.25527034959757,213.133873275812,315.31962709808676,255.32250917102675,317.0347873347871,295.8672727458712,368.1819596352609
41.85400047351756,258.5731122887051,150.6118417024119,261.5748260796484,173.64107054889746,267.5549794510161,316.6008644118403,275.06228437907737
29.669452967608457,199.0697200740431,30.63762365488885,218.7797983538166,230.39715431026247,244.41355177293096,236.8246590568758,279.48914007158834
230.64844096923906,140.1870114020984,287.7331674103836,233.87506069782592,297.62315077808483,278.53253549023066,389.3520439530162,314.8442175795282
26.175036376563696,82.32857848263636,229.50576135831648,292.70619913997234,347.2922264636065,382.1469019251969,385.2851596640283,384.10465690461734
90.05906014467416,83.69221199416282,99.18504668794974,90.41344467703404,177.78357948497973,254.43932360623958,265.18661398325696,280.6788710065695
235.87269190811574,64.60817632671191,435.9778576047492,167.44261955130463,463.38175522643155,188.58538504638614,605.5676755870767,202.84911406753568
55.292271144627264,144.51803031697926,157.18546508616583,198.12479184110208,188.36648893152892,276.51252279719967,208.1383670439868,352.11881172361467
127.60312370311256,95.1649021134487,165.944706936877,203.08747924154,245.73257086674752,418.9957120468961,261.85078204806484,423.38142162473605
37.955536110868486,42.90606956082275,209.97012493050798,118.62984158210111,349.4342614393246,205.37224406718528,360.5605835065091,304.51043221437953
162.71316848110217,367.95958039063936,163.92979783429962,380.5842858792321,240.22034647686633,425.8346794708258,266.36590607013864,426.6147059215998
220.22393932160085,199.0932059377451,249.13105467337218,283.3325390726748,288.26223631545116,289.73535447956345,301.9941812489051,367.1407424598041
122.11833079654497,23.656818407260957,261.18766377726706,24.31790158839252,314.0826908440521,246.81922484491113,360.6117777676436,273.34095236697095
24.069046988974623,174.36856191240722,141.1908345921473,259.93018546944165,250.65844701369616,290.3015426295958,251.40916227491104,349.844301916707
117.93162106809584,76.9924276950033,213.45595254335817,101.26253429165988,328.1017919028007,236.50359670154347,342.21319308892043,237.8792947893139
154.99712836011412,143.37916371115344,265.7755496978386,231.72847532245322,296.0681952508652,295.3410563994187,330.4074969261125,323.4127728166833
47.11952877723901,110.59822783884292,176.6391059829638,250.1669922047981,208.80244403018554,402.8185070187524,215.20306712332496,416.31190446965843
294.2451270125467,171.3010468042288,295.8672727458712,185.34263738207474,337.9343264644405,277.4000595897889,359.54914454619035,332.0893944102368
267.1435051314483,78.68862213973361,269.36041604505465,112.5140350110206,355.2030961095639,150.19260257927507,427.74914148261524,193.7274324278945
30.168405596719616,133.569374087337,196.80880078635397,304.20710388335607,217.73649688522065,325.1372820169428,251.79570750135395,386.6635580212031
91.82174123634951,152.24026424116198,145.8752267504944,201.24456491461947,295.29498177351496,265.19539550678144,309.9257239757258,276.47114182953896
203.3606482077183,340.20044462469065,260.0953617888854,352.8777113474408,327.9102967575366,399.8911190867712,422.8921183569875,434.61326341437507
123.9309623415207,212.23126866591272,242.9222726041316,223.72437953367293,243.87083365803113,282.0998226938731,265.32969177631907,289.40486161078303
249.7302526100251,187.19197895368782,259.08090743234214,257.80387707476063,298.2491250179398,279.0011289288087,315.4389721702054,359.9646978515707
64.57201247031774,112.67287896323211,131.08009474375248,259.5627227678036,149.1757904589456,296.4713250703358,192.6243314563411,339.13125993057156
117.22134500582008,62.7080307039584,294.1914930483317,233.61544702317252,342.41716491475626,387.7670910204638,348.239202625445,461.2042073155997
75.12009135830203,89.56221595268462,84.1241824305847,241.63564453974004,136.66837086519897,284.5747744041462,148.09162212074554,326.69441068718123
173.77073799023657,186.10350503199166,224.19734465655102,223.25377879988375,241.09619373903743,231.13099825728116,415.0362779277065,261.39440952083265
165.96953638613843,190.7232241195933,294.53026653126585,430.19099729268754,302.8857156523996,495.5377763844671,312.8446737066722,541.9921765134208
52.930962373621746,99.60732481813601,123.2333250396693,216.1336553379411,327.6377355594111,236.2813663254912,352.0669328971013,299.64618382315615
300.86349911814494,170.10997476537082,316.57656090495,184.87507439688625,375.31158893012923,240.80846728728753,384.4949964085518,278.666681268729
158.62902377334473,304.34746652884235,528.8919277793035,384.21109993236837,562.9766819919282,390.02512389544984,604.2170944848585,445.41161143200077
25.89756269804742,85.14346411835851,109.2326817911136,161.99965350941443,199.56660677369874,197.10870955492254,248.65018686210175,205.59131192405422
325.4080324290756,292.4402443465862,331.4602750820447,359.4686493228624,386.1391696238688,378.373482343304,413.4780822364514,449.00218703972837
41.69998233757407,239.52021741497086,230.37257177075497,355.3515761457015,273.62243404028146,362.5842196361775,283.06655172564797,437.407581412123
61.601090798083575,273.60890417283207,183.50520794432256,317.64077420564934,279.7670628871716,380.655794702369,367.27182928967176,424.4625235744844
83.55456145524165,164.06096166445124,190.56195689771056,252.28753061270328,221.64674699828083,338.4874088736998,223.77056974172814,351.01161294922497
151.05835356655268,265.870700973823,297.27670879441445,328.7596514616182,309.81574626647625,396.41451276586116,314.31437200539216,406.0225972704289
30.588176790540057,112.67287896323211,281.1307897015081,190.75547023919864,341.4448791528839,274.32446523437835,345.1125275350837,320.8737793410156
187.04558466218546,110.81545575238039,259.86299270577155,117.21162881353182,279.0755144754513,137.2097016021332,299.65463431713533,147.37140857930726
97.73975172253103,182.440423913795,110.98458207270036,308.8254355418892,117.21633668452219,339.23694294991753,176.6882503559877,361.21949368119937
275.3540601068518,152.67340593633352,333.52701188410725,191.84626600403385,335.839073347786,193.1235752349698,359.2999572972688,238.00846489170794
33.081728045423496,153.72819729299795,191.27608923696314,163.06093917325802,200.63731941128043,167.1713558943287,224.08954679549865,219.33013241741608
81.24884687180412,101.06934473667252,141.5064773923566,119.17134870981225,198.98855718151614,258.13934162882845,344.82269869322425,268.0245682859025
114.85748517764542,229.53499328294362,269.40883622781996,303.41686229180243,271.1312398751417,339.1686381047874,293.148873898776,356.1315914433023
92.43706763443107,276.6139111323355,350.9483686340645,296.46395665009453,376.9245010334402,315.7947918795069,441.76770580004495,416.5646403282669
60.070349186165096,226.71816532266175,100.30582667307525,346.6317889647379,172.127498765825,382.4066627747305,238.29946827573727,401.56394724416975
153.70960480735891,44.33445146808662,197.70064133380316,255.06775855998288,237.99166240914366,291.51152610264626,339.85993859456255,348.2842537045207
180.2688180012393,248.159427346957,194.2690232276861,265.23171248453576,200.94713816852914,280.86867923986244,216.62600445563848,420.65811460733954
124.00255623989283,144.34464024307874,135.28698279674254,174.49291047023564,211.89108152468944,283.16683096459275,214.99069033564874,301.0030075325496
191.53975408447775,36.729476736228314,209.37374136130202,207.32569772893635,219.60485221304242,233.9811830285699,312.1527796286217,247.37825199547717
162.0281072282203,153.9570622626816,190.6304178632692,182.24772988381616,227.98223754221237,231.05521112294275,339.92498430004974,239.2863928481758
82.3293748343534,156.32081694158694,87.78971238259673,245.78343629122617,117.50796717008171,266.14821353675484,209.26730052388564,298.67619824362333
177.84508677575155,230.19159773204262,310.0766998220964,255.40121651097303,325.06205518710294,259.3726671629135,391.98272732462885,296.6080509613889
96.60065861314717,361.1185910986388,97.68175947214999,370.9652282152315,133.17272504466976,372.3545597091571,158.2064665579254,378.20931030292127
38.615126071686866,243.721562921148,125.79168861298959,246.60498147436215,191.7748178079457,300.0204966723961,196.95975742174977,350.6993390204215
220.57917059727652,286.030422506017,232.91116617499753,367.3667878268282,265.2903631782963,376.0500445152169,344.0930778960812,542.348149148129
232.19071201797337,57.56681547111854,236.54497915268158,127.59516627307303,269.85917365972205,184.1433047056665,404.6703668163572,241.9393454235426
174.4264200676474,336.03335833838486,370.12961744208786,362.78339041805674,374.4341017431044,392.07173544068377,408.0597109590905,424.935574187611
229.64162948421702,321.57514563338236,237.49860850936793,377.91889753645216,370.2616050912766,383.1881250073042,441.7139615523645,407.32126936071427
81.28511714738475,147.21558095431845,121.97345584245758,197.09237851533763,147.63090954019725,309.87383707068864,154.7331248648638,365.46684580784967
265.8252279766708,136.45265732815213,280.91131086271747,198.9988875388256,290.46878488258767,207.4762603183383,293.6491570672059,214.88380561461682
121.01078255069687,205.92427619839737,305.0632561086436,267.17511724953147,342.90841399837194,308.8344864323241,408.29004287312586,342.54383677480314
119.51680488342568,147.8724549672952,155.27751330401256,191.5911445177066,307.12077135062356,211.42506161219129,324.6692826395371,266.31224981224665
143.38788912373485,213.43838209836895,171.57293604601566,335.5621789265581,211.85824022614128,403.87452378676136,229.90573133593242,496.1091038552245
118.54273183726475,209.27739787722717,162.87709035030957,227.91901338491502,185.21443369161727,242.2274419358752,188.57201580095318,257.2055884852085
89.49220960014019,120.09239903822734,152.45811953731243,127.89622613388977,431.9044633321514,139.70097298468193,453.7353646618394,175.36922911813818
57.99453460730248,88.67049737534569,65.87148903184718,93.61619764425745,136.94551349290757,163.40993967739703,142.32581542238702,235.21617914616465
33.23339158781499,67.39552922373292,61.092064651003824,149.2015986568544,109.87367354433003,151.05960020494504,121.98398889898888,280.0352794137154
127.31984156520456,280.86344684997863,214.07307990709214,317.34868084172757,263.5542045235044,328.31910179196296,293.961277725409,351.2459932775454
153.42240488521773,99.35687206052596,203.75471132856356,232.31599889334285,243.9771019737625,493.43970550478275,350.60013147719735,503.345147222455
20.06566905206558,82.35339267920118,62.164043206834194,229.02983497366824,108.338721196988,301.8504002136319,153.04016388591327,324.3495139894109
69.02685395045926,146.22962262357504,109.52934347644488,158.12832540167298,211.88203254703137,173.5313153919612,241.8986394150931,231.3580075319861
44.281483802327195,55.34826757987146,98.66753187050611,175.82165370825297,213.59188556503884,268.3375375418773,233.54526142255835,289.16306728846115
288.47735314501574,272.83694532209887,289.3871611601759,303.40170474358314,413.902802407362,314.41782146207714,432.11337027476867,326.6025850768958
290.7239081380217,32.337278176406585,359.3959323188342,264.3925642784566,385.516995642972,320.8836128479706,399.55741877753,369.10340666976515
100.75026407376423,127.99994321946113,107.20228962576641,136.47046703559496,138.78943458237782,189.76397773628128,221.21172887611195,216.79688841625378
216.88764953971616,70.75034579961685,616.038933535795,138.71067590790406,631.4115677405554,166.14869158063962,675.7261150650071,318.55528613257127
177.81127374243766,97.4185483941476,224.48899397922986,166.59330258292061,315.591637536614,218.72416059113053,339.14318236020034,319.71877572372966
38.20178152710437,256.8874779892786,49.089750588583414,276.51252279719967,264.9252908188699,293.5030993044345,269.3521505124768,362.49304594943396
103.45900741547389,101.07932182202971,104.10454555111221,137.40030489391194,176.4661254871822,141.210147541166,197.11023958425437,209.72657400744404
54.36787544164192,71.76245712820335,222.4468853653629,72.7775084503384,298.1947890331221,116.96015433123186,389.7885180118315,221.73906989622185
284.38144237894477,101.45912399666447,306.1670618230835,130.80551344598683,356.49683632077654,170.04317530784243,375.68922493423514,177.6873024395593
192.6031463550848,239.19039386216502,300.3556780316004,259.48918424711724,304.92153066312864,319.5557122388333,337.03261321618214,339.00879365926977
202.79707276402885,129.2471311959646,218.3623101249668,226.8977212979073,232.9464162324913,245.22929676781737,288.74518842373965,401.5617341068902
51.72799467898341,145.91443872145737,139.48335587665693,224.7142677358318,175.12004437381722,244.5023100033272,186.90109514495214,249.7739914979712
208.51915896794347,105.70075738050835,305.01383674157347,188.80284940911153,408.82821705970156,193.28290489979454,421.93305605514564,195.3011941731971
177.5432318960518,243.71687953593812,250.4915953053487,348.52366472202016,368.36880586497807,353.4656719926298,375.0271407146852,380.01391976062666
135.9992964733345,103.31759217843876,230.2447283980174,231.87917978147323,277.3992102407381,273.12836834787663,384.3326285126686,286.16067080992013
141.23215538286564,175.2809785720769,154.99712836011412,201.0247360487477,379.5971037060715,202.20730910282867,391.63416911177177,276.67816344850877
242.52522018309216,192.10243815963244,274.20877786659315,286.9585535925418,501.05471898270895,422.7170678244377,511.3122734656278,435.71514734383004
78.97704446954441,197.77500762898518,160.9054588027286,214.47953428466394,180.91164650581553,313.8664067069368,189.72305627585675,318.14044691590277
36.151035415998706,188.20072312956742,72.09999461254557,201.29181534975052,259.922102980846,266.7653897386723,304.5067946312906,279.96780537039217
24.069046988974623,157.04575291274668,159.3272933539701,274.62076856368134,239.3046184157982,277.0710462379048,246.70840117127207,345.49872612861213
58.095657429903696,79.73750805139642,138.4586492696793,324.22433023239665,273.80059921835306,332.9091399864765,285.9706085592135,379.6308084034595
164.65359767261157,109.0887119461902,295.64372717617033,121.58637548751875,366.46898518507237,359.5854257834903,399.7663085265234,395.430360094339
164.18563139700944,186.05695148606483,206.9117620822806,295.973530987689,261.97567937602594,329.12767607062335,290.16563147508873,355.93295804757463
79.77898914957274,107.81058019101208,224.4979436405327,127.03594619340232,233.55261356450615,182.24772988381616,342.411079626839,227.55002364206527
37.232896748107976,262.87638180250474,127.12585424227696,333.704165571701,303.7472107389207,340.1257948793192,332.7980683272148,448.98048074347145
114.0880610498743,112.41382157685011,257.1489373699727,165.04346972669111,391.92601587696873,216.83735892525468,444.40116703680224,289.74030964773897
103.03332847677316,88.02191814613012,191.5473919815066,193.22946847739158,195.74411384125278,236.9544931313709,215.04077126891445,289.74030964773897
93.78111293904502,162.36686558474406,196.87420335948912,175.67238510929104,215.3648271510661,248.53308568934818,238.44542365330054,285.3255538569501
106.47683135090995,244.18002921374529,225.90107582648852,371.52506658311427,273.939446190832,399.86719737727896,290.8471197641061,406.3993984727933
278.6748776718207,179.56516325051967,292.31566523042505,203.23435221784587,373.7423310118723,241.82151613803492,453.2049606638524,247.7950195609012
42.70256901682991,93.68801600172371,172.81308369349625,373.29516189316575,234.66112743612493,374.0386994400787,362.7927774322874,377.92512865517784
163.33584918511363,158.81729013552788,209.0192422380788,324.96912384146106,239.76737000152758,358.1826830675154,270.94245913841263,505.144153928633
72.46488692990711,282.48763207456904,128.78300492538946,329.5955618391373,165.11233029576508,330.1736680378867,331.4602750820447,391.642501997953
77.99864398390585,182.61095264298382,179.0475841597016,195.2167814755412,199.55257762449315,248.17752549181662,217.26940385216767,297.85228918381915
167.29595635720972,206.97238050751525,214.58578353352678,324.4934735564246,303.53811689784453,338.26558105103254,326.41688030240596,406.7594696969626
74.92869473978396,164.30452288220843,189.10285960502222,235.21617914616465,254.65718610073935,238.1607019240785,296.20491712633566,259.28129491210893
184.84414116441184,103.31759217843876,189.76207758866107,139.5884478227082,190.1749223641089,190.27535772184623,201.97447566450876,335.1711898384025
187.65334743495634,250.67003892612306,328.61238555567,341.84266214832456,370.45044227795495,379.71678780486695,398.800333817302,391.3954241824793
124.17814063516295,173.46010777651026,151.65210204392477,181.9020498184872,160.8671025346537,203.51326274456423,167.78723253300888,243.34457030769335
77.78920157472827,90.97049254282214,175.71290777729791,183.02601557274102,238.5739344890587,283.3554718178364,285.3680687986272,301.3991166878819
215.43782477141949,116.59036693569848,231.2641322155565,135.0831680040349,278.26489821595936,169.56037232295805,288.60304007989157,359.8282512830154
105.03378777561083,155.6019947169808,113.06385814569957,247.66311808863918,150.73260705115513,337.2219517838976,172.56156368496136,365.5107577787966
95.7505212784261,380.2843470599605,109.64818281467942,431.89529361945256,112.68974955218559,467.75029979973607,184.950153040397,506.98607897220194
29.453303055270887,87.18034987312215,249.00947779443928,124.26271951057628,287.4275174481503,221.2737263859303,301.59983950551754,252.81416818534044
171.31697763863178,95.1649021134487,177.46958870453435,130.14094818311213,242.84589643122413,353.69198187643696,276.0772333152205,413.4843306722614
27.21456859145865,49.75360142989505,82.82725915277081,134.05141746156795,111.13350242237726,158.73116247403868,215.6728624634515,278.5982542070713
159.66876470349393,199.419344431105,313.7905283781892,207.0108513079396,329.36366951636063,268.52444502972463,340.09880166516086,289.0412886985332
179.53608964275224,137.44856101836302,183.3886175442978,202.28121900816643,266.7084949805202,335.5865839730842,272.9508207410442,344.1810876156906
54.351927557376484,138.68246559750298,177.77650849450382,158.90213760313847,223.04514092972332,256.2737264723165,291.6599122404558,332.4427624079681
72.48077714169571,98.0888746676426,84.55884572371514,118.08811844691714,201.80928667879257,231.69527043341168,214.9737374840646,237.26425055855557
42.80370722413535,237.93620797893584,419.6804670520572,305.36073373495054,458.81083663031984,345.61274065143607,611.4597176544899,356.89761352716
131.04926694291836,135.45299085033741,197.33603628331022,250.59247083818198,206.35493460480572,252.65076101683252,234.25877933043333,340.26387418723124
97.94181880275244,74.82667961977192,125.49296375589996,127.6695447207007,146.0593062420732,206.895398393602,154.53762793810571,211.00222599916756
166.38566921530077,109.26864654327088,177.559961034418,160.3971654728939,193.52713255306261,232.81722751244826,237.38312078398758,270.7043181242476
371.3386989798805,55.86551239089308,382.7366406251578,89.18112275069605,452.84476114157,228.98080750092163,526.6852847731898,259.48918424711724
24.457175429050494,35.19469174252574,80.77127785538812,75.03150150972176,260.30338240129123,145.84407724671047,445.0124703750685,154.2073961614185
231.47560503361652,117.86172573565867,282.20362047075497,130.65388600145363,398.7423613874851,131.39796354713255,403.17450331496235,132.9685376716192
156.10025409748155,42.40008716549629,197.7627358249996,144.65907311079806,217.27574984726826,298.8583867670957,224.480755862664,340.45099913888157
251.4134486150284,170.8269583982542,308.2498380615731,220.02025662844102,356.8147779595352,254.16899022561782,386.13564473508814,285.7389148012093
180.33176306899568,132.93106414984538,219.16293294481764,280.8860253085133,249.68483548226214,322.93428126081875,295.19385645526495,325.7572786455949
157.77246285034298,82.62305907024356,176.60932959857317,168.34602566217075,181.51053150938407,182.6113299792937,255.5639883120491,205.93871055696968
35.35989471666823,161.37862026984513,185.85346816118835,164.27357571795204,214.4301780843447,361.09966139601374,267.6807455295581,374.6051509029928
191.20687237423508,125.09578861329341,289.73467212707686,182.0809695800419,306.62734129315686,248.2518481806289,418.9847353993891,253.8580982073159
47.051935920396566,152.27330949433858,79.56369101865972,259.62672799403475,114.45838335806833,294.44294524920826,153.26962580468327,329.73659424058064
31.01342151850955,214.63959931953923,217.25032128592647,267.5160933629176,270.15898435218077,371.92090284759104,318.82614286709816,377.4415271399677
96.80646451566842,181.98913724167983,148.5623451094552,274.1073993367673,307.7919629376448,323.93977380780865,466.2449403678572,354.3917752058168
120.81086150219389,190.34499088663935,156.5952138816394,290.3983667477131,180.17319199699023,300.9968184881843,208.24201767811073,334.1961475421353
39.21280632208831,118.9035780767079,156.28193438021646,298.65324065157563,199.38703828322826,311.24126510309975,220.1681900297251,454.6907972687881
227.3791152298126,262.433263853097,349.8931647589941,349.26838844128827,398.5259138067623,414.3468336421423,447.71166320220124,416.5181976236742
288.6637363286827,49.72422644424956,305.88716318893074,122.07469527157242,360.8741093311487,252.30817998781694,373.6129337962714,277.3766260881658
21.15395026466834,64.85019620263066,560.4962771569686,101.80721028331199,650.8437867259203,239.9263392208655,680.3450312076149,254.54461291653726
216.7258901372832,127.76822908968722,382.383483730458,206.97238050751525,432.40884526295986,243.93816150346146,433.19368180028636,372.3490938141742
150.7144384484898,105.2643149477276,151.83456465537,116.3806502622605,182.15270159449554,183.26662305677135,265.3766391444439,184.23421821297939
198.55458022343285,252.3457650491852,280.2856793557847,253.50377670217193,373.04230915822325,262.7838371653619,373.11923289764536,351.6484699467723
33.60414422720292,56.30048217655666,119.9357330280079,94.40122672860707,125.86993231212712,114.95072307612585,245.3228375100027,116.59107628809014
258.952959612027,91.1153320386153,283.07448009293313,235.02874896859336,325.45554954573396,331.2747206262096,465.91531975145153,349.97960497405074
104.48061904240647,161.26744699955103,161.33691944623644,185.9914910496356,193.3562390980629,337.87528737555766,206.65845780293654,362.6715322897433
34.22072127220268,265.5004093851233,167.33578411996226,347.7974610182609,184.3973162834172,371.79302576252377,264.6846716040884,383.412496556266
75.2893078331199,168.73026377714191,126.80562400251277,213.18309818569026,160.7977571885921,222.1827827993783,228.96339143212325,292.39403914144873
316.1307865587683,148.7653814376714,445.4960601923131,368.1819596352609,485.68693523614473,409.2787026516983,607.8529158963316,418.84977550390596
162.6496898424627,72.52432277965104,171.22433561717173,223.13420196054687,196.0766346261028,223.92123656593765,281.3403526710352,248.0295384409604
48.22194691655502,241.72541607111992,485.2853023409149,294.83297723475,510.01786707076724,344.8495473570237,620.2169590881203,384.88968437595634
103.54938978572763,92.12509101195471,221.61744094755036,285.92824353503255,242.62332525428764,290.2239681747029,328.81357254650976,292.41637438541306
153.59796877657794,225.1749484822483,174.50131082862043,263.4570349544589,211.748881276284,299.0108893050591,294.71979214905906,300.1350218827762
28.09828448039496,213.07226497930546,377.7772916739429,221.32056026167785,778.5987895663786,279.33530710381393,817.1811311491776,381.02478134392106
48.57016555036951,29.05499011349749,152.56513619326847,251.40852603745265,181.89132371465936,324.5172342816794,198.37213875627998,350.5726911853649
135.75454460918942,101.84825072735731,184.7150952784053,161.51643587985535,198.09348696766867,246.57373952272116,276.2811426695562,282.8831362666586
227.46183072512477,145.1468121922654,240.10790368623867,244.72747882664666,264.501163355589,309.3072805775359,279.999555237851,373.76177859685475
156.28193438021646,153.78846925365448,190.6931181689846,238.60764344095148,191.9972537689593,263.3131906764842,244.51302972612467,270.23433382270616
124.94142304723115,115.38652832905868,161.55284970297106,277.16564365149725,305.6971802459918,301.0868149644018,360.4622405719372,304.8013249532056
129.51956699579506,177.15713993739183,506.9318123496137,396.98972289007264,512.3390745527767,560.8719593351286,512.4788424635908,729.4274459503008
133.71846366510633,111.91157305345445,222.82256594742537,156.3475753948198,240.13928017999305,330.98902016136947,582.0776118615233,347.2436106775399
33.03364727385561,135.75662461474965,147.1391302154454,138.3564179125075,192.590109973496,197.3782913145531,206.5978555297749,291.9975664013686
27.279166334797107,122.4797843538973,61.529068482613425,171.62766395938502,124.15090157664874,251.67440779124018,211.80558725218776,284.28409847902685
234.34941064793477,66.72484381184985,245.26090948153268,211.93215976295562,383.2762305053797,213.3232121045382,407.81641348879856,235.92094994779075
115.52371190691656,86.11775696548987,140.48516996528943,123.69268753812945,233.56619208884374,142.03521658386902,263.83812323393283,323.71059364869996
64.68544811108464,75.5355415040598,244.50027715778106,250.67070936535092,249.39239088449767,268.9016418564113,266.86946112318776,341.8912042959347
42.937792640014514,65.57643931008383,244.77026093073965,296.96424896022194,270.6986941906646,312.63173716066075,280.6819681198319,330.9986210045441
115.75383784125248,352.093586926305,162.07742868415255,403.69932393952314,300.699483450633,415.2565149797876,379.6251418605088,488.5744771753216
145.8447486587577,160.04187334727263,251.04295186224707,160.75392034191594,278.07912572686115,182.599833737551,294.59018827701635,227.8392669970533
113.36322931110941,178.141601083,239.46776017125654,274.84035314637185,252.5308311740519,298.76744536309303,404.87718939033783,328.9947123351154
139.29384269939538,203.29387744546617,148.4654850219552,261.6577145490622,231.0053857847212,300.8509367250566,238.19535462591426,313.06037394959145
140.47511796476488,106.92276529214747,184.03196525776409,180.29655553075585,284.83452925361183,205.62052875136303,300.30606161775717,220.51476356022755
100.28394418444338,213.76288984146794,221.2759973389935,260.2512059902367,328.02249545830875,291.1294538496903,352.1170114636158,306.89573192477576
510.55141967750916,68.97412040267216,520.3131221207007,110.26224867304978,527.397526286731,253.13278027606142,576.8273188351465,370.1077075539475
54.005544160414075,213.5658957064912,156.19909076121746,246.40406923447532,251.70912756411894,272.75717962945885,273.617840543312,282.2566551086583
122.93955291440928,57.123736234680344,124.14606729305326,180.74662261135077,149.7435722952063,229.52340823964303,179.12572272080757,327.6026012929041
61.68908365067317,148.34963152270896,86.41592646649289,199.45780531572555,305.83772782905135,287.3815579831985,332.93624110811163,330.41653854430086
123.50436842918475,72.15119905026927,189.82622614081149,83.23291285920229,193.14184657679695,299.67160120014967,240.31906408907196,326.97175499046705
160.5932010164464,270.20877032888444,249.60318296760158,337.38491275970426,262.20586467546957,349.26959504595567,313.6933859051399,365.0130108512396
66.74165896554445,162.5858955227132,141.5829458539801,263.3525503634098,147.50016121091036,274.436199681564,153.2817863849496,288.81101560272134
113.79758697991386,141.44102529483487,149.52115803894299,254.93859690690454,152.75150317171165,313.2078888494082,251.92612067707861,316.43701206734073
29.983863843091672,140.03093575072438,140.34600425275747,231.9421302330234,264.5862856800666,233.74863245060507,292.90146808626184,242.97392255549826
199.5341283105568,237.19787719815213,248.37513402852943,237.96396800322086,271.0595852744119,255.51897241613156,306.36592923720303,325.5249955080126
69.02685395045926,220.37402777751882,107.08704295751133,298.6389200175698,205.09148317886093,340.3296954376693,258.98571858787994,370.57532306350527
72.11761039713211,48.02005650469785,79.95165311727608,93.4464699833219,151.5710560648117,197.55648810921514,195.8726593268798,257.2055884852085
149.73863059970495,150.4798261914958,222.12385204723967,335.1037080828056,280.05624021859876,379.06137737251606,312.8446737066722,417.979591884274
193.73878543261432,154.37214152172004,341.18865956808753,218.79192629105978,350.02156007834367,230.37966228138893,399.14544893547634,232.7487525361988
119.0049674730448,55.15383230597228,198.68342211983907,122.58143582916296,201.29545166351843,126.02202421079744,202.85617714252183,147.8886444412646
140.66231270252567,146.85347117497275,180.72989640708903,166.3717240398471,297.04149734378734,181.29703373875444,321.946911212046,244.9554952255655
92.91624651451288,76.07312447044148,211.39884958345135,248.95127249986572,397.29859249365586,268.53305699167066,521.5349579238369,273.9727432780824
194.92082430842618,105.19292370734817,312.30020502331683,282.22239827035736,316.41304491058514,298.31899713076683,342.2606428245572,333.61288981128644
48.97377363276904,172.88082801259398,132.28417102423793,290.4464173239419,135.5732793476109,319.3867353121412,197.90040617554797,375.92736021670254
165.68815751120349,57.064562049867945,167.83219643544783,87.74783434330573,175.84319215265492,110.03417708963147,210.30658228075092,187.6497753952023
310.17985330347926,170.97879828404805,340.0283413910367,189.9634116657684,399.5126340740497,211.1510321023753,461.49691720324347,247.45245420812273
96.10261721361921,109.49382787408825,98.13865177925554,116.89430115878693,159.77721320486734,210.22334267600846,173.64952374880346,244.91062574011414
78.22835130171931,79.55604691066799,127.60312370311256,115.72086903009256,227.80542396074304,312.46485087883275,240.41787897495132,322.0138750336236
72.5985828501459,41.68722100502541,92.83895184644871,261.3645705610579,188.3463730440453,299.4435983021151,215.03872862416608,301.79398245239366
218.03311838249846,35.31127357980109,258.1512183626638,217.8562205939873,279.09305849634137,246.8054282990379,286.2194421613581,261.89658225139203
410.64490544915,133.70446698865206,458.5803857586443,149.3591115484256,462.6772967243233,320.4190549929411,513.88114045383,375.80883885378427
26.062066743801555,143.2721688350206,42.39592689164033,154.98754648085935,111.81635377791581,215.73868374152275,126.61069889839533,279.39484709863
79.33427506614831,173.1849570249096,105.9923792702793,212.50952048971118,168.76015575378318,233.60545578730515,257.9240924117521,277.2103258977116
102.21966032152312,255.5612359532301,163.26276342436208,523.4721263685369,240.373144057804,598.8972725636252,410.27224831875617,641.0861790825714
215.19608301212267,150.97273789750807,235.77474032873417,338.4438307334023,248.5514531709423,378.56083348740736,270.09281459388393,420.1894759901869
84.05935114163458,18.911468281960417,313.92328493475287,120.76883224510819,317.74925508400463,237.6570329420784,354.4238622130456,298.57894620579515
208.81714551072764,69.62141036749435,265.17375767931026,75.14652026038958,269.49940524857993,156.04575791055404,279.10619474994826,181.68482506911207
183.0169019128787,34.896141912089156,299.62563813345537,246.48147697156395,385.516995642972,279.7183101464661,486.40997941547033,339.9261349177255
146.31546477614194,352.25972758932295,190.55440898417626,372.3325540777762,202.25894964045392,401.0517111762775,213.9034609851822,425.07562246999413
238.02967914791634,159.2937666326772,249.7509398625641,159.5169527606799,268.62437951180254,297.136319925659,359.94924396121314,319.8966110423138
218.51483979788011,205.31646680650536,219.66931365821142,314.073979697662,248.4900935360268,331.65824670875764,258.65992517451775,337.2978701711558
41.8538223364359,205.80676565514221,115.82837041149759,272.0229279387161,142.58807152472576,355.91026873643756,153.85938358922155,363.68840256762684
175.5797078610482,75.8602880572252,205.57830082039231,134.57464788558713,210.8114503998165,443.85135968111706,300.64253992671996,507.18620399452266
128.49260547241167,99.90264518701552,186.88407255838862,277.2833593524998,199.93016656225095,331.5465109395755,301.3315411140068,433.0094283960055
29.669452967608457,10.224555356095687,30.507814567010403,98.71265152503967,203.96206081020307,190.30192839045,266.48683192708916,195.37987335508925
117.51280314369866,111.50568002082134,182.4856255710921,112.31068532295888,193.94011187793825,171.6932641822824,200.35302192134506,209.6465243262324
157.43069107925194,254.12858124833093,182.00048493727874,359.8850861442722,245.08442795596312,379.04504235992,290.48527463743585,386.9837625903539
85.3695261587185,308.2984817300313,120.07170627353266,327.8094243953784,154.1390861794229,445.48243019964093,156.81526312070466,451.0852213043931
74.02634012645674,204.60694102793985,137.65693635685233,409.6872800192392,177.41548697062169,476.90081137913336,209.03379792214417,478.45848788525785
314.10040692829347,199.1636900453054,328.20405852552636,306.6162899091592,347.7222531172717,349.87503120937606,348.6910339319414,376.7562465896745
76.87916979540142,92.17192499447223,123.64022531844331,240.520949728285,396.61888044059197,280.649268603242,487.2297573652016,309.1709959393255
89.20626925485544,101.63912160656922,174.56811046716504,123.69268753812945,328.6531282079527,258.24903951588124,358.0526011357547,429.22479661830334
316.5104423782451,99.1553124882389,317.6915513352169,222.14020654136317,329.390539130203,252.7595852071222,429.50885004303683,270.9001967630424
24.135870131667282,117.64908863963562,171.49679390378026,157.5931136222214,183.61422734670683,290.48940328306855,186.01291894567828,306.7054628770184
77.82077711911083,107.81741994329845,84.05451527909837,180.78266049822867,150.17408123644213,271.33564521292817,209.25380438892745,276.83120034518294
70.07331024683393,136.93838400668588,139.01802611772652,231.7515628698242,244.4132279128338,296.1106980098363,328.7577224610978,306.1558463303953
193.53961049035703,132.72603246499148,197.40761479847947,233.3215047493025,217.66849118008935,264.3781831874745,229.47174120676522,318.6870494155127
108.44686624234986,36.10898212741075,156.00139171329496,161.06500151066842,258.58821383529516,171.846477701237,281.8845813874817,211.80195491006157
325.45554954573396,195.95139005642451,353.4801367568898,200.863220275475,438.32600714447614,219.40177012412957,474.25705206703054,234.13285702417778
87.66306158311724,101.61582490097237,131.74175136210422,324.5859546946979,189.83418531620623,375.37133627528993,198.381657418732,378.1108355276062
47.12154897444868,116.28398212746951,165.73795683881272,286.030422506017,183.6517561917952,307.5988187788674,308.55517967947134,408.9783919486294
30.03981099064311,59.13014573203667,289.8311629721837,162.4128288594657,301.71696650506175,233.5652878205581,307.0578317265762,252.50367240569005
82.58286386836198,142.36735535974037,102.99507768381827,279.37162770959895,131.49342558835465,315.7583494990519,141.37218485472397,485.4786855847121
78.56786699046239,39.20089262636308,100.66942939274432,181.91646327111812,137.0882382208643,220.2949021678156,201.50877056818152,362.87537404962893
202.01267255603128,65.04016403688246,230.2876267932971,65.45347532716563,274.5584689983928,134.96033928368007,279.97267285266923,293.846178359651
65.37891019276682,170.94815493022554,118.3082225407863,208.8868160981279,123.96221361955362,292.89172516704406,136.28839277114417,296.71081116613743
119.530101628397,73.21588798238126,137.87581183192037,189.49098426567298,203.14104674671898,198.54188728794196,334.072124326171,314.1416494746169
47.12154897444868,64.8395391032587,124.23231590385619,159.44056690228948,206.0874426774253,219.75248489826663,298.63887451093,293.30982606604056
210.705253899496,244.57290308537227,263.2758040451377,280.52824213355296,293.7348515111117,358.51739490611675,308.03586301374156,389.61538222953163
51.682027041183794,54.63921052713674,232.34303633215615,88.6436529695207,282.30849605512793,210.72251372165732,323.7025566475544,216.96868153455551
268.6798062091435,189.3230876358383,279.2401453792551,252.80040721844313,448.9732896553431,260.0587515576246,467.6941613420347,286.5851657264521
47.18785710345767,129.256842588961,94.66008011051731,157.49448781981408,184.68869821044382,278.21609997963026,238.77819955011907,295.6653158273286
227.67770713931475,25.862629054973624,339.1428385774449,234.79813247946177,373.6255771647317,333.1126875551213,475.15262174439846,343.2578901725826
69.39757323335672,118.2989382422445,194.90675527106416,130.64213831919048,201.08679789590295,250.9127104275788,388.1378574314735,266.72050052421366
18.652474303164695,89.33936065208712,121.67730870965448,92.65142668618273,168.7855381854638,115.9872727714942,202.93161968044512,214.34458629447545
86.41592646649289,211.46854684474468,145.98423808320948,211.79335917621054,302.72252410437824,313.65035384480365,313.22925099229747,365.92249645570314
92.33254203956209,142.36735535974037,140.31934204033195,188.86998043567058,168.221367269664,305.3911286075876,174.53450870330977,591.2083853972124
272.98829458190534,60.10825328569724,289.1683442092376,222.30489911933824,314.48803541564234,268.75400981607993,343.7287341897937,323.59911087182945
392.7024960060458,269.71131108754093,450.2046537910621,295.25960426207945,478.14526715261115,369.8139991639011,490.5579872006584,379.6263677833186
398.7423613874851,71.39283692859644,437.14134955955257,198.93450652071974,475.0139003876947,201.5735700375391,495.1389666668828,205.4164815186868
141.66394948263567,139.37207675441726,154.26982568064284,148.50062503461476,177.45478412750415,267.5661125107068,231.21233914553525,388.598316108971
131.84748689118052,81.64958501187078,148.35554734205107,203.96147135866485,149.56439254151414,225.4374488309341,168.0096474426657,253.4546563876203
95.60881658490646,161.53174017443908,319.83587427648774,210.9217045423107,391.6217793517079,332.7474678983659,410.55947311635725,347.5264673019545
180.1785654728599,125.09578861329341,284.4349850245337,257.8456535917254,291.0649607509505,298.7581273409681,344.82269869322425,303.1341179442831
160.47022257933864,89.56221595268462,257.5155237888739,239.63581279506346,258.86193546921874,316.17389867091214,442.8843731757443,344.32439062870725
210.46581789112494,120.37243918603443,291.7120725414914,173.94147440137516,294.77194204838236,222.39556026927247,305.9214758374988,232.04370009802062
288.6200441097948,274.7622045574722,300.03930590024396,338.9246458426098,301.5289631362839,345.30558203534866,325.1543111668139,416.31190446965843
93.89577419975939,55.68957863624704,100.13273271794236,202.1352980405445,128.74179143050154,270.43638468444715,254.5055207037839,276.5468121133022
211.38903418204512,326.64855192067256,255.5668367984001,336.293187681465,298.7450910055768,366.6876691361857,396.64793499079707,387.2334554424613
73.90251700181209,167.02407841218178,128.62452265225724,276.1833046685807,135.4408277284862,280.4331575000302,194.2265354661483,319.6594744908104
111.91594519571125,204.9720719873509,234.34744444023855,226.45794490352935,244.15203347147818,252.2693107662516,251.78323200657468,316.3102372978817
54.363527327178325,188.88429639139306,112.72174778894868,267.9082986989192,117.81103847797945,277.05913722385185,192.8600286195161,307.34267393409795
92.53519366768224,65.04016403688246,148.879528559221,130.37118984630433,264.0956083138485,195.46466126242242,282.21721680179763,244.72747882664666
471.50865503542354,212.5394189438649,589.0775603260021,238.7972809085208,595.4615831935404,268.02065226581936,630.2527155165781,291.92568962876567
149.0236390278152,133.02289784201253,190.76670983431873,264.5111643208751,208.65845154741763,267.04960580402866,221.35069390286844,291.27851590132855
131.04211291775817,77.46581728012679,177.702089118706,184.0030326458064,200.95820715854583,345.7349699784645,241.16105608315672,368.4955418489434
171.10231555159842,153.98510265762062,174.215800803451,223.7968977018529,175.34989279019095,231.75512948080964,232.01124586775703,243.49018424623642
59.23057589120969,102.6347091733371,64.44787333854993,212.37293396082129,108.38484535078744,238.8992486488892,142.6086072986332,276.61807226931563
33.081728045423496,241.72498838252446,220.16772352780433,248.7978353678373,233.6588925699952,391.33194870393964,247.02315609666667,479.1309897511473
135.23455358793876,162.19492640406312,181.32593912517808,245.75251767771127,271.4770131766995,268.4093539757715,370.3131695153869,302.4039325530141
78.17968022544694,169.80524710760565,204.2338054406095,227.5541014314298,248.10690432027135,273.3295770307744,252.44166277107124,346.26456182361653
313.05702297030086,59.55132913722175,331.9836295003535,76.92321315900847,341.5138003648209,160.7632717901694,403.4922957235573,177.59892145767432
119.31366004206505,214.72781408455634,131.18809419001136,243.60378502767236,165.05562207837968,418.15738869887986,176.71407674208717,430.2777984316208
176.4574344092515,267.9864567655738,229.11939832197373,389.8838067312816,282.35681285618824,395.45017521956487,330.5716405379538,468.28003556753714
185.2235501337694,122.99266980730121,248.42895075274126,171.5771972604465,248.87894449570987,174.0423809866738,412.2231927789791,183.17698643512503
29.733242742972052,224.27538479155152,49.87056183804282,293.32277796669973,115.22529314243238,311.35357994554903,205.47494793158526,329.194809794066
124.93704704643993,41.534008003620556,178.2601060875996,69.94081371289437,195.08070250337482,196.21325295756674,212.74749011860945,243.4083099476491
135.43971336932086,73.57812259727909,180.4901043886258,226.7506491198457,300.66878288197074,228.59940575585097,368.64034622498843,370.0851026495791
77.78920157472827,161.9408503654808,115.4767125143573,256.20937937366375,177.71262218338236,321.8173964751879,316.5910944923367,328.18637023293667
42.37142563796839,162.340345651865,78.77820694399985,271.5320301013696,187.0434857312981,280.3681555140942,200.68182764908678,368.5950838049192
48.73614232170322,184.05282622671132,247.8400685588523,315.4756362193379,286.59675198181566,325.49734678362466,293.63671902526016,502.2176002850252
269.02971604267856,358.1007818751633,285.75484963002384,370.2646919079109,296.5344354275158,394.39814532987555,350.4418161852402,477.52483903561233
149.59361030048166,180.39911146498275,243.5418318447788,241.86040243331644,334.7894526196391,295.4513979762727,363.2010826930784,481.614848738079
230.11262794751042,45.355900853644044,374.4947062145657,283.44037933595155,385.0492872248946,367.97816060321156,406.8457253472194,368.99102972489356
397.40737529661726,38.23480485121014,430.33418214579484,185.23742243874477,432.64739002768107,201.69549125779048,474.0940419699194,287.3038524053952
104.03693962853988,58.760881847347584,199.32070028752824,215.82336470679957,249.73278102921523,222.36116285872083,251.1853737801029,304.7198532360432
139.1688815571667,113.33687311826318,155.22671496704126,189.6637594079941,159.66651355081228,200.16557317940573,199.30356767900736,210.5824891353808
273.8084778022412,38.23480485121014,308.466529492507,203.61313282572203,323.0340769514547,239.90974733046392,330.84071574832,260.0425195276221
142.00911450148178,291.5379735094497,148.32554636502542,309.62858356887557,455.94282344059815,447.79826752753667,501.8035215422067,478.48403973158634
59.884612530213936,69.86813061841286,284.82335910979106,104.47631473854197,345.49219364404803,112.12127980816145,369.62545443339434,345.13880836006643
59.30309895892898,218.97696720959468,178.92470103657604,276.42278463108147,181.97840109771514,319.01526563982554,209.03360222214374,320.9650048795099
165.29472455031774,106.22918447728199,181.93111331751575,169.61915025463676,456.911365711667,315.7334642018182,465.7224468583419,349.86915287187514
93.2114303420957,257.09537208073243,192.3613846682835,265.7464679616853,201.68179231728362,297.6201455853667,214.0942022228423,305.0233593963755
119.17769072650668,317.0661256228641,154.41276702608485,339.0961490498843,243.03973664412158,438.8036174739147,251.61860995229165,449.6161317423508
148.4158661912297,169.57117023607873,313.7905283781892,170.92679613715543,313.8536609724952,225.64587220611853,380.625965176523,299.74597827389755
46.6662218445393,135.03551789834347,60.01563448170977,175.82165370825297,131.18809419001136,205.6167650791363,152.80302568371513,244.58303709185344
176.8859658221194,141.9298161185173,287.7331674103836,211.54546740709205,511.3234262875378,227.63467178733598,567.3950257708683,228.0008576938871
79.8458200247529,145.59362612215259,113.17958446030678,200.47607890694155,222.96229204801907,202.20730910282867,232.98939426802067,273.7624106993166
126.85716259378785,36.10898212741075,215.53926142609518,150.5091220512771,226.45834060774334,158.2108231174483,227.78285177345305,176.17500692164086
223.75174687759343,308.18189282386635,254.14391449401322,322.44564885070855,320.96258821080227,361.21949368119937,329.59964924463304,385.73504272530334
326.15476228660975,259.84582770253166,699.5088062241524,358.22760719097613,763.6251937206614,383.65180785524393,765.4855948529209,388.2906571627306
92.59414081834224,201.5093667110966,153.87657373376143,206.10893040493042,179.0475841597016,233.50106512985326,207.79417577077425,360.686398082618
29.545903848620153,199.12758443776633,154.69974518524728,373.79897184814416,215.22153575724633,391.7765414921855,217.56312839228247,414.471571511119
150.89657374735165,203.96147135866485,180.55513282258303,207.25183730624397,283.3817947366884,239.38121933345602,327.67818931967156,292.97169586906193
92.99325720384797,41.498327535877145,186.8294456511504,56.20047414306378,350.94341359163894,135.2980171471532,367.10253837925376,246.2724010062622
296.90876011364657,121.43595630004988,325.20965319322454,131.17140573081113,344.436391761636,167.19919423401393,390.6721459973081,276.25074756958804
300.1553335439356,185.86597306147044,318.3735632591322,293.5946379422529,471.3974643125493,294.07870124671126,492.8272710192011,301.4071146388474
207.63716040362422,154.62313855027668,331.5067637156807,239.74554317261297,411.7175798374641,313.5458324594907,433.62466319995707,359.96148391330934
139.9781197334892,163.1609354377432,276.34102188266075,202.47579435291948,298.74732571865013,213.326979680357,315.5520873976431,287.3189701469059
229.04336107600787,118.55367662463598,359.93856611399445,133.57916465925396,465.08240356580603,312.8305008117762,489.73115977227616,396.9940952622327
198.97517989476444,232.5158101728202,209.01276226711647,252.81416818534044,323.18811185136116,286.171171490203,329.58275301959736,366.92077996767233
199.97027097702932,60.4584432465619,294.7154758956413,107.74998686653606,298.3018437958132,107.99911582388168,356.8731935536964,160.7632717901694
35.05891861084106,169.87051774145215,213.39560430436475,214.70606803021482,346.4819430820056,275.8232466356374,386.0779693498979,336.33131057978994
35.8801410778847,103.05255060185054,55.277804272405575,136.38593070087157,72.4246927601024,218.76620161404588,85.40767488320428,246.75357935069943
49.89520343460494,80.07153094539575,187.7650180743405,161.21711599123677,217.73649688522065,350.5338030293225,365.8496124489854,407.4025907492149
24.90258415482453,153.50848651490608,135.28698279674254,207.48422122175944,193.4313269164823,236.14944240504042,211.276445491204,309.7067765845064
52.653357660223,157.53667181895506,86.43371701210908,279.171639910835,127.61514316841689,289.8951554154568,193.93702047265194,299.4866596207082
149.56377853402603,71.65271032807544,176.51096307287915,283.0413045417017,291.5423562494228,381.36320751480974,475.45578845173094,397.1202017068355
147.65890527542672,93.54764355719344,192.63271985011673,245.0155744931575,218.56876564621518,257.54657494831673,227.67968451206136,273.65415451795985
187.92225758414395,45.195032907777225,232.40258269203954,150.19260257927507,293.7216398928062,199.057044699795,341.64101240103065,226.19305294709403
212.169726500644,235.5493360371414,228.45890748729207,328.866787075519,282.2240869416489,345.40004407597684,282.55893417921993,419.4955604219877
34.64011111263958,105.39612276058803,207.17528543752277,109.44795331276194,291.7904121228356,150.83870827195577,364.38809764629747,175.72147388920126
23.36002769146684,202.49152840689345,171.199546438177,233.05309411059275,255.84510044469516,254.85413717035212,264.2306479195671,365.01559254653404
51.99762981395025,149.75307164880797,75.96603582322552,205.6626710329484,267.11307836508416,251.7711917680794,350.46898464081005,351.2637252542291
106.19900388171214,61.98224987366327,219.79298317287405,113.26745340481091,242.3734220630124,197.46350486536485,259.87879090816995,237.03332663026407
155.57922776614964,61.39982607130556,166.55547394628977,214.55722560804057,167.7448305605069,214.91958095560523,354.43758967262636,239.51491132243333
63.83163443675532,64.60817632671191,105.52234248068879,139.43355747529895,276.4276861152717,181.3557797223292,298.0846478620452,215.60729895374192
41.258134745345686,220.46812596573795,62.66960825099652,241.2428982037733,223.2271485692532,314.15297325142103,255.49388469375566,340.89214708586974
152.86826462256423,79.44229541115479,239.9284292420891,229.5149984077552,290.95579033927237,289.0386530850771,332.9979806215198,317.25371950643165
210.51962522816018,211.3247250358321,222.44480747132104,246.68886620692754,225.6903364550771,305.3586827997588,230.12498727857036,360.2699020602524
78.06376482039178,75.5355415040598,249.78886355592286,193.89131338908473,371.9274229830305,277.52778945833694,457.26471878800214,288.1388282210829
108.00168748824494,98.00274850478426,361.73775192728544,172.64764172409895,462.44284225084647,180.42162019702258,463.7488873178604,409.4567980474677
67.7442899442108,227.98607412277846,81.83390626907975,365.7156318299575,99.88166205327975,380.73992176807633,118.7508205357089,417.5244514043336
232.11318097526276,124.62136336798709,254.941540095761,207.63221496869,306.54091196675785,278.68582969841555,318.1302606092899,416.8758957595074
187.04447244192568,267.048694742902,234.85768173190908,273.5169494825927,362.8968973932432,350.79780046035205,370.90309812933225,361.0535306650195
197.97537540746555,171.10198234918747,238.66453348630367,257.5632520248208,243.37532226206866,275.0199328613946,318.2793694640968,293.06610609492435
116.60769621946356,157.45143612524996,121.3997538563074,179.1026080357401,188.16406740998434,185.99945279578466,238.21418187436942,203.0293987752418
100.98571033209963,356.7774681726162,161.26346638971114,403.8359998985335,179.8020099060293,427.5243965310974,218.22713596148787,449.99315252980983
61.28028196559429,209.2204400265662,104.31168708449387,215.3658301560339,154.51392626659324,256.0436491150117,262.8519659330518,262.7838371653619
251.68947079847985,166.24271819559314,357.48505883946154,195.81481283996314,384.4354596077907,204.186066700646,527.2590027593469,237.7682584576265
25.913799408254807,145.66811792013897,46.923268315841746,178.2966215959098,120.62595604722817,185.18146626142308,413.82859623366454,281.8474462315288
256.593938652238,106.11121292992144,291.09750932639236,207.2423656950749,305.97158927889785,249.9859391588555,313.32350657676517,260.1863064418098
181.54314394939465,290.5651546921267,238.61971683071573,309.7403326156815,277.9051046503342,355.8700690052598,318.2823635422543,400.21554808196913
73.28065483104932,253.2332006405377,225.0173513217551,281.3404550787516,231.4072761709048,314.28279285216763,277.0515840581084,381.44962617041466
165.6237309895656,172.2934295314816,256.16772768559025,191.86451868256003,261.76355695286304,272.0649100312829,284.8059389739392,296.9709727692555
109.2975570619276,85.43823191919456,223.63873582142196,261.0434671377024,253.97473649020296,303.91674526465636,296.00944961444003,321.0289987371161
121.50258516727304,101.64274923501308,228.14225093755417,280.7907421245735,243.61592318293495,306.5647171300104,295.79587303102466,426.4182913594375
115.52371190691656,147.0242254119735,135.5192443432981,188.24861534931813,279.38279027797427,220.38896700636724,301.43424590262947,224.7666443448689
163.27316414506936,54.15842285784567,198.43977154860377,192.84444468841212,258.5634826437248,235.65287708597253,314.7839849539057,250.03566013034188
56.446929412268055,177.77090824671654,174.85008234262094,212.5093664471515,265.3775815726164,314.99351442835405,283.0963529621583,328.5862523132087
26.175036376563696,25.224981098871208,235.39020751753105,133.36178033279646,360.62083322830244,187.16829708509266,372.8739442532445,211.8839190364256
27.89160834016147,81.92818937281267,59.885905210774396,89.07881145011487,157.42820707456835,155.51137992627233,177.83238900562114,197.3755460217211
70.10453422164571,248.83827373378932,153.12005847565726,263.4570349544589,157.44819471059049,284.98919695934904,228.36192326890279,361.44878928937186
144.70798085874162,282.47349686560796,261.07603843594745,404.212965407092,297.0438407369234,414.1567979246188,336.9143182503991,449.4904857107643
51.43159881803072,104.3215041273442,322.802887237996,265.85560156534586,328.3409041889396,343.31253016061567,391.439009483026,378.19307877473886
64.83176906819072,139.3198159545427,138.72007859904937,189.8793053139916,201.88752886625932,330.2899844812082,276.60125729364324,382.2769074117884
342.88570517050414,122.94204181817462,352.98102417679263,178.32687018333078,394.53772618679653,199.04725611507985,473.9435751261476,201.22101521713105
56.92382190568394,187.61529670426643,190.52266946217722,272.97822752637256,256.1291772072485,290.3750745744208,318.04675826321477,291.35145888836166
53.16877741227285,165.8274049470788,199.44144276602748,166.6928727051816,300.98173762288,337.74365935240354,318.064528535383,383.3712731040538
32.59784074769183,16.308125454595068,179.6229292507004,248.6172836144951,288.76082763370874,292.390164704667,290.70612904821485,298.1489832435149
338.0648106481944,90.95692212318117,373.5551932395961,201.4468711476931,493.6392344793389,250.94580754132883,569.697638933241,298.69134533790196
183.87827654198466,277.70938887754374,227.27737505225147,324.8878269101667,244.40854119768633,343.49069095027426,249.2002019633114,399.9830715991395
52.212182620107214,101.61735726741522,152.95722032106642,207.29552757930247,194.09690652670588,257.9688230834816,224.43331994137924,300.8509367250566
96.90526410581161,38.78060175811614,174.40870762537412,151.07741835061898,206.08519846816347,159.51380831708963,340.2673219329219,248.1561891280783
337.1801333178076,250.46813770399308,349.29772608135187,251.8673059300954,400.2075315880844,275.7394039664341,431.23292225984545,388.23113360774903
90.8485141173837,134.49903548222943,125.96749536819179,176.85633873025225,206.89994697555287,237.46346544244855,227.88365724661,283.6220244338796
247.21929389337882,106.71319029012017,428.0920970038384,210.2135807756438,504.8397358524405,216.31074887543488,558.1775779203464,288.56173246312187
74.34261144328173,66.0093019577486,98.49984731731288,91.59536322308624,115.79576474808073,234.13285702417778,241.98228531984373,347.0397719945286
143.50196639455268,85.18559475404305,266.36590607013864,224.8073395006254,282.35681285618824,258.77751318593374,305.89394931436885,285.0832603061945
76.56630357300936,7.527966471758527,241.05796023735445,111.835231325532,257.0240669585106,116.20576687005136,321.2131968030242,157.6523626980321
57.71784240664142,51.701262767700406,99.97900485334547,144.08044475418126,255.95533217000897,264.15998066947304,256.3133787005272,318.85949425965737
54.71952421635747,130.7933516030272,187.52095856806272,161.6506995167459,219.32010132886975,205.38245800335415,264.15525198423035,263.3786355076347
57.71784240664142,106.49162434760254,92.868509849219,202.91375679013296,278.19979797514475,251.55894743222828,297.73932669924983,305.0297155950118
138.11969169749216,38.792601293562875,160.6678378530545,89.75891090821257,268.9464289325405,99.12009292962455,271.0939705674913,125.13984226745539
230.4929418258548,45.92184667314812,253.29648115593685,95.43841852714976,279.5605702435624,185.99945279578466,336.89527743799766,275.66264567151495
115.4767125143573,65.57643931008383,175.71290777729791,247.94332640948616,221.85685294702103,251.19139444435277,399.94201018799515,314.6274074749412
90.4143526325993,205.573608729984,178.01747925589424,279.0474807676423,281.16444718740746,286.0698405011627,299.00895384359785,289.65868921570774
147.38926390856116,303.96522242784283,261.73544461323354,319.2926679967361,357.7481999744392,348.52366472202016,387.9988779985216,489.1721544684225
54.33773490704895,330.41653854430086,224.03481235917667,337.59324180190845,280.7978481279184,348.9632032230897,283.8532809916215,379.48242901627583
180.42642031150638,161.6701706731468,199.85951168405916,262.5340479276468,224.1318813406506,346.00165084162165,230.52401723385947,378.11223878769715
289.8844872664566,192.50697101509044,341.8385396845865,341.42175704155085,349.51896163933117,350.49284530121474,364.8245454050739,375.4048967634417
151.79528227583182,94.79601942125949,176.00992496929274,324.627895283257,214.639142067625,409.944853372647,234.85768173190908,418.26171999349566
111.53258448795899,181.55492708347137,126.76676882525432,189.58402783218293,139.98015264134122,287.01703092544545,140.99056869077262,312.8770664838563
173.25684708723858,161.91567270416434,184.24776495855957,206.5546910629691,287.94885831630666,285.907418761328,289.7756096895843,313.0517775903189
149.08383514620184,165.46490013826806,171.13330845867299,298.5859302728341,171.57293604601566,330.72028936872624,196.61844942020625,387.17386673679704
185.88030290338529,67.7512528813065,210.15599627525194,96.56822438283255,246.2515366671702,157.99823330437852,310.63290246622273,203.6816090788285
85.46007873695442,72.176236719285,104.55655618899138,185.29802040045323,166.47346365669725,194.67486549190826,175.68421515920994,335.44142046308485
195.6928538057622,91.50113461905366,223.13120230996418,338.9029002005439,332.6230862765736,353.77832420574566,407.9549260579997,432.06284221541557
180.2484249706094,47.117209618943946,211.54407835424524,100.26580023056977,327.91144167738577,173.8041718122431,336.3155806731768,206.83183770856616
71.26387208400881,199.76930236824114,236.08538837034678,222.74319472794878,394.0656176021518,252.50367240569005,403.88124254300146,304.50824759092535
144.58144481239447,120.58475100964083,263.74723815764344,172.31235353699515,325.3342925045608,261.84804403330696,339.85457912712485,271.2933202785423
32.85613921376205,169.28391111820096,125.18062688410672,200.9794202807736,166.96595588211483,223.59594780187203,167.99815028824037,267.9527846602139
121.67730870965448,189.22114739211182,124.78181153334951,284.7452139337328,136.16716684477092,381.7705244825466,199.0959775619834,453.0204704764481
435.08071898803996,168.45642804695245,437.3049533245183,189.6032776731169,479.37309405202456,296.51684686251696,493.3917980441582,296.7611821233314
26.062066743801555,99.73798658688126,66.83291966463361,101.514869426162,118.14080962193594,168.9228110193046,146.87024592761233,196.67226485577865
311.10679849853005,164.87602377114365,331.6091420404056,191.89116383622155,350.0444645418602,195.30009306599393,365.20085796327203,276.6063719424682
106.42147916053332,159.0776835125879,202.4092121621078,204.13560998292252,238.11056361235833,356.56727618385094,262.8011704008154,357.72841170249217
225.6598290048363,331.77206258808485,319.6225687265466,333.2033874947822,338.53892168797825,343.5694180513391,357.6594361682121,363.1461052675512
91.88353348568089,76.59331418968463,102.53883395841765,226.8006413684171,104.49412109907871,283.45489940659263,142.0259388277823,333.2914762316204
42.82812749898948,178.03693827340143,144.55930078260695,191.03703898773762,305.3390858007394,322.7877942707612,329.58275301959736,459.9622908105412
101.44328484285757,290.66221612401273,170.43103478987612,327.2309824436111,275.69185514607045,351.3075808328216,387.58821795525813,429.64463117285555
69.31682952405552,51.71724326744863,215.61041946982394,123.7654895196775,230.9597679867411,150.26148714639987,334.7118752853229,209.83177531756962
188.77778968016784,98.35165937622682,204.1520110135738,215.4506634517896,231.25991414553383,278.8039035059761,258.81290117007944,292.64801230492424
158.3389993027835,243.84958693413606,303.9937758305836,331.9130613815201,327.61000728440104,381.02478134392106,384.3489275506209,431.47187590052255
201.17799092542336,42.46458702965188,256.31792890969643,95.5520547433876,258.63392017116485,146.57355923964406,289.08927913250636,189.05662719699345
32.026193194379076,108.56427956730705,100.21886312250908,195.15962130243318,107.37236452311399,300.2880268669666,150.9379356104603,323.3342161438954
141.40409610066177,122.1607405039442,257.208652997584,127.09743192363628,300.9710825975161,141.61775454021418,336.686976945916,234.23952236276784
57.45161330873793,129.0852189956055,261.4178539805535,192.53808140734802,310.00933406958154,230.92270875442293,396.04563819100224,288.73666609021245
69.58278398206895,136.32030996568045,154.90036280557948,178.0609191060419,257.2673460205877,233.34985098932907,260.7662653705102,280.0252982283
21.412381819542464,134.87254135657045,76.89322834660794,192.0844841162397,163.36494074210785,229.19192651927148,203.6282097800774,235.36333317632315
309.27225165576675,49.674784909370274,395.3458692036003,145.8768952408023,409.2256310982883,238.5559099587866,422.4370668439322,247.34366879248935
147.00469786909005,231.8731727824219,248.88669950576244,240.5840168721688,267.54666446086895,277.7533457894087,305.3891605236933,332.02533867973716
152.93180414182783,68.30069147012522,176.6391059829638,88.27493662673058,191.70349746959303,96.93078509766853,200.97688436551292,153.43126647058725
115.75383784125248,95.37606570591305,194.0188221395055,114.3444630047485,219.7381810658202,175.59320341811733,266.1251962522899,211.25805457735038
111.23563454176278,94.40894678389965,129.2420612614604,150.49305147066275,160.2449685419134,210.3969578803785,275.5107690372781,303.05570150084753
114.59648819148855,279.2747307285238,191.32239791329314,310.61632777675516,583.847644428843,339.88766284756673,608.3748321091043,399.9379693532121
227.93933330251195,171.25088492446275,245.67314852624642,252.7917210129582,274.80895823946105,284.2541814060161,301.5581502883203,312.4878258794455
271.74810749142404,197.64601432776263,278.06086626528213,235.91061697562606,365.7122023321864,283.2177163388593,430.9329572925216,349.844301916707
102.77490225327418,143.22321212993256,137.58451831733973,243.9814296854293,164.18563139700944,273.81124200119973,232.47291689284827,341.83050476197275
96.48442564234709,56.516614706350126,182.50652527458809,83.76184510559888,199.35956220473653,85.30283023871422,209.92205342730688,87.26715894449934
121.58806750297266,39.55371484002059,225.51135293345104,225.39081371605207,297.7859820552359,230.46991273745914,346.8405792953219,307.51403764100974
25.520197771916585,214.72781408455634,255.22791287204228,377.43106542981894,351.74140532744286,404.30098670678126,413.63507966520905,457.61780963777466
32.93091019219537,135.45299085033741,117.10290942932055,135.68485604240487,164.9551065553552,340.91450515219293,207.67791558182458,372.1431053360273
80.80970963493266,93.29958399151727,150.30656379236186,302.65083934217034,187.3305304370835,362.59266304036095,207.53374862188608,368.33832882167593
49.17464248227121,137.8739674489012,50.847768194691696,233.6515891543498,112.08313679535883,353.64422996775215,153.52565429275015,364.6435185514683
153.82653389154422,187.09198113242937,313.11132510420055,282.1579449102979,419.7881612161792,301.64163851554775,446.93492990754567,341.4779399061895
201.5031226981596,116.81530635418723,205.5294399426965,162.65450065683254,237.67550576765652,231.7515876854426,316.4883189583623,274.45160729067555
23.923863620680137,144.51803031697926,72.44516786982696,239.17564834969062,87.55808222312841,293.5030993044345,456.25034777611063,342.64242748637986
25.0695113963635,80.49871486104318,39.134709577501965,262.87638180250474,158.85501553469206,392.63401412110625,256.8969912341042,400.64132125272073
68.50411120434005,149.88142317002047,190.32165902427815,179.05690593627438,304.92834754080843,330.6036077154888,327.31647092867223,375.5366531814904
45.149897200293076,118.84782829725249,215.3376427434504,239.63581279506346,221.81293324291988,241.63564453974004,247.24357354932363,312.2692089579805
40.621980561719354,67.02776180350736,80.01056251812449,95.43841852714976,97.73975172253103,241.34844176776872,153.008725651247,253.62855351787502
325.64567359513785,36.729476736228314,447.19781339372264,183.19945029099102,449.38745403784145,214.75789390515843,462.38543480387193,257.37407412769295
210.96324985725468,69.86568143700889,291.08025463818564,163.40993967739703,300.1090049455707,188.81207561922326,393.40795762067376,233.17634180761848
165.27066896892467,283.62510449419517,180.69613301774334,307.6353197435717,202.3174180549054,308.08532643781035,229.30115974787637,381.0416769766756
146.19599921148017,162.68596601540338,195.14474215919094,175.40591118612795,195.69322747242603,239.63522284749757,355.6542582785508,263.8347660614359
74.35271380725631,284.3950085238447,138.56062647294345,349.1118054372768,305.1800715104769,363.43142719934394,369.9666060109148,452.0531554668038
190.68448768612058,46.3893114684473,224.53974036581084,211.42384961720734,329.59129367058046,327.8094243953784,388.5288385387802,350.3968646757442
50.699053673762855,300.29556101144567,60.115562778397106,379.7126424160578,115.30401734892197,383.1879369699095,150.27082608057756,395.8975952983987
241.9285424704802,220.52896997755758,365.1597083790017,342.54383677480314,429.63623344690166,383.60846171830866,514.3406998041927,389.91798181219804
116.8915700637259,188.15638027498414,181.8649210696806,226.07748668641136,416.07583573893373,299.10024557249073,430.67357813198674,333.39621516218034
102.2033151250681,102.90641114908028,265.56198225244634,109.01696858626427,311.62721242320066,173.22299499035194,425.02398877106754,207.74801148376213
96.04999393275826,79.30807468469453,147.56710065339618,81.38039055702471,193.361682506468,160.40141075971363,225.95086390562494,299.7586200216025
56.86899954766486,38.55474619834982,152.54108446202295,59.63416989331063,224.0613075107153,170.92679613715543,224.24605461100444,257.99893184866636
143.50239105850585,144.18146411980456,190.8714993264397,174.21797710045206,300.20074644318646,199.26628620743867,300.7182192707471,265.0735196808628
72.1716239476659,244.73772799613027,388.1615206694295,245.47851923757165,404.0535817370461,304.7013550735188,445.4409714664606,321.3413293519484
147.22715404983325,126.85230370399317,201.03980498328477,259.89190629267307,215.22153575724633,270.3010877852108,220.79043838550567,488.2058024585756
83.05529519730018,140.3801155411767,205.69893423190027,177.50926135091834,242.34978653527,309.85494749414414,265.7369176507186,395.08049791132
185.3861706512413,79.5528073866771,291.1943751194116,163.80308495528092,321.6151673537842,293.80275592295914,351.9927680452979,322.88036056306447
26.161101668015508,114.83245093693925,348.2566773099513,205.41005313055234,390.1661930821036,337.83247834949486,544.9438322780077,354.608422303343
62.92694273286739,234.92163012527374,162.6496898424627,299.38008079780775,216.68560908382022,440.96638374748767,358.2138869760768,468.49489892536013
298.0721839481622,214.16385093170805,353.6275711463958,226.14267232973253,393.74407002744687,273.01027312281326,424.36762122912927,278.5882564540595
182.88897101889603,209.8522778209873,185.03023611318616,218.85817849231248,307.4860567334571,297.19677567731674,386.4613246297846,386.44403479251287
238.1519257744532,126.05029040346282,311.89614663846686,197.52988342276493,362.3493929517821,331.9353226444121,365.24509882580196,358.32597808268764
91.69284980632035,93.75616640389106,295.29498177351496,179.62883928146877,299.4400034587115,303.5606637221624,317.2655569418553,316.3102372978817
22.690680493044457,89.13120673579948,239.71974600554745,264.55803492776784,274.814778017876,268.38830994420533,277.6111339073787,295.3226874017159
171.6397560715093,197.03338760698625,179.8671152272342,215.74804676861797,197.96012880540405,253.73546375988371,318.2952781960651,263.5728026005183
354.80816749528555,107.3725076635308,387.03531162216694,226.9151192403145,407.54267952189156,292.71884567629826,425.71720746194876,397.79485063515534
112.68569396652734,53.05038909117707,243.31001600446868,195.6326899439722,353.51089331530494,298.2288315235186,431.68118933836377,302.93869065958955
23.333379994705368,104.88610532894883,81.0671333051175,158.1844116298229,81.13000654471212,187.8440728375276,189.27425768233797,229.21774262767528
23.333379994705368,118.1478777806379,75.609457748524,200.71720048210148,103.41872086514036,270.90878422184556,195.49940471464464,290.64236156019024
71.63384438922233,216.44110010709016,143.99428241904013,301.2427977903554,194.25410662324177,327.0269654462269,219.22271395511495,357.532074454888
154.16302208597662,50.33598141222271,216.57135148959412,61.1288247306014,442.5904241520487,161.98716920253375,512.7687940309609,179.6607702494663
87.53172241152893,319.5368187848006,93.72508235066381,321.1631452347185,278.5249668891929,382.5797437338599,305.3759531500569,402.36115186558595
85.20051855017985,137.44856101836302,164.7593111709499,222.6440897579658,207.14202913822504,257.2501867043152,377.175711527683,390.7161630267217
65.56304996754886,158.7531449972281,108.04105409360079,194.30103234994598,118.10814698332469,271.64328461910543,134.90537260121008,287.372734826632
23.746429474543763,288.7545247922123,42.53682585378613,299.66025464460273,166.96595588211483,393.18556897936315,199.25955632755105,579.334839456576
178.58399256033647,187.47507100519604,209.02972903763785,313.8664067069368,242.92945582574035,396.1820265480668,373.19668245875897,469.1688474533049
32.33801405810862,103.6937781460826,74.06591189954885,157.90457480218873,187.28912844866545,277.60688717183564,350.99593047675984,279.0430531178893
97.71806913968096,225.65570826809588,378.49878000228614,310.2681364399158,387.31131524013625,313.21477162176836,464.3004512765937,325.3230110949905
558.0370270150083,132.93322071369428,667.5112450316436,134.62242947105005,680.3536770557761,220.6868122476286,714.4504359392893,267.2978264560098
336.83895201471904,91.13932312903353,339.90190056020333,138.4099530460981,346.34171521328966,278.4558494152229,441.5456288990737,287.74301816714365
194.15807217314443,105.5882844656894,253.38686396344082,349.7529398024698,264.6757759926861,377.9766349063358,270.26236864315587,382.3586688306583
30.237007777632964,163.20293625134667,201.08679789590295,244.85232095292145,219.52853801952787,257.99622272821784,272.59431311996275,289.91350832308143
45.35294132746969,163.09118375255167,144.60704310214615,242.59124995267254,338.69362463615147,262.8531682081451,387.1707653281836,312.73148173603755
263.2864624578026,102.39518049763679,309.4417773866984,102.97680758809851,313.11132510420055,104.44771340681132,344.3535357396362,244.7668763014087
286.08327037211785,250.67003892612306,307.488127816882,256.24266766125896,316.3393076750805,258.10812334084756,339.2400082869216,351.1510055570808
222.32464871328807,90.30040511462461,280.2360585491171,197.0289528690868,287.5375553138605,200.11579223521542,320.2763808730511,204.05963020326843
181.75934079660877,43.32120267103783,264.88909153691264,47.67411630064801,295.7517229688085,391.9220310330502,382.56286934004936,406.9769022701121
248.69423472397483,69.86568143700889,335.4550660683881,93.61619764425745,362.3604582388256,129.7017687020374,455.3383744995892,238.1607019240785
97.82618064838157,142.7149109443208,151.4227232224258,171.33356454237244,168.88018692725203,328.1643555292586,354.1523034538185,384.01666976112256
129.3146493811533,39.84311981982855,390.5715538949459,87.81627971325679,438.2811211539866,106.02352247448384,452.0264308191649,201.47403535407327
202.54582212847944,80.5657293840311,208.3663002534871,141.80125358537114,245.29923160228577,272.0649100312829,306.8025371367999,302.09559386103047
59.39765259134521,98.41223897492289,147.48973336358935,112.24687880773097,166.1023019632862,200.84658924136232,182.26630021076113,222.7226814064408
31.468766540373363,106.71319029012017,143.00983257561484,210.69586428001733,220.02629976166799,276.8131118691411,245.41484564654235,322.4308590578591
333.8002364994221,198.10467151474776,384.4949964085518,229.70912598294322,472.85824801114364,270.67740936426424,596.0387556182376,326.7772044044986
223.65362018893723,98.35032660136073,261.0124985052819,167.06468380023668,328.9822632948073,169.46049521583507,337.5221671867103,243.02922767825316
171.6863545557577,290.7079268160915,176.50800008147462,293.33976614300275,244.05185582303736,324.978951041622,279.05681724696046,335.50912397077593
26.76141103919574,269.8335064460929,213.67317354756622,303.20963204767867,258.7845399811503,324.31872491185055,286.6267639280433,496.5020813994614
95.20333831707853,158.17404445744396,129.94060873719053,201.56433738643665,187.8307012021319,226.492464441677,198.5008925638118,238.25060108834205
95.27120751161048,132.0604073725829,114.11634593393087,275.59255436772014,194.96261620438042,279.36685383195334,250.8443576508055,283.4402632477293
45.35294132746969,176.7589378178779,167.96546349909048,215.28705347928263,372.3557711488545,261.3950919295271,381.1469841383838,333.36272946667214
73.2039359647619,107.67368215151934,80.22002567606171,136.4245906864113,238.85362151226238,226.36403548572403,267.94782972195304,293.3609366502876
81.90878251921225,48.09804430165465,173.2970008158998,137.79606880980614,234.87979108339053,175.8825229113058,282.20362047075497,228.10013615013438
37.014246602493245,56.991422155228214,134.36472114234283,207.48422122175944,249.49270064659117,238.2448892205845,289.6009097505465,239.70594942057429
50.384298936099945,114.27793784665369,80.44591549719422,209.6973305315585,199.65034160069965,252.23226559403898,247.587791624306,304.02478914600175
75.00065276292295,145.1468121922654,95.73958403213338,385.0412224106942,287.31953226773265,388.4931357664723,342.6343193334854,397.8829057099652
99.52835645850385,91.1103258542184,292.76918716221445,262.6684270846236,294.5508761916142,311.9029767434914,306.70192887833025,369.5692012488973
38.84777413342578,38.39861739246767,61.0059520446953,176.20940781860304,65.53264546116658,404.02304259408595,229.257515774639,446.0485349270496
29.805354610001846,149.94491048937473,174.9727098326932,341.56556793240094,194.44265126087586,375.28851753894486,226.918584927151,427.8270353021082
148.75812305311095,131.65139371226857,173.25684708723858,153.53817818191519,334.2806322626669,157.97814982203894,345.94878390483456,179.078296471152
170.43103478987612,255.60277894761967,266.5705821755553,325.2194776516503,286.4280131235102,378.1941656522259,304.9096752322348,382.98473951630734
71.97653845579937,380.7153477868568,105.52234248068879,415.4631477367913,260.43801309691116,433.861854085044,275.9461962725969,454.3415029797471
42.36728891345092,51.33850271261413,84.85435201802129,255.44838182743416,144.30395433414117,302.9915872595758,170.61098057698584,347.43628978896163
30.3909086677723,265.9363545659242,167.98629784818908,268.59815464574507,187.52560557098752,336.03335833838486,242.4178755091443,383.19331350747973
23.36577001368102,240.7122789017534,32.47606075122509,317.0214383832269,160.26769863908746,436.19654776229464,217.29736866285162,445.7137862531628
91.58525366959338,66.75190542371902,188.45893985182803,112.39426437392156,235.71467922529212,138.85757739750753,379.3609516636137,296.08675668954874
191.3659707960803,209.15051964447352,273.1043122268313,231.3321298738879,316.06307562485785,286.0662837532544,353.3198167392701,307.03504522984315
64.71219129533216,132.06677078024705,237.5981366239895,136.6794834057984,252.00395615769548,159.79070199582534,362.8995569440181,181.5064473667255
441.68483247462547,67.49991387528515,494.44594962690684,68.35835343946106,636.4536658949854,173.95110124443292,774.241581917102,189.8898774989413
114.37091454223719,129.57913147408664,190.68448768612058,198.65597082605416,312.3890414602001,250.94580754132883,328.959562423886,295.6476153185532
54.33773490704895,71.36530428137921,169.8871104938777,96.75543385080093,229.7490667739924,324.10465314667016,244.16259719790244,461.9819407401426
65.99429415082413,278.82169078033235,100.54170236585121,292.3888284646779,251.69172915159612,292.390164704667,254.68036385843854,320.49106430637556
116.11693130684813,150.33405789929105,138.00951556498066,234.1057362253828,253.9245523856623,333.89514264627843,354.6674088177605,349.72299138555525
125.61976797368149,84.26562523017915,214.44168657630198,129.63228829226568,233.53505863128996,179.6607702494663,270.2339018693348,232.32978518300104
110.9003952813552,170.55871019415645,165.5381006368196,181.58173702579003,172.8904692965049,269.1695135713761,184.27838223665182,278.35251954869744
18.513243752309748,328.3554262408267,292.89568420199515,374.549336258223,308.44843902555294,428.7345648797341,348.0230182826849,436.9958083670653
84.11335095469948,90.97049254282214,138.72303869045422,265.95080288692134,329.79849234077244,301.8688747372435,336.36582863759844,324.7171333715723
146.78226484185853,33.63642325243891,173.64107054889746,115.23515122422297,197.81821457181223,283.1452914476334,204.34867261506366,312.4878258794455
28.416538160117526,142.10400652556268,137.43329237756018,256.2286740572277,163.74234130005226,256.5911513551243,204.00416008828262,278.45831521112166
34.22072127220268,172.7308970935945,158.7321244126469,289.01722258328067,162.63219937804948,382.59684387555643,246.24005760543798,470.4638524142573
146.131728326322,125.39994115022017,228.98122215899747,179.4343285609747,301.17778729159784,326.5307945981309,514.3196911860907,332.3172362021704
101.65529591748707,85.3242950583563,168.59419214466234,156.29471270901874,341.06146337011114,302.93869065958955,347.0931647155992,312.46485087883275
277.52404743249235,216.3435650208749,291.45193876258514,328.88056897367443,340.1154074934965,335.769648822847,346.63203406850033,339.0773988594074
88.71118034295601,91.1153320386153,142.15051216572041,229.29573999523575,147.66072642853567,245.9050077766746,201.10403205090012,438.4802985439714
199.97027097702932,122.89002329627384,256.93559936107204,221.864426170091,322.758327715287,337.3278993340309,338.1042843511207,448.4318474708763
44.44331507803705,66.2390231716273,155.9751134178178,448.3979346953945,166.42658323670463,462.55863694005484,183.61422734670683,491.24507922450516
88.58747686699795,174.4024940115379,173.30615334224566,314.6274074749412,173.33808217088944,330.9986210045441,209.4467847485989,350.476998492669
167.7985868174823,158.2108231174483,220.7645835488351,161.06500151066842,257.01975193205186,181.6804923457251,284.3067846112563,219.10279747063842
45.99874508686672,41.89244990207421,111.10487759638052,64.56716815039586,182.21425459598808,96.93078509766853,199.78275067270616,112.85848230958047
36.771267669344134,276.5596025917022,131.4268484259965,303.09364978974133,168.0096474426657,373.18168517127793,257.9617027403493,436.9539409135546
204.828363226454,164.01376852943426,287.7531230003729,336.8240146262297,302.8705226257834,366.87495070317505,360.5771006141368,376.0284424132411
110.96678703928899,132.72279942651232,262.4424135609932,230.57035710157152,298.19148723949587,250.7801903296204,309.65949859185616,289.73230563881896
96.87897799024532,162.9700998659673,107.63108441829928,224.92862740565803,178.38650733021254,289.4761674318837,230.27891209430052,331.9949105386237
31.377276813027606,32.77077798640786,206.35493460480572,132.75126194048667,281.44331517824696,262.14180864012934,358.7801656771153,307.86415730558133
38.42323054676247,116.15774067612698,263.78750899930606,286.7986461999338,320.7698428746718,406.4559180311269,354.5529620666577,434.1002817744896
175.2381836557762,182.04334591469055,322.8932648262018,336.0436819058851,415.5999333564607,345.99108777419104,474.85345838803266,398.0937102516143
137.11606132523934,78.70877996375941,171.07885128667976,113.68970798194094,326.6541767232809,295.53636278110133,355.85842505937296,387.63283233350097
57.29334002485695,131.68492785036824,71.56799132339793,168.04681095998154,145.22880669036613,169.97851242871963,170.83766099529328,292.1953379406988
37.89104844838746,79.23970042891887,51.85902937099436,162.17343714138457,61.43644249045135,279.60354465254477,226.032315800541,357.5598691921091
167.491737246352,168.93615434680078,183.02281905854483,252.40340595519174,188.7675266880445,279.0430531178893,195.59666035391962,326.6082459132614
114.88358250544947,290.77147461562896,142.26611228033482,329.8466493980855,269.43102022285575,332.63181170292586,346.69623577421487,349.72299138555525
49.18547680911653,78.47382637024864,290.46878488258767,211.42506161219129,317.4821440340408,270.9001967630424,372.9778705851354,360.87081840943273
150.67406341161657,51.44553171052887,168.6236088618622,179.90269603346178,263.2014407067983,194.63673043219003,375.44843582814343,202.27869710356265
270.50933385534887,104.27496288694543,279.1398073162957,425.229616154763,294.8277913723649,431.3769230402265,337.06683228331906,444.7804504362438
59.64954084009709,178.75253856037008,87.59396110586914,193.14067266440176,128.25542420731097,329.35977300677246,178.85838761257486,340.4431665324628
84.05451527909837,75.15833791487798,87.71503775338418,117.62328726108856,174.2044307138891,249.39105178255696,219.14797739581883,276.9173029113504
54.01077482615818,216.7743307667234,121.29246802715635,403.92570513021,177.2035102503319,453.6222567578802,178.5330678933616,468.4890262589941
99.18790830413836,112.26498776353453,208.51915896794347,176.7222916551862,347.037694808767,234.61135389708267,477.20151739100226,271.6394965487596
118.95457437523156,94.93568927342402,245.55965191095808,212.43117639822506,292.43921771449794,227.92006702206976,324.9297765429466,291.0830058605798
304.4020773328779,168.38991039988042,392.59516148847456,226.3436019485902,476.39718930976596,254.66150361116934,494.23975776291655,265.94970565079694
243.5418318447788,254.1643646102162,390.7673408855928,279.7174756457053,454.23628558579077,285.8943381204359,491.2275859959762,345.994516790744
42.70256901682991,277.6695094537912,142.07091183021342,391.48457067127225,227.21105639801206,396.64261186232375,321.40350436835627,454.7268654440207
238.48452664953928,184.0030326458064,250.56013873434694,251.59021105774127,276.5080429465875,291.07931500186845,295.7485249555525,333.0391359667775
150.19585676314227,218.67758978564416,226.16027165272737,313.3034498981027,245.595926609163,431.3759586963816,257.1608725513684,455.5236288443519
116.1776682426032,17.276046697345162,184.58334305323476,96.24218188091487,262.7217160473509,138.4945700156626,265.37994304295466,206.78519727153915
136.66837086519897,128.9961432958242,152.15701942163525,197.63772117873958,153.2359271714319,216.87001480233732,177.15688352102998,250.0566745517051
99.41659260973856,146.11090094332448,211.99116785839493,230.66026508262618,237.63373360984392,258.23754912379775,401.97595030629464,311.3204343201063
29.85447746166814,130.6975978179981,86.31478866403174,209.97056562822743,108.84282831493373,266.35897781697514,131.76043364194322,314.31420562089426
137.37089236250083,239.94758202903716,301.11856401331926,324.3611642675544,310.3728291196171,333.33696082351486,368.4350785599932,397.0361136392115
24.379845574655366,114.2825838842604,79.36238575556382,157.80113741726356,140.30488841763315,183.61700203234977,165.97626196522594,194.20569036286
86.30715963986955,223.69385258614312,253.62106308021242,234.017619594667,398.4864887304799,273.6204117446204,400.79152831136787,327.4209726623695
187.70071928043026,47.61482535218339,263.94824554962344,53.50074122805493,309.99941598698916,248.25831232553648,357.3637732399901,251.56341097924172
62.879170935511624,180.93798869399433,83.24690096367674,247.25844877338605,237.68765473141323,279.6233511778995,270.7613429169704,306.3404931624767
85.15961725939687,49.782018508185956,206.89930824587515,64.58238861891125,257.4567577977348,147.10230491600757,264.88909153691264,157.56066765665904
307.105228351012,86.59495748150661,307.9957686556535,126.66161720788661,371.7987572430924,377.5775884710488,406.30711670091,392.9064598286599
275.66952146997016,161.93982440390323,318.6442587765434,233.4731268823124,372.68071824239655,283.17049517723524,434.6871496039705,298.1489832435149
213.82949200935622,210.7720669199598,227.76430036153377,226.8466770005223,275.4315177685696,227.8047475000628,311.7996962651018,314.4849621632937
29.19548528488553,71.59334133146506,55.35462608615566,236.46551516012633,71.73480899401456,279.36685383195334,169.4879525329776,284.9880013909319
253.6611783873032,209.20149116497547,297.59839166861417,333.9847249779408,332.3008377809636,370.9083063193337,358.71089880487864,384.8468160518946
608.7748073554061,146.17404074971992,658.4257546353069,237.9872205980124,817.6574064459899,276.0449039145831,834.8957482430897,306.5314259153605
132.57099324004142,118.96381477991676,219.48642029790696,304.9217252502067,231.10853784914033,369.4840068698722,297.4874288926228,404.0944886650475
117.35856405408977,257.5494122924395,384.43348106964675,279.66459014288876,533.5260418784019,357.7658328488341,535.8797010258494,404.305968911923
43.189896843502154,102.96648604587953,105.88497621556257,165.56381708373888,110.48567354126983,172.60717080961717,148.9323775358627,281.5878029294468
39.57840712820329,162.8026617906205,237.73809555144464,272.9193016325462,328.6531282079527,292.2910716844485,393.5563686664522,337.17451447985593
29.545903848620153,159.87034614335832,178.39891491364492,168.67850823029067,196.47632619078706,230.57035710157152,220.79043838550567,233.28303113133404
41.39328134383921,183.5598475641312,105.10901897102859,273.6204117446204,157.58148588026648,331.9130613815201,169.0961471581135,489.514227039075
228.96263084541008,166.79832848953407,263.5351410852598,294.3344160062088,307.75598134698004,319.94501670543656,353.61608492891025,365.7156318299575
142.32948798331395,73.26942487609523,143.25712404600327,204.04269105912775,184.7150952784053,227.64397918400846,223.34669946931467,308.43535526498925
49.87056183804282,162.58668874926485,59.13979972121376,243.2238662119871,156.84613512002096,265.21271526979075,202.27973251066499,339.43121318370044
34.43762704535293,114.32711341419515,81.33440713356039,120.61596508184687,154.1390861794229,194.92350408359843,162.09075392175993,347.02091386800515
38.138337446709734,200.17410242148296,261.9914206666985,205.41005313055234,279.9697149731479,226.15087095706284,292.4199301723154,281.1272157655697
37.21963719751304,156.88044458901396,56.32212346409515,186.0936785202802,150.16478915104966,224.8073395006254,224.09892347275135,239.87648687536225
69.03798485443039,18.475911040425917,70.98665262076258,172.10730297956866,122.41257644500496,177.41667642008724,200.76710003831136,202.35374056129436
190.2745736130479,217.96991213765511,190.53813770952505,251.57530023464562,280.71123959968014,333.0328941270543,385.5196837242978,392.7393028014587
175.89210302860053,24.58271241496679,188.04382763026868,92.82537206753486,191.9426231607067,198.9679820281948,239.38354927969752,248.1377177123532
95.19300906358232,93.10744529904386,194.2396013137673,125.13984226745539,370.1712620488501,160.7851144047603,450.2436670259573,223.03422010138692
27.524792622685613,49.16839240613474,97.03684312832321,197.3755460217211,183.84950362165657,201.2497835955171,199.47438129036186,255.59437699649138
432.3204596654278,137.35000321902376,444.94805043571375,224.732235975668,470.5454393081328,331.59713453099437,537.1152373453499,423.85972136103777
219.86502925621116,55.30604510829377,234.5899880607814,206.61135590275438,282.60800419309544,271.64736271318117,287.13909069500323,305.0288322435761
133.60159083275482,243.5317673915868,181.7270208024003,256.10712800620496,288.0925836465702,276.2482524241414,290.95579033927237,279.96660378159606
150.48318851931316,174.58465209605012,218.9491108881392,306.9291025960073,252.9402528093754,318.0173628468835,365.21619550560735,411.04340287104
120.64033045061838,235.35979584675002,145.70775728661818,277.5938895817994,152.69747688118443,355.50301853261516,233.80862373242658,462.33890126093985
336.2018579423888,255.21952209489461,387.1918365226941,290.14877964467115,454.64884096913283,310.31027649493893,469.8465024509796,418.0550163968271
56.960982754876014,193.0890868599616,350.7123042013908,328.1939342080118,375.6502665048648,350.88660626951287,417.8413943858861,356.67474629005653
181.83556416263218,299.1979279694884,313.63230454423325,414.75604682191243,327.0653594644737,425.56219734127353,347.83751032724643,448.9377584680441
190.22956754243424,58.24760775880619,436.7802853319764,159.93212340814384,477.88450443602153,190.27535772184623,528.2156797832878,273.12836834787663
105.48604220120903,210.64740973815825,227.954780228097,288.4124980703106,245.71271492037397,371.9658926943819,269.0368463315496,389.0226006646724
85.97069498703698,272.2720878603065,111.99205868597494,300.9032763317558,128.6034911554434,378.9920136547368,180.17472598336025,414.5907269736911
276.8229092576361,261.58910522488577,305.46313392749215,262.33345359891774,336.59217843037607,312.736503097877,337.55671989458574,314.0359944751331
24.457175429050494,168.7158102705664,90.46844436613776,236.5794080424732,252.52028679051003,286.1143311892944,456.4291804403547,309.87383707068864
217.53635073761703,182.4908990840556,276.7784937812313,278.6737534104742,393.6228119723591,308.7221517979423,427.74914148261524,308.86723103345
178.52402578594493,186.17722577758596,428.5327144405282,273.72755961763806,452.7501895379029,280.9499285502193,511.82933652270503,283.521446097622
157.27471061531574,113.32672249655808,271.22530914095086,228.07526280550283,334.3222589993656,266.16825746328317,404.6966314394528,365.11867780617354
303.7472107389207,130.64213831919048,336.83780877112866,227.91901338491502,372.6958662219236,237.49314073110912,414.7092449633431,323.5005550211991
125.58280424756934,66.91457526138866,145.02866860894648,136.25813138570328,185.20938958610182,167.32465497765494,239.52894526739829,275.74364892791834
90.01857605378235,155.1136323265197,119.92028780025977,283.0511120844481,137.7485459481198,291.9115539062832,151.713976213906,377.36778332039626
17.428515780627478,223.45559790620246,146.18869179514428,279.7289478029736,210.25117136261895,342.29424989094866,298.21284738630567,392.1231326371225
298.1947890331221,283.2738116109416,344.05785000032455,293.43443659660176,425.59313187881514,376.0418232308406,457.5478704231664,399.12840915095376
83.40560928257338,249.20221297901583,100.16161136648803,288.9467990878373,105.88497621556257,330.66843429328503,112.24203845054052,357.7072956249413
175.5820477725045,42.60661633884665,206.45711445440048,229.30791845122204,207.12744859651326,273.4969399749373,248.81836520143383,277.9778386630675
197.2797488348673,359.1494293402332,360.51611041886247,527.2750631347297,426.76300135043255,558.2449874264998,515.5431093606372,565.6030069235636
97.825712406881,141.89006471935,143.8341648406556,255.50413760873585,161.66959454981867,364.3335143392699,235.28112145068727,461.8807702900305
100.97693243420704,251.2889894846991,234.71313661325448,318.5180476891441,294.88637071911546,334.4966185125955,447.4926755555928,414.4935262876969
137.68684799530223,29.524878289224013,198.66685395534898,60.64106823991485,265.5194616475915,149.06664951357786,318.7794691845942,151.32760395558935
185.36491446473897,218.7797983538166,290.01110009847855,273.7185575335168,495.0758574613318,328.85777061676714,498.8579287418617,389.3176117470731
21.412381819542464,261.6222881710938,59.5777778494637,301.7982096218635,151.2458096047393,311.97209869483135,202.57197533059545,479.0392332654158
171.27172178348184,105.01340246755433,176.17042720896598,111.30653695748786,275.792780856915,142.97816454052153,288.0925836465702,245.06486730907758
138.3768290756265,114.18560481737055,180.55513282258303,168.67850823029067,184.27838223665182,173.76893019202123,237.09978912178664,319.9486764720762
161.90867345956028,187.2521794948333,352.0457994894625,216.7743307667234,490.2088717418867,256.37435587450824,498.0814051483178,293.4726109143438
233.5803935403131,110.4663630294582,246.20526492540733,177.53549054907327,374.26338918467565,281.0671349839467,453.23508028869713,289.3119873029139
131.5702093320461,171.67403550585337,210.14814724589897,222.6440897579658,268.5083317035638,256.5992529229231,337.6229172603449,344.1810876156906
264.66088876519484,111.565207016803,304.1002431052331,192.55003835079225,445.6502633855071,248.656966881308,463.6729043704001,301.59535748169134
53.32875305256664,152.66273688502096,277.9130231581676,195.6326899439722,389.423459653157,251.9285660092712,448.84938882358836,362.86815004976773
153.57748522777683,180.2656250703979,206.6133752977602,317.49701856983927,209.9102336312842,330.97529613119997,252.8490745107606,356.6728764670007
97.14383028201978,74.40332376152075,150.16478915104966,225.03763216321485,152.93180414182783,235.35346933722764,162.7380570692196,267.62427721513836
123.61645635497763,67.39552922373292,164.98501678524624,113.8112768999482,272.9959315892984,136.4919026272566,276.4276861152717,225.45275646678118
20.06566905206558,135.94762278415442,75.89119943976362,212.1518277367289,96.84494281956037,223.61155005972105,158.79327557122244,245.75211262437134
59.59244799330128,166.38650746495617,317.3947600293698,179.41315088947093,342.063163521335,185.53389325882327,378.5896053500842,282.7968912386451
33.87468068884987,192.03162860124112,180.39242306379037,216.52685374291792,186.8499852417032,233.87506069782592,246.37083858224855,248.0295384409604
200.6810832741011,156.45329872085372,257.32123546236915,194.63673043219003,316.5726752267426,263.99870330318623,392.9945335677467,273.8320956813458
127.21226219903461,72.38591803451118,137.7900903055461,272.2622177690459,285.39047446961695,299.5778181294851,339.21601390470454,323.6079517118539
90.84091976488682,102.37435139992814,235.81555878499793,308.24458319214546,301.23819167998863,313.3525563768006,406.18556532695413,316.78313586274606
314.36227589403416,69.24382196478273,396.0340717351634,175.6602885679472,442.3985101738524,261.39440952083265,488.1730861802298,283.4156372634371
17.75781699128227,138.52774582001712,125.74190468742502,147.57156423560116,303.6197393381112,232.27069903468563,341.1613090472065,233.718852874636
209.81812492336027,51.701262767700406,246.59024748048216,93.86708642958497,252.12398313395178,310.62654874360334,273.81640922354063,355.86175826188554
125.78595130167102,151.32366645608806,134.929193792141,327.7867528649052,338.54170984180803,355.43421962215797,342.95024153876307,357.7153691507071
77.52111752142225,231.4879379118145,114.70720102540623,278.9188271980283,140.79362751317262,301.84308570027815,199.73516932075663,392.15493819814134
227.20263347015768,93.97355763340505,315.57992111521816,350.3127505644795,352.7720751062968,359.99474080132484,355.3796590820503,393.18556897936315
611.7193549412356,208.7073513539669,700.9027320431525,228.15876750476593,812.7770807373937,252.60988030102894,840.4697053553693,276.0297867871581
144.95482823937036,79.44229541115479,173.57210318068243,210.46518607030958,200.35302192134506,307.071245666458,201.41670214062418,332.3451356843255
17.953960212340956,218.74348920369073,150.08585747837498,248.84873631772743,178.69826764659777,275.6345400350356,257.61148057156663,287.38084823198164
298.4418051046496,177.2301484076784,406.0789648907559,240.0484867549248,408.90191703591483,355.45036209501933,453.83656314851936,392.59170913755776
174.4264200676474,166.79752659390607,244.12341618580353,422.0080694194886,382.1323464531055,432.50697305839026,489.84236532137135,461.78652387676067
105.73105592246792,16.713281122779343,146.16796275111867,203.14061655689773,221.64674699828083,205.31020145720387,310.39959785977226,214.47953428466394
226.70606164011852,348.7610082117456,245.4480390330425,368.0777494523516,312.6614689570026,419.70428249678247,317.51696799126034,561.263617064951
78.8400584970785,136.74138443563206,288.8623040105813,196.8156421976516,364.21715566018025,279.7289478029736,379.54735463998895,332.4227206551754
37.09377461744216,89.33297411895106,237.85626041553556,297.8161203126289,239.71974600554745,299.5625389513976,440.2741950347932,335.67525732450736
109.07016316300376,158.9398884137833,151.1863123778534,309.2014267806092,258.58431051309674,384.5952749221819,295.8593809431048,397.5436544046484
23.746429474543763,45.45767951224301,49.00833682181954,185.78408258468554,168.0676412220231,239.94444801889495,199.30371622405156,254.9904088865266
19.95800103661413,149.5356086373823,174.3167789318097,179.32902928183256,192.66718817841615,211.93215976295562,282.28995870133167,228.64216430000184
42.136791485343785,39.605900415507726,51.62547118772264,99.07568483897467,127.48620927602879,206.24240993688954,152.66816889437598,234.59258374127847
23.36002769146684,187.09198113242937,191.21965702518693,198.84264596460085,263.74466189724893,259.4791809242371,287.3430602467286,368.18840657387824
187.44783891478306,42.149933192312226,206.78339664550523,97.51289626208712,264.4261135274394,145.20176076547776,320.10380200827893,171.83516258050184
108.53461361524475,69.90734043374013,131.4135554961421,109.89734606444804,185.7655499267848,111.28369068344134,205.24767672517572,130.81417894534903
61.5085111790929,185.14244493471284,65.37891019276682,197.67185549951628,73.04214502056647,208.61823236140958,143.37259072638332,266.3434081670489
102.21966032152312,103.46401078071396,127.1526406506016,123.10816124699453,220.8111832716046,235.5265103133827,345.2097710437918,242.42396984806166
29.181642358593123,139.96573455860693,31.91951828462105,272.2622177690459,234.60548702527672,298.65324065157563,263.162412502139,329.0931683952821
138.05738476382828,87.12379343077518,279.999555237851,199.29927609796312,350.43806193793324,236.3759310119385,352.4564783150947,284.0737832006182
32.33801405810862,85.5700865763905,104.5544194290821,179.9660109715191,167.6838399138923,286.2815289328775,382.85387813738515,290.42939798809897
136.5681668401313,127.25359569433489,170.83766099529328,181.2018599849638,174.01420769472216,184.7783182143896,305.8021137716712,324.8605614154781
241.70996732009738,114.27793784665369,276.8597993804473,138.14561673088826,474.93009444487706,303.60176998464163,501.256742912432,416.19188827694126
86.29574478158577,114.5786607035307,189.37930564627308,156.57316114304302,252.0418703366184,167.08060869649867,265.9052089996878,230.76858666754808
33.60414422720292,194.14348948433343,100.70079865962225,323.056526838346,159.3984321467393,387.26226486344564,214.411465483541,390.25056788634566
238.87118286492728,189.94228985516804,294.1748274910765,319.01052032652495,477.9494513558447,349.81988130812505,523.880695696355,363.0744619237423
152.25729433619355,102.5212449514858,166.75840780027966,109.83663036289535,196.88097494344797,258.10812334084756,262.997941643326,284.6675879416819
200.08780840935492,126.9375104460529,245.16295290325672,136.90112325077533,354.81174713271565,143.41233355890603,475.40185323246885,170.30345965637437
61.77063425547952,25.02883112135832,302.72252410437824,91.33463873997273,353.19255493800625,186.61918986322613,358.03744347335044,292.6105991643929
152.0219780113909,142.39632319875383,165.71231913992472,233.07593060558472,209.2872350171174,241.89759206725944,237.80627650950112,319.621951838153
112.16382973987278,93.84730863007124,140.50118213553841,182.7064432183405,242.24381354358863,185.37217373950418,289.28761674612235,220.6868122476286
198.7388419444855,220.5150425657125,250.60585714229998,258.7500547725353,392.5228731538916,271.5298573476704,393.6942250753365,327.1682325114088
79.78906859159068,223.2636678313183,84.02200537193558,277.6224174809205,223.15351144882658,302.01728208147404,310.2398366165484,315.70376929822527
291.1214042303473,79.02735604646473,341.2968747019974,158.82113866372896,365.46307248687367,224.59831151709423,380.67275987260746,229.3918035787021
186.21739158439533,120.7702439670732,232.59543480682035,225.2649104104155,319.27821897041645,295.4513979762727,419.1813945107512,303.7933962101811
69.17871599975666,124.89579849691826,100.29293769582155,294.93410107776003,116.991306075761,347.3767600307058,371.6728816885816,367.11418568524465
82.10151702091606,189.6032776731169,101.17191964129319,319.04769511730393,132.1286217138987,327.4850334273477,526.9101731135279,432.53360722469296
147.08543934344976,158.9398884137833,261.4178539805535,215.84798809951957,267.6622850936975,272.855200464799,273.58835126001,412.23756129859623
226.05666430341148,46.47437414796182,263.70063513542806,82.74227917953128,279.7789616592125,284.5065315178641,333.41853505543867,306.71843148523567
131.24734781550586,83.70890606241052,421.6958433481071,128.2369265999335,433.3285101425157,167.61445944350498,444.4473148665472,230.49561599680277
29.977878389944543,54.94299099155723,194.53254796956986,130.73108434533438,274.7342870966407,137.2097016021332,286.4305080289065,157.22694649935633
46.64791988708888,63.82862082730948,130.16818706451113,136.79266735450608,175.41951394269225,168.12144312549745,242.61817683494115,238.70244749749122
35.65210652072215,83.70890606241052,195.52367506918523,185.9628611578492,289.91808137731107,211.47986039495308,301.75929663883323,298.71171746310074
75.03551068763227,190.90990866463252,105.83783573279273,238.81567925947036,182.6360705274528,269.91362759023707,186.55326457016736,344.0593937753392
31.79410867546346,125.47868835173325,75.78743441783703,160.53651559011917,151.713976213906,237.37204621989108,197.12621468979253,330.2026462040789
30.237007777632964,165.0959384139215,194.90675527106416,207.74801148376213,222.787003554327,246.02572434001559,277.83751649215753,293.45735500693314
35.21174149942564,233.61544702317252,82.80961040589933,283.60236487973043,139.4058386736476,365.9969008840481,173.50239123163993,376.40393277036117
111.32989896294629,62.775520903539054,144.10568718664265,177.62524605692454,145.34478394936232,320.1133953373945,179.39742677635883,325.1252879939729
181.59198596779936,121.47671989843626,290.32824391893115,141.5004487809169,294.6377684970331,324.3038996221949,308.7018161840785,329.61692751960095
74.9174370022354,99.01359761288386,176.01728633638078,102.19266747570427,196.7215034696239,203.78859906161495,224.82042224182862,264.23238680208436
269.8290587571249,102.19266747570427,313.0543340012838,170.4365864937696,399.9285711649365,181.92896569590033,401.7386049290051,242.0811258720296
54.50369016788979,158.75519064585106,261.84879648240377,260.74356894605296,300.3447757674156,386.3427008018277,316.0262479818013,388.429624509999
119.29113691941572,252.44670813822347,120.26497328481575,443.73607461732564,258.58008222668616,456.9682877419459,292.205155859413,546.6731901695558
120.13592394633578,163.93606352931326,323.090131722448,174.89306755472768,325.87175094982956,199.66971986227205,360.0383039396203,245.2846198928951
356.8056588069133,62.48346091825819,414.6545544500995,97.38930210983675,416.07583573893373,200.44718083608714,441.17908947486114,472.2949426298664
168.37064610740325,77.66554536691217,181.83556416263218,89.19022651435544,223.20467071211885,144.9833899841238,327.08869631178476,160.3462335444751
213.85165537855607,110.73993839679262,228.12130217092846,239.8129411377567,266.9314159745484,336.68893019077564,351.36326297939144,469.19863524156847
62.305943054875584,260.7302712432981,63.24678127274835,262.6639104752483,66.19905877838457,272.0500281030763,177.45478412750415,290.16985526692173
123.18728059704733,234.017619594667,279.7665102445108,274.2082202109429,319.9877052793434,284.7873561692213,339.125674494277,286.6029557152457
20.4421576195785,51.93558342201072,63.517459697307785,108.06238169375199,142.1494485145712,201.97660567542547,189.72305627585675,335.86738591819096
111.44970263040074,209.5816189885111,165.71231913992472,225.2649104104155,237.5772715038585,266.7151193817816,315.1770807776167,280.0249106983293
97.00293338976019,87.74783434330573,243.14216589667407,108.73651969636396,314.97251012163986,141.45988008379993,321.14352189228913,268.84501764836915
81.36518146011453,127.90792129629855,285.793396855121,160.7856771845192,319.1505113180684,173.15489221046448,324.6708942535236,298.9003901906612
350.25940067875774,109.06554529235804,364.52451642080746,135.75191887477925,391.10032017244066,203.33435547805084,455.6841381351417,237.9260410808537
249.7302526100251,52.49081429994394,262.929855796637,290.77147461562896,335.92540887561375,389.9937608461931,386.60847321368897,423.97047901406546
189.10285960502222,205.4833376679453,220.438284315623,247.28277606115813,249.2553353635828,283.32133344715385,266.9700480523157,315.84655766806037
247.6132303066528,73.21588798238126,279.9597496666079,144.1205188335203,331.43303773042925,198.3228857825595,368.78664213221646,252.4693486741638
145.41608936488765,160.03606096928226,196.94350475981352,248.17752549181662,229.71130017637986,334.33017417151075,286.6446519029103,340.2878453728235
87.06180496643043,197.24879108664155,128.71049933151374,200.30045977457536,190.56073056473386,229.4595039851015,212.38346984297488,252.33830468667009
144.8836272793826,211.54546740709205,300.60137395210074,278.93785983870123,346.05104252211663,350.7830423868035,413.5303053561232,394.5007976039398
37.88296257439529,98.98711344696122,232.7002096346143,244.73772799613027,258.05967498367505,520.8176347967238,350.1107409122268,537.8786229604685
27.172638902723154,147.28708206221648,81.48747763146477,319.89598842246727,111.99205868597494,324.30972852258657,147.50016121091036,385.80441031155914
116.50963472192761,87.73848148911567,189.06694454988056,112.79235063855795,225.80351441618458,257.9558614229954,327.62202389339853,332.41127369927335
119.98273775473912,70.37351146108686,159.66134566437307,230.8118424410711,232.9788632545141,231.45935695347856,521.4675398902906,257.50858570875977
131.45232991016942,188.36604802691727,451.12237552834614,238.26728004792096,495.6293490630469,289.90299287335364,552.9977310321813,300.66511798000676
96.95138470859776,78.01678345982947,141.65718107750152,175.91763373554872,218.48339208145487,183.26662305677135,256.1305043266493,217.4722258008664
19.29842620843845,169.28391111820096,140.80306881764952,177.20227971219,188.56233530534035,200.64403470338792,294.20034726333364,212.02995796853259
47.810960259791926,381.95487560202986,166.794227401562,385.80441031155914,214.0975412720906,410.3111544044411,225.4520798041402,433.95948057943554
214.8145873974742,100.58993741526729,232.20342447900384,187.07862837452188,271.1093481436374,212.20202324959533,280.67718068008816,240.86722208315976
66.26472733403114,132.67813904813946,93.12416726131597,194.31379560208123,135.01570089645477,257.8758828499281,168.23693809042666,289.93741663038617
337.9343264644405,284.90925657516635,452.17940172625333,303.2136368731024,476.1968190654261,320.58952955377174,486.79065816054435,357.00321423122523
180.225313022303,100.03283732828353,189.76207758866107,310.79537710989496,211.90044940219937,332.26417722687717,307.8790157419294,334.5836920596027
34.946420744129426,233.11818019284073,54.3822323745333,279.62946045417067,178.9876556144548,299.11544265888926,329.58934219949634,314.1952138041106
47.98827483119551,179.82087443533894,194.66348051804664,296.7749159176093,243.51726385193095,318.5628093320822,314.46810930241634,319.4165217613094
26.74974554247143,108.14248870710638,155.35600514709873,138.44375707916439,274.80895823946105,222.14733739124097,299.68912148168334,242.04451351795993
177.81127374243766,548.8124183994656,307.94389149722514,554.6557627662086,312.699795838342,690.4785772933709,323.3288832445417,693.5659054303544
99.80732835210054,158.56906346870633,131.10253831072643,166.75547798187395,188.38845344439164,311.78699265641535,194.66348051804664,366.2394535359253
87.89826839234539,181.25129880876125,273.62640058968077,275.60555083447,313.48066811112,295.9234804228558,329.33889384291035,299.69056484139116
30.899994688621085,64.07086879860933,56.62566975517811,78.46298567135055,132.0615384849456,242.5139822238748,170.26666992552583,336.6898646767776
31.14217907076702,73.26942487609523,92.75938462704603,241.91879364752734,122.14201569703816,257.4993693639159,122.95078651625873,284.67449419195026
157.21350169255595,159.28685321955444,345.90676579861895,228.98080750092163,353.6069799735722,242.96006475211024,368.3208004612154,284.84242784412197
