nn_1_nm,sim_nn_1_nm,nn_2_nm,sim_nn_2_nm,nn_3_nm,sim_nn_3_nm,nn_4_nm,sim_nn_4_nm
119.17720021066225,222.7138835476961,136.8588763056157,246.17353461747274,223.15689584502488,294.2316636849314,228.5028127274348,307.6508073742682
348.8774404868533,144.65736282748145,350.2243549107654,251.83815055399117,437.5975774276534,425.20598195290586,447.8708933600817,447.5030689741713
130.61537466994733,98.56425352204496,167.7167444766932,156.2472775539981,352.54020490199343,269.9408523619409,374.6355468983912,334.32760738853733
104.5792932056939,230.16733654861704,207.88883504366882,238.62835607571014,258.52756696125243,319.18167611917033,357.8615621858814,397.83298167440086
142.35993351564693,176.65256296210205,207.083682136248,353.7895119054546,299.882761633742,520.5950789211466,345.8252912667815,539.263114841399
244.13008736788728,55.18107688994489,351.8283484496522,191.43798119485422,425.422860997942,282.1935805410717,446.0944755875145,439.34154838973393
314.51264879194014,393.49190095317505,360.41625462427965,396.6213403749205,437.6536856623938,414.69081656284067,445.25234886422436,419.9810384416546
343.91826748015126,153.5737423264055,364.5168327352783,270.04751515041335,408.83014301818434,297.4071079659613,511.14401555132986,312.49175213723873
123.33236630626958,353.0764963449763,244.4475074936229,391.77894211164056,287.44011473184594,526.4553905992526,310.7759406652889,527.5964647212618
176.12096310988332,151.4726843440919,303.5670905921947,218.95228368129233,344.0132962163492,229.9785420690735,345.3470140356948,270.4347647110683
190.71509608055186,133.68400841627727,270.60697732137436,259.71184361944125,323.10108801558084,339.4312407096336,346.1596295934606,539.1052246594998
285.96530524023257,98.86997088966186,410.41939799829794,248.80709904328958,410.5709237313923,365.53184184525173,418.16692434384623,371.25738055102397
164.78438161015137,270.0348421208294,171.80933046617525,281.59962031448805,237.0602908696036,357.74665010897934,273.07003296111316,410.3643702528855
127.57688567782232,96.16496777482814,177.37400286501725,114.09530499232518,224.0102818274366,194.66586128204844,327.4286756736366,265.4524928735984
62.498276917511944,71.89483368078926,147.21008021842115,356.06066449491993,210.30488157290233,421.5997917701389,339.49062701588326,433.09825823713857
125.04398701996868,127.9507331615242,177.80307668677293,402.1147040762223,279.24345102612153,410.5734247819675,292.51183693037854,434.721437116864
139.16374644821312,126.69942939916692,149.34005504966873,158.05810410899522,205.49339035517536,166.5994619391071,284.1074005080676,337.0747223035945
55.694520997319174,58.786097763453384,179.83431438810194,113.90681335368224,198.94242979022087,130.92939200165668,214.6952166612737,169.4246700666017
175.1121858495004,177.97525951120952,186.65139477892106,343.2237893509682,200.11459198432158,350.11798437357595,201.21633395708173,364.4980358649569
215.43252377687887,127.14430635720778,227.02697801368532,356.3214727837004,313.47059816457283,438.22201595024836,459.17115193400224,563.2293613796977
234.38791386642723,373.55068437413865,275.70106005978766,379.4768389810087,371.6016102670734,386.39523808520727,373.5802544381303,466.82627165991283
297.31340666280147,112.49901459992607,316.02015949771214,256.94664237970636,324.19642742113166,276.05369183607206,405.2542069357845,351.9018456611415
357.86577290819315,138.73317950854437,437.67785193879666,304.47168938059207,455.022998997934,372.02534549571124,502.09128769104717,391.1311228836852
163.82578810678734,185.71158946077284,192.70631374945555,231.7679461739195,364.1770216570757,239.9368971921545,374.23499099896077,259.41165288942835
312.31670740645853,370.2521291385407,376.32621809073623,381.1617494855874,384.4809518679953,617.4793388654336,412.887694697173,709.6844899730031
112.01093772482858,224.92279202596447,145.53841981085156,440.946875936085,156.89085127274672,457.51307190196775,291.823180220636,492.32307659378984
150.05743155537988,187.818477301255,215.01331574950783,219.08294488131554,219.73433721761896,263.3494878409599,248.51615427274055,359.9624704154385
103.6043662398454,222.7970459116625,105.13644522547398,259.9725617037409,227.8066015796765,327.89096797434144,239.59631024151992,368.4368534921178
174.88760637273745,148.94054229708576,194.10494819597585,162.67329906670375,252.55647994148092,170.1893713586895,287.5647644927493,187.95635133012044
116.08255866713613,191.50043178004455,117.61522750112128,287.1150600483205,136.60047483012238,308.1415895387864,220.97618001125682,525.023521518553
141.55076361606933,199.7080387983998,260.91914470331807,220.68416765453728,463.2248649948771,245.81461220796993,545.2735703401993,330.5980259896303
125.36851854932668,108.63126825640555,206.2715454684195,176.27260928156008,242.71848412297106,211.85664049882138,267.9806247371455,400.9369776510533
164.06775814854828,118.5334540130359,171.61519021358828,313.50647046260417,252.60631798297763,391.8434627049564,308.01818001531467,403.9912651336002
164.51414352634575,179.9414573447409,335.0706964929281,239.71350045636294,344.5936223730554,285.33570689931304,394.1508533793217,292.2993372095339
133.84271649812467,155.46072031318,236.92252821171425,167.49191017985424,263.563422262434,296.9511392766771,355.1066340963549,334.33957445884926
219.86211529902408,343.60088755138855,229.34589469552543,346.8943155020333,321.93176925323695,396.12278697963876,328.78373313833265,425.62152282180097
128.41056274950483,356.3214727837004,216.37529211126284,360.5597707836117,334.2247446475477,392.81654758122176,365.93068380125436,417.60246316445676
244.30924416774508,114.8910007512105,310.13405876204894,279.7151298128638,373.38396728515255,345.0589827105285,430.80424491174574,423.6297125664292
142.8070461914682,488.72186743902154,169.67902198823094,519.4334792272456,308.3772902806126,521.2636876715248,468.16846279874767,594.3546402358268
83.6631144035453,257.86622464187053,150.73554087792687,293.17982006344545,161.46493354883245,357.17748348712684,317.68712927895837,361.94894797445096
150.05743155537988,51.562915257695,317.7223729875185,281.7166059844063,319.1624522581096,353.6332272729129,353.1996141604462,389.2447196291396
209.80130919969525,312.2523833849365,312.1586601635661,321.73890894407634,357.87482428897886,328.5306764042327,394.41524376130354,373.380617838228
120.69686281129943,207.9107573380932,126.50498552872517,322.46516630269304,327.787563829688,406.28913770245424,335.71546278679875,407.72501175209806
313.15853285661956,136.4142283926151,374.25945298868135,156.11518867466452,384.4779857963151,220.68007988736997,425.6028771787708,249.80822938759724
62.22084587910787,136.69987533945874,149.73151620362657,212.59730594049597,244.13765382511784,313.04899818444585,258.19044001421423,327.1300208084408
253.76959542519967,178.46302792061738,314.3872736569012,202.86610339040047,356.72657278115196,228.93548453922,454.8920728316184,253.12340452389904
205.95214458626918,48.65208857166037,406.22265313267644,157.49418930599523,447.1540006991658,240.41812259147923,500.7432285154604,271.36407252323085
263.87018123365334,200.99126013234908,326.03689310941155,204.00566887153698,459.9449212999563,354.899473643875,484.2890288542007,375.27355195783855
168.16729186352447,264.6336653509262,244.25385938776074,279.92834222672735,282.4457200115844,280.5909362840927,350.3914539226305,307.3555487230122
205.49339035517536,272.2658363018887,276.4587668438229,300.02305002862107,312.47566131633994,383.5874751527952,330.73990025378123,516.1947535474039
328.37073289064347,119.17634852721837,364.03883843887235,205.39410188301267,407.4433190601413,223.52528323705724,472.06179990604005,287.3730056894794
132.075113798946,257.6888216698783,201.04986312429233,384.1904897467996,268.93846475776564,388.37236774833843,464.30690248470273,410.46008071538944
106.83634665427222,346.18148096866565,381.88628658290855,408.27796072599335,389.2143464329356,414.871084751859,408.8230249923404,429.2714945848137
124.88186293212044,408.7462558333636,242.80849431894268,519.9008439493175,320.1280754166385,540.7926139360065,321.4404540592361,605.2167061098149
191.78333754629134,102.17702969892991,228.23227246755485,266.9102270704006,313.3776099096426,382.85322305365844,321.5541537035963,414.8773977931925
164.40274071457776,125.92381334531132,206.20337347353527,187.2861879980083,269.1884901553695,287.545290815427,343.6487185421756,294.3969900101725
103.21388486048235,126.69942939916692,186.62849074866264,255.90469893045244,190.48565468170258,273.7825492273933,214.56005890375022,367.3675303447287
149.1930902979295,269.4277647791562,178.46189668543187,333.6518812481104,276.55215517241953,344.26366100049125,320.315328839187,390.414488131549
160.5393985090249,261.8465776549354,224.66218392357243,338.9244395276257,281.6309247243407,363.4924561810142,282.74112856675737,520.2012234370472
44.32298081851953,85.32615454191378,49.015051202173815,250.5461273617507,90.66678152062809,453.3869262306038,93.20368855829184,468.66655980391545
255.1640840784177,208.4859875015984,274.48608764723906,231.98289012472512,331.88400229886776,412.151409364199,429.97285695879134,414.22490373713185
150.868064137612,243.3020593138561,177.99564548258726,350.75374503574164,331.09708693564187,364.7920027907846,407.16059300424314,485.42010504783286
147.24169695768913,145.09827421665628,171.52219882005653,410.4701279783942,230.22688981843848,415.1974032708842,265.61166514890965,516.2743682432614
488.0876523907848,232.35809323310315,494.6410902308109,319.9835808545409,579.0645312782748,475.7768189551996,656.4158889443376,503.953971320749
119.39364739209171,127.02426445271159,180.52364969406497,190.72497457344602,363.40276448802075,356.24233226399707,376.2637193278167,397.69867152766034
193.53598062470348,120.04800644574617,326.5987341822998,139.12310838534015,347.8229811720589,170.06574139587474,369.62049189084274,176.5896642550922
345.90261380115595,135.51377046653946,497.87885369825,156.488938243008,500.2888926717847,185.25405558506324,605.6875146397399,212.72676959978475
102.07741188600852,28.906644230463765,149.34005504966873,245.9220289251173,179.32443194748382,338.04309285120246,330.73990025378123,456.7348318511261
175.43376550032298,273.171845803794,199.13391975782227,436.57361225012244,214.98695798555488,441.58867372924493,247.45676985520345,443.5644412021964
317.1184093106168,337.29120488970756,330.0550203035214,369.3197069557014,362.2953863132734,424.33483652797275,550.4361329792177,503.19203198482495
310.2345712897324,103.69336724916724,314.1320305350322,139.58570022265553,399.2378422153988,420.076780096922,425.3723195937576,524.1388890971064
132.075113798946,119.15677559777652,238.42592511000274,275.82238636479127,299.12027376018256,291.64071506051147,350.0005607900428,370.82538762236373
87.69340869045196,298.6464230701955,356.86892738782603,499.14254953516735,480.0042245667469,608.1582855871607,504.9518081349683,652.0266762216272
110.99434630648082,31.286064582981098,128.31987286459014,225.59180223339675,430.0344725510689,362.4524679240536,433.2876416830038,440.639760767155
116.52497322457106,308.9408995178859,304.06639130992767,316.886524723663,415.99545310364044,352.2936187236262,435.3573731615309,374.81419494210394
184.41388237942837,78.20025127789859,189.1427490917084,238.60479525676442,244.74953948738596,283.311341140942,258.41561842790543,432.48074301233464
213.91582754442518,338.73195650008597,323.0631286571416,463.35853636681,325.15446915589183,515.2445909973918,347.3941524014866,534.9669510236968
463.8804812823036,169.6857949930326,476.1478322250833,179.589998061883,485.3473008212046,263.6748442608336,493.4644979346406,272.67012811090547
232.64840155765484,50.742969598803775,343.44292442288,200.54701604216882,347.2858474457712,302.6038944101393,396.52478383907174,304.5769587239951
175.90708360680534,72.96737422018353,205.07267636027018,221.84519605736335,238.78118667476423,250.37449702439096,253.39171946882107,258.94335759035476
319.8089956120689,185.29292883481267,342.4927794101637,399.7916641413318,376.1774372969716,485.20239778568015,402.7717186930849,564.5989003585614
307.193132845132,144.86298956029768,335.452002321064,223.79976843693115,437.7773896830129,263.86246841376396,474.4899782267349,267.52641280509846
306.68807154231035,104.92620770439436,359.62887684467546,193.66949169289597,489.32511943400135,252.51452240485042,566.201387117797,367.1741103468522
161.90449373490318,134.45474098106942,221.10230301784264,161.2546397796118,224.96619159373304,238.09475517324617,401.53932512980697,301.41728964072723
164.40274071457776,156.3999916066018,205.45280336779743,200.36566818251484,212.15362787782198,323.07800082197855,290.2177424234687,347.4503691925492
192.7350091279368,290.0867547029861,219.33618459583272,344.9765993602507,290.37461453420485,427.1377757569859,339.28169073368446,463.665253703844
298.43051507712596,255.88214522551752,323.57878700842014,366.850915723493,393.69807969384203,382.8237829800107,429.55023477272033,461.8514076807098
251.70022447260732,156.133475612294,314.1563819343473,263.5190673429093,333.0401685521037,275.45084059190407,355.62902407790205,283.8669503917628
307.32040245795946,434.2492559840349,330.9068017930152,485.33648663965636,429.1550815824427,517.06206780926,490.27225409023777,552.621933059005
136.80909111019554,115.20691667682495,179.83431438810194,234.41495102776526,311.4177933702847,317.2481258692423,377.20249334296375,501.35760435172506
122.18489518201753,229.6733096026805,343.6413424340066,308.1413559547813,529.6816609836242,313.9878240584835,535.8080524460495,390.0112822008379
143.29035222329188,498.6929842984662,287.16017302917453,602.668020305519,492.169066343832,627.7046572974016,496.49259244569083,646.7906315825556
91.15341314022018,158.64130591865725,292.45596327031757,166.17573590996628,324.028048934272,246.2211888639705,353.395336193396,368.1428117400582
92.30170704236558,168.38603512772048,141.2779866148831,451.69195004204875,149.58173356055144,463.1355978806128,420.8090283693084,679.7431226737759
174.84965737498493,406.24263916196173,185.69229621540978,435.93934579366964,377.1696685892879,478.32189057377275,396.4550157078786,487.4840637180888
548.1756828960524,290.3546686240374,622.944808823687,310.37053430090344,688.0992893117804,402.49706659062934,713.2040445665216,421.8288213555339
350.2243549107654,187.63818197759153,426.9384838485776,264.5292566125799,671.9369865424345,322.9355816935498,676.4428743369306,381.7244394372773
236.37887754176333,101.08314904324533,243.60614458951213,205.77406059303038,328.63458149866216,222.7138835476961,347.3440785867862,229.0099812414651
243.13355229136403,43.40373747201958,288.9123126092058,244.09717043629175,496.85065945438987,293.94854688655903,571.3225364894076,403.81637253330746
144.31907001184885,240.17237526299206,177.4159668207368,305.77732161381607,265.13312185684543,332.2919732282809,346.81644012772534,334.0098393269432
79.2640232210091,284.0665484595742,87.25440838228005,317.65334962741406,498.5419435660241,326.3650809791195,525.4699501856479,350.21893446445904
105.95920793406276,166.91111517804538,158.48619859071903,273.54310048036365,307.62392740232553,397.83298167440086,425.23560668478154,521.2778119953375
180.5540558140002,161.325033461681,209.7009815981263,164.01086672200546,225.17089179169807,232.16060128365376,316.6445808145105,240.0065061379992
132.2469821421151,214.9570931540511,149.2540243466831,273.7640208658899,438.69981162004314,379.57026558924196,463.2248649948771,391.7368270285871
171.31061679670464,85.94959648880055,181.22954918592458,142.69906517115825,244.78759303298844,250.5938610394893,287.8873619251241,251.48518686419268
44.32298081851953,136.88611491308416,81.24060359707579,205.18132093756125,134.98884609963844,348.7940506894815,136.2214985870407,357.0512550874872
167.93364784774005,363.34706851056706,279.47979211988974,368.0187291228226,290.75164123356774,401.25720695672743,333.0664107950878,451.6115908740476
221.65109445097636,215.01108986890998,327.69947443886883,346.3152264293465,346.9284147862985,350.8746704304998,424.9221748120492,361.9140343779974
252.71998809634664,249.2435761145823,259.4478727670329,290.7049260635352,260.5822069588657,455.05603025366344,462.7421482794288,467.5724259068628
115.20886644772442,161.1458083658833,143.5939657492959,185.03370600174108,175.45300196935085,287.9720821383075,277.1362762323602,323.5590021051617
85.27688066711555,118.25407033148696,144.8439036319395,292.3082425644795,212.15362787782198,314.8976674135844,358.3253445368851,377.63919520485257
88.41852489991722,55.64195445355245,157.70296896626914,90.34767472939397,190.81344680625614,276.4994977544457,334.8224693280289,283.4220562614198
132.49937466455088,232.35809323310315,155.59800359940135,407.4364155083548,168.04779677289267,543.2094218333361,214.22946930906798,658.4134502076706
261.73049440807745,270.18057241395695,322.1943515585625,333.04350145072647,349.3882766267039,444.4294677987998,351.46337371378075,530.4671862243698
63.154900140214366,160.47726951970648,136.63604121126394,257.60962937176214,298.78072129643334,338.59072937586126,490.57732137336745,462.70017032466956
107.36115493196418,32.82329776812894,220.91329691631964,197.16269801799714,233.42067352499316,231.35482768891322,304.55496317303806,461.3316529090687
107.32264631226393,222.05498678072885,275.2098862408826,357.9208385319392,320.4342040023444,384.36845869732326,360.9137932650037,460.1619136534969
64.71631301795755,273.46576373936705,178.93961780057606,308.4208957247539,246.48591493026623,425.60091627156413,287.28103464658386,576.69246604211
266.25576998870554,248.17678217172036,321.17352691758316,262.082351180145,333.99179200671233,367.0289135751924,334.25976942112567,467.6038140584658
273.53172336185173,163.29628526138106,392.8505302671547,224.14627190378542,467.53256124999774,258.0658443217091,507.56194635894656,274.4088849222464
220.62575823404197,146.08531096333178,230.77318728130544,278.62222626295915,357.3735701016016,367.0289135751924,457.26281193321074,404.19626147870855
180.0379492696326,216.30952826509903,197.5284891867595,243.2133899462729,219.79405447309236,340.51196912907244,270.23009420162316,400.49821901105895
102.07741188600852,245.19386696602896,139.16374644821312,370.863611466092,271.62635269192185,387.7216650760737,297.33000639868084,421.7048977872071
87.22981172145747,31.45657119744455,117.75841033349663,183.7939779079773,187.16622995527067,306.69179456662283,215.87046755105368,444.5007923271431
141.55076361606933,326.8335972068165,165.23975709938247,332.4066639676006,528.6700134156686,439.7091617148444,567.5375165066114,491.27840110384966
126.15606052964259,64.09527366186137,154.20312941079592,145.59506677236809,240.45213988913596,153.79927328715854,312.54791576236875,204.727662160923
194.84915454885524,178.89703163009466,237.32382293014746,196.33291470504852,256.37848007970916,242.30300048713542,334.3763089169349,315.4240061700415
331.06705752459277,145.40109386441844,416.1114735004397,184.60280255745397,478.1196705281352,266.8874404642276,536.1381777461853,292.77002129652755
233.7754808133806,112.44553660262396,335.0103230700802,126.67891550632133,470.32134990187797,164.52808244730227,522.2615444504889,198.0093442912586
135.5871601421646,181.29559387613946,248.54265404420198,275.37454215169896,260.6100624183877,293.94854688655903,343.051373007923,311.0535718878709
127.49090210863301,162.80911568863814,310.61388571270567,163.19363670694221,373.50342008325356,175.93214494675712,391.16712086120987,211.7643995367055
147.08671057782988,320.7220293437877,215.43252377687887,400.64245524688505,238.2476587252895,434.95267924137596,319.55829478729254,457.0490534003045
164.00842966964055,72.88343069003753,171.74790049991293,106.8382651712642,263.69442561606445,182.96510900863746,281.0844431459534,189.29785206572984
248.5859903146589,215.4622683025854,313.12238609622233,462.8286369418047,356.21466836918654,465.5684271258007,371.9548723122176,503.30960346561176
183.22028648237134,198.66727785043398,231.98445824291684,243.94243374594632,438.4578119054161,315.1633459800136,526.7236805518969,325.297382678281
306.95782332842566,150.90662609766412,367.6666426432844,276.3682830075715,416.4458984412701,321.23410625860015,427.88900437145674,330.3548078251061
142.11213256575,147.5875886805678,192.7297861259748,217.64711117178788,225.4409828147338,290.8586664632275,247.95963093976272,405.014494321055
192.45615767845308,198.89301381982384,233.8729634109311,310.63672953145755,335.2393574731404,376.3404023512737,346.8013872071194,483.8953811080162
82.51952577786315,152.27417615721842,182.75399970463835,224.17892572290697,243.55556774086358,251.79091479773842,335.02094333224557,491.0932763192146
130.36493592704912,339.09306042567096,196.82821052895142,400.9225958472987,317.3171418885216,470.12150173436856,361.6199929623006,494.70022394506105
230.97239438340117,106.81079444432125,346.9053446269944,392.1358094630877,368.0097002519437,392.17008901197886,385.23062805659237,436.6172434969383
187.01762315630106,289.4828418756266,192.3013711601385,451.0739233389307,221.27406179836453,454.77396191511616,321.7510327494541,488.26912893087075
240.3278671428016,144.05049306164378,344.35993195745846,223.22688434043988,364.30255613197505,228.90486948041507,443.0748338296546,267.78639796819385
278.79114538586157,273.64099252377895,293.0286702345507,303.5843184933974,328.67460377171,330.3548078251061,354.68489214107035,359.51670784450016
140.70190804976227,267.64559407445785,165.34788149644638,303.8655930833492,166.7542893594462,420.94806461879494,298.47945320714376,484.76051530802545
270.8798476890135,33.299661526981716,284.0525111703522,196.82182133060988,396.61949426657156,324.7113347625088,399.13228534673533,427.3628416542565
138.05597820915565,32.82329776812894,154.19757144265878,164.362633011081,193.91644798328204,257.7862610829087,247.8098937905809,458.84147276825126
270.82747955212176,73.58414054366636,281.13202555790394,80.33302017255804,302.2333156320488,217.64711117178788,315.7021687462151,432.8517523760247
122.8516113652104,526.4835926090257,178.22857549517923,622.0566338703709,186.03071341345913,694.1773603347148,254.35918012516726,715.2434254388933
181.54202187411065,75.56765139522916,186.27414951960455,223.16845274329717,265.5775674469144,308.09868259442044,406.4575522721264,400.45641491921015
196.10090104125385,225.2169479181492,197.19267341400902,304.6767422663762,255.52768001734822,337.4566987712901,274.7903962969536,352.734260817352
197.5284891867595,95.35315321519076,371.7776809603205,253.23091932849687,404.59056206287295,362.9231702850461,405.875798690689,364.74558481695743
113.88669086033522,137.6243712342768,280.55557682257404,210.93876302333592,384.67818070287296,498.9384017608138,403.7154030476691,530.8387853856146
188.17069364574095,241.04998754293018,332.51542935866905,360.0883087975954,336.35215061978295,430.05686423056665,338.7045970360877,441.1071998021815
387.4658704973552,222.994778310142,425.32487722100484,275.3968844301439,515.0964824646561,381.0186714346718,534.4193072740441,412.5551325882871
128.6789542412089,390.7712208468482,182.27633741716784,494.36960401064704,213.53409000492874,497.9922587754448,278.6353193494652,555.4951654155999
166.24778954390302,279.5182826042141,184.74627049702673,316.2176422478519,187.3481736234085,357.76786584800436,225.11199434344613,451.0739233389307
173.21997638655202,236.25979722369436,359.82308109032743,390.41867975332,442.3445849974357,396.5987737197979,662.1647699314819,468.9588556523663
213.76751868433354,157.85085777935063,217.61852396428415,232.94925221615023,229.69709770800765,337.9339064073249,250.51410930426937,349.4463905094408
123.36499255987324,102.21696819905911,129.2030363421088,104.61866075462687,250.9608935914074,214.22298782135428,314.6410274358981,243.1109455516216
83.36721572074318,142.22905069373823,299.26480913612556,152.8246665657331,332.166960700827,219.3214943334709,395.8529236190693,370.4388967770693
163.39525247511625,66.37046761484478,230.5412545160311,166.20591462785447,357.96967757314155,203.1897064823769,358.80420280599776,218.6266914073205
228.33665000233472,302.6038944101393,252.6390703757777,332.9705169461709,268.4592842107642,366.47829062944584,484.45606568971283,418.2090528998582
90.65578246975238,124.35829737687499,229.71120174362957,156.49033908843455,245.62446682952753,277.1034988478131,272.0099907359107,292.13716451083906
106.77494345451363,160.72411441338096,232.02288066103424,288.5871670029839,346.6702694162772,325.9129470073075,392.2882457570779,327.24294505334313
141.60805946659482,198.79888161799917,155.22468402618512,222.47550193381153,350.87717595248495,280.96731578345356,357.2488000429103,296.6923480663184
137.8144173101939,220.07550157099777,381.57973720003537,221.6305227521126,508.3846769348181,223.43912341374408,512.6083186217611,232.47497395301556
226.22874651137565,140.228195579231,235.49708580644216,276.8627612980864,235.71586026662052,318.20112234343907,274.6965542162592,347.69459373157
126.51611102228927,49.50473946930295,389.8538826739415,181.8347911829891,452.3793631958695,326.11076638461304,468.9555578080549,338.8631170117554
88.18061735815189,249.07600709503515,203.09272484713054,406.28913770245424,205.2658312463162,414.13096576819726,223.415194614972,416.33306629759704
259.82030550720043,41.243152165056664,287.53743290107616,215.85656550132308,374.65319664370867,275.4989937305393,384.3571362185169,334.81203159653
229.84507126330547,230.92559357052622,430.49791479776223,311.1773704469882,436.87152412789214,356.935197277975,488.7479945649299,485.061133942501
139.35051807052508,155.42143661989974,169.81063444416108,194.5698595094382,238.26320202272387,347.29939659180405,251.08961541529618,437.39956380294916
161.20230295210385,66.52809788446778,184.71203852285004,363.4068874789217,261.93290681171186,535.0387784479087,277.89439253137135,650.2703672593838
73.24362137333962,143.14022183229417,254.01990800993917,403.50811755167877,282.0908880085017,408.33154389476994,433.61763533337023,414.8773977931925
134.75945583290076,167.5235287484348,155.65187368964473,170.26376759467897,431.391630589483,206.14681876041996,455.82321543836616,304.0593939527181
242.69176298853318,234.78415477120816,404.797069830765,347.1864193604192,451.4410402420024,361.1747694655392,487.5617868077205,381.43406504905795
163.6989710225516,188.55812325393305,297.61776560598696,232.1014279665359,346.1596295934606,257.74972600520687,399.2341573405722,308.1897440897359
218.66112050641826,75.92601465597477,237.58906201368188,302.9501415155383,338.9453123466958,341.02591132500123,567.8563350856349,404.84617566872447
340.36066074041423,164.8667695825344,342.18147437839303,237.61331631549595,370.21495680444417,239.56772020244284,376.0735462064544,290.58955494990914
155.46246898475198,330.7668635702333,236.25538361363763,342.54061203990716,345.9478143033881,352.8724371298342,445.35273696365937,359.03833965794587
317.8928136725479,117.31217057501429,337.9466649037946,135.34265585672682,434.20635344714714,190.77674592300718,439.3132598754056,312.57861373971315
124.55547123232192,92.27864938438644,138.02211365370758,321.14962963938837,245.90641606158985,390.78203331070245,253.39169265252758,455.34216252034184
277.9089255940481,85.77503213322302,331.92934729072914,248.58697689897664,470.13140413402095,322.4103066695802,529.6089375958628,446.1831511442093
208.9742090197525,276.4635251579708,221.16215520326617,356.24233226399707,385.0553810435715,392.3016366681517,490.9648434750374,411.5708326920724
71.07855876712374,143.08035065702668,259.24793449326603,197.36074229970404,353.17888092938057,430.28791934388073,403.1619226874322,477.5669888150207
404.9653405220007,116.5215091842221,484.441646081762,188.88259501204038,521.8609609559074,229.5608401193689,622.3319971170193,369.2855282062049
133.15066201240023,337.95017195153946,185.32767507506998,373.72059267471326,220.2299815857474,438.8372387966271,319.76105441627504,449.2016763205336
191.41539175194782,120.46742248556899,266.9887623533325,128.28499423234933,295.1924603721367,177.9187340193995,313.6198852286345,230.54355289719953
287.71331429829604,45.41554271657486,303.0196888699734,341.84927469957864,314.48207258869996,486.80051089383613,409.0205634850498,545.8305032371135
115.44146352479646,35.817593963951424,216.67363229367675,66.17020510141167,362.5796822350337,81.79863052119461,385.64117589357033,175.19813454330114
169.44231899435832,215.51434585870217,218.89871909239403,273.45695761581084,459.7650403764411,291.5101637558217,492.2816543819165,327.8832624512484
141.60805946659482,480.56367215785957,164.19754053800142,499.14254953516735,226.93864481527638,548.8468514780635,316.2434567263845,573.7799207682519
180.9804380233053,227.27371889134994,183.63825001582262,300.1067168031356,207.92893038378855,306.00802204485007,255.48895325302578,382.27931216402004
350.2091507561375,75.98339155396643,409.0323822694006,142.3690316786641,480.0185139943435,147.20353473763896,501.1253009339096,320.44771254181273
77.84957062787987,100.98026064773335,304.1015635434633,386.61299879660396,403.8820736620227,450.84958125060626,451.33087705073547,479.7573677763109
279.62766479554665,226.43974621195312,286.5103077521351,232.1014279665359,310.63469848391975,303.1005095832263,334.9405705086218,305.6619120401205
123.3464922685422,121.45670320547721,177.2131775565919,231.5436348435037,233.29643147913572,241.98807602746302,233.38304478973168,305.3520579423789
83.63043778715145,119.6878920509758,170.07998928981408,215.925028179492,193.8440780498431,220.63262841045596,202.74304514758808,318.4677737828129
221.74962841512203,267.9316941014863,291.7492717814131,359.43189248551903,325.4274829651613,396.97918702657904,348.47884624249576,402.7431947637331
139.811754093951,94.18183316391338,221.12357847464224,243.14751818073964,296.8663793012413,349.1234071132829,345.98851288556097,517.2861677196282
255.00516248100362,175.28746568176555,269.36859712254073,258.31201170577873,358.6851420309288,291.15785391816826,371.91948538782214,315.31848065119175
70.99706148735544,25.41619925090749,182.89995761325193,178.30345641426103,267.24844962533297,318.1972575609949,321.4955154715245,326.50793643345787
147.92598420456966,161.0357958788065,378.5901504656941,241.23664172791692,385.04452794908536,277.70825831485337,491.14557099114654,290.60393586590675
112.96356921797646,31.034011890531445,146.20537686025145,231.2301350370146,204.49411834862488,236.32926270406392,240.63742271189057,412.5852239539972
122.00912752591506,189.9083309602854,160.75972723887497,276.8001493220687,206.57297029405706,354.5736585545527,240.64216591630887,511.64555586159685
238.42592511000274,206.40238356931573,268.93846475776564,250.0418946215497,324.0222648624699,262.07235645333213,439.6881680586052,281.6658942640419
112.44431430237694,75.91309074475151,263.5413650608735,189.44490143768218,412.3893857679733,209.7923096566926,433.72970884023056,316.1565470952286
302.93192986705634,229.63075290136797,318.8538218352745,251.15575966368974,374.29253022786725,310.48145983603735,392.8319925994994,424.25775299317826
162.1704928953145,407.15106056493494,197.04526344116206,536.6313932393973,297.4489982410939,560.1675998172502,311.94063375074967,574.975071535759
326.1207360969396,152.8546980672796,327.6543791954159,196.035559021226,353.5996024044616,348.5849416598107,396.2487993834132,351.97350312116254
127.95320406277646,165.47094012090983,288.3411756443601,356.56872196167075,341.19820867256993,417.24051412963615,352.74949589173895,461.0031218246954
199.94267727599407,95.01564945522617,227.13682409121336,282.4050895715039,445.2952404998031,323.0017828130665,462.3734144671571,396.23256631000277
469.92042295548396,155.98954390672995,470.74875316054585,187.98170034325238,504.7454210667485,205.39777441547804,532.6969859708126,274.2083714684396
125.78959122009859,218.98812885225675,335.163962234553,294.12552209435347,403.4459432116868,363.8222671892497,430.7390538091724,368.9437563844649
302.4544184650677,212.25746092851364,310.4560762770888,277.29206250828975,311.1544843574471,400.11244997789305,329.59316137814875,420.94806461879494
106.9611488037395,126.62306067095953,178.5028703391903,275.315703386614,182.76024025808752,292.86232445380364,206.4188680682138,447.2913605968388
264.6726780038099,94.74647679892658,296.7310016177815,171.4118634613336,371.74338707732517,244.52384624862898,393.41950566574275,246.56228523180854
243.0729176438913,193.19004594930826,349.3328567133683,236.22045899205764,380.6083832912098,312.4075266062366,485.691338918397,467.1279248940925
156.84447171292265,135.12951792835645,181.65803900132073,212.1246716118894,242.9077077350537,385.9611884860048,339.37459968792376,387.0265974422072
193.80095668733463,166.64434387699265,274.8911948618827,181.51476900585058,416.7689481832456,313.160207682795,446.2263216125064,320.60505732140416
133.90613414419883,106.19369613196855,301.9330366690856,231.3508939197195,328.1365696137131,450.2851068076631,364.26249331104316,456.01964626637186
117.14855642227029,124.50119480023315,219.9552151107124,126.02250260755214,274.6965542162592,197.22680039180162,318.4533029920068,325.7139620344609
123.0984822294802,248.36270394586657,144.585481108815,344.11741934128906,220.40580910444066,348.1839252766834,228.42610724645445,364.74558481695743
346.09379627422095,81.68267365827225,431.21629950191294,149.7624562201906,452.1603240208337,236.47501688465056,467.82616988114654,263.14072842046266
140.88721315340504,91.57038096678127,231.60517431556747,268.89559034479544,299.554835007741,322.80679947905827,434.29770929933545,411.8982195997006
136.50869681046538,171.2468250054201,156.8749561238661,230.36077827544258,225.5377002389585,273.9466962649872,251.0172767743843,386.734428539283
80.11600088057403,310.9359685969489,139.9405105583055,365.1809796076986,202.39636120789336,448.7583395874129,260.71423129226173,493.6144046098743
116.07131164768022,101.08314904324533,155.1535425173951,284.1915182881703,184.3031055017276,307.6508073742682,307.12326847033415,322.5275575348684
174.66287127019032,93.18217509256279,317.13279969821224,196.87103188612394,322.06014874554126,278.4946028777204,399.29154191572286,291.7908618717887
146.13276018348907,121.63595364368075,282.5815797432291,319.46361243333786,327.79460059849794,392.1250995232137,457.26060147629516,446.98148735124227
256.96649749624584,126.73832971344902,298.1047535332196,232.49789967983932,321.0984661893346,238.88937174726502,324.85812383676137,250.74461920620044
192.5600457583893,351.3598141461519,223.48929714762983,477.7821167074964,240.89688490777883,577.2506185948768,375.02109286635294,630.8085714849788
127.99670263525192,190.2304662004501,153.73037377050386,212.25746092851364,278.73129534867877,309.79024368443555,325.85784492008156,395.91779703666145
110.15905165300481,320.942580793434,233.04722824924764,365.50029639050416,377.7757427957198,482.6222043553118,396.8921401737835,509.5628848691903
275.69914708535833,181.02669012921913,334.9810048860356,181.96468616156818,349.45035066433246,244.78410753537253,355.30958375484323,345.03880836253967
207.3359760349916,86.01149728904568,263.1614803616893,167.14643135533777,282.9505896598893,259.2562413722138,309.92973012270295,261.1744312919714
155.65187368964473,262.71217525879956,229.1798687175569,338.6825947542562,394.9139156624726,362.50165447721434,458.8894108400227,458.15106996267554
250.26795982393153,234.8159792561831,264.7076475882338,254.41847135893784,395.8194885297554,275.4989937305393,500.3987633381426,276.1327447444404
118.83196823873351,297.7204416701199,274.2224049500378,403.71548549616045,322.9576571130936,437.52675888425694,357.0661256307403,437.7303707503138
97.59814033342087,97.57005075767545,111.81722048446552,210.93876302333592,169.92553599013777,338.40903183545817,170.7618077276346,370.76795078265917
186.87965497076863,168.97489959485753,213.69864330925438,231.71334328860237,280.7091207262344,295.6603997790989,284.56444942998013,380.68138700399606
46.05049934622493,59.36612964739027,108.59024434844244,108.58434078686143,109.25048930382084,109.64620846331778,177.1961272698098,110.8476939242901
142.18373554400256,189.33457316913675,288.3822020326318,281.9361081995146,364.5168327352783,310.3329368849787,369.34077509055777,323.38800521339556
137.2071735030969,154.9771089437971,172.13550293162362,362.3839698000243,229.26132595427904,407.21809138058643,293.52767306501835,446.7309480421797
130.79121938786733,260.1052371781408,307.16946925017965,338.4864366915036,507.96656169138384,345.2456667203872,517.567488927045,406.34963592610677
114.03913653094996,258.295777592325,311.4839361839276,289.12772557680915,353.6990348124007,406.4095095198096,386.6044828794464,466.5768764697372
150.08306020366408,258.94335759035476,189.2832520564107,282.1324988075704,299.19135091259267,440.4107658569332,378.14503391499727,444.7068851996291
133.00231581072765,77.51335602630554,216.2239303997211,172.44791386950618,343.02549945128595,267.93996141588025,388.0833039146089,338.3204910921367
160.5393985090249,124.35829737687499,187.88221260074815,182.28574950875287,240.64216591630887,238.32558665380083,285.0649973618256,273.49833739861344
393.7491161780042,222.47550193381153,446.2785224495836,276.29506163102394,489.5504931100306,354.52877449131955,521.9182987383452,366.6608644005939
173.03006561216145,86.1990921205725,335.59023360049184,120.65974153133577,511.76353838075346,208.9493082911278,537.9470819046194,524.4845962483196
378.9427889933435,140.45895478526867,400.709209137606,144.48807107722098,475.754296190498,165.95765814654646,477.82758104347175,246.08896990445632
130.85479340219268,51.49737742685335,179.87151711224766,224.5998427917949,232.6242375959405,308.1079822108484,238.56564419098817,363.6438499150879
107.25484670140203,152.66608516301827,119.31856356726333,232.94925221615023,305.74423412865025,236.32926270406392,310.0231397171411,260.597609496017
420.6737521453176,104.62478357918425,437.3791814930993,191.50043178004455,440.7070732415941,312.62131118401703,449.9021492373541,424.8103429180332
166.63894591029896,254.12828057511604,238.92579992577114,385.46573296473935,341.3581753670761,760.627094770131,462.8974139701082,811.9268384486
118.27526617232702,101.52502031369417,145.43394762128727,373.1930839840029,169.8496243198097,401.30285495212564,338.78698343440595,409.40005062980384
453.7048408686911,50.78335638547364,465.9969242968478,206.08311028187944,475.4897400314264,224.26766527569396,492.6443281494589,420.5272212961173
242.69176298853318,294.2980240579552,311.36760026918233,421.8046633961483,419.2814511155729,524.8371856770457,455.5025718618679,535.0356760944786
364.20704276356656,128.8067082512866,410.66797580596443,208.33259171515363,524.5178920151646,210.94693276412096,616.8921550673728,409.87322500184985
192.29917043590487,270.2216869488124,301.05802299482025,313.0717661204439,383.7856512296113,355.50631144869226,539.4021111966576,355.6823792474228
173.11218783489656,224.87973140715877,347.77604086786835,257.5220318565559,359.49295283785074,270.55025540443415,460.0762727746541,331.37983969484577
273.53482206784696,180.31903366923865,309.39122599975144,240.56409028703217,318.70504324781393,444.3215468786217,318.83046437130025,535.0319487615818
254.40846911414533,349.1825903681173,304.1390826357117,453.79205928374165,331.43872146006254,616.1017759874235,425.32487722100484,707.2102135492751
317.8928136725479,209.7923096566926,330.7199255416035,226.58278899753145,387.2642579342844,315.33508578729516,426.14445144388475,331.3045989245369
93.21512136923018,219.14573519908484,217.16486636649873,310.66155460304,325.1634354349056,401.89601697190915,439.74525285789025,451.07020067582124
354.8774710749957,221.78975740646928,418.74441783867206,232.45001494068072,427.70227705187085,267.7693271379964,437.59359289717355,289.9389925906471
179.99232207872677,48.130480021045834,189.96100436842985,331.9917386188305,333.0434161345347,336.0293855240573,350.298698489203,348.583788772172
383.77993873649643,167.1983877888751,445.25234886422436,360.2013213806292,457.57818436209226,394.27064723132594,462.2105142901463,473.3240545866369
137.62501084444503,114.95913753953359,283.2843104280488,199.78097514245596,389.1979895177546,238.60479525676442,522.0949681613021,238.75869472765632
237.97729921117357,362.9967415193709,390.42669982148607,589.564094880973,461.84117755839316,670.8947609385634,464.6216505173543,729.750414151701
217.7007691177735,56.26230089738878,275.5204597961672,296.58050311274945,399.70115775041353,341.9555376600435,432.38925252815113,391.1318096334168
145.0551548064624,179.33399543350583,376.40483935012554,323.71368823142586,398.3911555629165,377.6657868123754,421.42754970970327,406.07899448566116
184.68754039211245,103.37521147138084,207.9278052336387,186.51255957039757,261.3134558209013,288.2752481734591,355.64935394698927,347.62884481974265
120.66315321469037,29.81973698944663,186.85458171784487,136.2822931298717,188.35377471873107,137.8056590312686,242.5365094071859,138.99724096323408
102.41707971484679,134.6980558011316,104.35790247281066,158.97951842493924,206.12391078214398,217.4014090962283,207.0451992077555,459.79582968390787
96.92473258584873,91.09258140841945,125.84110481737079,266.4135258365857,184.97017005315226,288.4118074119132,367.6666426432844,338.2250022890224
175.45300196935085,151.0817089091128,243.87654373601444,216.1234771894803,288.7675417848909,392.63967069139363,375.36542413544265,411.9386395944292
259.08246264338794,343.3541787971743,402.2686768557039,406.25811781497737,405.9181878146354,472.1119215061194,444.6267112293405,488.4316188709882
235.52789297049338,160.44133135420242,291.82343395337426,234.35693063880524,350.61700012612573,297.4018806026527,473.147141321796,426.98165303897065
75.59511139178815,278.72059908171104,237.65929412927017,356.6625846881419,324.6761112250075,504.79872047461606,476.38711270748064,530.5552277746216
145.5674324484733,313.74291619261214,322.1943515585625,534.5185949033382,325.762843909101,687.5819860876587,378.8459270992031,729.7024525086545
307.4835361613289,274.5654457727125,382.1428947690316,504.2009006598249,398.90524437019695,510.1055862207011,525.5933047981439,527.9714244276303
203.3205870522089,151.06415728464884,336.092875035424,187.15777583216368,340.0865115464781,238.85342952608562,348.05934370650596,264.6630684001364
184.19253271577105,139.29258915915227,223.50507438506983,347.7180321553004,324.4326629521748,455.34783098049,360.33000851276586,505.1596534730403
337.8842767758462,46.07424249362668,340.2237872244639,171.00265150430107,369.12235464654975,328.72971574758907,440.88864288842507,343.7457533739193
351.48560486765933,332.3952025586234,388.24884532802633,350.47438656414664,507.3261291903675,415.0358966809991,534.5217921956048,415.2253499075807
183.46789918602505,136.39951954631914,283.04152917054245,161.325033461681,329.90360004423934,165.06598921644093,336.40245860894004,199.8555689592946
44.61607465239812,193.87651991677188,197.04846023778987,338.0222163480969,207.96306073992142,422.634529846646,218.66557112275834,464.87050116426303
109.82221157608653,305.2587412220769,191.50545101261085,307.8785108078925,225.15614759135502,329.50933818856663,407.67666126781813,357.0490169923484
73.31978467821541,218.14818506189545,132.1537495920893,367.39041210323927,240.38350725838004,478.41001568838277,292.48095655737575,482.3894120989599
99.31623806669357,135.52679199332553,142.35993351564693,250.15129806017094,159.65559111432495,389.61718523141406,452.8695237975745,411.45014405932227
162.85069760099532,193.8540501654837,212.65045433945863,315.0975822913913,271.5973955754723,506.8772030617545,311.60178511708006,548.7896502124286
211.26098513320176,103.50071197430978,293.2969917089995,131.77392391457704,361.8592236899365,297.906020438058,382.67722680538304,314.1599769243251
87.94537909909914,283.7010194237863,151.51409646792118,368.817708407052,190.60943334802434,395.58462968649275,405.7802928940749,466.5334430123357
66.32312454206037,131.38186641018913,133.87010381838314,279.3044316487103,211.7691416158834,406.3237489458449,330.5833639377067,407.4425322786114
119.38446367367685,357.0490169923484,168.8769941334077,398.3567796030646,183.1069480670077,436.1449666675912,188.13985501480215,445.5197997523585
103.12260243595682,415.22080489241813,209.86289883623124,452.9822622097177,306.1372412132846,651.5751270953328,343.9043753555354,683.5220122845566
290.4073012544103,86.0688502120935,379.90465266240864,172.68749044204074,457.03343502607106,210.38421168482617,518.9003261567569,274.59422356232864
209.18580647810793,179.9700659424849,330.44694785609533,208.8903559538541,407.70023488933526,455.13227516999905,411.0659437067423,670.8000893089959
124.18429321737104,130.63594210298493,141.67988338428077,160.1674800770303,175.39213331624956,232.86972147747596,319.5718935003814,315.9396301475334
162.6630423400153,246.3693972969595,232.24836441321892,315.8211887304458,268.75480294409294,366.6130662364379,351.73619139511123,430.88016777544806
80.54189519479031,267.2042571196182,212.94093058751432,299.97322680515225,331.5376542115198,366.54052828039715,358.3372887501486,407.7580175775696
103.11765710945018,139.89305520527645,129.51023191619763,187.63818197759153,184.95023304572183,246.43663430968695,289.3260239116859,289.22510863599945
169.04395821245285,194.5698595094382,214.81274999547895,215.18387115026536,391.34504542154497,275.2433643716909,521.4192543026719,325.6457464664295
326.62027635666595,259.5794268953072,344.55801352033774,304.9970673332487,399.08506424126415,367.3957995547808,419.95082017733813,389.810890864574
120.21302320470063,294.76169826678876,158.62733627738828,532.1824897700554,169.297131571671,573.1289039442131,208.75382421845674,579.1613128879663
169.6362051679749,259.72428837683725,184.46858189756435,297.9178116543201,276.7907116135271,396.12278697963876,315.55723705508865,490.912485090364
90.4821591572521,67.48467231750706,305.45691870569476,212.3818544604295,318.2488258536463,215.79798434187572,331.95181534183774,273.9104319381322
117.14597083503442,69.62829154574203,178.93961780057606,71.17947537104146,241.70600195256708,101.59886352116372,292.27497251906084,190.89193081344376
220.7541344237846,126.54155242753798,304.60646611643335,152.63663830540324,351.2583601043636,279.6720122590606,367.6027971572518,293.3683886891411
232.46152325618377,221.97007239562558,383.20532270749277,328.4894787850841,416.1114735004397,333.59902118777245,416.7214035247881,516.4388767115304
122.91798595160056,107.07253225034803,206.20337347353527,297.9178116543201,277.84661767598305,342.2087599213875,330.4669064712542,376.4817342621317
627.990080681173,162.36469508727393,723.6397332609522,165.48079171376202,807.6941335346432,279.56911979017946,836.0237784583283,324.4285226782804
280.2071724302516,255.6245104256856,305.3261184978408,289.6043521539375,455.5876250472356,367.80756125048117,471.3609731007794,429.18920762668705
235.17209400488883,126.7696987622787,294.0718610053994,305.77907822058535,323.14589280786845,420.4900218717199,335.0752396965018,471.5911744509333
83.93180920707911,139.9712376432051,108.59024434844244,152.88726338641595,153.92987801072806,178.30345641426103,177.56976847701924,232.65407292999254
314.80035380817264,198.66727785043398,381.15948702727417,251.7487708276402,390.0398508544739,279.53192756922516,396.5213596030254,407.9445512649416
358.0190535614721,113.92490942581233,395.8194885297554,121.674294871386,496.15558425540195,168.4557001413276,778.9495815996795,197.5006978128162
62.770969631022226,219.37937730928925,101.7449657459171,230.7964776407273,257.532230740467,249.1920350225489,357.6731072826247,300.8947645275787
169.81063444416108,217.7039918172216,171.70435001630582,224.64078475859984,262.26777617636,351.32367368974815,308.3768928168101,444.3059280738648
105.697023902763,293.717346203489,375.73210124481045,363.1712388902693,388.0663438642325,405.10529458791166,393.43523508966786,414.13096576819726
127.26659833513926,118.00246848798668,257.03453088731766,194.66586128204844,405.5819080523308,214.22340547767965,445.06023307411385,282.61085355736463
86.11826376657498,235.39958912023894,159.29499535981165,268.62918223870133,199.8007068637216,367.4147984326226,209.9828825414263,369.8971779171864
145.66954339439147,180.16069169657797,306.782058454382,360.82535298342333,358.51156970109827,371.6651661129176,491.1639574769943,395.4526445519089
103.21388486048235,120.69222156682609,139.00619772245514,333.20377008561434,149.2180454315611,336.6761958538243,155.24654834759667,341.11927245699513
246.91146264809024,25.41619925090749,408.88009756617095,152.88726338641595,472.89086933584315,292.785989862859,593.2398518476158,308.6233475194921
158.48619859071903,86.28144918545644,255.7483551429168,313.01686347721835,304.4378858960068,332.6648312131158,349.69676392245316,359.36205558237117
371.8315522730907,48.7568741406396,412.6410845331601,261.9333887815269,434.3213759207657,323.89535069175724,439.24095596199237,332.4012411807494
87.03803548526164,389.3469161950138,113.99129135214365,392.7125693586393,396.104780313466,404.7452899925525,555.1393483379499,422.7769021144256
231.4123265593314,258.85314251541,335.25761546346024,326.95942504715873,387.6300587897522,349.53009427419823,398.08711369693225,363.23329404942274
127.86899327680162,102.52627859759943,244.11161266156685,240.17237526299206,302.4659745161746,245.20112800559818,323.07971418971675,390.7369688723523
130.61537466994733,48.324574977467805,202.76373917662656,145.29053101557315,332.5707543430029,156.042374647593,411.39753662734137,204.3773881377168
78.87320911414385,122.69151816991153,146.03084920527647,320.6805499319581,222.56872733780395,428.2463691558245,226.999375709379,544.57763305736
169.47793963887665,111.00466325736228,170.50419865230666,269.24210090568477,281.83840210268477,321.73890894407634,289.0279083053511,335.36799913725906
155.1535425173951,216.66778292339805,169.90483293977232,272.4078043974102,243.7263471774107,334.5851998289943,302.93190047390215,358.462118711081
144.19149963418153,325.3456603947166,156.03225450551864,397.59104021241865,294.26748590401183,447.6784652328103,333.3802318762587,480.4545796594634
350.65638750845756,131.38186641018913,481.2472251216605,320.6805499319581,557.8872978143824,397.21961849075683,568.2215404131964,409.88824141753173
91.77996828030646,164.87543155591013,213.57764022714218,243.56174630569132,281.27900044355084,425.441939716194,317.5877954319363,452.79066914276035
152.5429204590673,158.97951842493924,155.39189548242834,281.37346190863167,199.8007068637216,368.4545518574407,211.75913373267318,555.8553638977165
90.45382157707158,113.49381654187941,144.88527916415015,309.2392300499984,305.0002406355717,350.11798437357595,331.67823030046463,366.5665331260925
198.56832528292782,94.41445983689474,223.51950189142616,192.14935272599652,252.23910846810986,275.71530217083813,379.11869937704586,432.3558983316602
206.68195190692754,151.396651575079,558.0024528351079,170.4485920859933,599.2387132709725,206.2040981467301,650.6604774618202,218.8295607162134
292.27497251906084,211.68943334701277,326.3173889251947,245.8506282088734,396.8495858396498,246.96741473601645,455.7098756603745,345.8489548188442
182.48236651543377,81.07688691365307,460.1901225378425,229.0099812414651,569.0187947465255,246.17353461747274,580.6212415201146,271.1481091012191
316.66845882682736,34.31187053589068,339.75730859878547,164.7750423147388,374.6827907229259,359.7922502724307,505.8457152272294,480.5010226389453
117.4178357998622,71.1352413348992,217.9734231134618,213.06325869281508,220.22108744000474,309.12809980553294,334.1044247366265,368.42111081863914
102.09768422380691,141.14403932479988,193.28466781031457,151.57348273057025,193.59696455902076,183.4148856483822,230.8018071466646,387.15564931662436
228.98639671339592,216.95131810049907,300.5814689631418,404.4998742168711,360.25377761462715,435.2194917989303,371.74338707732517,460.13878673279237
124.75035217949281,217.7039918172216,289.69027831775446,321.3454282486166,313.9852288032642,383.57255262534187,370.9022964254256,425.162067260459
171.10222692213483,188.17143373237303,236.3629445581101,338.74264093946374,355.0733341789722,549.4885621937368,356.5498671049754,565.0027085810996
145.68672646845988,224.5998427917949,296.01459861577723,230.40462157540298,335.71546278679875,275.89159993890325,342.3204881682054,296.58050311274945
270.7750048955601,256.7362347381401,277.25732805226886,321.1904508570929,307.3818920779183,343.5510129751059,309.85440636348125,388.92155418732506
126.6815058633496,166.64434387699265,205.56248970066736,212.3387525687994,260.7554346219508,267.7231338613347,320.74284369608404,323.73765365930063
247.95963093976272,103.63609185384192,289.2088985005458,290.6341283520075,369.623161929552,302.04614282415895,414.0915727035214,310.12970085050233
332.4819779868812,55.25627907591113,340.4944054215185,125.28167404603288,378.6179622181476,160.00512371019633,419.63587075508593,268.1345596833243
126.89756203788846,178.77678265007822,181.67593221332436,299.83486777942153,182.28228698534028,363.8507742281227,331.88400229886776,379.4999642334043
162.1704928953145,44.80911407236878,326.8363311079791,116.47768784730808,348.9681033712761,164.8637926627195,383.7318592072961,302.70642707788585
313.0419378682927,83.49883444093939,349.388275353691,118.09779494767449,358.11420097755513,152.48882470000305,363.2916252094871,355.33468938722325
228.7427409518688,137.68771387048915,312.70857206728795,289.70707936463214,392.41279670513404,301.81134130323335,463.7214545815157,315.8389677103287
301.7422884423962,179.93030590405513,355.9009771572917,336.20126851755106,375.36542413544265,378.8128804077173,406.5534809016286,417.8598370263334
182.48236651543377,187.33484023295773,389.22263722838863,276.6753358354139,398.40249698411094,336.21768972859087,577.1467899709071,431.8807266324925
204.57507475782666,235.27190595598393,259.0608135177378,245.05599281257292,289.26667281348995,255.0007102477777,348.7072987251446,291.412810926783
427.89046098854715,475.19749439670403,448.1063366137893,525.2954687300363,500.7432285154604,577.4214568159177,571.4787505403358,581.0065399350984
141.79181022130635,164.45414066187325,287.2398227247516,248.4226463969527,308.5057977199505,319.1429800044561,344.4909962847512,391.19171224878386
322.85161415512556,258.9313438211415,377.6027068303487,300.39228304208206,396.28202402628744,363.1712388902693,429.45896132254074,470.8828360092454
178.56662469537568,229.25923545940284,340.6515325848286,335.25710884680393,395.64857675213847,339.83924082233057,417.55265681309317,348.6397475176234
309.5249728443178,78.82041505768106,495.36781802172686,456.42584925524983,540.948237941301,515.8350582346104,578.6481936700642,519.6417270184326
121.49331533536362,307.6759274864477,145.65507742271083,361.80442773445685,297.03208416610863,396.8875265609169,413.33117357545007,417.41031249257344
129.43184228525874,283.71542733063427,238.60075321444424,379.722186456109,278.73129534867877,404.0959638816292,370.63566910093266,412.4599259268937
132.54142460893434,361.9068252763298,190.31811515134814,429.6260129272088,325.1980705240585,458.392341564526,355.266591392907,506.2741306613886
224.88403283304822,271.52964461140436,255.9550780720331,331.9482689701522,309.19354094346534,370.41022896695796,352.80559902389365,394.20518621535757
135.44555681725913,303.8782392119808,144.97761143585936,307.25718580611795,252.49574285519387,329.956093095373,265.244539607856,335.9257117263095
60.54076707335951,317.9753444606733,206.55443585070486,369.2855282062049,284.9644127119705,380.05086073161726,378.5931350838118,422.5024815309067
186.11288661575375,80.19138676508567,226.71820879552246,119.4048081956726,277.95265706193044,319.8395134108659,280.14639343251747,351.69160267305534
144.585481108815,139.3455171455685,175.6689573006136,147.73478152722566,180.08418854307834,302.9111086898315,190.19330751701486,419.4457040187797
258.95985906081034,382.5971882432945,324.4829223232198,386.39523808520727,328.7812974000852,421.95709594647036,421.51251969664594,432.203907353927
207.26714137454303,30.32318184702306,312.7624251243772,211.40935930645506,384.0283037331711,243.02649724624675,408.3211382187408,265.70385422794146
81.00420704070575,177.64717664790626,282.7074258505427,225.77269942452347,312.33437096644303,300.8947645275787,347.5590175484437,315.4793475658185
155.6988633693184,34.069984701689094,463.65971674449656,168.95912231948213,495.6123016617201,213.25860087797986,522.7621452941663,335.1008729856291
48.6240873974376,148.29098133748244,298.5147163605821,223.13048919232838,314.1563819343473,312.2237948898182,344.35993195745846,401.73977991797045
150.868064137612,92.04273011656373,268.8935864843654,122.75982759966791,297.7805346474869,178.87851670761177,328.67460377171,257.6948703962034
187.15052923279976,247.9899212903634,405.6246504358279,249.942943732696,463.28970359737247,374.0091775388974,515.7981707088271,416.63156016125265
159.6767100024573,120.6622416519452,186.4618454528517,235.88678140647875,271.6066612126341,270.91938111277966,332.3956065179568,405.4060983477644
174.8205236423322,140.14426052997166,296.6386736867813,338.7702084898131,424.9825663614291,351.39704315392777,440.72417236831393,403.810193110958
240.12484940717522,310.79319519955686,303.96253208300203,364.4133393750066,326.795546634593,488.48230207639097,355.6876983853606,542.0899090293958
126.25873902587689,88.64909806424308,166.7917409806659,170.91655272484277,304.4116783559402,271.8391027218568,341.5679287655612,332.6648312131158
257.03453088731766,237.35785634273512,305.0992273884217,350.81094299845125,376.097735080843,361.21914352406725,419.4217446422791,496.92879669005265
92.70100577404082,121.505813456062,210.87499107772817,254.12900919723205,246.91776590368363,264.16416178310703,272.6910988388526,315.4705690444248
128.93273927271804,179.24703355183874,168.61138875548517,307.3802238535182,289.26667281348995,364.3389141028859,316.3211503972092,419.5131476755239
260.9313288137346,184.705640491866,276.3646139327167,291.64976468357725,331.4947537709074,335.2361547200747,336.51114538040906,346.7464742809412
117.58851866169492,34.65839008929971,120.36493000283481,183.97698586189287,139.17227447825906,222.11580718859506,160.26402129296525,441.380933927031
124.09801957802603,223.76569701622054,258.7286642366977,545.8879843510207,267.95994860136824,591.1635735018228,406.82148294235594,692.395365942179
102.80080796308998,216.30952826509903,181.62958754643122,222.91227681834812,337.7041891384778,324.60748102483956,360.8717140611918,404.06045136742705
158.47986101347846,340.6134818191875,245.35487864659274,374.2197088420508,247.39064569348017,522.7768378040585,256.4298362547166,566.2614221309209
184.92333681705932,213.92713440208857,208.97241471170022,215.51434585870217,277.76375554712195,301.098285925986,307.2205995396045,321.5149444407526
206.16683466138053,275.25559606410064,239.03277329150188,298.60095890382945,329.8851896953943,378.3554579158857,541.9588968489152,390.6038469639843
154.06889882333672,134.6614464491146,202.65482029257794,242.15375078435108,276.35754213385115,343.1293526865468,287.71331429829604,363.03351386637485
243.1725761529298,180.01373456045098,246.73090004623106,187.77742182685157,297.2208655130537,230.786800488634,368.6961891073534,330.89627165277085
62.09493753145725,14.356881171479694,203.94435702540542,317.3510162339438,218.44680574126102,341.3177622964547,246.32075291573625,409.0482640931727
110.16533009068587,16.07644801291866,317.69929736583117,121.2502659599925,535.6595178018866,134.03705797823162,556.860468598691,165.1374756060943
106.72138691803792,156.2781613318053,178.55381273090072,308.2303821576275,475.3540917311821,455.8908355005383,491.88927926111734,548.1095176007019
163.1150588385865,445.7713093195304,219.43154408738056,555.9378061734701,325.0661425216996,583.7869657224932,387.40092616197444,613.2254283895726
227.36350383737062,137.42075960845352,307.34528012909334,225.96759186469959,333.61747877203777,278.96730386007954,384.1619217588701,327.6944845256879
112.6239695115821,305.1668488604202,212.97126226019654,331.0626453860972,334.7495963123611,460.41254821577655,366.1346648835186,464.6293521775186
240.6303156392274,182.06348768842756,313.82163653372396,265.31888361555144,369.7352367281653,268.8099053943156,376.6135826495629,280.71067909375705
114.37817672415042,123.22661571870395,175.17358424959275,323.6067113902737,458.3646754282316,379.44788297413294,518.3410711194714,449.7618108470455
182.78182564549815,246.2211888639705,245.23693505250478,262.6215451715491,308.564562086111,353.44064574481007,329.58247340935156,399.20261425638233
207.83089859423686,238.06479937950155,211.89515933279233,242.92292367325786,262.13602799337724,310.91706048890575,267.8707807685981,320.6858871628932
252.46044243071304,223.51684006515475,291.8517405830857,239.895634408075,306.60529433000704,264.5674015824845,494.00863723048275,275.4080373594371
186.02707390239254,241.63271456533184,218.8034442194743,345.03880836253967,345.9478143033881,407.8528571415668,369.62049189084274,445.08924217661877
212.670348641843,227.57964170316092,293.32844304511303,279.84152825143616,313.6574180561712,287.3978336896139,414.1024175868622,373.30499250164024
50.911000747298935,51.74052038355709,142.47180303891088,68.98794069752203,189.49964730331052,144.26375714550971,322.6170756208287,278.6919432168475
129.43184228525874,171.79491474484138,153.73037377050386,172.55399403204396,280.40896858501543,251.1606413209115,350.86878469818305,303.0017887867294
193.7315648128677,39.970430511344844,220.80663932179246,307.0969939386633,238.41914297433172,309.9215138783195,254.53222698692807,344.555107667988
230.47354954540563,132.4961725282052,448.45973690698617,224.42660774353737,539.6369985503951,352.22468596249104,572.0482398351598,424.8208172710401
311.6099408572237,56.99191069972263,420.1683874495359,235.2135351444958,455.85154250497385,255.4814888089706,506.8308230866735,295.4823764846303
454.89139221314946,49.0770165188006,455.74905770221704,68.61346069350385,577.5768332301778,316.0898578980449,600.8921951041445,343.14849524191885
326.8363311079791,106.86814333667219,461.41307500547197,111.291895681272,593.0881575633392,215.02070574363108,595.8666249985671,224.1732985802566
201.04986312429233,121.63595364368075,278.20843986639926,436.5524191323091,299.12027376018256,457.16867874109715,338.30100096938924,500.4823302827556
43.948623137392026,202.69448801063655,170.3592026700933,254.57182270612438,223.415194614972,359.4087917036567,236.86309220565477,367.4151338264761
87.69340869045196,104.99533603021213,443.4433194198268,133.12664395290352,447.95452401415434,152.80754344598014,457.80030206414915,156.22778176067897
136.563087307571,289.12772557680915,281.2210687086239,298.76969137188416,291.8041028402416,368.5372849440631,297.61776560598696,391.06071138057735
71.06973968301779,371.6292568886789,131.1604596837933,414.61298814679867,345.07643692211417,420.6267180422396,391.09184579182573,515.5188667350217
198.56737382336024,204.12304383370252,228.67421987689502,243.1109455516216,437.64999700060844,288.61388837166953,482.04232952537166,329.03829431972656
85.90872740190552,166.65473251980632,112.18052426348326,352.16802234407146,215.92669791059816,510.13896551973187,422.5049978037197,560.5232437775854
315.9904907073914,349.1825903681173,356.87362621510584,459.8462139271396,392.0657472655128,555.0279397665404,468.9531549023235,587.9204233021538
209.68599092853543,107.44599057483646,262.33298592782165,211.68943334701277,270.2109913143426,253.98313051633252,270.99810064853574,384.99006008282
296.1799533394209,340.3272664895942,355.17432149044356,400.14768657860094,441.9192409625836,535.0319487615818,538.5284174667477,546.4468453833566
168.04779677289267,196.09300556470959,169.80312784498278,313.50647046260417,283.18454474463147,458.48245353307436,288.1252645361537,476.342792040038
131.7639857800842,283.35060639340963,297.5559249518946,287.27464107374414,375.89269841812614,487.30940208812905,393.41950566574275,523.1132664041976
161.09130334940727,221.84519605736335,217.61852396428415,271.5969434415515,221.12357847464224,297.2823547273292,225.64111787064186,377.04297753538975
87.25440838228005,92.82957778636933,136.66132768031224,237.0531366009516,470.8713166758018,343.07124536014817,491.92972558084585,386.62356840953083
174.1639740430625,168.88936030044135,343.89335981412046,308.9223527160995,377.0371106345404,481.31615931005473,414.67956633686805,577.7051781339954
104.23583848208534,86.78521994446264,418.71497275856467,99.4061152905918,422.93852772649484,157.402379262007,521.3668033108889,321.41592170575865
145.66954339439147,175.78112847214197,245.36596221197308,193.60323593822855,346.78293654200473,200.309824112258,419.56028337514095,217.52330957905357
169.66641026193193,151.01769797548008,440.1195510301646,178.42910498930516,556.9413169345222,190.03633553788111,705.9867739076875,417.48716677521537
218.10954465804684,189.759358842476,284.844844047478,197.3914902946727,423.68070934341927,230.0523871531697,484.34495216127186,264.37965428171276
169.58446977005883,178.92527428332895,202.3687714468022,220.88472886633662,215.93155729898174,468.2992174813782,331.72358094028505,483.02385817286535
183.7288357649155,60.95569591511247,260.4746404011741,140.62060652390625,314.64833108381134,161.93850309541048,318.68093692691735,230.0523871531697
100.25768302653795,97.0193703957199,121.77824497947985,193.509842988853,316.8900850806881,251.2886020706364,339.37351402505135,305.0800595395694
185.08541351486696,9.115996561175757,244.19592741448471,28.89239299726871,270.5579628925588,110.8476939242901,311.77641501300616,158.15760748314366
120.70993224652335,220.96000895981192,127.32460087123039,341.9653846901894,220.44677466678385,362.01214810764804,222.2983221359841,368.6033684938698
340.4552870381161,189.18859675339968,347.9553868782642,283.18031247265543,351.1018173344973,355.2790633544119,358.4647107596282,402.56346557794154
83.775351176464,384.60736915732036,122.8516113652104,406.0599111223962,274.0726596522935,497.7340773013575,288.1444514210284,598.964412051502
72.97047615662416,249.29921402417835,194.52456173738435,263.95698910187,204.36394248687162,326.54108967625194,221.63382298318814,452.5869893574669
227.65374382359246,129.66664752540356,324.6790624313136,256.3811468264363,358.8895642923862,358.29820694940827,544.4666202649411,423.64083086789907
324.8139197332198,114.8106448873382,382.02630429704806,309.95488851897863,469.0106128302522,461.9045519651701,531.3435347328272,462.04731460067717
316.3445080986747,100.63343575926028,356.92775436686736,321.0263112325829,364.54557269899533,323.2407711799831,368.81691655594665,387.9763704715871
206.6294193156785,74.80792254422761,210.05005391452391,204.87772452033514,353.5614735768976,235.30190143981324,400.07135172931225,406.25811781497737
164.902964214757,89.70912404118114,218.5249771522342,223.21084228250416,290.6101912430674,235.88678140647875,372.51205412308923,240.18498213401395
310.6793125894228,155.51617889067373,346.9078228156584,161.07454327472797,449.07404554772745,174.71310256504677,467.43297325721386,236.8769452524751
350.85642613823154,125.14010030429603,427.1718181264976,141.80047430665996,542.1719359652135,240.7473688467328,559.8130496775174,419.3660112788684
133.8087833475905,306.91890389251364,212.71829943293446,398.99794638349834,322.6796054189099,471.7337145240267,326.21474058339027,532.1144919218748
120.99008395566584,283.71542733063427,144.96266013461067,328.3694787415096,223.30640054632156,332.1053038163613,394.6293018140141,530.3586622273059
323.4804382488808,134.06065583370264,393.83717081296055,190.17050363298353,452.66786753033506,230.12470089360738,461.844879771625,253.41168777423186
158.5386013093287,49.0770165188006,382.2131223770019,59.645288833481544,705.7075409054816,285.90791289740616,898.0740895128122,378.96410763671076
128.02109996234998,77.90038738521663,271.2725998377157,112.47397000770376,309.85440636348125,204.5274418921188,384.3571362185169,212.72676959978475
93.80193236189477,373.26902469493507,309.9609755533343,422.03815018590456,335.4012104081651,467.9560416757128,356.66138765364786,469.2499617078506
220.29612491890663,58.297060625079496,272.1434600854091,151.01769797548008,525.9563224232467,266.5186083394037,641.3178688451801,306.35302319761223
131.53257076680327,70.13900415139842,137.22720807866023,175.06306023305092,257.3645864786379,236.16806526620002,469.87142575867074,305.60532123996785
217.42194230878044,116.64055560289927,250.7620474453711,223.18337630140158,332.060068179432,423.4257986892645,350.54830772384173,442.5894507359187
72.96287969996895,170.05954304107664,165.3590530625224,277.81384738167094,183.97925722159331,348.45541052910613,272.0159540156193,350.15597347011146
302.7579324952652,234.78415477120816,382.4978531218655,316.526481873852,452.00940562927053,316.5272486010649,478.93807031153295,390.5211069339831
183.46789918602505,104.61573522923749,357.0128523243443,198.50819235767665,451.97005776294844,316.17017839020247,457.8894026131838,339.0038942961404
209.80130919969525,189.51550524515915,225.91658009889156,318.88450985358304,239.95467833228426,343.093780670637,352.44740185994505,453.3842562568402
252.55647994148092,87.13038347216443,269.34676077878476,149.27986515778653,293.59012096788075,301.3502128214426,314.85089614931735,341.80415114236666
153.7493888011337,64.11140453373292,198.37467600843968,295.6603997790989,220.83207392953324,348.91137979170844,320.20260386028394,356.56872196167075
218.66112050641826,115.24236312651374,429.57747680190255,349.48709981060415,446.2785224495836,365.8758136678134,456.1521763027083,370.7535827968018
173.13858002937116,221.35259434539944,225.72719406568282,286.88531185689925,356.62269922333417,290.25015782149757,371.1078418727381,370.1729080093609
172.28772406823842,86.1802761289005,489.80555726293545,277.59570765812344,499.0268206692847,427.9363004624927,573.9668283248382,430.93475643888587
203.9805953884078,219.3214943334709,216.20997167135562,237.66099543885028,263.53484771431033,338.1208791485495,378.0972050575632,349.1877552326569
124.75846628354046,53.2314019114765,237.00675428916253,305.35329053357526,409.90794160932273,493.1227730692109,417.23663643369815,493.49432094184857
359.9570978721824,130.5542700942981,381.15948702727417,131.53754815191402,403.64743982411807,294.2411197506895,404.01200225602327,416.84424466164876
365.3646875234533,108.63126825640555,380.802659010442,144.45966163045819,431.76291638769527,191.41906796515423,498.77085511789574,383.65421418966775
137.29947349132507,239.52285912586345,300.9596453017846,274.1883191888026,343.36846892832233,546.1549624491191,381.2024436247648,602.2212488551181
186.01684162612096,196.48062641673525,194.58020798278994,234.30519282799918,248.08121507939543,249.0230398336863,275.65504565546314,344.244921705629
87.22981172145747,130.29284806530603,124.3088570437061,339.0397676042529,194.05314746825766,348.4221013574714,203.5664327584399,350.24902608730855
132.97619286336374,275.1719889605932,159.52448171240357,301.6630795173262,186.40335203609794,454.96504293784994,262.06207153226813,621.6164560313418
166.4565775048111,93.37506778275569,204.7341937857205,272.4805099990262,287.28297590742164,366.6130662364379,332.69717516287415,371.25738055102397
265.91635713144336,75.81430146054252,334.1044247366265,283.2963909289793,348.3327587348354,367.7847182268591,370.5268251196389,387.94938396547366
106.3236254581426,147.0882594903087,232.00510272364897,157.49418930599523,232.28951635517257,189.69232738065955,273.6583553108963,225.79312472751306
118.55075531052967,284.1291904978101,389.34592901461514,307.0969939386633,426.89159140605204,316.84658017403257,599.0803716293464,330.74985835383006
120.69686281129943,194.15755161578392,165.71245872641606,240.7673030300241,207.17656428190756,284.66721387333274,349.2219693435356,363.301826793113
336.40278935835113,223.45081559563064,418.09215851566,229.85573747731362,574.9705446581199,230.9884954377257,679.3342132124494,245.905289150741
194.58020798278994,205.01725686835513,212.76918306853278,239.48777017934998,268.9803279620641,287.19159591393776,318.82167414788194,291.0376481915724
174.255735219738,198.2149218323453,217.7211533412054,232.88891687870202,340.37721857760204,271.81975705357814,564.3473790451641,312.3903337518972
112.28378017677055,213.06325869281508,139.55445366773117,280.9865171540052,471.96165601091684,356.6761641660311,475.6666689681212,417.5888882522572
117.21368957195192,26.87354561155917,151.14575157821938,200.21674001787235,202.94649837062272,238.8906693319621,305.1734129215907,355.12932003271675
76.82982742299582,223.1961282609448,156.14315144700134,264.71650917237116,247.35135228708933,296.5518355893075,332.71174194747914,298.8949996444254
310.954543408238,83.69632734553991,391.27502095596117,91.57274996568627,429.85084123723465,140.62060652390625,552.9652290894054,197.3914902946727
362.6337858796437,49.11791677316214,436.6302402410922,102.03937565787164,491.7000391925894,113.09008060259379,599.1018161521473,191.55275650861532
97.27243746346652,153.60495257568604,130.6811283895004,181.33966676649914,231.06543178499925,200.36566818251484,270.82747955212176,261.6886238573797
279.78072158556085,283.05115052959394,293.06679544879677,293.17282577455643,297.14081641588314,398.24924636237427,314.68819541697985,501.8205029245361
145.69296560095069,108.15401084412798,289.5665034438158,212.40393755333335,320.75174579104555,315.4613083678208,370.5692997701887,328.42793286767244
344.34191454547,73.07157670954598,388.2387958921112,319.46361243333786,428.823598348863,363.18119182713326,580.3674047492384,370.44270733372207
308.96852393232547,188.30261678422877,347.18281434807244,441.8824714792194,448.45973690698617,491.3242705058452,590.4433127061272,502.84120267389693
106.77494345451363,183.25681694819832,301.7422884423962,251.85693455399397,335.75775492677764,306.0211932220256,410.97675470984234,331.6388984987191
152.07862348058657,98.9308125365426,159.78478603208313,333.0987686688906,314.0641009930952,343.60088755138855,372.18992955196944,390.5180496693024
87.21673390512005,114.67804223679803,184.8875722769787,154.9578935348217,235.4858149503861,272.65651034289493,251.4390938651515,289.6043521539375
147.16231008115386,216.57842595789796,160.03135828115947,229.23396360815525,274.09676189750706,307.9602920876874,395.1029929605063,403.02249220311256
247.89325865943425,241.70373715403733,272.91288113921394,281.95913565564456,308.50051114614666,308.8445731717223,317.8332335312704,554.4079755531408
202.06930599549628,194.36022973323165,219.4098918926948,346.4141381369304,253.47726095190382,356.63841944284513,254.8687169189946,379.75013085385655
313.10260776174374,424.2879202595698,336.72440362545433,500.18142063126487,471.34061392123056,509.6038913832844,510.9218355352658,529.3688828437614
130.0654530461101,213.0445395709807,187.2824374662458,309.95488851897863,232.00510272364897,348.2593044951747,254.81650791717817,432.8097067969641
82.68889393883215,80.72201556428824,162.33227202208337,118.54992539072163,219.5240549525041,393.0194044704768,251.0172767743843,414.59312408415457
373.70585418474025,282.9751974089408,383.42168508125263,284.09349128055715,477.9981146581761,285.00561145516207,495.2792315506971,358.51904130332747
200.5616327614183,137.9758261158969,226.71820879552246,177.11623245688043,433.22071874767767,288.99902289304504,460.743597705444,409.1788478632887
145.16341466435816,197.68380200170031,171.61519021358828,319.20051334153135,214.65428699501535,522.5254721561906,336.34965581939076,565.2610206847057
219.5370459967855,95.346834790785,270.94594441245096,422.642154530779,558.3289770960072,495.90493729851056,582.7815631568596,613.7402574519032
144.26017486774782,67.9431963915191,165.03427126500526,202.6045233505298,206.93806594802643,328.86859416152686,245.26657315164064,333.12234300962945
181.54202187411065,240.22302522342298,311.74644850697683,267.3731235220388,347.09010695247264,314.766484617991,367.69573464679723,341.88028878920005
310.9781951669245,140.88720003673006,470.9132361392766,334.6675712772662,486.3098177800589,384.86164536750283,501.50545407992485,415.52978240665414
97.55649622462272,71.13728607703356,221.14970377410611,166.1221645497541,273.39755001865416,468.76325317312,274.4183284390478,471.1127053561462
218.7603255547951,209.68659249998,256.46305222118514,455.2942954948904,391.0003561267545,473.4699544335596,410.41939799829794,624.7160568215091
149.82259743275424,33.184286668326,199.62148216847663,74.54455211112588,298.3166590291235,195.77645637416046,466.0001055530931,501.4249688275574
197.9936153018941,391.25584581835636,243.65963635177692,392.5777102749476,244.70425783746472,442.54959554076277,286.70881644265717,465.99519827753227
268.7581686538246,294.10498978580944,271.7716788529627,322.41183232091737,363.40276448802075,340.2102428231281,375.10368234191037,357.90499756638457
248.04334366939455,157.378271855486,299.80341585276557,363.5160195702768,412.4015854234801,377.0521584511507,470.67520591027255,477.7821167074964
294.6700463242746,122.06874637028834,415.1238912026019,167.98742953580637,420.1080772217359,391.5745737552714,482.76990920978966,393.65517991985735
125.36851854932668,230.0735120675241,145.42266589396564,362.8804410170732,224.9882024467932,435.9185183372547,262.06207153226813,460.9387894849202
96.78481612271418,120.30203411898172,340.40823594330794,130.2964692060369,364.8540692830686,133.12664395290352,436.0679243038031,170.06642835385475
232.03055589493064,85.93555021212987,333.00977192450375,227.27371889134994,411.21031401706017,314.766484617991,496.9534051897655,340.8341712972724
98.26098716911359,327.3940282470603,160.88928686469646,423.1333190463916,190.1469231039509,454.2668115532029,195.09036325497235,507.17073471159404
215.96399313624158,201.21479924918938,289.4816365730131,252.91522017878953,343.03385483285257,327.6944845256879,430.9804472075002,329.01742843094513
114.59777137037484,93.11657319838487,390.79841167281506,345.56860490507825,440.50106156322386,478.00233439077306,498.72617792832256,479.8161382530677
96.75712455642909,242.6964890992174,156.14315144700134,261.9333887815269,213.8437757320544,300.02305002862107,405.3254129669569,323.2171254061991
145.6471354303219,267.62981410240997,250.26795982393153,335.36799913725906,358.0190535614721,341.88028878920005,475.5702320107024,361.6366608294189
262.9472395450387,341.15239800583765,268.17745007737,361.6241254874159,374.8296571798538,457.16958178493036,409.8992202747588,459.4803856358863
176.84085537810472,105.38277755197464,204.57507475782666,119.4048081956726,223.6818600556619,313.5500342515386,248.38678872750845,395.8408389937232
76.06151739118108,359.8048773788142,129.1210713567494,397.21961849075683,152.42172961565547,413.4628350232719,178.19572078245167,449.7349095628966
156.8749561238661,72.4153689992409,162.33227202208337,92.73789464497347,194.76865914266116,326.13750369782537,224.64995415378237,342.7772101965455
182.30210527411825,100.86549891642144,207.62893000264918,168.18831742982053,423.2786998463184,197.4747731657328,425.422860997942,243.90373833476716
122.60134251237727,363.4068874789217,298.82211634503125,429.23032425826653,410.2341124739077,520.7908395485495,426.0740146494372,606.6860487615037
333.3113336052959,225.8451311065997,343.4085428228919,285.6410006724661,350.2091507561375,289.58784934069087,366.82063289838715,359.91535474925865
180.05675231350185,164.64642178286246,290.90322551822476,189.44490143768218,334.47613693369044,262.96783076836,357.60148377219156,315.33508578729516
144.59540094650083,322.28086868273965,175.6689573006136,381.15374371784065,206.98722209044297,464.28651931741416,225.64907062956652,509.6038913832844
96.59275812264902,139.89305520527645,103.32194006707554,161.16934729169537,165.40059163975513,322.9355816935498,166.77478006806828,402.02366591363733
201.90291844872758,56.27481961259325,210.95243143897542,163.73251734221193,309.5535129076173,226.0169586660373,357.1553406464503,333.90502998789293
103.38747484460264,88.99290728554878,271.5973955754723,110.02975779816299,304.7353124348447,352.98417926119,461.25819809811173,393.5757041427095
206.39525290716537,39.970430511344844,347.7620075682794,287.08809247348665,373.3890185764987,304.8610527916121,504.8009912326632,316.84658017403257
109.76063998703064,321.1405112839836,313.86920096933466,330.89706186956704,376.32621809073623,354.7908404233205,523.0045858197807,390.68059814830195
259.24453827007534,203.3625938534947,467.1382458328885,230.92559357052622,482.7112323112563,533.0703573872233,596.3682726143189,551.2815785851465
185.32767507506998,115.07737575757888,260.9541784828163,330.41537398440454,310.01897918237285,372.92201314464506,386.8394545158481,373.38212045417146
231.56893358145683,94.56887775163355,260.3245842574958,146.4946502566097,308.74382171776745,187.8612964993778,373.2783857972638,328.41617788209834
215.5026907467887,409.3578397075834,250.7016852207334,438.83197781222106,418.7464716844572,460.6535435895256,427.3729238763211,475.1624872571209
166.6300159343629,138.71208017717214,444.73196641066886,264.92054083156296,475.43550974803765,326.33669924463896,549.4271153315235,450.5770164603869
154.2715477438003,66.0060478099203,236.8274616484684,172.91391539030153,390.97622082001794,290.72991808609754,399.69048963365725,383.795669197938
246.44439698364806,65.81307315522002,413.8302305102691,148.42274284692002,415.7853036160321,173.48253547751156,426.76183619900667,354.52877449131955
87.2774442481425,36.92308552278017,271.55078495831185,149.92875167055425,348.16269583432853,155.98954390672995,374.3484766512531,363.23329404942274
230.34685243972362,92.04715458942543,239.95467833228426,147.37721216455137,321.4409255777732,152.60672168509802,357.87482428897886,520.7569829673474
171.6823195814451,123.06588899959468,185.79822382020888,332.1053038163613,245.11617720857993,430.78837734737925,255.08343843337772,447.0854228382298
203.0452366954391,282.379218960153,277.95265706193044,326.99284290336095,284.37191113889776,399.08181225782664,294.5412927667606,434.4710138891944
202.06021182894105,133.66220281531858,353.5702690885463,398.7713218677127,372.8259840160232,442.2673216811108,535.2701754886355,470.12150173436856
230.59091065986172,171.0707514066691,304.3045356805833,255.04245204911612,398.7755445617768,277.6076787425185,410.0604139348411,289.6941378806186
261.3134558209013,116.7653167958586,335.11866404048226,122.09685300737628,350.4105303235756,133.75722827870968,443.59927466421624,341.9653846901894
161.7907135684679,370.230802855125,193.54973615391242,372.92201314464506,210.6102796077087,411.41008274308956,405.79251969170514,468.52711319055464
90.55946536997801,257.8637856656857,162.06429650690953,292.1776554590413,208.57959394617748,392.47781217045434,353.43349520981735,399.3660248775727
131.06026010519025,232.72145144246184,280.3124041187244,286.52833509248705,321.576160183215,429.0364754379517,375.62929521474774,457.51307190196775
76.22802222880996,65.38000398189722,317.6423204277818,219.889026294561,344.8970383334172,235.29826457289016,445.67058331096933,324.1639355126698
145.8087599918384,119.07754035818579,309.42331401282604,297.0696248852593,317.9657174887407,378.217390644488,320.1622164254466,402.7431947637331
108.70723765104002,294.12552209435347,316.52999621159296,301.098285925986,352.53118123033425,346.8417289334507,419.62828815981214,349.2262138487934
285.1326079929025,203.05284759418583,429.98893150994286,233.76640368893467,500.2888926717847,245.29662751443115,540.1459932945168,259.3607229921529
261.22081817326017,110.80156256110622,304.2345884173121,221.5745526264518,330.30464111036144,243.00682826285316,487.4812165159583,287.9293406872524
240.75322735004758,240.21067877674824,400.3116352320716,277.5714169445888,543.3555061768856,289.94859263631713,544.6434251790585,354.8625476746673
331.0823298749954,179.29295844240107,340.84748013901947,307.60748471893237,490.5799627581015,395.35186895533167,598.501193556216,399.77128124665734
119.62401368999944,213.61345684080192,137.63527094661333,337.2735113090134,265.91635713144336,398.72762858316514,399.8652317165091,427.260543721985
388.4557463768565,140.32794239523813,412.5239671511495,176.4303762064987,425.7631350685709,202.90020214139895,447.3325415404093,280.86511892839764
199.9771072876625,170.26376759467897,272.0159540156193,267.65582178669536,311.4839361839276,331.8726112646041,329.6317005640267,379.3141091358384
142.835036095919,226.11972328586458,164.70458937497207,238.16321043327954,208.24446299867475,275.6494783718488,246.7247273166855,365.71125286064574
252.1037247327535,356.9246056580418,255.87170319605323,399.45864294883165,310.8643040306709,427.7091042881267,361.36055744909527,563.6339473046962
128.98386732795655,66.37046761484478,184.97017005315226,120.24630184486178,227.41736640826952,181.92358535561513,317.3182844761545,232.8404243837093
169.6362051679749,173.0479054735904,295.5443831285577,206.9152940643809,341.3824508436987,299.97773773603194,366.3461948127719,318.0179953649769
47.68079817898139,264.7055204445387,70.79457824336667,455.71539111523816,214.54194753116093,490.38349396712493,434.56445471626296,500.148647133822
212.65045433945863,185.4995924113767,226.6787579842357,539.9994627310475,341.6977104620357,612.6587735272788,461.25819809811173,612.9762188618137
215.20434217155034,223.98298618509332,430.0216850909497,256.99921061335243,448.03807075230645,302.72349411274075,526.7206965116914,323.51028342775663
149.40480161215453,130.5813864773912,177.22637411958772,243.2589753263246,200.57177402185133,279.6016715395928,283.8063333049006,387.1752029667084
62.34406598310454,186.1035180301689,176.34481082462648,256.7854821566859,260.09943159628244,376.48377968044935,347.9718964395209,398.1982120781241
244.30924416774508,80.57894066776643,245.19145880447778,212.05521903200506,293.1179153772518,259.41165288942835,351.46337371378075,313.04899818444585
165.60681450385715,424.2541508323794,167.02603031738047,459.135806674416,197.19267341400902,492.6081062101037,379.11869937704586,511.7578589501046
285.039243957412,217.83139666567854,289.6634435430101,265.08850595497904,412.0313902814031,361.7707204090607,470.9132361392766,457.1406560743434
123.0021426000488,217.55632657902052,189.3355190568396,272.57682989416554,199.94046022438903,344.11741934128906,331.8742651282652,362.9231702850461
116.06963819358153,176.65256296210205,154.21136892261833,347.73731843091645,180.5540558140002,473.0247517671217,274.6528390133616,489.9161963527741
346.57463677745994,108.68286963407708,464.37527979184085,271.92090648352263,468.1427637197719,312.3903337518972,549.9054945026852,381.04332360258985
194.58455404947816,135.42034184816694,232.03055589493064,227.31598833851513,357.96967757314155,235.25887425102388,376.99852366135656,367.9651460878397
187.4502503965118,55.751220205337724,206.98469197141,122.43318138276031,447.1261778614207,298.5821310702489,454.7438443313497,310.85566234358083
211.72517294013176,2.5749112724189795,347.3440785867862,142.56299696396036,387.89506434362,303.1005095832263,421.957862634688,397.2325823844914
155.8151935048259,236.8331268073936,328.3853493953464,286.27656756543155,364.921815587078,296.23506387872015,367.0937892205471,334.1279699947134
147.28636873993443,58.53213744654394,283.67970513578496,118.09779494767449,355.95045031362156,173.57324258973804,396.8379287892217,319.30667871601923
150.8286444176572,9.276441293014424,262.53038302312837,321.0263112325829,331.95181534183774,406.3124665394266,411.5634016348221,489.76994885929275
227.36350383737062,237.01892838472838,360.41625462427965,438.60545050260544,393.5987076046458,675.8352225234705,414.9417624009291,694.3008666238411
384.15132006332834,223.52373551190325,438.69981162004314,329.9538578159312,471.79682309898726,381.8943224984018,485.7270247685301,440.9419147688023
88.75093655347771,142.80448891932653,164.4117466523712,237.35785634273512,304.44142453324264,333.06704155190596,330.48560822873384,341.89975277704616
135.08965346879484,235.23970027748018,135.32407154069426,361.622544194385,142.27229932806083,414.5893272468446,218.20208022172375,440.35905340427854
270.63909209146414,131.3063536746232,316.68708462282564,386.87327691041605,486.3843373970646,439.1993453372605,542.7164506759026,458.7158299930208
310.8105974472898,271.4184182300744,372.09046892260153,365.4926013902378,415.8637025570572,388.14858142971946,512.8450722334283,422.93415053732485
161.90002221376722,196.48062641673525,216.28871104729996,267.62981410240997,305.4413174043161,331.733802957013,337.09314788530685,386.84375017524997
133.3474778739596,143.91811171952796,307.2138008152048,366.47829062944584,328.4228562784706,468.92005311259163,340.55919187954726,519.442434731804
53.149784120063,56.62236314775372,187.74688894506485,77.97873006697438,197.97349156172496,236.93615998332538,316.54040029225274,329.3324160924364
142.19471551847334,354.1656162959732,198.43356054087437,414.39417558296475,254.16467694848293,427.56618929955465,309.4648660029174,435.72711202799803
141.8661952382025,172.61150011114086,168.20758856394502,200.70820057369815,171.6823195814451,210.36642855032326,357.38949767685244,274.27358522661814
173.14419099736654,93.9368213986697,215.45202925613162,305.55544797513653,215.86235043403505,308.1413559547813,289.4916646790953,316.29744825189493
172.72305693083823,253.6026763828797,455.39042788643184,428.96659471147984,503.8715919788843,608.5985534811581,663.1384319574552,612.0410605952444
186.85233899085313,189.6047454091436,190.71509608055186,274.19733947491693,227.72364165259756,391.13800581008576,446.6437878966463,410.15813112057157
197.9754456134788,259.3051338653194,237.35728967419078,297.4439423441303,284.72346891095236,348.7940506894815,305.0534011807036,352.70398372118984
115.19404428726996,283.761472051544,245.43856015047163,322.46516630269304,331.06872555333706,494.648549503723,348.4178542977143,534.9636068382113
154.0619555705731,27.481581596869148,157.79229932617554,121.63035422352414,340.2752237525772,161.2546397796118,354.7622143694194,227.64681024491261
83.31956046710141,46.290763726263684,331.43872146006254,135.76063422782724,345.1880790746119,192.55435972893548,354.65760004517955,214.3485817750336
173.13858002937116,50.78335638547364,186.54668357487535,160.37812047431,197.97349156172496,235.43867877875795,199.97775732192613,444.5023930107371
199.90002418018653,86.69745056640045,278.54681890070754,103.37521147138084,337.5018674621817,186.58835498551332,349.15569443872965,341.4939313018521
315.90582644891055,104.3509839075156,418.5426382911253,414.61298814679867,453.7086570411959,453.7034710832901,458.3646754282316,484.0855996371318
105.05095635493416,347.29939659180405,286.6596468791595,409.6520453552298,335.657995896295,410.84552223794384,361.3067333060926,414.17973157665966
145.0551548064624,277.2888188854176,233.1269973150989,369.54575083348396,291.6339915588524,427.59242616561545,352.3120965802362,471.7073543782565
165.23112200547106,98.1598435901405,304.21616530006486,349.20167511956424,307.34528012909334,391.03311291354356,332.307265687129,395.8408389937232
144.59540094650083,203.94854713047977,180.08418854307834,206.79479708931638,317.0073697054,220.5907453096268,326.9524242793639,355.2605410172436
341.3023554139279,44.583370914137994,385.05762446381186,137.33654125616428,443.0171031349178,244.27489665693486,466.32882088986696,344.93199463858883
192.98578836066739,113.08246322389655,208.62377996573312,226.1311504874257,313.9635775581148,341.160732109859,419.4418215233999,590.922240706518
151.4584868000323,135.102192078073,163.66890779562655,293.051181479874,294.5124419873516,461.9045519651701,352.44699717647813,466.82627165991283
141.79181022130635,244.70651910411323,181.31276092574845,303.5843184933974,322.58594451177527,314.8891206741087,385.44471167051955,354.96637872177536
298.82211634503125,403.2998159917939,351.1633123347801,417.4704947312553,473.58013216879107,434.2782871251224,477.72192727158654,491.129091902757
184.67505685043034,279.4684061493055,206.16030224651087,323.38800521339556,263.5413650608735,324.5772622755272,378.2062125159888,330.7377161249896
111.21223873516855,185.79476250295886,207.57697863994753,234.5948695753141,328.7247322898954,300.4467359601191,400.6367180176654,386.0616693640405
373.48991712461907,111.00466325736228,380.802659010442,208.45499982857376,478.9966480676408,356.7264077496785,513.9493837824666,361.6366608294189
223.7917360867147,200.17776085234107,263.88127237176906,325.9129470073075,273.0998213917369,415.3046774270585,388.8848746817882,461.6005553778917
148.35202893168855,314.74474309668784,152.58536040331538,342.54512530317754,297.7805346474869,357.07796625180276,331.09708693564187,390.55082071902734
289.7422453107561,89.09227481329626,368.61230735493865,180.7332524221413,457.278585216075,259.93544221652076,475.22535277042056,260.5305947848885
77.750702515772,293.60955921180505,98.11639682733856,350.43547371748525,166.12154570602127,361.7005346557106,316.3201750346225,403.55071090050285
298.85654930400256,107.48763738231106,398.5817629960338,168.4704504480288,453.41521924622435,191.6801892553887,645.2301949386127,287.32993679743544
122.18533676518898,354.23169548672746,155.82329734504907,368.2772572817095,238.87043292618307,379.7105537884262,265.5905523696864,405.82907970074075
107.2529505652569,35.342142023584174,139.22828056231262,113.98169020581683,246.1699047951768,137.8056590312686,307.6926230782403,161.9469564298502
161.2685045738477,14.84836447431585,201.1894086299232,167.96085805196068,248.900897867989,194.8657920533375,314.26696008030814,310.1991644488755
174.18592187155377,104.5815534384367,194.10243491052066,167.8604544232778,227.11913928219056,244.72173130903008,241.26649438280614,291.0860608062121
155.5030664327906,167.45977820598728,172.04209598613636,242.4245268275065,206.57297029405706,275.1297841277144,256.5466909910886,325.30111770446496
77.49748201895675,185.7602494124141,261.3060247708492,194.714436510941,274.6033883891364,288.49522217254463,315.1831903297318,303.0389384553953
127.38407420288807,51.562915257695,156.89085127274672,330.25807853233005,250.00356273710614,350.6148880057127,431.4132401643323,388.48801961465364
70.04978949874813,102.21696819905911,76.79741794747393,144.49121367649613,263.1614803616893,203.99012689187887,415.44144914413744,204.12304383370252
203.9805953884078,194.79846231373892,235.00214144821396,216.46489365998897,314.75448421026994,332.56234417787056,429.4520894921812,335.38560565508135
254.72008234677625,92.82957778636933,278.4378270815258,300.74202262044616,312.7938493216814,302.8057222388073,353.1924133762778,329.7246718216346
326.6144511603905,184.80523925594173,418.41245721285554,271.8733504363985,460.0075431304239,285.7296522302633,487.6083927892553,399.7146060347211
97.86219436315257,152.5040622509298,198.44465823715618,273.7078726001394,310.5022544827621,366.85055936893474,374.0038417282003,405.08633283661743
163.1913412831935,254.12900919723205,386.144470023944,288.77831845346975,421.4942984452394,299.3355076096575,519.4021088822578,308.2179874780486
201.7062288375285,156.0166725560432,407.32434314124356,274.74087524083217,442.1550153032675,354.0632425351106,449.5199097224914,433.51088662394864
142.01139588903908,241.4303386156696,170.5050991735672,310.3325534009365,173.86926986087835,367.3467667276789,229.71120174362957,373.4414556775797
119.64067608788463,145.60429563414505,168.20758856394502,196.0960995425875,185.79822382020888,242.5800829015808,275.4040727794215,277.1120162385464
115.28737095917428,172.88961663529355,116.86993723394868,305.40857465470174,273.1542733448305,360.9510075910118,286.70881644265717,431.2108682921332
162.45283347201126,89.06371486378616,182.88468823240882,91.46954807614867,310.3319123611738,122.60573506442678,332.8686531647736,129.16296671215724
385.346693320794,210.79682592946205,437.8762337608004,222.994778310142,468.1176924476677,227.57964170316092,527.0749596678207,356.41589697720934
219.5370459967855,332.23045001544665,465.36974788226047,368.93064102336206,533.0135636647384,383.5369169384939,640.2943618476517,447.72947135927757
171.93365868169877,240.30491704011598,197.53796878068954,241.07394788266865,246.47850678469598,253.1037352539278,360.1307718599414,256.23010825012017
295.28896626795665,70.33683584361178,356.60539128427973,354.35967055925056,398.03141824524613,380.07295141958207,470.9242592582568,415.0358966809991
267.95994860136824,7.74289073268026,275.4040727794215,371.6260777772816,326.0958774870964,381.9287383050444,359.4144843193681,497.90552519731796
191.0949688044436,215.2501641433519,291.6795356937556,454.58968614872504,314.98879229352303,496.96175903874314,347.53126428061694,541.9056014933792
320.6120012796785,127.89331907112208,447.64383121882037,310.6875623902609,467.2512740808041,324.42696024301284,538.1658062743729,340.71400879969514
172.70574471411197,277.2171547480995,181.30747573031059,579.1639254059169,215.3774796839944,667.8707813701135,348.47884624249576,672.71402162221
149.58173356055144,174.3512619043056,208.40747593471121,245.81461220796993,231.95726600239723,272.2658363018887,349.1335003659666,323.2171254061991
70.8500739728442,136.93972083351662,182.9073699135841,263.1091657385913,209.60654731464132,346.4425789006032,305.1529652573475,393.80965180901285
161.33582950521492,328.5578891296316,291.8517405830857,501.09853413095493,378.70579013267184,525.0428141189863,410.93821074791265,561.7572836071259
47.41510991786045,328.2297249760935,151.33351960256502,392.31691711832843,294.48716313472187,506.3738588997372,296.2460677607771,512.5413831090412
134.58452032166093,14.356881171479694,147.48664944159685,328.5999459785438,193.527625462624,355.12596084519726,483.4317940208044,420.3850910509784
117.61522750112128,321.5176402595346,132.05041013528185,425.9881228301461,187.82932388777726,536.7792757800767,237.29826020396752,576.9051313626816
117.88211876597452,426.60917371226293,223.67180364464062,440.8695671769478,240.0244689225176,485.78866182116224,255.68848253744358,515.0977639113795
128.55572313807585,61.523947544576025,177.91443681996023,70.71298634847189,205.0292551172904,179.96216408900744,313.8311355238229,266.8582314201203
145.60183652985296,80.57894066776643,471.2553028776976,185.71158946077284,491.14557099114654,273.48171344841813,531.6212275544194,273.5527436136654
214.68319035665562,17.53525881900992,327.3161427342134,262.2302056114089,433.1096837895546,315.3382676439049,481.4223069125216,450.31597721794867
285.807343413242,469.11556376315866,330.2424045017912,526.6612711630851,360.0917336374474,581.2646921561353,367.9740054379117,600.574894177346
163.08513259949544,194.9474481107203,225.89794015315184,448.70559885183815,290.387983342554,476.9615090909988,324.85812383676137,545.1300178742475
138.57502519923395,103.82073104393628,252.11388216462976,122.43318138276031,265.0933206376468,189.08718794941197,305.1403637789359,226.00567002346463
96.09045561128846,326.7333726694017,229.5698905405449,402.421286256501,331.1530453146369,577.664944597389,378.5931350838118,642.7755442322084
228.78626656866362,206.55760013333486,292.0367900958067,349.98485244093274,302.875598177026,367.5100844463083,384.17384599181867,423.68164470024897
373.8353884371994,100.65409379320008,384.18937206810216,128.28499423234933,527.4811450817994,161.51543699412733,549.775376841305,165.3165552552084
212.26340773082242,15.812934611439823,231.46827346014314,143.75086333040537,242.40840775053402,145.29053101557315,315.2000228621529,174.19677513108817
151.31090768572645,209.62832330775166,155.94383684167585,301.3104591734897,414.33721070367125,376.0607345496406,497.66903410010985,406.96184053535444
122.17372706698625,91.09258140841945,308.5191399220735,216.53280547635504,310.63469848391975,330.78056460183706,422.13175655864785,410.34089216537836
257.01665021039486,43.241391994642,294.3121162359552,281.00890196128313,318.29893203003235,339.19526165524803,365.92293901208154,376.3268877179157
174.98280632130513,275.1719889605932,206.16030224651087,294.4160929654401,384.55481118856795,574.9747902692405,446.09191499924026,633.4705379870472
271.71762652321235,263.10057601678517,342.899028261439,290.6331595415799,437.59359289717355,374.71683440293276,507.47769215782705,381.04332360258985
124.86545545952366,236.9679567275611,259.4274021786267,287.9369643959807,313.35895315746507,317.71225911306874,477.945270921482,377.41995847404723
196.7804282162114,209.45550541426826,322.46897578094473,278.9185437836283,324.4829223232198,385.62954519642506,496.91718415522826,456.2788400375681
130.88762297027364,58.43227303993439,244.78759303298844,329.6803700941193,356.8241402291696,360.2387302661181,375.39073344561564,367.82195867120936
168.85491830816582,156.42679243382585,340.15560368699045,266.4758053874549,374.102016443667,312.2091245671155,463.61444546005305,434.7571059913231
312.07218109249925,166.7491584847536,315.1952682588578,244.4019661257414,342.1310408478354,394.6829356178414,389.5356979275549,447.72947135927757
127.27992968375558,29.745265195298074,244.86873924085833,107.24418481655992,250.10383835787653,183.88616751697612,372.30045894663834,263.9344452899578
110.82945990703453,233.76640368893467,196.12588677762753,246.22105040279845,271.3459755432426,264.8289077867678,322.56702290707074,302.60962937964064
273.48739808646343,289.4822283656951,319.0801303021817,294.21833575219785,325.35578731492234,313.3394521215281,343.87197224791043,387.8582495140162
237.88559655983306,229.87876429083968,462.02613739111297,254.1201426722427,498.1813001560362,313.6537091433571,723.6397332609522,551.2521507476542
211.68606645958883,59.98081282649312,332.0129989295587,83.82521668690087,347.5467790494118,89.08178388152693,348.4746042674379,126.7993966027117
226.92822881187791,89.00594940796464,230.30600431495785,98.68722574826398,431.89410350760636,187.0824854518018,504.7454210667485,254.59858845592944
75.43663828703134,123.81586513404673,313.2042618682439,137.33654125616428,438.67832882298694,151.47509146339758,515.7940330092503,209.53356404827517
68.79342091172732,237.0531366009516,309.19354094346534,303.9755089298737,364.4842932252267,329.7246718216346,406.6913055920699,402.5366542112134
161.17402788552707,41.52277739727256,232.31346674773908,122.75982759966791,270.7383571221202,166.82379218277822,307.7719675981938,203.4049569003569
281.13202555790394,161.5461573522208,358.4870911982037,184.9557426896682,433.8591248880724,227.43468881322832,519.211851835416,268.526547662805
159.76647160355566,101.22776193816634,253.02013877682694,170.59338873200645,296.83209118147994,214.3485817750336,299.7007933122045,228.6340008175355
246.07804205605478,187.8600536556194,319.5963165429961,238.50905189647943,321.4741310216224,293.3621262492316,323.9314991305048,307.8906662666538
151.76765114023354,198.26746599088858,379.6486611480922,220.97876835928375,439.24095596199237,324.3618304741382,529.3724534165989,362.9928109538379
244.81435462049348,337.7802980774238,298.66684223190003,347.9696978739659,344.7402882333084,533.3453172293482,381.02843856071803,648.1577202234015
121.77824497947985,215.75179291838705,183.57435727023108,447.88844282006147,322.3066979528853,491.25334347654734,399.40203816272367,584.4526843345532
144.26444140723265,122.1806566574403,175.90708360680534,159.97552738206744,220.33568805511362,323.49291931759643,351.73619139511123,440.59969982556834
231.56893358145683,230.510546308334,308.4386439335804,345.61330732939473,311.5168951088732,495.08175033002004,357.3735701016016,515.4946196141818
193.7063225422641,176.61484312171388,333.83449528806136,214.5563958739537,351.5342027881605,447.08863934332567,360.19944212700847,460.62387069780544
96.0573435401397,81.40051513562109,165.60681450385715,138.16471824188486,274.7903962969536,230.7964776407273,284.1738661638541,315.4793475658185
262.5303086865252,54.68062703065701,311.04383424839045,154.68760854794493,319.55829478729254,246.56228523180854,336.0109745707801,284.66721387333274
209.12377876915272,163.19363670694221,282.83908221965976,199.17768949163369,342.1978033607394,209.5559141986122,380.1319463905048,301.10230873399394
132.27124211017045,282.45347251516404,296.73464178601387,302.19196397325203,333.2573399189312,438.78621433041513,359.44490317878854,477.79511984778605
356.72657278115196,257.9913968673329,451.7632005683286,347.5025189604104,602.5911700824266,358.3980113935822,612.4536502593709,396.3496131661683
204.69771892622728,204.04905662768024,294.9193559690924,363.5120176463245,296.3897332125106,366.318655424073,340.36185224789807,366.79247827379567
148.51584490917622,148.58750281352403,187.32038486023484,174.3972845601968,198.74536923848385,211.27099717415592,316.7704449801472,259.5775609328979
231.49267410934837,73.58414054366636,233.61768360173446,148.5850485523769,281.5403563844294,290.8586664632275,351.53799428745225,399.9145856996367
204.19090111889682,200.01176773559106,397.5535477086164,400.64792668351504,401.3553821787504,401.85584402244416,498.4837644144003,406.03905261246746
196.31744745522911,142.52923767170455,227.1278893894214,225.9705434062366,367.58801548771055,229.81182174842945,383.1933970859824,243.07793103084643
100.82725644868347,136.3840390489542,217.36527377814312,266.6812470770882,239.38378548294318,345.63008167335124,248.87067212792854,466.2089352867241
274.59298878254725,256.3811468264363,348.4178542977143,292.7216391947729,384.86737846748764,363.56024016714116,393.4579776531161,371.2381916541612
328.86283449780603,125.73353510813348,331.81140192014965,362.42507231306314,357.21501374301596,471.66077567478777,362.5529077775764,501.65270440360916
121.53262108391597,142.47230114453532,176.7839706908277,200.7682614560515,186.85458171784487,220.60547263916015,188.25011113616245,259.99218584419884
86.82360504696594,468.06423132235903,178.85405200656535,513.2063892406168,190.0017667248798,536.6178456149656,308.7761889710088,603.5320870993241
133.0213201480597,64.52811078170784,251.85891550386367,225.42376400678248,278.2067594321504,406.3159486784778,290.3182685698841,440.25079544877525
342.1310408478354,301.42735340327414,449.1099130508903,399.2013812453656,449.80632420417714,468.06423132235903,472.11058344973225,491.60909984711367
135.599216572675,261.2803460039518,179.6035563777567,264.60388635552795,226.47986173521684,312.1614604098431,269.60607107043796,320.86877883537016
175.03180146684443,347.6159633239173,244.718291729711,453.75290052078384,294.8172807729242,457.15510105816173,361.8427144250934,482.46044068406775
277.47306625982054,120.69222156682609,302.2322717789236,243.88893110896603,334.4575393890023,411.8025085442724,401.9069535898773,445.73218873596244
252.71998809634664,193.47101933798444,410.9158945905678,200.4734931681544,413.4119522825347,245.63530802439752,485.0368449635665,251.13352586671488
187.38036073739474,192.93882337912433,290.95428118102006,211.15747878380023,291.5251727556698,368.95035730628433,349.9928964484627,418.0228079840409
202.88330510813532,299.97322680515225,246.58300496758415,319.98222489742614,349.21677767986097,324.5497388097566,360.0917336374474,369.9725365693772
126.95443363149974,65.025886196228,230.98492650446124,164.25690928126073,327.58285318752775,265.69690378647186,335.648459730584,289.58784934069087
182.56218627234188,260.3160010343185,241.59860748895153,264.6113439464232,343.8988971659487,297.41788292984285,388.21309287155566,344.26282945064037
142.96815880289807,145.07596798785812,232.77609165380426,190.4487325723476,264.09668783621464,232.1726097543817,317.83101835475844,275.1983813538763
353.68193988347673,248.80709904328958,358.8895642923862,344.7741809588775,427.0167357444956,397.4428839256912,528.0655991888409,493.1227730692109
347.53126428061694,184.9557426896682,363.48533515369644,188.625747220676,416.3262827172741,332.32134463800156,450.09765971687534,378.9319618615053
249.16626153655034,28.906644230463765,325.80202550314874,217.3044992307895,366.82063289838715,346.3199156669825,379.2250311414477,480.9384772963169
209.1267912375286,75.56765139522916,230.62629479280923,250.25849947517364,393.8806516772826,330.8213092595796,483.44765213550727,367.48900888170186
98.54336666059639,94.28753289943973,311.23852668191546,202.5370578215027,317.93291291918825,297.051465761429,334.0322738230623,461.0031218246954
239.03277329150188,65.15779403800009,270.8324871811917,170.23845032317934,356.51532367421663,221.29224111017544,448.89587654708635,299.2506903903446
213.20591487961096,185.07841064056308,255.48895325302578,372.88296833011964,307.89745141975834,390.32110791783197,327.620153124937,616.5088248444152
170.5050991735672,270.6599577727351,197.53796878068954,411.1577851711017,204.83663341775548,431.73265210105524,245.62446682952753,447.1661659709004
123.9715361935517,134.6980558011316,177.22637411958772,183.65815182905303,289.92598946718846,281.37346190863167,362.054639719023,367.16548727519455
169.30067027538973,178.0944847563159,280.5486364176546,288.25431995172926,332.9489085839208,440.0765472832828,483.3817453853659,459.81867453849486
227.43734846672223,144.65736282748145,252.83015750014349,355.5516307602277,335.21430883854157,369.30736674937975,417.23663643369815,382.02079884395494
238.97908499201802,215.925028179492,284.9644127119705,322.4452584385816,318.68093692691735,329.18888618364355,332.65425797327345,444.52592236798114
189.29562051971257,136.93972083351662,236.20173824997477,216.02088519355155,326.26290855289983,272.9252014087609,397.2561702843623,509.5049937769073
150.18365952514282,241.73504540512735,273.723665285794,278.5457180117154,452.9942328707741,300.3338560838537,598.9867450184776,330.8213092595796
86.82360504696594,226.3384584749353,111.65202762956275,270.5449763084937,230.98246293972696,333.5884028815678,304.0174821726927,348.85806397249695
264.13690439790236,147.97513771986254,343.18848421029696,317.447539012429,352.295626205535,369.23499175726823,368.6875584992059,401.74223381178194
211.26098513320176,197.22680039180162,237.10327317434272,247.7436951237103,400.8929325220019,275.6494783718488,484.10358626377837,313.0292330817147
162.26010843208877,229.1140398757886,191.0218043455688,231.07833459392694,214.93096172894255,325.0616154305522,250.51410930426937,394.4546953385952
45.699580422288065,234.73170598480144,285.6437317381066,280.61449054107834,401.9264568060315,283.60539750533775,446.873810376418,439.430104489721
129.26682335211942,255.42174812488426,143.28647627903106,385.65530994066893,172.53900518150922,483.7661866542496,366.73037848147203,510.1055862207011
274.8911948618827,27.481581596869148,467.9059610479514,130.25593987538142,481.6885923516633,134.45474098106942,481.8002104614369,232.11077835119758
87.72408065086766,75.32899426258513,182.89995761325193,220.37635058056128,232.47776712651395,299.68205849097524,262.47659683853794,302.71101454189375
193.91644798328204,190.49748974364834,199.72408752881375,283.925892183098,293.92192370608,365.06399416731847,327.4034631205754,406.345425433286
307.3502744836512,235.4032775632298,372.2362851878574,306.4862484427724,465.85336600944083,397.76437678355353,625.818610267926,460.6599399961333
111.65202762956275,21.331258857003878,190.0017667248798,106.24675693035638,277.0193428030183,146.1012326637633,295.28896626795665,232.49789967983932
89.46913800302099,179.10296583912665,294.2818374931316,210.47630979875703,330.6640017165074,390.0288932950668,401.18060935402315,425.1028651676233
278.83843872142205,135.6513718836752,324.51932344076846,254.02919853134395,359.62887684467546,299.7947508674748,417.3002878791923,304.49192035866855
137.62501084444503,222.41790201597374,283.2022977563587,325.30111770446496,411.3878983109235,344.244921705629,445.0203073825736,382.22297433270825
81.43892700948504,205.08156565202876,175.3588728172325,209.2554937966092,218.9371977430077,245.16765818761994,290.8842739600348,287.5331275530446
159.76647160355566,365.51114482467113,199.28054892498417,385.59464523268673,201.7495880087711,391.69487267704983,238.69871859556883,426.7349098872217
227.4464452418229,302.111284093631,298.9016566637927,422.30564236251826,326.3974746332943,423.8188956382656,328.63458149866216,426.6448972302472
379.18445620210025,359.0892274373317,413.6218199633282,371.483265225486,521.89945886069,426.13882536315975,526.4189263223101,482.4263627660007
134.58452032166093,33.09295624193064,201.4605245648138,53.83088650023487,228.69588043182003,157.27795444227715,421.5904989540053,243.61410503627263
230.5407693140284,208.62217227548686,288.9307525301002,313.6759924528543,375.2403439796848,330.2378194299599,379.1930890874209,405.8465567870645
85.09246255977865,126.7993966027117,124.58348457600167,176.68655265815374,153.24377615954302,190.70115120750677,171.08599245336987,204.13479507258432
61.496738945665,297.4021557965827,136.57652879694297,305.41116491997315,237.92458491153283,382.20738267804967,330.5414092719035,423.84667132220017
115.20125669709246,298.38455829439823,185.5408909432253,319.935021733132,233.91037229326585,336.37036353398383,250.07413811316567,356.43310376146434
95.47664420077493,86.01149728904568,171.60575248923706,226.73547471249762,314.26696008030814,241.82804133391286,341.0812426871217,276.41496360943256
248.60277477025866,97.60996100621743,265.4581754817098,401.5232350229025,284.0422357419487,410.7962954727135,302.3594868920834,472.18085622247816
144.30845500859064,245.02063327273936,228.6631222554395,288.3849401462084,248.44900654119246,322.3037366001193,257.01047416533675,338.46125605106755
104.5792932056939,164.64642178286246,144.64067318966818,182.63743219560402,202.41942547499838,316.1565470952286,255.64696754559154,359.3283392270826
145.74312803844865,91.1631668939626,193.00013876128102,157.2386151365185,212.17736707344952,253.41168777423186,231.54138467195398,268.97137330241236
209.04338897784248,129.90830586521307,229.973762136264,135.33975828943736,329.90360004423934,385.667932092542,357.0128523243443,415.5213187578975
66.32312454206037,78.00596766860882,121.28519814846054,148.29098133748244,246.40875154482512,334.4985708991496,265.6841233334661,384.90084265119003
245.496154646985,73.8455889976292,260.8271934952101,127.06035234677977,367.93083328104035,153.5841217071898,437.90440666055565,209.9572325685891
111.81722048446552,208.23871386833966,152.08018006237046,224.0438258776844,155.03598312352008,288.87394823130796,158.17665497676242,325.1015743862403
247.3503592488093,310.66155460304,296.66590377591143,368.7532284082034,337.09314788530685,413.7682876497969,349.7603337457026,467.52077905402723
107.32264631226393,300.6123094621223,234.33731205579562,305.82563787803554,294.7308452122208,386.50823168479786,403.10149402021926,405.5683654872068
171.13220092815033,230.8818431478515,268.9532029598588,563.2499891758079,352.7728974920209,625.2344460949365,398.54064879559564,632.842371410368
192.36551494606843,321.3454282486166,233.1117490649661,351.32367368974815,252.69818123407046,415.587624784593,289.69027831775446,500.92199997910484
269.13604139631747,27.932355655828303,323.45291019554935,145.59506677236809,352.6635422502398,157.835098975515,395.93086886322055,209.0536742763333
291.72345415569487,122.13205749537302,309.26384409419825,187.7909057716872,423.4628137564385,405.9785347107782,478.45921436389233,426.723578576658
228.73267636335993,60.308041737010065,314.51264879194014,383.02438512719897,317.5623584637018,393.0194044704768,393.5987076046458,409.8396906390695
365.95651103447125,228.7633203839734,403.5399470366694,309.55497024616767,412.86640735105124,427.8067009576941,473.6214515291452,494.9743165627915
110.72389330037588,80.8007758464937,155.44409771742974,260.5714435571685,175.90948327166387,376.77690723150187,207.50849219708235,409.7317277535465
145.6471354303219,283.02887600359423,264.7076475882338,338.4943174114354,330.0059050701609,372.56047720410595,496.15558425540195,412.9513281248031
184.68754039211245,249.26936390477195,188.57374334598347,302.64129809320343,268.2918304974317,390.41867975332,280.51066270122016,532.7515365547291
285.72697798497205,142.54965091037272,355.1066340963549,206.69562406406683,387.19365184758465,392.6558073286987,462.3376935550922,396.56977054934174
219.4846674180836,45.82802974603484,273.39755001865416,275.48854132535723,355.48055009166086,367.4532637097038,357.3276546279994,379.8736455250033
124.75612187797756,179.24703355183874,178.09489320400488,371.14660171516744,228.47633021084732,375.7006409614873,318.776910587865,434.95267924137596
182.30210527411825,163.59393590393,270.79150034622194,190.96727540370264,287.75367082066816,319.8784858408462,346.23913677806496,357.23408858478285
169.7018094596189,116.84812915844084,196.49881022112734,173.29058022242646,310.13582702673,317.471148904799,606.2929494767017,331.8858319136417
163.29267883835402,48.324574977467805,221.85364464657334,143.75086333040537,276.35754213385115,150.23232970849216,347.8042935411401,160.41766773738834
178.8912935872762,164.87543155591013,372.0390661869155,259.07922807392424,491.1984246740015,327.4817352009338,496.02418215089625,517.5116792273913
73.51758770536686,245.84351405741631,201.60235367022116,350.2707949336616,212.1410476961124,373.1686534386861,223.40482624622547,470.3960921173168
124.40589085489951,105.12759417933857,194.59288749839106,198.2149218323453,212.66009439638134,378.87942507149666,293.06679544879677,412.4599259268937
137.92038081524078,215.12678729641573,296.7162078545022,225.0299427713449,329.639294712066,456.7335352475173,439.5385590755747,515.4528466299708
90.00319672210685,117.05786375575002,257.957039172217,271.1376782661979,267.30960774619336,383.746437172672,356.3157563484703,431.42604107864173
391.11066169275233,117.41691262402048,417.9939546132022,295.8856991938323,476.8702693166176,334.3841738757563,498.1470483957511,399.3968777862036
312.1586601635661,73.66365577823613,341.00999308566804,291.2562906910458,352.44740185994505,375.8625752922024,367.0937892205471,467.98555041802
272.4680315552827,115.18893414425243,399.69048963365725,268.23407141676944,403.6642233219674,323.72172472961887,413.1322288454792,337.3764874007037
223.83689228307682,302.710616934966,382.2131223770019,373.55068437413865,611.6949578081502,382.5971882432945,625.6744125236901,398.9264309978963
369.51180231908745,168.97489959485753,373.4878848362292,245.88995221635867,385.04452794908536,296.8776255555563,495.2090036493203,348.91137979170844
225.29519792733035,45.03681943747601,402.7717186930849,93.54793836873971,407.6740339028108,345.6220264068728,418.0453143299519,353.5297312609751
73.51758770536686,120.72301226746283,154.02531940749753,272.65651034289493,196.7133010261434,275.05680865037584,199.23966662514775,400.7169148131951
153.70883416098889,136.70501773601046,252.3493911309125,187.58846036040615,296.00825628797355,237.05099760969378,306.1372412132846,259.9725617037409
109.68556466355844,511.72591849791684,194.6841084612369,612.7271046786993,221.2544630026314,685.6791808433775,332.16559131989766,699.3116782055696
250.13252162120406,72.96737422018353,300.5814689631418,183.88812563789116,322.5518624414497,271.5969434415515,345.2280277640116,282.1324988075704
200.33784336181057,449.64562121559464,268.9532029598588,534.2502184759646,307.53632143532053,576.9300017345494,331.81140192014965,577.4600441491187
142.42085024248124,108.69157710714441,368.7260177406946,145.62524085725394,373.4092523985838,211.6888304014471,460.81065643424125,427.9306070638903
138.12860569042854,343.91879788954117,286.9239612533258,437.10584112604704,410.2916275374927,578.5843323251405,420.95577835880744,592.7248612878469
250.30559386388572,249.61393410652605,352.80119964812036,351.74873022772954,433.46097386168645,472.63802802697654,458.15358767646575,477.55431944021643
275.65903373533985,53.478981681510874,312.07218109249925,228.53554402212902,330.149723213234,235.91408519786737,509.6136812822782,508.03337292317093
161.12821210792427,147.37721216455137,298.31445241211617,217.72455897490258,332.0899379340051,272.43614472248805,360.37031617848146,432.4408360240226
140.01672380658485,219.35919396401545,171.01235835409042,348.70601633819047,382.7771359599689,367.5100844463083,496.78379738616036,523.8988442144821
350.76727961122646,159.7124905263677,352.6606767494145,210.52414746087763,391.6113726331248,261.90649752033755,444.3523176145751,348.79818459843653
154.2715477438003,121.0761881377877,240.95564821683345,218.98559279343948,344.732196418093,263.3494878409599,413.1322288454792,359.91093296172903
129.5990146374525,204.26204192931593,278.2958034175568,254.90317403543483,319.0067972012502,263.14072842046266,453.8041697587369,290.0867547029861
137.82452048648867,220.30093762856933,148.26763975958968,317.1846425191154,183.01077610502853,370.05606484719624,352.51012543666343,463.1773354279879
192.5084330857508,124.21902699112186,255.95636168744605,220.89546783932124,266.4640020419162,264.73788101558216,315.35885543140046,364.4980358649569
125.11734203681404,322.4618461644884,170.38239333186024,405.16710713923567,232.28951635517257,429.4813687625446,254.81650791717817,474.3548798889859
221.98627193187323,64.09527366186137,233.2532228771984,209.0536742763333,310.78006589176397,215.27146655886546,413.49302208991946,217.89252998378473
121.84326204340857,116.43530050085458,254.47619999873825,121.45670320547721,333.02611931801243,323.5119792786487,352.1824376508608,411.5807644409612
100.63117357865276,148.92023564617264,285.67433596248185,223.98298618509332,383.69688357892835,363.94624300055295,410.186786214713,374.99672536927216
137.8144173101939,131.01486866978442,302.2520183888495,285.77192866471285,377.02339633680083,300.134236541156,412.03780705075286,345.8489548188442
282.83908221965976,79.6589661758792,292.1908050011139,215.28273761910103,322.53411170448607,221.5745526264518,380.9335444462307,289.1324879476926
218.5249771522342,134.68272800781645,337.9550172171148,168.37316802621086,361.47340931956376,230.0724859747923,363.1279080982964,297.4610999389423
508.3152244417129,149.755772683188,513.3742967092395,152.90497551962858,544.2783399704215,226.36519665725643,545.182920912235,268.1601914312939
157.09417687596454,180.31903366923865,342.3448698301176,312.3439344248998,374.17705091360574,340.60733220008194,383.2106987091009,365.90653510826024
265.1076111558803,317.81794207415385,298.51592917094416,330.05473392292316,303.35381543025153,416.33306629759704,324.1629060863192,512.8997939477792
82.6554493117388,32.92030174334456,120.91399121712952,139.86066271542654,297.8567403263385,198.13003148694918,338.0339001287573,299.87188838787085
302.7947272801084,179.9700659424849,355.0525441720523,227.38971439549883,451.2785139079529,633.7138920823631,462.77219555069735,720.9373852759089
59.569390315205254,76.5990027295999,405.4366030790602,354.8089908173974,410.6270890014918,469.45019837787675,519.0774643999995,483.0738128477808
176.34481082462648,116.38859902330088,216.43175881830234,152.90497551962858,361.7589614069126,195.5004470631361,427.9516759817892,273.63105950659406
129.89590708356874,254.15673125526604,274.36481697163856,316.5674652117069,338.6467052368146,361.08057177863583,353.4614656202246,375.26868414726306
326.6144511603905,121.2502659599925,327.75053839735307,135.59276380514058,352.3120965802362,214.35170865081574,353.35868626327243,249.08439961993713
159.52448171240357,241.55126229363339,224.9882024467932,339.9459123498617,242.71848412297106,514.9057104259956,248.03761926380628,535.1811598572789
155.6988633693184,220.66782004566943,427.75833646701034,276.1327447444404,442.40120651285093,347.5506072388345,619.2878671094184,368.3513309697989
101.25345425962877,56.76148384298808,327.0055640289012,229.87876429083968,372.1782505078628,338.57412863259583,431.9193662752633,429.17497424740293
138.35534108407956,82.37056622580855,235.7797965402556,173.08066553449683,409.6506318167907,234.94507026385978,422.3503621534187,286.5907851601913
328.61813844580416,254.09525233091665,372.36286074857514,289.9453795085592,389.778789882621,345.843674119524,399.838358792021,439.2883502359643
116.52497322457106,255.75378336807876,314.5594822565293,255.81817574638396,322.5324291240634,382.9623791105826,388.1598615178626,422.54857690864065
268.94702634863756,194.04445661362,307.16946925017965,272.16021697474,403.1465205198171,371.7636284353216,490.8248920049981,409.57196878664587
172.9648313254545,57.55194046190157,182.16867015006554,82.17236675919825,236.20273768917434,174.54887474814737,237.00675428916253,190.77674592300718
212.71829943293446,180.79037276894582,263.6055441215756,229.25923545940284,354.7706895492906,302.67725080585876,389.5854751999649,317.14026919418365
132.30436063219264,148.9854073418315,251.43091443719925,254.60774573275762,267.0420422836915,262.7004111014659,413.24254907737776,346.9500905369557
389.34592901461514,146.44458529140073,481.8405517865151,147.3193819669096,512.1084138596182,207.5690499486195,603.5621579238135,272.28952881053937
129.1568051896037,140.16356151955787,173.13953633725689,245.88995221635867,285.07018787760495,303.8234350741831,449.04001354545784,328.70211237671435
241.26649438280614,143.14614532042003,250.7620474453711,149.3840673817728,280.6912099123775,299.0409623538158,329.4588768952957,356.24002333160917
144.21499881229707,128.5563995977716,268.66064833125915,255.6247217462489,269.3187531906747,408.6228875993711,338.14000115240236,455.1086485777687
229.694284834192,93.67146302516312,254.35918012516726,208.74211411747015,274.0726596522935,295.35028641518744,281.78889005291273,364.7172999208614
270.26927589582095,339.4116547084514,313.5299013852348,419.51910902725115,335.34301173745274,439.3183206262909,363.7515329227519,455.3579072959143
424.25715826702384,253.23091932849687,457.13404586148226,346.41623594955354,480.0096958932838,405.0552999036511,546.8180641504562,455.2684598728746
99.31623806669357,206.58014626217306,167.7302823384918,238.91793895286324,207.083682136248,257.0107069358877,449.78547885130934,373.1930839840029
52.86977543961134,161.43043026385308,115.79901518606789,302.71591554346713,137.46290332406704,324.783500460623,150.72660398096062,521.3969953261694
191.3704636435004,152.60672168509802,245.496154646985,191.57668982828815,342.7481796867572,272.43614472248805,467.318526832989,469.8107863267973
192.96845173188422,343.1200595107763,428.823598348863,501.09853413095493,432.8613808278564,531.2788469538103,447.47335745534036,573.1906819617955
98.94702424006594,120.90155198192276,109.74372536490436,182.4970294372245,178.89504521655007,220.69134108861485,197.04846023778987,257.35561002949026
258.9360656692414,92.73206911494678,282.7504330560004,421.89269192363685,336.36818176494637,491.3242705058452,346.69369260646397,628.540332009065
96.09045561128846,231.91094514257134,147.82376126120388,298.54194689793707,300.6269210946667,373.72059267471326,389.84527509451846,546.5298496336875
188.95823027531645,106.99559629037253,292.1236569187967,286.22399205267874,422.63779891989265,339.857677949458,467.30830632520207,344.6934460194539
227.4572436882438,166.85538636650415,284.4407673260775,191.8771589230724,550.5507590624175,281.5937571670355,582.1414047582879,333.5268542581589
115.09445105014146,48.65208857166037,220.23297566345937,189.69232738065955,261.11862181194044,222.8169946251166,270.4190613889052,286.96666039755434
124.98409288678582,128.75705828792138,128.73801056473803,197.19155291717948,181.0161676356236,209.6093334923371,205.07033115566995,232.10424421394282
252.8266882751857,125.72975265247167,422.237912323298,171.0707514066691,455.862206450821,347.9174784510228,567.0675734685964,372.39504263231044
247.1467594181112,205.66266080833597,286.97394224634735,280.96731578345356,349.25423469077816,301.9882649982688,393.07384926709165,330.08486033947673
138.15789615254303,78.20025127789859,236.92252821171425,199.78097514245596,241.14785931371088,273.96255775118016,298.2837832667403,364.2695886171398
114.05910399270763,128.58578211246402,129.54691497813425,139.9712376432051,169.7793525629165,245.5567747380453,376.1664549833423,292.785989862859
180.05675231350185,176.4303762064987,187.60918083186553,234.55828628772542,481.39453477190216,244.4183141632996,497.720492301417,248.18213601483598
67.73412335783145,399.53873177322794,95.10796324303475,406.18193136591947,147.3346070812748,424.83261726623266,215.39818433964592,519.6417270184326
280.3607443945921,299.56174464624615,326.21474058339027,368.4368534921178,397.2561702843623,380.6274414363616,420.3208590878591,423.3714498273011
214.06178192794414,84.111829278498,253.61916355347418,116.7653167958586,335.40276963594096,248.6215332618761,380.9933559008665,417.6743434509038
121.53262108391597,238.47913162556,156.06337805742126,345.04036590759756,236.79998326980257,408.51459049163697,242.64857284185285,484.8180572287148
194.84915454885524,76.95185017691641,280.6266464085842,144.26375714550971,375.75917887525605,165.83028006787129,381.0101479608491,190.51047068956328
98.41081848773749,157.19448376624902,276.6773172398132,231.95556320294858,309.2202074813349,297.7204416701199,310.3319123611738,443.4106904913004
291.6795356937556,160.8504335985949,311.70011049043194,366.12584740917083,313.10260776174374,433.38128422220115,458.2216323725253,454.1088022401762
385.22859319948446,202.98889764345427,417.2082976388776,230.92874011692376,417.7014178484505,241.19890240443902,427.35361708649026,382.9992876537842
115.59209553272224,29.361465254620423,141.2779866148831,298.88499002989806,208.40747593471121,356.3793531911429,396.85778368427236,581.229511438928
204.64212058743,184.09738532516093,246.08420930631402,222.91227681834812,320.1280754166385,241.74617756210657,386.7037338714025,243.2133899462729
291.92815874252864,206.83734253604484,467.99091838491603,215.45483278837096,514.1847540800526,301.83100061360756,609.7102620321051,326.85334059024194
272.95354870406067,149.6364348757888,276.4587668438229,164.7750423147388,375.75685099475805,418.86532424546874,394.9139156624726,419.28777195403774
124.39554869529228,115.08103202872755,125.52378404478752,242.30214013728116,240.53319107639842,281.9248423984173,242.82593902965743,373.72434771316404
237.53071306861065,89.8899524232231,246.91146264809024,120.92915945885872,348.7424989423007,157.87373421231717,392.8283228453674,216.30785078355805
316.5173523602972,140.09845268712525,332.3542737383952,360.0883087975954,387.9099606947241,497.14041370880864,401.08938573185657,535.2326565383453
105.86580992517752,316.74269242472167,286.19118592505157,395.98472924919133,299.50421667016576,397.75939305558734,371.0407194991532,407.0600353465896
125.93874994814735,34.31187053589068,179.41308334709439,149.6364348757888,201.7412998441278,392.7273625359395,372.18829119974663,451.63374053132077
310.5622097291836,172.55399403204396,361.52726403973037,221.43949651079384,423.0073838816586,251.91760966563194,540.4600966567444,272.560530224869
305.00596910135005,137.42075960845352,408.51367952040147,201.21479924918938,410.5611235280279,271.63167380705863,552.2727662661335,352.27925797214033
174.84965737498493,136.88611491308416,272.53130488955117,253.01160291751054,292.37052347153656,259.3051338653194,322.66148880754207,264.5992261762888
79.51680031191741,239.89726128864683,425.2306827150152,517.5095605605346,485.4637187087671,575.2513205795419,496.1027334667598,622.5454081929416
57.48011304677116,348.17218748625385,145.05210346198243,370.2686273034737,207.0706964894058,382.1361183753704,221.25718330204467,424.6869326224879
218.8034442194743,91.92237971492699,236.25538361363763,101.43187331011619,259.885993019501,304.6767422663762,262.42818804876055,384.79474965559257
69.58669984053239,140.33232905942288,246.5673813311542,504.92445068820854,354.9158937175373,563.0381361971603,407.67666126781813,568.0985237767295
242.22297734177292,239.42670205410056,326.9140865540051,264.11411835993255,337.0272231159324,294.10498978580944,400.4982864970483,383.77983060976516
98.54336666059639,289.28218470583033,241.11848270680895,343.51050831825046,260.6825096205543,349.43006969814866,341.7622867825604,411.9386395944292
248.07572662635548,130.12928257022446,271.5978088519901,221.00472468087128,302.3889604505905,273.8235315726942,324.1629060863192,298.5110723221154
78.73019070751614,163.01226747317915,180.87623267878496,186.6190912816006,183.65956824016692,249.39106348553062,244.69648338443974,313.5823617676221
302.7579324952652,240.69562766639308,370.9428184481829,538.4177119175573,433.1096837895546,575.3058575105393,495.25573365759203,619.4218034106023
48.3855515421926,271.9309492750797,104.79624985144389,286.909896940691,121.04091186852864,343.53372016495643,192.1262344411056,370.5952282197213
546.2516878849027,193.3486456556154,648.1393821905334,220.235353175769,650.8783980912677,254.33766449385536,661.2385326724379,291.64071506051147
206.5995758295805,361.6241254874159,335.63615176908627,367.2868338962579,426.89159140605204,390.7609328210193,646.6922059677867,479.7037133279621
101.61066452362473,129.06181168068147,286.19118592505157,142.52923767170455,295.1924603721367,153.55848095253205,359.93612580908314,343.10234085808366
73.79456116174764,108.12658571703582,148.26763975958968,228.75828688554006,192.0799691991587,281.12729027810815,412.2361463845936,323.76389914858726
111.3606992138435,225.55635182606719,192.89203986751988,236.92684855311455,200.03078117326015,346.7050566346995,302.8885174839392,389.5208008072055
304.06639130992767,221.94293694793186,357.86577290819315,327.33709925950524,401.4145481865117,400.6753222857478,409.41691196315395,430.05686423056665
299.33003124901506,333.0987686688906,355.95045031362156,346.8943155020333,501.7386775020274,351.59393311134824,531.4811268128607,356.28545239488926
208.7508391077256,307.4481816586522,235.37408027951506,312.53029079018586,292.51183693037854,322.4103066695802,304.1015635434633,365.20013635948175
50.911000747298935,153.2920783800611,131.58445264613903,230.03059325287984,212.91776889616762,259.3275117816277,349.0180252850918,260.77799052145025
230.66170262379606,232.46029240103775,318.25318271541283,260.41336799360835,417.91185154260035,304.394039412229,561.6682474968399,485.79788500842585
247.22948609883576,311.84096430978377,325.4347408306548,330.7668635702333,366.6183202118134,425.16285752160724,406.48670996431395,456.7335352475173
375.7654773556126,325.24321575252424,401.9264568060315,393.8908311169871,442.0893305889949,425.2334853364448,582.1769089641709,455.45821679250173
548.6151953844465,115.18745180488149,871.9486742819483,244.70651910411323,875.5354995533903,352.0477702829303,975.1427728169598,425.1733663724304
155.94383684167585,164.12892438751282,299.2169739999931,254.67330040814898,299.26480913612556,257.9215279941957,380.2960666888277,492.30295060789797
208.55643228494475,114.1688907878321,226.93864481527638,244.90321719768363,237.48226252250998,518.2572856508234,350.87717595248495,520.7244592144931
206.55443585070486,47.02976923891099,238.97908499201802,155.88858288218373,265.7364025363457,163.73981575592998,460.0075431304239,224.87973140715877
438.99097501809814,182.84722457757005,554.0235890277842,207.7189151330256,593.2232084930565,330.1631871713959,660.2421661808526,466.25035101215735
123.41874033484629,442.84089859131,525.7321281458052,511.66648440548084,565.4655387440511,528.5110134612677,683.911042468397,540.9492991387787
222.21983339880063,174.73060107239522,284.8550674527104,338.59072937586126,290.5307646875665,417.80935768032316,424.83080511779457,425.82039948092023
151.50359076942823,108.13480074709125,230.60718833211072,225.10513290477252,267.95759915133937,365.72667679296535,347.3488652236489,379.101694071941
113.68097541649978,73.51452419436498,184.08203665905978,91.80306480169062,334.49194468384513,225.1812474718543,344.9918956300734,345.80839265142896
49.336917966335676,222.19472955214576,215.38940804108023,282.39322143128135,292.0367900958067,399.3968777862036,405.56426961470584,458.6827382242484
144.01728170486732,62.59971568622725,224.3843370528935,188.5551716395141,239.67901852306363,219.6117253219287,248.60277477025866,223.93452480935434
200.61588368641128,281.9248423984173,247.59314020763878,298.16906847108777,272.02807449118245,391.25584581835636,374.087404078262,452.48833454298665
198.94242979022087,302.64129809320343,242.19825457329395,356.6761641660311,283.8259483903861,396.5987737197979,305.265474482891,413.6683638678624
165.79493214422988,186.75111142996795,238.2496927273413,195.61905500783865,247.0034277125628,293.9849148760318,383.88475205527845,312.44260426795626
161.7683162696766,356.935197277975,165.70991869622165,371.14673625296916,179.88997406517768,503.4333381600175,184.32582154606567,551.2815785851465
151.14208774606178,240.63813766619654,238.56490177169556,355.4453223955478,405.1314314763968,379.946435152867,431.20347910499146,382.39397989721965
263.53484771431033,157.87373421231717,429.4520894921812,167.18831227929942,435.2346650310019,178.03292892041094,450.8944797419322,194.3676275146983
40.26140383047002,270.79963388467235,57.2191636416899,452.9822622097177,122.74392871391136,516.5243263485138,183.9393416442448,525.7498843976596
81.17639024498119,131.3063536746232,108.25016076074199,303.9116488206959,288.4955049393168,453.29258763323907,316.0437880299957,490.17744260805495
194.05314746825766,82.98301805048494,215.87046755105368,88.64909806424308,228.47381058418677,323.5590021051617,230.8018071466646,343.01193861633504
298.85654930400256,108.83854698243908,404.4096596173915,234.66214962715412,507.19578494847383,318.5876688478551,586.2588380125123,378.3056383853456
323.506172623768,349.7184799914239,360.2737574292125,590.922240706518,397.7199537443628,626.0528198783403,448.3785289525294,649.5610885143795
176.30356503998956,307.74099393391356,286.01378142151026,357.0878587789856,416.5627951103976,435.8723992042403,463.3488364588333,445.8823967876629
197.50894526941053,193.5769412398326,335.4012104081651,386.0302673828363,336.58345712032167,428.564344360314,359.2288458707326,469.78120136521727
84.75778613839407,85.93555021212987,342.18931610969173,267.3731235220388,363.58908361229476,306.00802204485007,373.15557924310195,328.09458004144346
242.66065687090568,350.60848068506584,363.8652575189413,382.8237829800107,391.06576335012693,449.0786646355449,455.40250347730534,450.37798067847797
210.63265853966783,236.22045899205764,212.43452037210918,260.3160010343185,258.71236655959694,310.08142752257777,281.31860575888516,422.413118769256
100.8074063969893,214.9256285198824,205.83116759705584,357.6302409815619,316.2901929365942,357.8974580233348,324.19642742113166,424.87208922576144
379.90465266240864,69.1092051414666,396.3179910092102,107.56598540174883,421.94106626047443,370.98353080965717,565.0287774351259,373.12691950899625
243.44281324580464,190.68237269376573,270.7383571221202,209.58945767405626,371.3880018167484,361.45132294645657,384.6324180511392,408.4323367539665
172.3794939797984,67.71991202431157,328.67867420236183,119.10559781157801,417.55265681309317,261.6886238573797,462.2588219053956,271.98682081151577
145.6709397450136,106.71547481602732,327.01586487784726,132.96975950808923,393.3313016547092,197.5006978128162,424.14723801432274,204.71116177402814
131.54766069088168,385.46573296473935,205.97443638808818,466.8604406871636,298.47945320714376,472.4671978296455,302.0550142924586,476.73281354759536
428.85864569489274,198.77886157376625,461.9450399916671,262.40960379087323,551.491002660186,290.88954263671485,576.711556468381,439.4467196894297
123.9715361935517,361.4638198566704,283.8063333049006,388.1298955413498,311.4442433630553,423.3381651413089,360.6426733693143,427.6392991438223
122.5188243698915,331.9917386188305,292.1178156301536,373.2106477729937,300.3005170500811,378.37905396693077,488.73120054783345,407.8499452488425
370.11483838784915,125.32607847960972,404.59056206287295,162.2087408521568,427.8562932990442,309.12658267687794,464.46342482140824,361.08057177863583
124.10203887806038,58.57846095190437,205.0292551172904,150.1884668969504,244.5676411475208,226.5734744126457,265.26551219523583,249.55431351806916
165.79493214422988,286.18699789615727,286.98905842149543,361.25518546554474,357.2931353235479,396.56977054934174,396.1899062559034,419.8886853290783
196.81756120308629,122.62088510634985,206.0989681463613,166.62664270191692,230.8805742538801,207.72865727854546,250.7172221253252,449.4317242703858
166.7542893594462,176.6238827149539,205.97443638808818,376.54019212392564,282.83914675213236,536.0213387342177,306.4284472016816,536.9171531570124
220.86936333126988,283.89011722565505,278.83843872142205,287.68712381013694,424.37921025706515,291.53384131719497,428.88943052503515,324.05293434904206
186.11288661575375,149.61135422118457,200.5616327614183,282.18486761170533,288.4342185871014,387.4280061225489,462.592380439903,423.3853186744315
136.22474581450825,275.0143269277615,189.49964730331052,278.8800350599197,212.91776889616762,419.4284307520037,307.652529131324,427.8067009576941
122.42921708526278,226.7913154993248,154.59823277143065,241.73504540512735,260.02516842255363,290.8493386372788,263.8753907076777,320.0700969190369
130.0589100472528,315.69296927150856,380.7577682096447,469.2506123075736,453.0805489970433,535.4540405619563,479.37972056603155,587.5636892146699
525.1773745775838,250.38499610425401,525.209366721915,486.5898003052826,542.8150601409765,566.4502694677196,605.4143980801166,640.2773832735252
197.29018029319909,452.4975034953653,209.34051335746128,494.0139501325684,320.7652208787398,567.3965729948935,373.59346781934306,788.1691669899462
72.5067280109971,108.50765155538362,161.09130334940727,115.02863831868862,186.48336062584602,264.6111059792897,213.76751868433354,269.74280212918086
118.46305880169498,189.33457316913675,182.2616529818676,330.7377161249896,200.49452632906429,349.07000122625044,247.71436581251513,382.9623791105826
296.4491021578495,100.54375732567411,327.48944743779094,149.18213258654632,480.7288703728437,304.8341633849637,565.9688755131359,358.62922737879256
307.11369154286257,154.91135502283458,426.9384838485776,305.29550310646874,545.1887039852653,305.41116491997315,630.7089096712896,446.4088647553075
253.76959542519967,58.53213744654394,260.9205185787924,152.48882470000305,276.0298726581782,183.17026259148494,340.55919187954726,369.7417848027721
126.50498552872517,256.0077443817992,165.71245872641606,276.69553223044943,318.17989958977154,321.2055004474711,335.4559005469468,365.72517237634344
387.50561624916094,166.18214383030062,390.0641368192968,234.3306867867757,542.556646663139,290.8493386372788,564.2401303983502,308.6356036493641
356.07348131980393,51.709506053630484,399.41232459902847,108.81682409549357,620.6113713544462,181.70032489178416,680.3694243887853,242.3508849411409
178.93577883639963,115.30038071071668,281.50490692864406,201.12001431790318,297.62506273825113,215.45483278837096,330.07619007711446,254.89430284514094
149.2830415915613,80.78632963737302,166.4700607407726,390.42783569477155,308.3772902806126,428.5348699222213,467.29471035410813,479.6231832761149
146.13276018348907,233.55432026235383,328.6819984234088,241.4303386156696,390.571117291251,254.12939100239245,557.2177539718722,283.2963909289793
192.6294388897919,177.97525951120952,340.4944054215185,220.89546783932124,342.5451528050663,256.579133202586,363.54799637312715,427.37890096137875
121.59993034952421,189.08718794941197,141.54755901790188,248.72182248619586,153.2604454939102,249.9102511015065,228.60887579531058,280.79041763449726
460.47037807171205,89.00594940796464,531.488266306358,106.71061075180414,583.6213369825297,125.0068975817942,592.4844527484146,167.57336093966327
55.694520997319174,91.50662809821199,136.80909111019554,231.1478404583334,242.19825457329395,262.8592978094532,258.39337672981196,392.47781217045434
171.13220092815033,272.0987343816131,302.2520183888495,368.15698370273986,307.53632143532053,473.3891613739544,381.57973720003537,548.820837265553
174.98280632130513,130.08951436356037,281.0844431459534,204.59773080781915,337.1593416340844,204.87772452033514,365.90503374459064,271.5805798476865
49.345922342250894,251.63789642964142,67.89426389682303,509.31623132270596,124.58348457600167,523.0235004279676,168.79811457338963,571.4130334814288
105.05095635493416,55.63945752726037,272.08921308652134,218.29166054485216,314.6472437981192,238.8906693319621,332.0232665444047,244.25063042181327
129.88921543625125,332.35857602900467,164.89661929759524,362.1118569034491,215.95262330659386,381.02227969764397,302.482613556734,395.6168154070041
198.67644359355282,137.27473317717198,263.69442561606445,359.365791854141,349.10428491674116,369.9953394713145,370.58240384653703,443.332146838412
286.9239612533258,338.4943174114354,298.7025815156082,374.2947993404072,480.5690807136103,562.5735593120077,594.4875768954286,565.59688678738
24.427485642311925,350.12793895959834,150.73554087792687,363.37006313599454,214.7504067139088,410.02741182996454,285.6193957932984,415.89094713523536
225.5466668526648,279.714847136052,259.08246264338794,311.42777130374105,342.3615860860403,327.19543847326264,396.52478383907174,389.74178141396675
84.54913094130691,200.4131936089583,154.59823277143065,257.8598889907338,307.78687958034396,287.5973873067179,387.6362639539654,311.64942443456977
306.68807154231035,167.3371252645995,324.51932344076846,266.5319653987865,417.29072865349144,305.1048716170152,519.6818008145743,321.2055004474711
131.10709315821583,277.315887474337,173.44994404304958,301.2019269207206,225.8381781845155,350.4861220526763,292.7859201893438,359.0892274373317
83.88695154029706,273.4623058498898,190.347425079849,290.9459708853371,200.49452632906429,383.56706800444636,202.88734043627414,453.3758145196674
241.69706777798552,99.00967259806724,477.7812347192827,180.72493524618815,492.0482698059078,181.131600847948,531.3192653803683,285.7135387109676
239.46322773842058,130.5781237038477,249.08786277543786,254.87982682232544,259.3019296902137,305.60532123996785,358.9299855855,364.55614227294325
214.43938438135604,248.58697689897664,265.0190849636967,312.53029079018586,268.00672020951595,316.9344336657205,332.89659452858416,374.57269208784464
265.1076111558803,71.49745248562812,325.95345081633354,160.4021958798137,337.12697067271034,223.93452480935434,338.74589639335954,237.78653225448357
128.41056274950483,126.62306067095953,146.74230652021876,338.40903183545817,299.353950755461,364.19509889111526,309.7263595886772,376.2598717331118
155.91766085319622,108.8178017068841,319.69347020819197,118.12663111604127,345.07643692211417,139.64335622448328,469.25285768666885,288.7351710836804
88.72587593293349,45.294548799004055,147.24169695768913,49.63996478531991,286.59629075774376,298.2218552055204,307.7719675981938,312.0901278183208
113.80011056406424,250.52303461492647,249.73387300522336,445.8823967876629,317.1036559780705,494.70022394506105,348.76823069559936,503.1145640685768
103.38747484460264,164.25690928126073,287.8621606869335,202.98857606960337,311.60178511708006,243.65908007584287,436.73176496891944,285.2822737294365
107.34508407508204,428.9258841663537,126.86995304808954,496.40119698871894,470.10550736875643,508.5907303765274,525.9159886429221,562.6030819725714
212.94317964776883,270.98772801092355,305.50667651332765,440.3470201985379,593.9573669632249,453.19726196358255,730.4814700641988,455.08580836875694
278.8089228810382,508.2112606150562,304.733202354379,529.6576196265272,317.6270305212929,565.5228648517074,325.1099628075103,626.5290477887888
377.09507640939415,113.84605725113477,416.7589457214506,234.41495102776526,433.6360890767364,279.7659866776831,522.73326273724,462.5056757556735
138.85253102637338,176.6238827149539,310.21487704408213,481.39920819378364,469.33850870718186,514.4705192458691,472.2363530104334,540.9419429623978
175.39398977690095,149.27107939003483,275.291059410968,158.15396815977843,347.35150616281857,193.95278274417902,433.87266143565927,201.4327681615062
104.43862490534218,124.62677945272894,109.785975551426,211.11550259202562,121.7781570110242,377.30975300631326,127.13778103725762,399.08181225782664
62.179825002062955,91.1631668939626,125.38502863708777,144.86886058728837,128.73801056473803,190.17050363298353,156.89858841354572,308.45608620409814
311.930841302024,69.58706355700227,375.22434413744384,181.01592370434264,411.36475785986426,189.18931089942478,469.1195920995354,307.8906662666538
95.27800930640466,208.62217227548686,103.52696965617668,246.5363871070572,121.04091186852864,402.913122536127,169.02630581957945,468.8130338869113
145.92609890289654,215.75179291838705,339.3694494196564,337.1724774787478,390.95760295739865,541.2827468758004,436.0363993025764,662.8788025927857
297.1111130631124,58.91790007727842,399.0859565358752,273.1424933414041,457.6033793964832,296.47757650724856,468.09067871194526,302.680292730691
149.1930902979295,124.27212497900076,302.8511493247181,168.727555967758,355.23520994362417,286.8754267849624,424.33243652397545,328.8420344052862
132.42711961131803,159.05055829127812,213.20591487961096,205.681784976572,257.74384480209625,208.74211411747015,305.24715155845763,284.1124698688632
307.66858818263256,120.79476935018069,308.81616916601354,350.3379142496536,366.91938319964805,414.8615527808684,372.96028679385887,437.8157557121138
71.18926836138859,120.86630154608079,163.82578810678734,178.10461012790452,267.0744145122264,282.55833936966127,339.6688635806658,454.1088022401762
90.91162746451877,37.85033246366035,105.89551061306463,45.78804501876278,128.01592465492772,151.39639561036844,258.6826495244062,443.5581849579061
93.82197870528927,301.83652219849387,193.11976964558255,377.3202809035079,204.24637877190892,403.2021849464097,289.023693513757,549.8285202002144
431.769664309989,181.11600388873194,463.65935201675063,204.45522652592848,512.8718532472341,269.05733402575504,519.0552753290068,349.76268010414736
326.95468834387924,246.2149824249021,398.4599181539241,671.1146776372519,461.44128885185495,683.0683569545108,462.9091103576401,775.3072189802539
170.60880647302653,87.90068190592419,203.81429677960293,250.26928746207903,240.3822068690631,298.54194689793707,275.1300786205822,525.3838589068242
265.61166514890965,56.26230089738878,271.2319405585573,297.48794700010114,286.59629075774376,318.0064635493324,300.9570166035687,363.6438499150879
125.5952552976997,331.65141990221014,400.1138391291082,402.421286256501,421.5904989540053,505.19804839310416,483.4317940208044,571.1242229755127
184.98982794930333,55.63945752726037,306.4880901907921,176.77811093175305,316.4558495421124,200.21674001787235,377.26926072001413,245.54760602451054
247.2254101799584,73.66365577823613,296.73636193894436,269.59412101670523,300.15424274411276,406.0187709658215,302.01971354063755,516.1463358168024
61.839542178310666,168.88808986208824,163.18463161294412,287.0960509921612,309.7263595886772,319.0625604199431,365.93068380125436,335.0132761916944
274.1696020902839,65.53548291680299,296.1062777364281,179.61798870877521,328.2885877558658,298.4967597511643,353.85429986141634,335.00766067979004
228.26183064077478,180.9006180792994,395.7697434893571,291.26689244573777,458.16095483539937,394.2471468737708,462.89745440646806,408.18299083802236
191.2707405040079,247.69245567720515,329.27296082914853,314.0599033193895,356.20520002873195,426.03951410716394,365.91571248406234,431.42604107864173
142.89912381090417,420.78065015562396,183.61724077347964,421.1943986762415,242.58541844960226,453.22674759669115,246.39745097892816,493.8800594099
185.68876190757476,162.44814425206962,230.98492650446124,188.57944962393873,246.91152652072975,212.24070854717482,250.20271147752712,267.88713804601764
247.52822572968162,277.5213007340103,387.38556788903645,303.9387177110923,392.0921350029361,458.55710467142126,489.03843713456706,499.35705158610875
62.62979722175902,293.88929234328134,98.26098716911359,304.0103974513266,135.8516396446504,385.56502517875964,246.821300821939,388.0926741194565
141.50986378832624,164.52808244730227,157.5884794434533,193.76810944841355,273.40359672699634,242.09100600920755,312.61479322851807,261.11497990215673
230.62629479280923,109.57528092954512,261.65219619074907,140.9885203722901,277.0039433719313,390.78203331070245,404.72454632060516,431.0677055001673
204.26792957234514,207.0747416859345,305.2588407876022,221.6504391563428,442.3306798222927,292.8495833231148,569.2476295703234,496.18569418823034
60.71116720131617,269.59412101670523,104.43862490534218,291.2562906910458,112.66587430132422,291.26689244573777,129.5860271066838,384.79474965559257
151.19369191946228,155.31911732373402,254.5639550892092,335.8740188048239,291.26275443474833,346.30729606957976,294.3711888514242,448.00224651295895
262.53038302312837,147.97513771986254,287.3092668102192,187.8351374103131,304.84067964384235,236.44085188104327,458.804977025842,253.76717649226345
235.64239089879976,145.70544976040586,322.39514763273576,201.8615243968903,345.22907831300944,310.3325534009365,397.09348794138566,432.0300169144702
193.44961026118148,169.47310744602356,275.1166810767331,185.0423085637101,303.2883142182336,241.13349880081375,327.0055640289012,248.34307913307103
166.72500678737433,107.31219674709993,289.9711409595355,118.380843228724,298.5877072180152,139.86066271542654,391.12361591487183,221.96358637306616
305.8457816669838,130.860064639364,346.9231052509957,288.1944307277699,389.54372963906525,310.24428389118304,561.8008649775812,448.21313753552045
205.48411209158462,178.0944847563159,209.79280267312086,348.08777359743226,279.89217782454,457.16958178493036,353.3415646415405,461.6713268255752
162.02623886330665,68.26193110953638,254.01801354429296,232.46029240103775,264.4976833401529,357.6503657650638,277.1362762323602,401.65974122147543
212.1410476961124,182.91483887967703,235.8686274446187,268.8099053943156,272.0422888227716,275.60651579919676,285.12695961180543,360.32116650145457
237.58906201368188,71.13728607703356,351.9730624470452,97.54926624471328,392.72104436483636,449.58933407414895,445.4529983753315,508.5907303765274
87.52697213493049,99.49669758971815,278.54681890070754,207.8564272570987,302.375829168619,257.42562744825364,366.31908930028294,401.9979922203982
183.97925722159331,271.1481091012191,198.3208265708932,311.4365598575348,199.9771072876625,350.64009944844514,255.24824243702892,384.1255802495013
222.7918984707027,102.5512327935394,247.0034277125628,234.7318319479264,394.0315421582441,244.04275443118527,408.3360130995837,437.8760623468786
178.64595120775508,116.84812915844084,339.0246112924934,159.01573822506765,406.0434470639793,200.72537761808053,477.41621504817914,425.9957134978219
236.8274616484684,132.95755313423157,271.6468963833189,352.12756796048865,344.7310193417638,391.43277476446485,344.732196418093,415.52978240665414
122.1122935262789,317.6542963728494,129.49703051089395,441.90020413057084,237.69129075817938,450.12417979978824,351.07267383748695,463.63430907887624
179.23294367961356,92.73206911494678,293.0272735769924,375.17286920116436,311.2461479400377,557.8930145118441,317.18216847697465,699.8048690874427
437.7719829068788,229.62839964403415,484.98997058828996,320.38742487719696,510.92782133870224,321.0169183843863,558.3289770960072,368.5618101721474
252.68832306947274,156.14080397898218,373.30247590362285,192.1266672744087,393.95289948886386,241.76584008952142,483.63946800689865,261.8226274752493
109.32490296900785,216.66778292339805,230.34685243972362,248.3963757226704,425.18090037770247,364.44635046628457,441.95794150908836,374.73442720930166
350.33543941356476,99.64474364228684,399.4143603536214,272.16021697474,411.8423414118614,335.8740188048239,439.22032548455815,400.6583673186493
101.77607665642249,147.62909738595332,126.6815058633496,261.687682311342,270.5579628925588,286.1088725601685,338.5281252594255,393.1392383324849
171.3475326259627,29.970992557985397,231.89251361423837,88.71949597744819,265.5905523696864,206.71997694694969,267.61343374358904,245.905289150741
127.42712395921349,203.05284759418583,354.8639122495573,296.6625579086063,370.9428184481829,302.60962937964064,419.95082017733813,384.6195249618793
216.43235662181536,112.28651930922699,284.43638913544805,327.724626045657,285.5639695491895,405.0552999036511,307.3182654013603,434.3470846927083
97.67335084170696,216.63385950930723,309.5076559783968,293.717346203489,323.3147191381132,299.2692488479511,348.5252114131497,300.39228304208206
164.51414352634575,93.2691951748548,211.7691416158834,158.59867837037174,246.40875154482512,171.79491474484138,345.61908132897685,258.96576062723244
262.43716236235247,63.40854852422369,341.3023554139279,155.20849455687735,392.76816525465443,370.76795078265917,472.0702305537332,454.50169979571456
110.65794015304745,98.06837339428542,111.67284530668658,225.83786566837176,149.73151620362657,228.93548453922,182.39826973330122,307.8012495608696
120.47705920059488,218.89393329883066,189.96100436842985,254.36517560888123,318.54097831882257,332.23193054552667,447.14623965856066,359.31853672572777
124.59233765472344,137.95335892930953,152.58536040331538,194.42928387579033,289.6995228136128,286.5907851601913,326.661334928365,289.2278353543843
177.73329117623518,78.00596766860882,227.99846084085976,223.13048919232838,338.09339322015506,258.211982563452,484.14079724005285,368.03530874798514
122.18489518201753,116.64055560289927,429.45896132254074,132.48086469344582,464.5747868508391,446.0083777380535,475.7961802830604,472.6423809742308
154.2859997706533,88.99290728554878,188.57374334598347,162.0805021968705,293.244230963607,342.6057397935744,313.82163653372396,385.1958401335558
228.78626656866362,205.40622524097688,269.46187562695536,240.9025294618983,361.9485785802987,265.9265212591672,436.3959194013703,266.04885694013905
129.2030363421088,229.17919848927983,250.7172221253252,289.4144500752985,251.0544841276311,379.0770951299043,388.6827515584621,543.8116504266003
78.31835644853363,160.80144505454368,244.90456700829245,341.3788972123943,359.66580628855854,430.01624067970516,447.646449200628,431.0038642005477
396.672567087271,298.2511252850903,605.9129599961066,319.5007937373958,618.5888633829594,363.85262644083093,622.9520653519477,368.7532284082034
254.95317764170215,198.4014732601032,306.60529433000704,228.1735538054537,410.93821074791265,275.8249214911377,519.4184368853058,287.5973873067179
78.36154057425112,287.6710119042237,90.97713969909962,322.3037366001193,115.79901518606789,354.7269909634839,226.6401139688212,391.13800581008576
155.22278869403817,307.43814928081787,275.70106005978766,319.2952024351764,307.9371980570621,409.9865616083859,322.8323462255053,427.9306070638903
137.96832452707335,158.15396815977843,156.47939295612633,166.33272965668243,206.7019756967287,227.7532426918947,349.10428491674116,294.59791773355397
163.80582109528473,31.286064582981098,213.25919398294334,198.42709804784297,214.35593186894272,339.04976786034865,332.69717516287415,425.29336508650823
114.03913653094996,72.13230108190544,299.0752120449685,145.88316860932784,421.33347423288046,147.95802732173559,444.11542014769896,205.85187994977267
232.77609165380426,221.29224111017544,246.0060346381983,227.58816691493,282.79923711877996,343.609744438952,348.4108278426195,364.94083971337915
143.36909324142397,286.4667558203734,320.8791114374947,328.30020440207113,321.35414792003274,366.6175564270065,337.3125762207835,392.1358094630877
100.15304196861378,56.14956231062805,209.8403459169121,157.62846352682266,247.64932503154284,164.01875685060202,378.829208553792,265.06061012660876
330.0059050701609,57.040203673561756,475.5702320107024,220.68007988736997,499.7458491243933,302.88002843038106,500.3987633381426,316.9791536008622
299.99427547958305,91.4514559160197,432.9824209018276,277.66430375744716,467.53256124999774,318.5192176375905,499.124452977914,432.68092455086077
94.39083820703414,65.38000398189722,153.27198570269434,185.5296756769368,215.91324176836045,299.20513766213196,246.07804205605478,302.9988675675234
37.1124593353254,62.59971568622725,76.53972234695651,220.67336709025696,252.6390703757777,237.78653225448357,398.7012029750857,269.08255292594663
125.50508306178318,160.39520180776026,135.08965346879484,383.64930676424467,193.83726029942935,432.68092455086077,231.04600703199245,466.33849932092056
187.60918083186553,180.22186482506302,290.90322551822476,319.12907638991203,335.59023360049184,320.86877883537016,502.06799578235626,336.1711371604613
313.5246461037067,98.38014612563218,352.2833514885579,215.90113304092125,362.168967007313,216.65069486819354,451.16206124517123,435.56413510538056
110.06209522744061,233.79629942482492,165.28671288055943,412.6998952763437,175.738737728189,427.3857291066226,199.90573585198842,439.0575955767915
548.1756828960524,140.70565443336935,561.8956995056709,229.5132707122641,635.3857639975794,290.3546686240374,664.1810137215606,388.92155418732506
237.69129075817938,153.66918165438588,357.00915587597376,155.6016739671017,366.1396749285508,165.3556361455063,403.49652181356083,306.5974434353595
114.68594090387178,233.56152797448038,197.4784586058881,340.4460911028914,223.09403417660565,375.26362542007917,271.55078495831185,409.3578397075834
178.95408603460936,84.46510746894293,334.8224693280289,259.3258491437004,335.3287166662411,260.67575418051206,373.43609383570936,292.3082425644795
260.9205185787924,222.13158425473486,307.2138008152048,339.3255525747205,351.16415680843744,399.96916403210395,370.841546577544,436.8047183470559
57.5494747856406,195.55408423319517,157.3312243555307,247.11665567681618,201.39683966586648,360.90795357159055,263.88127237176906,615.5007409128034
311.28461692914016,166.22220356707666,355.51304409863104,169.92390868564073,394.6850244298422,211.8311082272465,497.9745642554921,379.7763752633051
198.97860132741167,195.2889247456468,215.75443169606916,244.60140396124365,251.6060534696644,293.3995178708175,292.06800086018137,396.4380848404119
291.91316934197226,417.2565963648279,383.63967088522617,453.05992604408146,414.50288640197056,458.74919507451597,435.1213379647258,536.4867074811127
91.15341314022018,82.98301805048494,232.87686334470604,170.91655272484277,258.65632535862466,274.279664913912,322.45370357473814,287.9720821383075
57.1011867187117,186.1035180301689,245.35487864659274,294.87973903885097,262.72084730653745,295.7818411133633,291.29440458707154,391.5745737552714
135.17311658279294,211.73842415291125,166.72500678737433,337.9339064073249,372.6031167228217,360.91717457524453,454.93737306197204,368.01449808191404
285.00287435522375,215.65017746168667,312.51756090415455,418.6276106117676,465.9969242968478,491.0932763192146,503.0555573047968,522.7768378040585
111.20942396897729,223.6974129913956,447.8708933600817,287.1486055526842,494.45007900907865,496.424208729135,500.9957875020177,576.7011279493959
108.4184180854281,228.03740302143353,120.66315321469037,315.4613083678208,143.2881642745933,367.7640176177834,188.25011113616245,385.1213300461276
320.7652208787398,234.83900504271736,451.858305843399,271.8851001399183,464.60939752126643,446.98148735124227,501.4160583742581,447.0520093182705
53.15119889164253,221.36023144541537,129.49703051089395,224.64078475859984,252.19349457315832,274.6908281310782,269.7340320488208,425.162067260459
153.2604454939102,267.8333892504267,175.20296181392584,302.71591554346713,238.80741060361626,303.4650383239302,273.0055032543816,315.93838901257106
192.85944004769567,244.548302636111,240.03131261992485,383.55838277991916,375.81129529251564,398.9592272341112,401.55631985537485,466.112666251439
259.4725451998039,38.755146848071256,312.51756090415455,159.73347384122164,680.1918511654022,336.76697607259274,697.2383836543613,386.5021657636216
250.23592204806135,87.22823008693972,374.21157949343643,163.83447001756335,409.69823955690026,266.4135258365857,460.0094045904485,270.2623906480047
184.04704680834564,30.985382538227913,186.49998727433615,158.64130591865725,261.6706256646431,399.20261425638233,285.9893515875164,424.1324642453335
132.23859040137611,156.64846319466966,281.78889005291273,302.07143239868043,310.56969314496854,302.38724260586633,317.8332335312704,347.2587319582744
477.46321175120715,238.0899778968802,547.1758546372678,286.1088725601685,592.2600902037261,402.1499391702904,713.41272680635,499.01085683272055
150.72660398096062,58.43227303993439,175.5273166652401,311.3111773716014,198.49287965053082,353.5297312609751,226.6401139688212,382.3104331137633
122.00830825528436,163.2498409265368,131.0423677027592,195.77645637416046,225.15786361825792,218.23472073283278,280.99266808321823,556.1366581699552
74.91568190842997,163.44007845469562,202.03359386662243,257.42562744825364,256.0836322151893,333.1556138278472,281.4171986540387,631.5451478337344
122.14776371899218,94.74647679892658,201.21633395708173,149.84054524971413,240.0244689225176,154.68760854794493,260.30637425658597,247.96787320633194
319.4858744931657,47.31380864778006,326.2937624906223,144.45966163045819,329.9946185715453,176.27260928156008,352.2910951273283,447.220257089835
304.73131773895653,211.44002179948487,335.8850351233339,438.91164993348673,349.6960845602441,455.6047310141716,406.8618596576151,493.18826274273863
290.65104838521205,369.75483958154575,362.1660754240971,411.9432880544093,372.8027280189961,433.5058328887765,375.4638059008342,565.3819914507353
296.01459861577723,364.08577671619355,299.34574369997256,367.87018137234537,306.91347706931356,419.9810384416546,367.4872434483279,437.08675492566533
60.311825503051864,266.30597829646706,116.68616211548552,285.80192118024394,155.44409771742974,347.9643979249822,198.43356054087437,428.99752392588823
150.760690252502,153.66918165438588,224.79224059981902,195.0649534038576,262.42714850369765,278.86291976869836,354.9217417650897,279.8772657929421
81.52563669437194,235.57512122712393,83.52792443152549,386.47358879357614,131.48402672399322,394.6829356178414,247.48536319474593,426.7530546925696
475.7644610754406,124.31866740594354,513.4510992511252,210.36642855032326,560.4561417248505,283.39186197424664,567.4273980378489,337.95017195153946
93.43451583697735,143.51817265340827,356.1711808450458,240.93178501533527,387.5308380510528,335.59830904445244,399.5045491526767,391.19171224878386
138.57502519923395,249.15036381060634,222.08566529964702,329.2322981245139,299.50158528956,418.77329156745105,318.91420526537246,488.70008847028026
187.947928194049,483.0738128477808,316.4485905974138,496.04132590069804,330.7558933622303,615.0380396585583,350.24627909523656,671.3275529212684
179.3779142102457,16.07644801291866,210.15858129449666,121.65117747153604,302.4659745161746,135.59276380514058,310.4681403480184,163.0870076293558
93.82197870528927,154.1959630813487,117.02894740968969,171.638208574687,162.86254682352683,292.9986524385628,209.4540537121288,343.53372016495643
156.47939295612633,169.70204273028094,198.67644359355282,185.7602494124141,209.12388431598316,217.39293694560482,268.4580089449816,221.66399717691525
180.9804380233053,212.1246716118894,188.17069364574095,228.39003255794992,300.80691243782303,339.94045464859,341.31989969231637,391.42837059128226
174.58371014390693,160.80144505454368,283.1741190469361,318.58539849762883,319.5209354841238,366.96345165497604,334.32469217051863,445.52915671810393
189.01095870153776,80.78632963737302,417.94828902554025,325.4084371787406,432.8964084530608,413.56942446365423,438.38801495913344,420.7025473797076
110.58526236885744,230.80473383350005,116.21545628835086,271.6392896927236,280.00022512785364,342.82698996022066,291.031435619197,343.13948051197366
248.34590877659568,261.6147947954906,382.4978531218655,352.52241039329425,511.3771935708994,401.8012713063677,547.3809704454868,424.33586605963245
169.9701959386814,194.36771104582976,180.30471342528165,266.6812470770882,322.42536796365886,307.0313103580116,331.1935160639102,410.40831985103455
215.99299316053475,120.79476935018069,283.74733328320315,393.4304712634256,296.40756269247794,436.71026751992304,347.3348505200593,447.6979666059676
92.10913896878658,222.13158425473486,147.51001963140308,254.8794917066465,202.06930599549628,262.8841913825611,365.9053021673001,281.79333833808994
350.63081379291276,142.52798057034744,460.21682562448177,248.07928016711497,471.0616509316594,278.12307833291027,490.014245407802,291.04310287786194
143.771295401984,225.38805101666975,407.17159647679046,264.5674015824845,429.7026555671171,298.52290316085526,490.02111517449123,326.54108967625194
170.39935849972625,200.01176773559106,172.04209598613636,282.33256654613496,261.0840063465086,348.4357910075078,295.6790101187592,446.39015304550446
207.9278052336387,156.2781613318053,262.9493812316459,187.35474126091418,292.470380049576,411.20972472581946,330.3233489143876,463.4949552376303
345.1880790746119,206.07164608665929,380.444706296668,273.7397277123361,387.4658704973552,383.0750962451906,391.9142221081616,390.32110791783197
247.43016311559018,147.26395513415648,339.37459968792376,347.5614934065779,398.47601331261484,362.0547255459638,411.94341394758794,491.25334347654734
73.60792854837904,199.44613594981854,174.32824706124066,240.34214466291002,196.09212540702546,293.7821255260795,217.40425316196476,349.308546309771
123.41874033484629,97.70009330385004,438.0354458361244,256.7362347381401,577.4797233050398,397.34040580888336,597.7748358854368,474.17229592395734
236.0680034901531,283.4728058121066,252.23910846810986,321.3824410837879,360.99970573740194,349.73931558717976,385.72949682194866,354.8965802140577
160.0874475333554,119.18217758231187,310.4560762770888,298.76969137188416,383.41312974579176,372.42239876033113,419.60637811752605,384.3876796667191
178.34552823351638,221.86269971243684,273.2459833695125,278.5401886968465,316.23433708803367,292.09300442923035,399.27791359565106,300.1664804498353
104.01812619905266,210.39745457055514,206.0980480446228,264.3562755192297,286.109159423017,295.4823764846303,315.7803139079138,301.4954519110171
342.3469304283872,343.13948051197366,377.6691116391133,375.9079775860343,609.954408660381,385.50782651136166,646.0727958510384,430.21297402219847
66.82624930654521,49.50473946930295,123.0021426000488,212.30604549109302,279.02614368349964,291.1476730341609,405.17553171200313,328.8270363065397
287.7031983043166,140.5464548322376,365.5209326109204,172.84383906140752,370.94815895560777,224.63897479981048,377.06932605359685,491.97617900456106
104.01812619905266,106.60822717644449,206.32556912552212,217.98455770529864,229.28151537442417,227.977055885266,290.9025405612114,397.59104021241865
216.43235662181536,89.26543662769308,245.074936242176,213.3989109019966,257.82410518916674,260.77222643386636,330.0005956037773,307.5650778917122
149.0330992659657,212.9239720340149,302.2296208387289,226.61900161767343,343.87197224791043,263.5733709756179,358.99266348765025,274.8541845485885
250.20271147752712,230.510546308334,293.9454068321742,231.65768167523152,304.07453004535733,452.64862757755947,309.5535129076173,455.5357121940446
289.9315238476047,263.4367596880941,393.07384926709165,339.52934248091526,556.4226379120114,360.8316787678007,562.236285428358,385.3950213215889
362.909217198285,193.76194429915216,450.87194924739396,335.89084832943837,539.2132329164618,494.9944200375734,674.8251002803082,496.7231987168693
162.13260760441932,210.39745457055514,257.0787936071278,273.359950770876,276.7075421317306,358.8542184885897,380.46524183689655,431.4587369787411
265.7147674006065,93.04515506704499,378.0129645150585,357.74665010897934,383.2912726524643,411.9098089965395,404.88055343996723,467.1413851708038
364.78116773921386,72.87754313162631,433.4700169824745,372.80642017316296,465.19493593905577,430.1018694682611,566.9197996562644,451.796757791208
89.2781810924572,113.90681335368224,317.5623584637018,150.85902824922633,345.8252912667815,237.70945521276838,429.9930509758755,282.460521325385
299.8606754631512,47.02976923891099,323.2094950845093,116.75866999608229,382.2111874130598,127.01724318677034,457.57818436209226,241.0826541611791
67.71334468011722,225.83786566837176,339.4011175262191,271.1620891692141,359.815860551718,312.91807192201003,373.3125431777926,314.0624255302393
249.0598435353554,190.0343468160639,352.0633526416995,395.1942627385002,384.509154467972,449.9448586278979,450.68509422996556,572.9995705255443
318.97375953099123,70.61839918103529,372.54259579695844,100.24028230197744,464.8751345732232,264.3004173703785,498.64663663556604,419.7286646420855
158.61772553801558,149.1695130190633,295.53734803531336,266.61445070136523,350.63081379291276,318.22847999025794,354.7599988589658,327.57387207891804
204.8962856287129,180.7332524221413,390.16657015107967,186.82664699558396,471.81775896197126,282.57750081843113,711.5575405685045,395.27896914658794
199.1977958740198,295.81273466695154,324.7334738936439,353.2133782684013,340.20140478144145,435.78101083510734,376.8228166642527,495.7308365703139
103.80781326362906,252.12327320739752,293.6443286373225,305.35329053357526,311.2506221599955,358.44261155482855,328.8396347083335,489.3325083592226
36.890098200605486,291.7908618717887,304.1661136819615,356.52089837580945,354.90991542601887,383.7075418838116,396.4132625844358,459.92362146184706
290.0102481986551,236.32795366927178,393.8739472325185,434.12143200522553,421.2065290428681,486.0448641889247,462.3306912369323,494.24734520417053
129.5990146374525,130.05308614750297,189.41144345200283,161.5461573522208,406.9360658307246,222.27485588056328,481.69355957338485,287.54509480304085
76.972782622495,244.21778644533453,281.5403563844294,251.5636292359266,320.76706306565234,413.52184360555964,353.84355526388805,524.417863634565
185.42938519060857,172.2641202521921,223.10767921794584,321.1280707920202,236.3629445581101,534.1685632588594,294.28009124529007,566.7804145489703
176.94968169545456,123.25365769017849,277.0039433719313,137.3601149058147,483.44765213550727,156.64777800009082,497.9745642554921,263.7133336630623
405.4366030790602,42.54201622329642,411.3417019973263,106.15482917956446,418.3110320759312,244.6867638149144,454.69854628184396,254.66963818684442
138.86853366064278,365.51114482467113,199.02098674908683,365.93751040437144,480.0096958932838,440.6226616375963,531.3986121613108,526.2616316734436
290.4073012544103,79.94692376675587,396.3179910092102,89.8206696041043,536.1571126181863,127.07339020681451,645.6687396445333,222.1808856769434
163.4726096498769,8.887484984913453,296.05077332233833,137.24889802270584,296.46715574298474,174.14507612902275,403.1117366620364,238.06479937950155
310.3702390282078,286.02169354791107,364.3998134329231,404.19626147870855,455.2760620337951,436.7413948197279,495.73470124651703,453.28642609891915
174.88760637273745,104.6914859480939,297.0508589018352,229.09851087727944,314.85089614931735,262.8841913825611,368.5100766148082,298.4558051505149
240.38505535233395,264.9025087384883,402.87593188864975,278.7160051866613,467.55568797178125,386.1684608784705,494.399039059949,411.9098089965395
319.9481036242224,225.47942552890564,374.6355468983912,254.73672896368552,395.42520298207376,349.20167511956424,468.51090924806255,368.5535570466829
99.71926083195245,323.61031469947255,167.1851585290589,424.7783789044257,213.18651980532326,506.5981187725643,307.2689704003348,525.9531059421538
198.14361912102441,264.6113439464232,311.30904456526093,265.8803836011382,437.3791814930993,297.4886392909094,605.8346906235959,379.406618499119
121.33432971838405,15.206005689264153,126.71049596410856,167.49191017985424,172.13550293162362,280.1066640710014,338.21511584738874,300.6541103251765
144.19149963418153,367.5729547852449,190.81498066767566,395.9260493996773,252.57450770072262,432.76750045285553,313.45453994627854,444.2581261531721
299.9279848518288,111.291895681272,327.28983266440184,187.82768925366304,404.88055343996723,233.74447563994656,416.5171996544217,234.25981755674002
85.14369033558776,122.97740651261168,159.5090615685535,201.8615243968903,328.86283449780603,244.54690135024066,494.4245496315843,396.04149081405006
186.85233899085313,85.64267121392592,299.68560356069895,131.92515851121348,323.10108801558084,183.7124051520138,409.66935690378796,188.51198589784912
179.654331435764,274.7036160359224,192.6294388897919,348.17218748625385,378.6179622181476,403.810193110958,425.7742280280387,450.1982738484382
204.62666992923297,221.83950436583063,267.6227919616953,255.6245104256856,283.21830020422055,351.97350312116254,390.2999893161507,354.1745891499355
145.42266589396564,265.89573113824054,186.40335203609794,330.89706186956704,248.03761926380628,393.1681422985709,265.3686397103359,410.22931793192873
465.0622747469237,319.0133339016219,470.7919703366512,380.2896371180973,513.7990996554845,462.2411009774574,523.4774365048945,508.1398572313911
274.8531082183342,160.37812047431,304.49003866029454,206.08311028187944,309.63458596535605,288.3932896513688,346.6080631320567,370.94473437214936
116.59515130432642,107.57754389162103,160.20658165200592,121.63035422352414,181.22954918592458,130.25593987538142,225.11199434344613,161.5487647720204
324.3802673253072,103.05809601679256,327.453013986892,262.92103393403755,361.7589614069126,299.07369126786824,433.6087622177941,386.08474277836325
94.46549473612652,410.74525234126565,206.93806594802643,462.5056757556735,233.710899858683,501.35760435172506,283.43707038410554,543.2767343917266
355.6384459059458,196.17180695117463,493.3785169430531,371.384442551191,535.8802229673229,486.3285424719572,572.0336011818725,522.9816820647477
339.4259196584179,181.93285327605648,341.5227515569411,193.66949169289597,430.41082199466496,249.21480859571682,443.4455384751289,323.3424590001558
72.49410237772697,165.71477491685718,233.04414852982222,225.68999006002971,340.9791210040149,304.8610527916121,407.51284320907274,320.768188267687
82.57173569178272,214.28068423188014,185.25907765401,334.8264394873979,228.93461131801612,388.4293834946851,234.5439995088792,401.10320989978203
178.94331815612622,91.80306480169062,247.87438785435216,152.7111241852149,296.9143698502879,237.75222660568778,436.1536695891884,260.83676450282445
102.68412623100804,364.4133393750066,222.06592922768968,384.07435507518016,258.3818981039,414.6595562159931,261.7664085840019,450.39623738806097
257.31433626293466,118.87078641183243,304.3735336132817,174.71310256504677,388.2582955761223,228.29303479485424,426.33416073572585,259.26749821288934
204.69771892622728,143.18193585043397,332.94724414854744,301.9977003293362,346.04418003598687,355.65360512929794,404.02286053010846,402.7875894077525
90.15980595206712,183.25681694819832,109.85966665925567,229.81182174842945,198.50323349420967,343.10234085808366,254.53222698692807,393.146300185238
57.5494747856406,250.26517792841682,115.0515246303098,316.67518107467873,202.79742219099884,437.40851489141477,223.7917360867147,486.0448641889247
83.8233718507544,215.08079055117503,181.11827000290242,231.1478404583334,203.1449607914609,292.1776554590413,283.21830020422055,317.41320720105085
186.43129343482505,288.57022930334574,320.342073471698,295.81273466695154,339.80007591521957,393.99437424589837,401.8306394136043,427.1058352203376
171.93365868169877,137.9865404354331,351.5342027881605,285.77540237813486,367.8455602697163,418.0699962105117,373.98092035975645,452.7822615997224
97.59814033342087,38.958188427380875,106.01574619253657,435.30114053713316,158.17665497676242,496.28317570722953,264.1405285793751,572.0112188246751
310.4681403480184,236.16806526620002,402.0447364932607,267.2202356445488,465.7433856605184,341.30362679492333,467.65561333805516,396.1862576172133
293.71964978044764,212.83032235916463,338.54828387243765,320.96091359517857,400.6237569405042,325.5150687125765,405.5645835403448,327.18605349202295
174.18592187155377,118.04214035235192,304.6805636708358,402.29646722432994,340.83094873408737,414.33538822212273,369.74537784724384,504.5602377646546
216.47434729893664,322.45089278989786,261.5353226607689,354.5736585545527,302.2333156320488,363.18119182713326,433.8591248880724,370.88372761157024
123.12004459883221,20.14531408938977,223.07203963587025,72.6946019403348,410.6270890014918,220.796119797928,445.4836226354252,280.3247108372968
70.79457824336667,405.2661723633594,112.68036484244054,408.22124931367387,153.22837211987516,408.33154389476994,462.86074279401186,512.4023574821694
163.81222981265742,294.9826185492482,260.84589863708146,318.39785541473765,286.82352545343144,387.0923276949864,373.16248303729253,435.129666593447
227.13682409121336,52.51425688320738,344.4935248021046,120.92915945885872,350.6999214551754,123.33638674493955,393.6687706204918,178.03292892041094
126.71049596410856,246.46325867574208,239.35889794992784,318.58816052420923,240.80356387400516,326.20665458469756,293.52767306501835,334.80550542573167
177.39426780010027,136.72307847204115,244.25385938776074,273.8235315726942,405.9965807978296,287.79306190327776,432.18137653438504,342.3104562622599
155.12138294715612,105.61138628612338,430.23665402260013,149.18213258654632,511.3882985818593,169.24280914021426,600.4906238450426,209.53356404827517
153.22753442214946,131.84003276919003,233.67299514273236,133.37946853964746,241.30756972390296,217.99950197801343,280.99266808321823,279.9893105947157
96.43366667521349,110.02975779816299,172.03666754843653,162.0805021968705,262.5303086865252,243.95304932026608,274.17363682508557,476.95841187763057
140.2341023952417,49.0934941993135,204.7340904889693,89.06371486378616,257.60549316348056,122.9275426291771,303.08535635647974,155.51617889067373
143.11305761617285,220.00912450317296,144.97761143585936,465.9843390748064,280.56456045165794,483.1039346704511,338.7420353254793,538.6723071537349
40.56299370456701,280.61449054107834,110.38304490155716,374.2378322157029,200.77024507342412,396.00856625255955,227.0918188862872,456.01964626637186
411.74373322437077,129.1043398935802,431.8765706490075,130.5781237038477,482.3576706198462,175.06306023305092,513.9493837824666,396.1862576172133
145.92609890289654,139.83209674837525,213.19062211827372,217.82534084102903,387.05882502303643,261.8226274752493,419.4418215233999,276.962102783488
185.95366234716346,152.86351884613885,213.18651980532326,438.80172851743447,256.46305222118514,464.9343415014576,304.6657662585001,465.573179291853
367.1406494393143,311.27392139450666,377.8817414798527,386.98098486132756,382.7771359599689,393.2545796246673,391.2204751077077,504.80866061006674
242.9447913625442,58.786097763453384,387.2642579342844,141.67659370297434,425.7388594877432,143.13497337597545,501.8798574854371,150.85902824922633
123.55400775667755,198.77886157376625,305.36773174918943,243.5219948132288,329.78513308903456,248.72535806851045,368.88120238272086,411.75188268202254
114.14418145789989,168.88936030044135,117.52783930125676,474.84880548829096,191.50545101261085,599.6960898708257,307.2417748187891,606.0094726951977
198.8033271139659,246.51065626604566,255.129583659832,323.71368823142586,273.80012442810164,368.5372849440631,338.0339001287573,384.3876796667191
182.52688731028064,210.69174968164089,200.56700680287886,313.29908980048145,351.8283484496522,314.85758126235237,365.65769560586364,482.9563767260211
127.84760206424168,133.57612083034869,330.3233489143876,145.3020220739344,408.09892300331114,361.7707204090607,429.74550571121785,475.0046687866054
316.314562936148,178.42910498930516,504.696956881538,306.35302319761223,520.6564746188044,322.3031894738527,556.4428605637806,512.2824622950341
280.5419988602394,133.58370912713997,408.69134656458516,268.62918223870133,446.51766071567823,393.079288992993,456.8160107543602,411.70805770045604
416.5627951103976,298.4940869794362,429.10689555529,338.89045155325636,505.95938686783387,360.33244315437395,592.8604887420618,433.6668817670099
171.10222692213483,115.15780400062533,185.42938519060857,119.45864923282872,353.86204429015453,182.6651386738193,470.5217802509722,193.47101933798444
265.27209195760025,103.16630880423283,300.98662810657265,219.61266452837302,405.974821704497,249.13863198343915,451.16602825470335,370.41022896695796
91.53177189454456,108.23893836615747,152.16725999480562,276.72653000928943,178.94331815612622,307.29262917180534,264.0208455002231,336.37229515768195
257.0787936071278,62.3472369447209,379.5539604169539,77.97873006697438,454.69854628184396,296.47757650724856,496.02418215089625,312.6918797612114
157.55730718452796,69.90280749390352,261.26697725844656,177.92657358875528,271.7637304405138,246.73344016312345,325.5116442315341,272.6062845579858
117.75087884396326,198.45691197713973,168.789140023553,385.1213300461276,180.46597143332355,483.2560654304134,267.5698486621368,486.0533407397028
250.5059584692143,184.35088388375613,382.5836452036986,188.70303322014934,589.429462194656,376.79399066042333,604.2395484450246,426.34666823651946
174.988200500691,362.72723081311324,529.1334851087761,739.5998429412433,564.9874483950174,768.482435474288,657.8196962284168,772.14712820092
177.79370577922836,104.3509839075156,334.5501398984165,382.982733755646,351.1018173344973,430.8168227573449,368.27908282967417,431.52929553002036
188.61484882289614,272.37543567577677,206.6294193156785,335.97252348273565,206.7019756967287,373.0664356148863,209.12388431598316,408.28541144043953
157.07337265253648,222.8169946251166,172.53900518150922,271.36407252323085,203.26674557975682,389.44282368306364,282.3004505628779,448.9012879273919
480.79787040372696,170.4350878251034,556.368605967917,393.37900956525607,625.2696185277348,456.6268442504389,715.1789842909611,537.635291191967
105.88343273805883,370.7158700062767,141.72185006850785,457.89376745364035,189.1427490917084,481.48309190237575,357.2622050751253,485.75628230754194
128.31601842108165,131.18033601327983,223.07203963587025,369.52614696773264,372.0390661869155,491.8148850056246,523.421432405661,555.4345150738984
132.31625869116658,251.85693455399397,411.25475376783294,260.4113599640273,417.91628184264385,285.7296522302633,486.5465867347737,397.10948886240266
227.4572436882438,198.92980991054264,341.4453507607662,223.21580073337077,404.5323112291548,398.46502212498484,636.7069505324627,425.66061260934646
79.608694639116,133.75722827870968,147.3346070812748,220.96000895981192,242.1840158862892,248.6215332618761,344.7469741873916,248.7989372919112
75.88120996044948,163.07589151808932,291.6339915588524,328.37013958074834,327.75053839735307,418.02352796743236,418.41245721285554,448.5155106869346
169.80797557198125,234.25658993915494,214.35593186894272,287.79306190327776,232.40915081905052,376.154082088823,285.6823930699699,410.69721127635586
240.4604768469571,137.58399694742513,263.9746578169917,147.98834124074438,372.96028679385887,170.39296655188298,498.4309325270864,181.60154720592763
183.03021501290866,220.3980670342338,224.059718020162,264.1700715955403,228.23227246755485,416.5656453301681,303.7105291397475,429.1079885173246
153.44664372338417,132.7536211299381,241.1659402549673,466.1972074791511,311.57775144266225,468.96524023587864,411.10089786081585,530.937108896702
118.78294182617908,125.51917265017173,256.7875258146677,227.43286737943885,317.27225200716856,379.31642402686776,352.87773556589144,560.817368896834
218.7603255547951,177.51886060623,361.1564612196904,188.04439609996444,397.3406688708463,359.3283392270826,419.1328519408538,413.28316192956527
247.89325865943425,76.68138256921931,262.83814035541155,306.4953149567848,283.04152917054245,372.06011506108706,428.1040337501302,380.93067831042555
231.18582998855996,49.11791677316214,380.953488510235,60.695282633148274,383.9981516723381,143.3093008786101,419.9286405348547,214.05012219614477
208.57959394617748,222.47842002000425,258.28913145138847,317.41320720105085,298.90097585390953,377.00177648124827,330.6767177531266,405.13963624166826
199.0561039976734,106.8382651712642,221.34209094178527,179.70164934540475,255.20926215599653,208.35288793275396,321.4404540592361,220.57599855296695
243.94160857720715,38.958188427380875,400.81801126431037,428.34061962822983,456.18308052239826,505.35341565474516,464.4250631498363,599.0752916942216
50.96944762198943,230.3665705775552,177.4159668207368,258.7288875730837,366.93800104187966,291.51878299568136,391.33866296856377,401.27629494433705
86.84312651953246,234.3225916768481,263.8753907076777,260.8078348460364,328.4834654621859,263.5190673429093,348.6878923078377,414.3237730520329
158.6605345839893,264.1159602247607,217.20839981207428,265.5327421913379,279.24345102612153,308.44420393563695,425.06540311769726,359.48325976920563
215.5026907467887,225.73731618080944,261.7353169987419,325.7973019122002,293.1452834497596,331.96035540615424,421.4885186605747,367.0174802173262
118.83196823873351,142.52798057034744,168.43793771625374,282.67499412585784,293.18877020239637,293.621283304989,354.5391376449,339.4001635326773
164.9928846437979,43.93465408888471,215.42307606167242,338.45033832857433,262.5812604552279,367.0224742807859,286.2012137692138,397.92442631937644
155.54425014716782,47.31380864778006,275.18980787295317,191.41906796515423,452.22870610843296,211.85664049882138,514.7679057244974,411.7485169286009
159.581442347194,169.37702956575453,279.0562693000175,272.7232084630178,336.092875035424,399.58668949807077,366.42090461822175,432.32039147586306
657.5593235218952,89.43163765289209,668.9480309661901,254.5974316640828,687.5166083327985,288.1914241982101,715.5816244912636,380.29026415109524
565.7018509017701,116.68914072080534,815.581067953656,116.75866999608229,841.2163191275403,163.73981575592998,861.4472114177511,198.9795183332835
67.50451542412013,113.84605725113477,173.95230154048966,317.2481258692423,180.0025149039429,361.4638198566704,180.67322266811422,383.8159718894494
351.9272994787027,160.41766773738834,414.7571456450346,204.3773881377168,430.23665402260013,234.9833142051956,520.8630964298214,269.2173308027576
248.55899654564863,192.2123542317455,330.85924723435784,199.96250181623287,467.2512740808041,335.38925626098217,552.2727662661335,448.19417887464556
261.7245761415193,149.92875167055425,323.66575995153795,175.46333335141674,440.66461342000537,205.39777441547804,447.1261778614207,301.8516494802148
132.55764106032984,166.91111517804538,166.96122535993754,274.03887783662185,257.01047416533675,436.6000124296085,351.7562225827083,473.27996559663717
92.76310202601266,479.2031281871805,245.1481204871904,500.84322365964005,247.3503592488093,512.8384665003666,381.2024436247648,516.0693864045255
184.81632116101736,142.56299696396036,250.13252162120406,144.1947504075352,400.4102158821113,226.43974621195312,419.0823460026492,257.74972600520687
141.09422645673408,88.34018491411716,273.99561498364324,173.0479054735904,301.0027003441539,210.82348523721143,371.5545772995494,315.34505130028197
164.20766368424054,166.31077810222726,212.02519765946076,208.9493082911278,234.1408518839049,294.409901934728,347.8046048674268,387.7662561385323
264.73770237625865,286.9462846286349,373.8798950803009,299.4337606540728,424.10331343765256,304.5769587239951,467.99091838491603,320.3987084323104
172.72305693083823,72.75531867606851,347.2927814176978,307.260316766236,529.5964442264634,441.03784289797153,593.9315161296263,442.31842344926
148.07245305519845,425.1298581830451,420.5247281261643,460.97121920533715,491.7000391925894,461.9910044816199,579.8470759659334,470.3960921173168
67.96414800100027,195.16552203434279,216.19374157546332,466.74721736214696,254.43405125113418,524.0606609040109,323.0613350011238,528.1641989827352
196.030977715072,228.9566489225049,196.51866297562844,299.583284697284,290.3935212774706,443.2640988536766,446.80113959653596,506.27922463493
227.46565368100104,90.22508789759424,249.05747106065638,113.09008060259379,311.76210364780917,143.3093008786101,350.82730871326663,204.00439673794293
127.90721732929845,98.93034320737006,194.04258236398803,137.95335892930953,217.793882582689,173.08066553449683,316.49748698066657,221.72420472302846
259.03178180002266,39.0806779502515,427.53672680098754,339.34790925616977,516.45090246104,370.0230827780454,551.8243244082449,449.7807297475978
299.99427547958305,59.00917102903953,331.52545950177984,118.12663111604127,406.36112137985947,208.37324162312973,416.73529426656137,375.8476705598104
100.68598930561986,128.04281941582693,499.8828753153421,160.02009483147162,506.99696169759926,291.04310287786194,521.8609609559074,293.621283304989
154.550802444215,206.55760013333486,198.97860132741167,348.70601633819047,325.89634465310166,374.2947993404072,335.21756458826127,438.0752061547205
106.79594767271323,71.1109936922961,247.48536319474593,136.3226136516748,252.54638821744584,252.9150334781844,256.788559404462,332.5736571934846
173.96665003132617,15.812934611439823,290.79428101742155,150.23232970849216,359.5415854090526,156.042374647593,422.35286188518927,171.14587792311622
217.16486636649873,205.40622524097688,307.8973783623823,220.8546043463763,389.2964650973299,323.06118721771367,525.5384123229461,328.606952865932
117.34609128602914,229.6733096026805,139.44343024559004,350.60848068506584,159.59572193398773,366.850915723493,160.77694325965066,531.5151083669017
241.14785931371088,122.74958664175446,355.1402491633878,166.29490260460784,368.88120238272086,281.9939232820901,387.4616636061192,317.82910991765124
195.91559773367544,121.43635368367227,280.8662982934016,216.8194405529444,431.20347910499146,275.0982338616258,475.3616308140928,281.98311870803644
291.92815874252864,49.07935735819669,330.0550203035214,250.65910121645823,373.8798950803009,362.0668839978092,484.07902052722693,390.3239985288019
177.73329117623518,105.51907394195628,212.9462437042098,134.61874615859236,220.8497707061423,187.8600536556194,531.3435347328272,189.18931089942478
96.95830200333886,210.09248647319092,273.2459833695125,229.4549565312272,328.61813844580416,282.1601759359353,335.56203450219164,315.03539410099813
249.7361176485925,256.41223063431323,264.8834632139642,322.4415035824697,325.4761222847747,410.7962954727135,341.36915956355045,422.634529846646
339.1851770952089,180.14103186656183,360.3838269097659,381.45257735487155,474.3086357345013,430.3162417202864,567.2437033478692,453.3842562568402
409.2658973105971,66.0060478099203,481.2472251216605,169.22100235946408,561.8703400511403,244.19301689964027,601.1515281042667,336.02879417204565
47.68079817898139,115.37661459514548,112.68036484244054,238.5137039836573,240.91080426994165,407.9177841045334,395.9015671868118,576.7098902576281
80.46381859274982,117.81863958995714,125.38502863708777,193.80556419034644,144.3812674239061,251.5636292359266,183.65956824016692,446.4716338589577
91.02794104224154,225.41000418078067,192.36551494606843,264.4599341556529,313.9852288032642,287.55043093415554,334.272299817648,329.86036368486623
132.42711961131803,120.37586918496186,136.0574250767809,227.55773129327844,291.47096674868436,256.7978459149899,327.620153124937,300.1226227831195
120.47705920059488,87.43171246441764,179.99232207872677,223.61710623327622,344.10327747153707,330.72600027897465,347.3073424529283,357.06824173151716
290.6674959485186,180.16069169657797,305.98965265964006,216.06900574051872,353.84355526388805,243.10145038139666,450.9619679369232,302.4102862558142
276.91034752549274,233.55432026235383,312.70857206728795,319.7747013566492,344.7310193417638,348.10620009181525,493.0764860051471,367.3467667276789
80.36595727222969,140.228195579231,123.62801621144975,349.82441842467176,222.08566529964702,372.4978789598359,238.5039799967879,383.7721742139046
496.78699408523767,114.57020068291722,502.09874442553456,116.11703149681568,575.8079102744496,406.701385825077,636.2060550475652,432.21399934311717
172.70574471411197,236.32795366927178,251.17898040835584,250.26517792841682,291.7492717814131,434.83960847954097,363.32427534233756,555.8552947247714
90.65578246975238,225.5316517855653,142.01139588903908,256.7854821566859,196.59192526015337,295.7818411133633,204.83663341775548,307.76678015898614
147.9734860430828,75.81430146054252,226.59524450124283,254.12939100239245,279.499746392391,319.7747013566492,440.3509453034661,395.39644425910944
166.57592654369557,141.0760959223513,230.1778143510875,215.90113304092125,276.55215517241953,259.76219372299624,424.33243652397545,299.1467787354625
132.95496442775314,73.39632185022695,273.20352263975377,95.8075444227184,401.9239223686518,233.07064618162022,413.49302208991946,271.08741127130475
300.39821308182695,113.49381654187941,369.64669960408463,212.55313437524674,435.0920780176012,317.82700106663754,445.93188312580963,447.0520093182705
308.96852393232547,69.1092051414666,344.06334290637676,157.58675580637046,551.0770781202839,318.39785541473765,636.5399802992787,346.68533593865067
155.46246898475198,319.46989762630926,262.42818804876055,425.9881228301461,290.89863640244215,574.0226151308084,387.6136326391134,600.4842253476185
76.82982742299582,109.52115223987312,213.8437757320544,253.15079039366654,284.9130895202027,299.4337606540728,294.04024911555103,307.58402555508155
239.92764432044953,189.99290609289304,274.8531082183342,301.0443079181878,301.75525129486556,366.85055936893474,417.4583525029472,436.0065723160425
294.74780192738586,226.0708063788719,336.58345712032167,253.9185581606062,356.66138765364786,281.00890196128313,423.0613975226031,288.77831845346975
313.6574180561712,244.29430077726323,411.828621676316,281.1993899171086,456.3532486606944,363.4719041516111,564.3006617086392,396.28463545117546
85.16027584964763,109.86851511737015,92.45392341633777,358.5394748773713,220.69548280126497,371.5386091090989,296.8444247214327,455.3579072959143
178.70726238875588,264.8538067912119,195.95719633483816,310.48823517339065,266.48046876092826,339.09306042567096,378.5901504656941,368.5822786355736
196.7804282162114,49.64096600127031,227.41693926795605,131.44912303322192,419.1898067051283,265.06061012660876,421.51251969664594,265.1711691526656
155.00150678750674,294.4841597860244,186.48336062584602,328.48733555049273,189.11134518225495,391.9660451236771,214.93096172894255,444.61647783146293
219.49003303920617,182.1743438196369,385.61649181197686,187.15777583216368,431.8765706490075,224.48962702640293,473.2491687186354,370.30542208236466
148.71284063585728,64.52811078170784,270.23009420162316,198.75189359660916,311.34701638876624,399.86665012098223,370.11483838784915,459.5540825741081
233.83764817892612,259.20635452485885,300.12226763590604,415.13037656555514,325.320200676871,451.8600509036433,364.76532879467413,466.7988594886166
238.5132173084341,184.705640491866,293.31143652280866,208.65083742193644,321.157967780739,256.99921061335243,358.5545909430262,292.92321989196364
182.4879886904831,149.80034117212168,255.00516248100362,178.64405027139728,330.0005956037773,215.79798434187572,347.0412720414605,249.04535201361497
86.83419056042202,162.67329906670375,94.55834276083954,194.92563344453384,220.44677466678385,242.89693596942226,244.52163178931184,244.1118503701715
98.85964335029067,193.5769412398326,155.24654834759667,339.0397676042529,167.54258917787087,351.20830137492237,218.38915105419926,466.5823751624494
89.63128178875559,99.64474364228684,453.51343368778396,346.30729606957976,466.4937565188109,371.7636284353216,475.9817863352941,394.7997366126474
278.40549526407784,28.12960074428502,488.38239473034474,37.85033246366035,496.8868299907139,129.37641514798148,507.4164549428391,455.23998723109537
110.82700976470298,245.73981444749748,172.77033027086654,362.9928109538379,234.02605457156048,377.89446037463443,319.5264861543524,381.9287383050444
178.85405200656535,138.16471824188486,230.98246293972696,177.64717664790626,277.0193428030183,216.7666011576925,343.6487185421756,219.37937730928925
69.65625614470146,76.60846554486248,124.87623738222753,297.75131341045227,207.2807480899948,489.4866989019752,212.1841387977403,554.7976705286202
77.09255228528322,246.8173101741564,193.54973615391242,271.52964461140436,369.3423468040939,297.3384894752582,386.83103491657266,388.55540127136044
107.33785639696357,112.49901459992607,213.69352887467642,144.83410475072463,365.4955541656526,301.8021153419875,399.8119578719015,348.93181610587476
151.03257106479398,145.60429563414505,156.20932255644325,246.18670082460602,216.4249681256848,266.11124651117296,301.02636416501133,304.9806934666837
190.31811515134814,243.3020593138561,240.03131261992485,311.8005008811877,281.4646103660112,347.28221203388597,307.5625951654103,353.83265545460813
162.26010843208877,89.09227481329626,163.4726096498769,186.82664699558396,287.8486104200329,220.69134108861485,294.3826777103923,261.468469305091
93.1867547051299,97.66393508504265,215.23130611767291,144.48807107722098,231.19218131562556,147.3193819669096,247.1467594181112,299.3450305695726
250.60497271678676,292.94267742678966,327.8730483666152,354.08157284619,335.7157908047383,355.06444482369875,369.5563628836925,395.4270382513412
265.2898441486073,102.77748877098789,320.96675307855014,379.74111450819294,332.5673902714095,402.50887673470135,340.9791210040149,496.45949052031006
159.74702074859923,9.276441293014424,291.632428054479,323.2407711799831,349.1350813468931,407.14958452108334,419.93835963916206,486.5074784831316
257.96642555619417,123.12779432612328,393.1209463868581,233.23533566058143,437.51004290422026,350.37317500125806,491.1285996548085,367.0526520524324
82.85611779442124,233.07064618162022,99.54757107509523,260.20072656244974,185.32230349197692,279.40180597587147,319.2049449992085,288.29033825957845
82.01237594253195,160.00512371019633,175.2167115806641,170.48274798299073,212.5597525826517,189.34180455996645,359.36330495188076,309.30797528745916
255.37480805887674,183.65815182905303,259.13608438582673,217.4014090962283,259.3019296902137,260.0957376684023,347.0763867316758,368.4545518574407
76.71824911281594,71.1352413348992,109.05075374590751,253.8093076207696,129.1210713567494,280.9865171540052,147.5989588796486,400.9525938987334
69.26881949112426,269.365917764866,197.72679392734685,279.83531084077237,378.2099094818823,293.9947786689786,428.1824856055814,313.5339227243627
221.9799794465397,258.9313438211415,356.58962422495557,312.1420287161103,374.85946147960675,372.5117298640569,493.452906751658,465.9531122587972
121.2549975676983,218.14818506189545,153.70883416098889,314.4941952793773,209.86289883623124,339.94987186005824,286.5103077521351,345.9922965849032
149.69786432957653,137.713231974942,181.64789493146816,261.90649752033755,221.46116073575928,282.8018587278127,301.9883336413973,446.038346818761
285.1314375992315,315.66828107493467,290.34483287312594,406.3159486784778,339.09949361434184,413.37517610868633,376.1492619553268,448.0079482188695
70.8500739728442,270.7073906186326,117.46817605816449,342.2649849163136,266.0295384695585,348.2230101487579,375.27780387299754,357.8316414191275
252.45870521146674,369.3496041732112,254.5639550892092,382.982733755646,266.6245973970499,399.5550224306227,273.0626439419732,456.7774263778597
261.22081817326017,532.7222885820612,342.3615860860403,592.3777121432627,364.54232716974394,599.1698022792276,405.9181878146354,626.5021223687597
163.2008008209707,246.71623570139982,202.94115626451037,308.0831895271817,276.9989915601003,402.6033184148622,336.36818176494637,474.6045021728712
189.32712407581533,34.8338918902584,291.5251727556698,155.98268882428587,369.12235464654975,342.79240472766077,405.7375484054287,350.37317500125806
188.1417946137029,116.62049377707676,256.0193603960034,153.5737423264055,298.2834123465323,167.57336093966327,323.67709203269095,221.11886513810907
132.9872761691708,536.9904313427662,173.27854963095146,627.8018863567953,295.84064301363185,704.4436451445918,304.5655456733391,726.7437044508263
321.0963312227465,264.7055204445387,368.71047839827196,376.6253518444124,482.1214498177679,426.68412061441353,505.4344938975841,453.04077685457014
184.65077406936487,172.38954849330491,324.3802673253072,203.89633630115267,382.8863120614593,218.582847959396,394.6950840747573,330.30506422821776
227.41693926795605,121.0761881377877,287.90522001629716,143.2856842853166,322.46897578094473,359.9624704154385,328.7812974000852,416.6520950276501
293.1545086678018,218.59632859111622,394.35469118596626,262.71217525879956,400.4928714464425,361.7005346557106,432.40591215493396,422.24652370678285
333.21454171582513,363.7041723357891,429.83191663528584,466.1972074791511,450.3705853377678,508.7815098961272,535.372049805485,573.4386080321044
230.0237951158983,205.89796313386057,237.92458491153283,366.58690564913326,281.4381685488113,477.67122599953126,347.77708228220257,542.8491851653055
132.23859040137611,180.3905436295095,308.50051114614666,216.24457740867598,367.9740054379117,302.67725080585876,401.82502916507656,302.8946211771913
210.79170700261457,89.64077718280058,310.0231397171411,201.704191017905,314.3872736569012,380.2251068241223,356.46655782276923,509.53724150579757
156.17793899713965,299.66665956127747,158.70970242936863,318.0064635493324,202.3687714468022,341.9555376600435,236.56213693348496,347.22523872797797
208.25290204541741,352.8597162925476,308.03337761689414,478.0033551883738,332.36565810501196,517.3659410844648,512.8492487094925,535.4119765684214
139.2747402711493,216.57652757085006,218.70246814728267,233.24634821145605,354.1640020096223,285.80192118024394,359.55994657698807,294.2411197506895
101.99699252860009,177.44352131594746,143.57730817079366,311.0891813204508,324.20607367530766,317.42115811099194,355.6477645069512,360.32116650145457
180.19583460905417,89.43163765289209,193.78612411428628,234.49859728245085,245.6432867391889,344.01702107453076,335.33794245390413,361.93727510147653
158.7794417905428,188.66852131724028,321.2045910861668,275.82238636479127,421.1058390371197,285.1754900572556,565.0287774351259,349.48709981060415
169.0155771557769,104.09044461584392,244.9130746976729,191.87118855832722,355.73384123781165,271.5805798476865,393.403413674688,292.376268088344
141.04279292803514,175.55297683996378,164.00842966964055,321.45437415684415,198.9583591822626,406.18193136591947,220.83207392953324,451.1006727185269
290.26955223004893,237.01892838472838,321.39299406002215,496.256600630944,337.9550172171148,540.958480719925,341.19820867256993,587.5385277119159
94.46549473612652,295.4003920800528,164.0952734387625,296.68097724881926,165.03427126500526,366.58690564913326,288.4740643494863,378.6217402988457
184.65077406936487,174.73060107239522,284.081921185269,257.60962937176214,337.26469087893463,278.0013826293764,396.47992562854023,392.74427145997225
179.88997406517768,77.50271127988934,202.59629189534925,176.87546832003028,243.18906853140516,211.27099717415592,256.5532635655408,309.77683177597027
173.96665003132617,149.27423574475733,321.3920702451113,348.1645708115197,395.1004985560993,368.5618101721474,396.1317236828504,392.7900502294311
158.7794417905428,313.31507431208206,421.94106626047443,333.4946811833623,440.66806610131727,431.4785881326236,510.85587888898834,543.1642691608286
108.98382761896416,107.57754389162103,146.5158669458546,136.76889215423756,183.1069480670077,149.00801706841955,209.31945121967811,159.54094776349694
271.3462744705174,160.81166753478627,293.6578856426141,211.77666222766234,398.4963357008645,283.5272294223758,399.6460975598943,318.2473893149698
125.84110481737079,115.20691667682495,204.82118789187558,279.7659866776831,227.41736640826952,383.8159718894494,312.1061266676546,410.74525234126565
100.75680982721332,179.65034526099254,326.86628360162916,262.140071006409,362.6753235100805,267.4100772058764,420.575686351709,275.21323296362095
135.17311658279294,292.6500580038232,298.5877072180152,308.6133491527329,421.56213353129897,361.98192418155355,493.14306220382934,465.8011523471122
283.9629420262337,87.90068190592419,317.5554047025521,231.91094514257134,330.44694785609533,318.25393712958703,367.7350332775793,438.8372387966271
259.4274021786267,95.68092084804813,382.04124573004606,220.37635058056128,452.86420801334884,251.6205453798944,500.55158282040054,346.5214846741742
394.2731389874086,125.92381334531132,457.6033793964832,141.09200046085127,468.63384097493656,375.1464772313059,472.5126183536655,392.04345931398814
66.22708758827622,337.31152041419045,105.2144782704598,341.3111923803504,382.2430079901969,400.9369776510533,443.79275987729574,443.07845137862137
93.42747052768667,296.9511392766771,106.60602458251824,300.6541103251765,212.41031967321823,305.8419398300416,279.1536710976457,516.8779591863238
126.42876844024973,294.92857579246987,230.8805742538801,352.62227466943875,273.6809732099799,410.90193841211425,290.9106430489554,548.9673364662366
355.0204284928936,291.1366474974548,429.5362827332658,413.19369550058605,453.5509275899451,474.68735690183496,570.392946189098,495.90493729851056
96.0573435401397,340.7982595327519,167.02603031738047,342.3229141137406,196.10090104125385,374.60199060662836,266.40465716423665,414.52391817055945
103.14293278800683,194.30748051993794,119.31493118628379,360.5668943902686,219.9552151107124,408.6347615865519,235.49708580644216,477.8626660400123
287.5319483980931,93.04515506704499,317.9657174887407,270.0348421208294,340.4552870381161,386.1684608784705,368.27908282967417,436.96738548781974
117.75087884396326,32.92030174334456,212.9691074364557,107.31219674709993,217.27586990051174,169.93244842721333,273.7810891252502,310.10056705405617
74.02134398985204,71.32189388076186,128.85400641932796,129.06181168068147,266.4640020419162,243.07793103084643,333.0124922086649,256.34139196699476
242.80849431894268,283.7010194237863,327.9484924111058,319.20051334153135,406.95565029411756,443.9473681361873,475.0667525609449,468.80220253216794
111.98245668780208,116.62049377707676,224.059718020162,119.03795093421105,294.65778966984703,125.0068975817942,297.4553396993836,187.0824854518018
245.0777757382133,153.52351735108599,286.6776134087097,179.88034585561928,357.01395001568653,210.52414746087763,391.34504542154497,278.6433053898018
63.34558039709996,141.74227641770023,146.43152147226962,248.12211061866282,212.17903665521524,293.8811097144585,302.59631628780295,361.74643065193067
180.8460422397026,106.81079444432125,339.75730859878547,286.4667558203734,432.75187469114485,356.41993742073316,468.59171224375257,436.43288296955257
158.3864370502345,248.64490833345815,278.6353193494652,518.6328373480632,298.2834123465323,545.697788234647,321.52152139429876,552.8680086218372
101.62030369283737,143.08035065702668,172.6147423613493,282.95378205243077,201.04231189028823,451.82833895056496,240.82116240696104,536.2224635117199
124.64076777268092,132.01504983604303,178.5028703391903,242.10743689815553,185.16009306310244,406.24263916196173,219.30171023384352,617.8927857758342
285.99769352243135,194.36022973323165,298.8943399691793,386.29874569842667,334.49883137891675,425.09998094051707,351.7562225827083,426.51353883305353
124.28452936625497,315.9654519802232,173.75103148482495,322.39950676895677,258.9360656692414,368.4051444100741,429.8709475018913,372.7019154094183
192.98182888829962,65.53548291680299,359.82308109032743,234.88596595164276,482.9743513668972,276.4281967922338,515.5444759645924,306.1775312090465
212.94094191718185,129.14076164838335,291.36192836480853,152.82747781782658,355.5567467101459,205.85187994977267,425.6008933950017,271.9711318812669
115.09505694937496,140.88720003673006,224.07335298405158,245.5548782696368,451.16602825470335,311.21676923431033,589.7232222759882,384.8560484198109
199.97775732192613,352.12756796048865,225.72719406568282,365.84948889902086,316.54040029225274,399.6926343660936,336.33415763431606,408.0490319466887
108.60250065227291,177.7911289384905,129.51023191619763,366.2438433082199,220.98393328744334,381.6940994860344,257.84009975726383,389.56873432324204
113.88669086033522,249.7789012546073,245.11344019486032,337.29120488970756,270.79150034622194,352.22468596249104,428.9767846944261,388.2020970859907
127.26659833513926,216.89467336951182,286.3154409327644,356.1715426416567,305.0992273884217,383.65421418966775,367.5044216691154,410.29784698640054
50.93504771909382,65.7842489252995,193.70750660342907,136.67384801709497,262.5812604552279,186.75111142996795,295.09550606338007,230.5992310930239
84.1219914138637,66.17020510141167,220.7541344237846,93.86907177445694,269.5912196134052,126.62607530454342,294.2796692198436,131.10700709362212
228.2358547193796,113.82005307329656,411.2768430434623,131.44912303322192,439.76388397815924,292.2993372095339,487.9668216655025,319.05198314288845
172.09786037874485,194.1426963065437,219.93063210174975,226.36519665725643,342.7481796867572,290.36803755024323,373.75541548479777,345.7152725981931
291.25357359599064,198.74391909134505,332.8929173200868,407.15106056493494,418.9799134688497,446.008710274455,486.036535444071,500.6275270949995
298.8943399691793,71.4477347248051,352.6845181727581,141.07075277135885,398.86559230890526,170.39296655188298,432.8964084530608,224.13666644786045
98.53265813467189,57.36419673360799,320.37347864777115,133.9202215500144,347.89700559765186,157.28387591527414,374.0038417282003,296.017015980796
227.35790430945377,187.3313589185187,292.5158742879936,296.6762043208983,304.3045356805833,343.4968429437617,489.36999096652295,380.6355093110694
122.91798595160056,44.583370914137994,155.56663563288484,151.47509146339758,256.1744653273002,240.75749441790197,265.2709119984652,314.3745769982367
153.74849799762677,42.22114991780137,298.9078518511097,53.83088650023487,458.2271426231542,137.8236731055276,476.38711270748064,248.0686800431479
222.7918984707027,87.3712588841885,258.28913145138847,127.69291314801255,334.0688426214374,304.0644189808762,353.43349520981735,457.05825579133284
75.16786700657156,95.35315321519076,159.7178067939899,272.57682989416554,191.56871533192944,346.41623594955354,375.81129529251564,348.1839252766834
136.31213438208385,112.10878660628843,144.01728170486732,164.45414066187325,258.24288698832953,240.93178501533527,309.81883247832747,412.07756160794804
212.76918306853278,179.84095428023642,404.5739069822613,210.03520923253203,413.59082451673515,210.38421168482617,415.95176058898176,233.79629942482492
161.17402788552707,87.85963058414497,268.84832003490453,266.99755910148326,281.3824581009836,358.5978039344154,316.71931754697516,407.0600353465896
289.7422453107561,53.488556075565825,362.09841679061856,302.38724260586633,431.4704605899863,387.29056103700157,476.0816987541528,393.8214110412417
71.01311560127026,235.4032775632298,228.4520746613174,473.0316264634395,251.26398980747524,484.64524342206295,282.4645202544746,628.97705760928
134.15792022413592,233.55578010203553,313.9635775581148,287.1846818006504,326.7155009378154,348.79818459843653,480.61017696476415,384.8560484198109
70.74221304726528,209.6675173330278,175.17358424959275,232.65407292999254,401.16163932303846,245.5567747380453,453.7086570411959,272.28653338553215
182.28228698534028,165.03145343460451,255.1640840784177,384.2197330134662,305.57126978187387,474.28568266364016,309.0149673369296,483.2052345806437
75.16786700657156,300.7442200107894,85.16481893148234,322.0889156856882,241.13702324111188,322.6394386160424,401.55631985537485,331.5080149548736
228.33999967837514,177.1938881502114,395.6405927357253,187.3313589185187,483.63946800689865,295.6139370151662,612.9735940411783,351.7383408606038
362.2953863132734,97.83369687464767,399.41232459902847,403.9154024422107,484.07902052722693,532.6947896846586,598.3405821392637,570.3444755854798
341.9793520534677,320.2393998734705,372.01852410287,442.4851961080805,446.71616770048377,490.9808721860979,475.9583607132347,492.49389973652217
96.09965772265166,275.2677901487814,166.12154570602127,284.0224519310674,180.36477311124608,295.6836511200565,269.3187531906747,341.3886839129001
135.66252291423427,105.6364399300062,177.70869374645102,191.6801892553887,186.4618454528517,318.68182908771456,267.8707807685981,359.99285593178087
191.64575773523612,382.7822683499103,206.93539711173736,418.8462332690663,270.1460532935475,440.6226616375963,345.22907831300944,537.1321987505556
73.88708862636541,370.82978218433226,277.47306625982054,377.7257273006682,442.40120651285093,411.81289015512647,528.1469122317817,484.95762436765847
207.17656428190756,98.06837339428542,303.7825431171688,202.86610339040047,313.02701694696486,211.27850190643625,327.787563829688,271.1620891692141
258.7012592869012,233.56152797448038,320.2967690670053,262.6880066969843,360.3838269097659,475.3653683114681,474.4899782267349,486.4748892143379
123.62547689218766,43.40373747201958,162.06429650690953,217.86692728450606,262.22673033308064,311.0535718878709,330.6767177531266,361.1747694655392
264.4976833401529,272.52340884396637,285.970341161958,304.29872570911834,382.87762353776725,367.50937935137864,423.45047662648994,425.656454258199
62.770969631022226,336.7673232925469,100.61141646462103,495.2523417285937,199.4370880852845,510.4093489871698,314.26771019616433,523.9162683437178
155.91766085319622,119.18768479834783,391.09184579182573,203.79263085426075,393.6302031328209,358.1429391318601,395.35617089264815,359.36197268963593
247.30897794236745,187.7909057716872,303.35059909963695,229.3156916559489,394.6930629694067,319.18167611917033,492.2672111339714,332.5086296936536
257.60549316348056,230.4580673860509,301.6860138444171,266.04885694013905,307.65548175704805,284.14975510848484,379.4157664657479,328.606952865932
149.57446087759817,126.54155242753798,321.61360809392085,158.53225599837026,331.56275717942646,181.5405171483981,412.4015854234801,278.23840512494274
124.18429321737104,294.4909604659974,265.2014329312322,317.9483692614399,271.8793756250935,346.0212302150229,318.8869178938209,346.82251859571386
501.7268927473481,241.98807602746302,560.0589144469318,323.5119792786487,561.0105151177605,328.2345285605512,577.7347321577117,347.49216511173677
238.9762784491967,335.38560565508135,383.7856512296113,369.75483958154575,425.06101532869803,423.68164470024897,431.75943896521346,429.6359155886147
386.8829714712544,125.5544738208319,493.4477918474302,143.5236274287763,546.847466599476,211.2409167596203,590.1032244920569,306.7561484452813
131.7639857800842,251.75567549023853,318.94453732697184,372.39504263231044,385.62697635387656,418.66419274972645,395.9050330742846,442.38831052943743
356.83555639596153,363.14196177946644,373.42226996951484,502.00151191390523,483.84847343908075,517.6403064683215,495.73691691752475,580.9437017961452
208.9742090197525,86.38155761189263,232.22527067789895,200.7682614560515,351.073821741632,328.1248001930176,355.6876983853606,336.37036353398383
400.4928714464425,331.08669956032287,525.3841556496977,437.36400800257803,572.8895697971943,462.59503369608814,600.2071092552053,463.5100771983049
172.7789079452938,364.86065634128744,179.29782267006573,379.0770951299043,239.7265884371584,450.60287328989267,254.34200797300548,473.3375088213651
239.70096904742547,356.0864003244582,285.970341161958,368.42111081863914,305.3261184978408,381.8042925745039,332.89659452858416,400.9525938987334
133.15066201240023,250.65910121645823,196.54333623594854,257.3831096488326,202.2626282095047,298.20456062252964,310.01897918237285,365.9535011932678
127.49090210863301,107.26674685291381,281.9486165902188,352.62227466943875,371.31347521267026,372.5117298640569,435.800634317771,405.10529458791166
220.86936333126988,245.92958087829354,265.57838127649467,322.4618461644884,334.49194468384513,377.51771235071686,386.93063267143265,587.0584817446924
244.27888119325428,147.4037851576843,317.1184093106168,182.84722457757005,598.3405821392637,355.91349109763075,622.2596585001139,361.4686137943123
82.5082499443934,231.65768167523152,151.45030408462975,325.66263228921207,173.14419099736654,331.3045989245369,232.21598014898575,345.61330732939473
126.58145763885902,215.2501641433519,309.71908421361894,241.07394788266865,312.7624251243772,388.9154831257579,411.92434860243645,448.7583395874129
220.62575823404197,46.290763726263684,260.96595364161806,120.39874897410915,288.001750519968,163.19204183722127,329.46619489337047,170.59338873200645
132.8620370983573,41.96071893100725,249.16626153655034,251.66478525713643,257.57512512007014,328.03867292315465,398.64728139560725,343.5174250702425
265.6080234119563,207.10418265707997,303.79571175354585,370.0377793735723,354.4409262646687,400.49335256703563,440.26285649352906,492.30295060789797
149.1689545973918,134.6614464491146,300.15424274411276,263.18214497039935,441.12836076634005,315.2505332715679,466.74277714652817,373.8754196183183
252.02042029011503,116.5215091842221,314.1379893850737,247.58024857011944,325.4087982491347,304.7078553309026,372.0018415967733,422.5024815309067
163.1913412831935,383.834772448247,223.02647165331496,399.2013812453656,416.5301667091261,461.2376467601804,438.12056131564674,485.7892879630819
73.25631599395145,152.86351884613885,186.85252141462854,386.0887207359688,238.69871859556883,429.93505675829323,389.1290092922267,434.7571059913231
146.3271548524695,201.20538017657532,173.98209366581818,230.67768399898569,215.41151216997062,327.4708330782576,254.78616167246327,341.00382913599896
256.19775472628646,186.97890080123855,279.4769082201305,288.461140275187,417.91185154260035,342.3005835099589,438.8966931308119,360.90795357159055
333.00977192450375,155.42143661989974,352.82742755174746,215.18387115026536,379.6486611480922,409.6520453552298,450.4678769212161,429.6260129272088
267.30960774619336,27.99567254344443,284.84296166016605,127.03173325451738,299.50421667016576,266.7038998938257,341.3927161203795,302.8481839031255
112.95592617759898,273.4149781694772,126.29884087896556,281.9394792162063,219.43154408738056,334.9524026639791,307.08789024949783,361.5405249616456
363.9967672919028,136.24436928799514,410.5709237313923,223.43912341374408,416.73529426656137,311.2734570398947,452.4024646761111,398.99794638349834
327.6543791954159,178.60143616946922,329.9909927762919,322.6394386160424,422.93852772649484,327.88652707369704,464.7204145133533,331.67423746093584
126.42876844024973,423.00419833098385,151.63052737748606,454.58091278189033,196.81756120308629,499.5393372205465,199.14458368116024,501.4675952196673
183.17905802924687,204.03901361436334,213.75245926787503,369.4846973606806,232.4404397676132,401.22423899544253,269.13604139631747,415.67656552179665
109.171619712575,391.1318096334168,133.00231581072765,446.79449047606363,277.5152744953669,458.1310813702701,474.9182057373322,484.71296433799614
105.66171486145653,215.8998014776134,264.5045119696168,218.22361564780053,414.2208142264795,322.6307346840295,435.9295512504939,383.834772448247
95.08623561987058,127.1869322996484,274.26111105317875,208.95404945199243,308.1656537210773,235.43878592324182,372.4214519588168,281.1993899171086
78.84236820049267,49.64096600127031,229.4674049415231,113.82005307329656,253.68954077717896,239.71350045636294,336.9422858035585,314.3304535347299
203.1449607914609,48.7568741406396,236.00851599455595,242.6964890992174,273.80012442810164,324.3195037954117,282.5504357874393,370.50259170826405
276.55986405342304,139.8920538141784,284.88544528232853,174.18866819711627,343.6413424340066,280.86076068552967,385.45384544006725,283.3406017006518
158.8955683971598,191.17986425594813,188.485133500437,400.0656287370665,294.67945883909374,509.7647739075393,340.1653687785028,518.2572856508234
194.93954588545344,305.68092902873866,340.40823594330794,356.0864003244582,407.2517941710365,367.29940814856,445.06023307411385,387.6392332583839
179.95663652688577,137.88212397788067,263.21661485966627,149.18946341103762,341.68364917235584,174.5612624019058,400.7607505480339,299.7947508674748
184.92333681705932,125.6441311399631,192.5600457583893,239.56772020244284,244.90286177222342,281.8655185464547,337.9681031853523,334.6325459059474
201.4223045912636,60.555516723126196,274.217217163429,177.37522755265786,352.9872187194735,314.1599769243251,389.7084387900961,349.43006969814866
156.06337805742126,100.65409379320008,160.03135828115947,177.9187340193995,215.8042609714605,255.7466084147426,271.6838837505934,256.0889483796643
213.1362603018168,333.62448180426645,276.7009150311203,398.82954062809023,285.2652796077665,412.83244943036095,296.0431958116661,473.28000630851704
348.42695796854935,43.70898097117487,395.8638422261647,166.29490260460784,398.40249698411094,169.18390879394664,413.3074912737601,224.532528483207
236.01023964429785,90.4875926873411,275.4173712919082,266.9440078780527,339.1851770952089,284.08238437792636,424.1835664174646,287.0960509921612
91.17473965313701,150.2977304371652,355.17432149044356,242.2741748564106,404.6055543054288,267.06658972805917,488.2508733252877,318.8769685342156
262.83814035541155,152.26645118801312,336.40245860894004,228.38455850344485,415.80901526440493,243.2589753263246,460.2504568547022,247.73539604851044
119.1129422205276,132.3887718175039,132.01312746740703,136.46699973749506,330.43689904111324,164.01875685060202,376.7567128569637,202.6045233505298
59.569390315205254,151.60163245612802,411.3417019973263,331.0774324741695,445.4836226354252,389.5560160576656,524.7970952401225,399.5394591382585
80.44422029580703,142.54193997432142,207.48833923631562,143.19009390259868,313.00010519384944,290.2263559665552,372.54259579695844,319.6839294532404
301.1627749509925,261.6740909145379,433.4700169824745,316.526481873852,507.66939021846326,351.7722698293833,579.0211952741187,457.0490534003045
224.28403063962008,225.95688741019777,396.95910317527716,551.6670024847696,419.85595009460405,614.8683600094013,532.7415626105333,672.6065031882766
127.29925844750227,108.83854698243908,155.5030664327906,144.49121367649613,160.75972723887497,214.22298782135428,170.39935849972625,315.7919913611212
248.55899654564863,87.85963058414497,410.5611235280279,180.35070457625793,493.1317313172776,326.04119294175956,578.7569931627072,395.98472924919133
38.052571458278834,120.34216596416145,166.95520659249607,186.11876508802413,223.1443348508959,287.8528476609405,284.0422357419487,416.6909860754132
178.40493801234848,262.24579541344696,263.69894189616645,273.3459727373285,434.4393908604861,347.73731843091645,498.66069420557267,366.71193280234667
237.10327317434272,147.98834124074438,293.2969917089995,234.44071655385216,294.74649775751743,245.48713665912712,386.65839369745584,311.54792155736294
187.32038486023484,313.5500342515386,297.40072706064274,319.8395134108659,322.0692164915777,381.7402529332936,361.64241995616266,532.4616740148156
467.1382458328885,134.87065039272755,533.4775164185887,375.5027911778483,565.9688755131359,432.36852023170974,603.5621579238135,453.67604913541675
134.15792022413592,148.92023564617264,192.98578836066739,227.7310255270925,203.71657719320382,323.51028342775663,387.05882502303643,394.27064723132594
150.85929954850164,222.41790201597374,281.5949603826296,234.30519282799918,296.2460677607771,331.733802957013,319.3122432655397,439.8762785537646
199.75737556318967,126.38231819486056,353.15218077552254,185.97098728571677,429.5362827332658,186.72269109618372,435.0526458965943,233.47886121775792
83.36721572074318,264.4387692223744,261.4697411937147,293.3683886891411,380.2960666888277,322.34734598343,391.85719023867546,349.1129391415805
215.56670141778002,216.3518183216206,246.8474405666626,255.54155759022495,405.6246504358279,271.92090648352263,444.111575866877,373.30875647092574
362.6337858796437,173.54189078790532,527.3124706626924,238.35611978162248,545.9709636136791,402.2759352273745,577.9135757789045,415.217725984794
82.51468469923385,157.85085777935063,164.01322498797964,211.73842415291125,312.6710143139317,352.3985563718449,344.1792940278067,370.0287076620266
91.53177189454456,239.52285912586345,189.8127413042782,391.38702405896964,194.12213603532803,553.4635835917411,247.87438785435216,554.809612044721
241.70398301240266,144.83410475072463,355.73384123781165,256.94664237970636,390.707575317506,277.7413138304672,439.72148256572535,457.9585842786125
124.39554869529228,180.72680412158428,190.99250918982054,316.2176422478519,293.89999819592924,454.77396191511616,343.18848421029696,471.6512640115528
348.4140692315909,221.59209283666024,403.9105105484821,377.51771235071686,504.1842780804164,391.186250703541,522.6185289711082,528.6793009440516
243.98761910615033,107.6048373802381,268.8549196912633,265.10256953304577,327.57601849782856,388.84253288979903,332.81962751579897,486.2983920910112
227.47285029042425,97.3911494537873,277.9089255940481,243.88982967943795,285.7409008913757,282.8167032644889,322.3518822448731,292.1422055483013
169.5874143019905,89.70912404118114,410.7703545342283,190.29052734384848,434.05769558795106,231.93876988387342,495.32887169579567,270.91938111277966
150.8286444176572,72.26101178807131,287.3092668102192,117.41702562869469,305.45691870569476,169.66900957557482,360.66833450806183,170.1367899860606
269.74059820786886,190.8856053940981,303.205029125545,430.1758106142972,316.02015949771214,505.80319877995817,316.2901929365942,511.4802397055499
177.1026488899825,98.1598435901405,231.92526163680714,254.73672896368552,319.40171300163007,408.3064045357081,345.8487668805539,409.39614166340294
189.8127413042782,207.79723232981286,263.9681616341585,216.13581351904247,264.0208455002231,293.1652198220894,275.7825024223163,370.6203422130539
112.18052426348326,39.25799707112231,195.18014848499078,233.5302000493964,208.33668975147026,254.5884545699291,404.77314582695743,357.90499756638457
123.12004459883221,147.16312545004044,128.31601842108165,158.80769564850755,491.1984246740015,293.02233945627404,506.9370191667255,339.857677949458
106.83634665427222,188.0402710197669,297.0321640040764,191.87118855832722,401.98153454007297,204.67977886232222,446.8416218020925,460.8244973111437
218.34342799006038,14.12795811647879,241.75555075602205,278.7160051866613,319.5209354841238,411.6791376619738,347.94314741031314,446.42843279528756
169.388733902122,180.79037276894582,412.2468084583277,240.95527963253502,528.7010608894179,348.6397475176234,590.6217839815816,360.5597707836117
343.1574907927745,88.11125227184908,347.2927814176978,221.36023144541537,478.889880507888,444.3059280738648,503.8715919788843,479.58139582683265
281.4646103660112,232.9611024751007,323.506172623768,325.5889834977039,355.266591392907,469.2499617078506,383.41240476487815,565.8651794944083
122.76082774530786,224.68577660103114,177.4902137477396,331.65141990221014,205.0543047820776,530.8412990990727,218.30361260495943,576.9444839049188
147.21008021842115,168.4704504480288,166.4426251633747,213.0473489538,215.91866164969943,318.68182908771456,340.6992976127912,319.8821568562275
204.47964652894555,504.79872047461606,406.9320682149614,507.0139474351744,603.5762127920589,558.1970251423102,632.2726941819551,616.6497623215541
116.92467936854673,70.61839918103529,160.01124977532973,151.00554892054464,173.12567546784865,227.2390503914895,252.55548387021847,482.05991980745085
208.14341944564168,180.06873865701752,212.41031967321823,279.714847136052,279.9636019010279,285.689157328895,325.49661498279573,337.6248048911345
109.76063998703064,117.49437515869425,305.9094124782161,270.262740827461,412.887694697173,334.32760738853733,421.56213353129897,419.4457040187797
158.83867414906416,156.56492301726098,418.6677976258705,184.8372010589904,442.4025038112302,609.6635191047469,459.93344163472983,626.2936455251105
219.3024368943061,177.21118925331297,387.89506434362,216.3859608432158,438.4578119054161,494.13230396594906,544.3465267154575,564.0732778246951
119.1129422205276,130.5542700942981,218.67374355628075,189.74864933457715,313.45453994627854,233.24634821145605,380.139350334942,382.73995919018796
62.34406598310454,211.86048539354954,211.52429208208284,400.7455201361897,216.43175881830234,419.31069859308906,308.21035042418674,426.0704950224622
139.78773799951372,69.12799786578002,162.32342592012728,293.8800300064481,403.8705928083868,305.42582062683425,504.87647446782177,336.3878454807115
208.89377799822103,520.5481880923737,294.9193559690924,543.1597585887155,332.94724414854744,637.359796102056,525.3802902180538,705.1602218496753
129.7796489946857,184.80523925594173,276.87596466047006,208.49253337505039,403.1619226874322,216.4980803442043,457.12789630428574,260.4113599640273
80.1827365269258,175.93214494675712,138.67170562361582,199.17768949163369,263.56174573036753,266.20733536215977,293.7496542852973,362.55842960626967
168.16729186352447,436.50456172439874,177.39426780010027,455.0199541128999,228.60887579531058,491.4516732619504,273.0055032543816,527.6094698273066
224.02546539545622,166.2524768794051,226.3035245648504,297.81826556770113,282.74112856675737,303.4916857780442,285.0649973618256,311.0891813204508
180.27203767302555,258.1268392789069,215.12510531416527,429.0539790502751,219.64966532138777,524.0171893746437,224.85493344125751,548.1095176007019
145.26535059472863,257.1446946523686,316.6445808145105,274.5701680786497,317.2716656314619,396.23256631000277,328.37073289064347,415.7073471500315
138.1726314427081,24.288739812449972,295.85703272676096,95.8075444227184,333.15111683430655,207.17676928810988,467.0203149759365,288.29033825957845
149.0133467498664,30.7809285516258,230.30953972495124,423.8604166982055,312.66848485281577,426.60917371226293,340.1653687785028,543.0329059503122
109.17999476276646,54.68062703065701,298.7020839764963,149.84054524971413,365.56291817870084,240.7673030300241,424.90085072723514,244.52384624862898
89.46913800302099,110.16251542394757,366.0481815041071,238.47913162556,374.36943768589913,339.72023102160165,443.8253176944575,387.1752029667084
258.7286642366977,245.20112800559818,295.2380008997747,334.0098393269432,372.20513299441325,339.23153269727004,399.5257916956872,340.1422822084045
129.68114132594965,114.5750314468565,385.9156674041467,210.38466935548803,469.76545593707607,262.140071006409,476.1462506187811,263.5733709756179
193.80095668733463,317.1225320786824,454.46312494171394,337.8498074146603,467.9059610479514,379.4949490176262,496.46506528223046,382.97819813544294
193.74585456927142,104.99533603021213,214.69557877401823,120.30203411898172,357.2607176485634,152.47208573790846,396.62238314893204,238.45399407884986
100.8222697810585,152.30934515932051,255.43599660842514,278.3435709788829,426.5781920981721,298.52956947740455,505.16829731239704,306.5146309913893
310.5022544827621,173.94948828587982,328.3279741714231,366.2328554932027,352.5218374123156,398.4202293040891,397.79132667564534,408.41305470407514
123.36499255987324,137.9865404354331,251.0544841276311,157.93865442974771,257.0004300490892,299.0409623538158,284.3816723714076,367.1618035044444
75.99693866509233,108.50765155538362,213.75245926787503,180.16167733943485,224.18235958652693,208.3667459450547,339.6688635806658,345.04361707871703
117.41969283979526,289.7131441639835,125.52378404478752,290.7995439090118,190.99250918982054,309.6341753802332,217.39812213460803,436.50456172439874
260.7554346219508,126.7696987622787,333.0401685521037,366.71363588053174,342.23159388484106,385.1354271120745,342.4365587339187,416.57403768079985
150.03955969941399,294.4037092922968,215.99299316053475,379.4949490176262,259.6687720840344,466.6323560897251,281.4171986540387,500.38555518325916
290.3921222326951,147.53016649016698,422.3503621534187,304.15989709198095,448.22221727871795,473.13227702388986,454.89139221314946,476.25029014822695
128.6789542412089,273.42613593732534,206.70437406323944,276.29506163102394,215.34164839665303,296.6923480663184,253.13593020247612,330.08486033947673
146.33539346200874,146.31905378452453,194.52456173738435,215.5060103763291,229.40143268759854,290.02590249980636,294.6700463242746,360.8184212195344
192.3242752132889,82.03318524880004,202.94115626451037,155.06037577963127,240.22712181989334,263.76366851175095,245.43856015047163,428.4532181082238
196.54333623594854,126.09548372530489,220.2299815857474,186.58835498551332,341.7102448355642,198.26746599088858,367.8879779731872,288.2752481734591
286.0895634877492,222.36204273372618,324.20607367530766,233.1724467431122,330.0541020889672,294.2899474239504,331.92934729072914,331.8777512304324
136.44728020262428,75.98135122864925,204.23986031710487,229.2983959194242,515.8396558560527,301.04503037501854,528.9668491514719,340.33972304178275
299.80341585276557,189.17238398509363,331.56275717942646,192.34661235615403,362.45906759919177,316.8517065013751,466.05687051794075,378.34773558590007
48.02415928586255,124.81310855343503,193.527625462624,167.3963563921634,228.69588043182003,254.304183061178,321.0963312227465,386.47358879357614
126.34097160221405,351.5268583067831,138.93185632431025,541.9737111228505,256.5928329990672,555.4680075727304,298.1737067077063,590.3104048026408
192.45615767845308,294.4037092922968,328.42388827151257,382.97819813544294,351.388584346359,491.3725344103093,352.48935476815046,573.275678564365
84.14841319173438,62.46903045357553,98.94702424006594,108.81682409549357,206.97179573944763,197.19155291717948,244.67363436141162,202.60070237942148
151.14575157821938,245.06648886542118,220.01717283365775,359.03833965794587,293.6578856426141,575.1474132642203,346.93255877514423,579.93264958472
81.43892700948504,286.02169354791107,253.40564207007887,338.86183865894725,267.4288782349892,431.81395110725,300.2649103379222,465.58236762203063
230.77318728130544,247.7795535995031,260.96595364161806,284.2693418753989,319.7027355497245,305.32952910131814,388.025665692789,444.83413979691494
228.50414863562992,272.15571183957263,411.6858990904153,280.1066640710014,435.93799956190253,334.33957445884926,454.2285519692936,359.044825247738
348.59855521813637,154.34376404131186,348.7424989423007,270.18057241395695,363.8652575189413,480.79909155360735,408.88009756617095,493.50995119433486
135.44555681725913,310.63672953145755,143.11305761617285,443.2217150905981,243.19752742178713,465.8021839664994,319.8436641948381,523.5583422725771
111.1957923272905,301.94831013037884,132.76869390143236,443.75448650386136,211.89515933279233,446.1831511442093,387.69421756825255,456.0688719833891
168.4885864090785,69.12799786578002,299.07392415984316,271.608003158318,313.6604274684739,330.53371205028174,333.6467932947036,350.75293987936953
109.17999476276646,124.55916075225805,190.29243115967355,137.8236731055276,325.6606653628817,157.27795444227715,360.3277300103253,169.6857949930326
126.34097160221405,203.0955021466658,145.25645209183966,242.16397079132918,150.55529729012636,290.88954263671485,172.03666754843653,354.65518430215934
122.00912752591506,110.16251542394757,127.29925844750227,247.73539604851044,187.88221260074815,279.6016715395928,256.5466909910886,307.4317747491623
145.6709397450136,255.21453970667335,184.26920534946532,371.77862607663053,305.2107646415285,401.55278363658385,314.98879229352303,446.911580149269
53.15119889164253,184.28288723560993,122.1122935262789,298.27082467517226,285.11874122080735,306.4862484427724,302.37446795807836,317.75419000168
375.7646047353328,270.2788784838545,389.5356979275549,353.88062797868685,509.6136812822782,435.0523941759692,645.349499031192,445.0564957629593
343.79564507954177,227.90730997418348,436.3262055544326,255.21453970667335,443.1729003396217,298.6042053532322,471.6645844397961,406.2883423770207
189.16409938463767,236.03174975351467,223.17978139256897,297.0696248852593,310.6830524592566,412.17665022810564,358.4042600786018,454.868049020536
78.7037721643109,224.77010131751,94.91582920691391,237.74799782270563,98.6249378810362,329.4985356412359,171.4341765966768,353.90529078231026
112.6239695115821,216.57842595789796,148.79292429263674,283.1472760063143,248.39647591765208,290.7523618510141,367.287233055445,328.8349487368855
152.7110018213067,254.33212697612586,263.80337727188254,297.0354124615678,274.217217163429,339.820551833939,392.0164400792793,388.6310489969992
126.15606052964259,104.5815534384367,187.18796257371213,187.65228528354865,243.49204465952673,247.46336215414777,256.2791560793261,262.80468261806476
136.57652879694297,56.05427896310314,195.523813354279,216.05048904914983,230.0237951158983,220.87663167205602,230.6643478582657,370.82978218433226
431.9193662752633,210.91181374900015,461.9642042202486,266.4037644491687,477.7124912956528,305.4789216427749,505.28273273125205,329.61894105262405
285.1326079929025,294.76169826678876,306.94338025550286,457.2996293465353,435.9295512504939,490.87139768210784,535.8550043966577,560.4880206632539
145.8087599918384,160.81166753478627,179.25530015256717,187.95635133012044,323.5817187810565,242.89693596942226,358.8430738868468,267.78639796819385
253.70261892706273,179.10296583912665,479.4736932597662,249.0545068519453,516.7429054399073,316.67406940854585,610.0843213118827,326.4635888916045
138.01788959765776,365.90653510826024,185.1211425920859,392.3016366681517,253.42046490345984,499.2879097135659,416.1599119952157,506.5402535599647
103.80781326362906,164.362633011081,290.89863640244215,197.16269801799714,307.77216280488597,406.8220797327346,373.5093708013828,446.34751643944804
119.31493118628379,101.59980776505859,186.49998727433615,136.46699973749506,192.18933939903155,157.62846352682266,208.24446299867475,286.4503714789943
127.99670263525192,75.32899426258513,253.61916355347418,251.6205453798944,280.40896858501543,308.2564239788585,326.54862670172184,346.23028404870905
193.95367776247213,240.21067877674824,200.41921614185682,246.59155299792502,476.39827469599317,301.2679664898015,504.78081907975843,415.72184389633003
181.50389022575027,27.99567254344443,289.9444660060255,138.54443796097456,456.5202674957749,238.81575368052717,479.7192934154734,306.08294037411724
139.7652498155486,255.42174812488426,295.30300107795415,274.5654457727125,297.7042013242254,588.9489049269491,384.3041123853005,604.4521205131083
118.9139582931247,359.7922502724307,260.61142810444767,392.7273625359395,348.3763974037711,431.9292486586048,361.7317097415317,584.8904538276547
255.95635349502336,293.38161351667975,354.00036911841437,343.6451464343565,409.2526965593132,385.2776789740954,448.3541449776283,430.9498010567796
71.01311560127026,75.92601465597477,215.41527341689059,344.66572749138317,237.37304567284602,401.7713855609696,250.69710617714208,474.79474573819334
285.5639695491895,220.00131155597515,286.82352545343144,237.69759707996624,345.928033333829,317.7713655112379,357.97153085293337,460.5683108059114
246.26515023152268,151.60163245612802,408.83014301818434,431.22832988129556,466.1830040938078,437.4558357959814,476.12312292116786,446.953156231475
152.16725999480562,193.80556419034644,194.12213603532803,302.41401251016947,263.9681616341585,382.08280657384597,296.9143698502879,403.5649224670524
198.56737382336024,308.9223527160995,333.30242294847824,360.60434983855396,420.0750453885877,425.2870044751255,452.66786753033506,425.60091627156413
331.5459444807177,99.87017674031661,475.7993826170851,208.51729468183785,557.8004156031928,287.247420746443,571.0744007896645,305.40857465470174
325.37622001778044,86.69745056640045,383.42168508125263,126.09548372530489,504.7962489378918,186.51255957039757,548.1344511855145,324.3618304741382
168.3751454877681,80.1372494828826,189.98011023057418,237.69759707996624,313.5299013852348,289.9007126507177,382.6423918901744,289.9453795085592
89.86988970133226,302.68513832723045,149.0133467498664,343.5174250702425,295.7935144493466,460.304513892156,370.5692997701887,490.34074614996376
360.3277300103253,196.37149338152307,365.56291817870084,326.63729179469556,447.54970899192415,345.9969892205204,480.79787040372696,375.6743289350548
145.68672646845988,183.97698586189287,306.91347706931356,187.7378946679732,356.98431690401304,203.44831286357203,360.33183962466364,273.1934729081427
196.70533189545034,229.80444792669286,218.12363861907735,320.942580793434,345.5125311663762,472.6408397835541,415.7390600561436,494.18263803411014
291.478793872627,42.10487141643566,307.4835361613289,274.82707891086505,541.582440939123,358.12596739819014,567.3209676113188,370.2521291385407
248.8652782442135,351.0544491211233,368.634005012345,438.03651100762573,424.8933411137637,466.4938655805195,543.1744811540938,488.5476415931023
115.93843043361775,264.02869872998986,198.14361912102441,299.42865279646867,573.2598133585312,303.16751276131185,596.4755420747667,382.61267006545876
80.89422497961822,142.54965091037272,144.88527916415015,170.56514142178168,341.8925822338605,311.9855484100858,356.9739983732182,324.206329942464
237.96174620996143,395.39644425910944,299.07392415984316,427.6093992621227,300.5302531604703,436.8047183470559,347.94314741031314,441.1391596520391
83.93180920707911,247.95108090801372,192.07201649821027,414.33538822212273,236.7736103293408,426.3434472848104,254.8687169189946,466.98524934000886
166.4565775048111,311.3111773716014,213.25919398294334,345.6220264068728,285.6823930699699,358.42973867973075,330.9040500808421,367.82195867120936
101.99699252860009,151.4726843440919,235.26365335776867,237.43331503488378,330.0541020889672,369.2834892065408,454.1773357958952,409.4125495716555
146.08150578856583,177.7911289384905,243.60286755318157,222.60774600391758,252.23700081442144,289.5551776577993,258.41561842790543,366.2328554932027
222.25703126383624,284.3744584197269,233.4136664211845,448.8544937220391,507.87547446578816,510.76095965610654,523.4774365048945,596.0064803185998
73.03888559898425,251.006286680824,154.3305049066243,287.1300933510196,193.84205787015605,349.28625020374,229.79561078879325,396.68137820084775
283.86277196685137,243.88893110896603,290.5307646875665,341.11927245699513,384.91230223610614,341.15239800583765,403.548828945363,490.57926643597193
110.82700976470298,191.6519636490163,150.98826057943396,434.26391504069636,209.89834085006137,462.1687668534613,296.3263197010041,586.4832607908639
255.64696754559154,107.43603235611977,276.6306721103548,312.52643776080544,308.5680821831138,369.25075722299994,357.8615621858814,414.21303291816685
230.30600431495785,299.583284697284,441.2909561966693,344.42713885057145,446.47460304429154,494.38682167209225,481.75129405996637,574.5685674730895
109.89212093542181,308.6133491527329,136.67776948050016,413.82816573098256,142.5413150694192,429.4490253342174,185.25907765401,458.3188377720059
155.61180432154802,265.78191661480645,199.96029434092867,333.86375854220967,434.99592188647233,348.4816606365728,440.3833547610087,433.9059414150587
112.24877083672023,278.3890459122798,120.91399121712952,301.71028545657055,186.01684162612096,352.2005516276262,268.9803279620641,414.13060318634024
311.70011049043194,179.3633695633429,317.0138996929949,428.6344763599923,376.357782069822,563.058163814123,412.7960277881974,628.0673116193148
52.496398098191705,123.22661571870395,339.80007591521957,252.12776996697082,352.70814146359413,256.80286214245046,455.43695660658113,334.79999278252154
163.69192385115423,93.68483486641125,198.94890173654835,126.46525949143962,264.46336291434835,312.75922417982457,318.1379524605139,546.1102941490702
83.99574238272675,97.80123292389432,245.11617720857993,211.8311082272465,256.82165036090936,264.8289077867678,289.28494483772073,320.28970854285944
240.6921612039248,178.60143616946922,246.58300496758415,230.6706057241371,276.5347681706376,311.6975302383515,281.677123866057,339.03246505278537
194.8810157301195,34.84355521714957,281.4131919539806,287.9958330397491,383.9981516723381,328.4797853688364,464.3729860814984,382.54915572348744
152.30684860129097,156.42679243382585,279.47979211988974,410.589432464021,331.9448535950303,438.80172851743447,341.73743199929424,461.74015992367083
217.8550112243614,263.66190579298353,285.07018787760495,325.9063105241433,431.45754010933194,401.44108912931665,547.8357391763952,483.7661866542496
271.6468963833189,86.46170880406031,276.91034752549274,119.17634852721837,433.0983360477834,256.31534772217987,454.9488170482604,267.43919247016714
176.574210741208,202.81057394664617,212.02519765946076,216.95131810049907,349.2396584962781,403.11617906957446,374.0849059126009,422.5285775466449
301.1627749509925,160.87028769431393,364.78116773921386,167.96085805196068,564.2401303983502,313.3862949325781,580.6915053334087,368.80438214405774
277.36208128408833,207.7189151330256,322.53411170448607,361.4686137943123,345.5125311663762,384.12806694447,362.09841679061856,393.72476084123946
94.8615847707947,60.695282633148274,126.36779878159152,102.03937565787164,145.05210346198243,204.00439673794293,202.48859952704083,211.7335019912188
205.77504596248667,207.05077399132026,318.7787819284046,229.54799185536305,361.36055744909527,256.8647187279093,426.0740146494372,321.19636952024337
260.5749709452042,240.88990537125892,311.2939442544949,423.5691814130235,339.9646931875564,425.0748876157074,502.99564587536105,427.9690221217869
118.44690677151547,112.28651930922699,154.40134831695943,334.51543482124174,311.94063375074967,402.79371386911333,428.038269350497,506.9130003812115
234.93207919209624,133.6461000087313,383.88082977682467,192.09746601612053,398.5817629960338,220.235353175769,478.9406856510389,236.57349905433048
176.97897028892868,94.07419923923561,275.22659330694927,271.4184182300744,306.0675551587175,278.85831327421835,359.1410368518868,387.8582495140162
298.78072129643334,144.70543994806792,360.86120023624625,195.5004470631361,382.6851648596057,202.69448801063655,430.6049377976127,266.43489800373413
177.4902137477396,182.11390255129865,187.78520657895177,232.69976633933595,220.73468286656097,379.2948580460302,246.90679345063208,383.6129118325517
321.4955154715245,224.92279202596447,352.75161739603305,232.72145144246184,381.66871772131987,400.9533367124228,447.50129041026935,475.4666969328222
94.9910504907325,205.18132093756125,102.63639064479837,229.23396360815525,258.367396537044,253.01160291751054,266.2563668139712,290.58453861354496
63.911084104245155,126.55921021324052,100.0281100847528,419.9242236772747,116.92608151502775,450.59800734980905,142.89912381090417,461.62435618836975
159.74702074859923,412.9802074611711,245.28219215812442,430.17459632725956,297.9924389188773,435.58723145599487,406.95565029411756,449.7326728188597
85.16027584964763,149.09663602685998,156.49449630021743,221.6504391563428,231.5349372728124,380.3360540294174,236.42988168493991,443.0923533557622
216.20997167135562,45.41554271657486,280.5486364176546,354.235049027036,314.75448421026994,442.8887416260243,344.48135862753617,501.7973113841016
337.1038687995903,188.0423777316315,369.3423468040939,261.39226384582804,381.65964173230617,458.55710467142126,458.16095483539937,555.4858349882637
88.86484105649595,260.73403563054575,203.91219444766145,266.0251925655229,224.04323741672303,347.5614934065779,256.4850514052207,418.25804921986713
92.62459538146418,39.25799707112231,165.3590530625224,194.28953345379244,245.23693505250478,288.4926818096926,255.24824243702892,340.2102428231281
280.6266464085842,197.36074229970404,412.86640735105124,258.37155111518484,475.4753078246271,282.95378205243077,528.3033539069545,312.4936877272249
217.69130525908872,185.29292883481267,321.6141791561798,528.5043913827449,365.91571248406234,582.626362052398,367.96482408014975,650.8119474053087
133.2040548852481,28.459912207762038,217.7211533412054,32.47794272307388,360.6135463524023,204.40411172177514,440.16561071472256,259.3998220065098
128.42925359253823,220.97876835928375,259.0534760756396,245.73981444749748,267.5991875364405,306.51326394438524,333.02611931801243,404.777603744901
139.9405105583055,70.62723705138133,183.60326190983548,95.51410534665708,307.2592514115896,234.09886815934922,318.5583924724093,269.1894295570517
180.52364969406497,135.42034184816694,224.18235958652693,144.1042286199363,232.4404397676132,304.4101303970508,236.8785860028656,340.1139597175748
110.05539456075108,318.36582163037025,178.40493801234848,402.9535627111206,284.24736096617437,411.5807644409612,346.72249591867075,486.68991150112487
114.94496635155163,153.3368046450958,129.55948890733862,365.00573338746915,221.65109445097636,391.9070335262935,379.8049219682826,451.86954909214523
255.68848253744358,235.57512122712393,269.8891915773698,254.304183061178,361.88227888590967,343.14849524191885,362.74203665122786,378.8766341052181
202.88330510813532,29.334630243868116,240.6921612039248,166.5994619391071,425.5957499803426,227.55773129327844,462.6854400683618,273.7825492273933
164.902964214757,25.462623066033913,231.89251361423837,225.01699431679015,251.75150285261583,286.98273480318784,262.056816514569,418.7050362351693
262.41883979972295,165.2940465703415,276.6781877900254,328.48733555049273,432.97207080984737,360.60434983855396,473.7687812347409,429.1079885173246
272.6311519259995,221.7168293251043,289.4816365730131,264.889517248502,302.8656299387252,278.3890459122798,310.8105974472898,313.3277421973934
396.27643655904603,69.88565004505884,400.1138391291082,321.1405112839836,401.2881619449629,410.22931793192873,430.9109472478278,417.6408907471638
165.01712319399275,145.3020220739344,215.3774796839944,196.6550026718973,297.2435937288251,265.08850595497904,349.8008707768226,433.8735507249325
311.28461692914016,123.33638674493955,324.6790624313136,149.48283755804877,374.02887547038904,167.18831227929942,582.7998101522152,174.98259457889566
378.15124038087606,128.15708536322043,396.2911306297749,290.16320667704724,414.81026286100126,349.0430187426009,474.2850921460073,351.4681938827528
151.31090768572645,274.5206092526304,299.2169739999931,319.5533289108641,402.99047503603646,338.8339001454718,456.18308052239826,348.72877388054087
132.50655854511223,289.4144500752985,240.44142217620842,408.6124500178702,321.2043315575643,476.1336167923945,369.5563628836925,483.11241256353406
70.54144762787256,200.2983720019437,112.96356921797646,238.16321043327954,195.4530143304877,247.7436951237103,243.96167090408844,252.85299360993616
294.5124419873516,133.47569883821208,335.21756458826127,184.9583277049589,407.3499365638055,196.82182133060988,433.5843446428395,376.0606578862709
239.93071759981942,130.10282417848924,251.08461778931198,157.835098975515,265.67155558568413,225.0481897839239,268.83514124239,280.19970100588955
183.22028648237134,287.3978336896139,375.8559220908415,297.70933234923115,477.299785400101,408.6228875993711,481.63115337336757,421.29198688140843
381.61197598987064,190.8856053940981,385.39723061457795,515.6302102763646,398.7012029750857,581.8847006086063,471.5224433211576,616.153848783928
137.92038081524078,72.12466110409946,202.623604880568,113.93077149058212,272.7140320827801,205.6098760645001,455.95224299170224,288.0872132745919
149.69786432957653,93.11657319838487,152.9714284019696,424.26522850741776,202.90441679648276,537.5146788522862,233.16611372938314,538.2089233112205
310.13405876204894,131.19556868658253,383.88082977682467,221.78975740646928,459.5012033322032,229.04951148096418,580.366505114966,259.3998220065098
454.3121785523245,212.13299361768804,488.6546300294812,351.74873022772954,539.80808820194,424.12068327961975,586.6190629310911,535.7575526921327
121.2625473531618,211.27850190643625,147.42669122529412,253.12340452389904,326.04652499201933,286.8754267849624,412.64177011716595,287.5424192469312
238.2476587252895,99.65512863790323,313.47059816457283,128.9858267515708,380.93808036449616,212.30804779090082,425.3118423423792,421.95709594647036
322.0480256932871,158.0062137892926,347.8042935411401,205.59127257812492,416.7689481832456,410.5734247819675,420.95686425299033,486.2792618637418
197.72679392734685,354.1656162959732,237.68619008435925,399.75983122383775,306.4880901907921,545.1214098165298,484.84044868519914,591.6575011418996
134.1784856390485,82.78766925438747,200.07017271404982,82.94884413566828,269.60607107043796,164.80271921731207,347.19941175497587,170.1419687580273
260.4621383324208,140.16356151955787,270.7190688086462,216.4980803442043,273.06974510514937,280.3508561249951,309.786247481306,306.0211932220256
88.38242378127279,114.67804223679803,132.2469821421151,187.19734135207113,384.15132006332834,275.05680865037584,395.2050293560366,293.0018217561316
94.39083820703414,167.58895894776808,180.27541633831638,168.37316802621086,211.69603897577193,230.13034806198203,301.8341811696494,357.0878587789856
51.11871707343889,172.2641202521921,282.061439817417,175.1041536019361,358.84496842417155,374.9337588083075,361.1824032975119,422.8566449082912
90.4821591572521,143.14022183229417,270.99810064853574,382.85322305365844,360.66833450806183,384.12806694447,363.48598708570125,449.6173735107686
96.55926564121108,70.13900415139842,106.46171952085493,129.1043398935802,154.02531940749753,254.87982682232544,159.9598422310902,267.2202356445488
213.69864330925438,229.62839964403415,258.99741056441223,294.58035273975116,286.1792224308191,308.0831895271817,334.9011696065982,348.1645708115197
219.49003303920617,99.4061152905918,331.6974125389686,121.80273936284216,361.4915787221749,234.63523703953803,461.61060008378473,318.71184788236866
68.14015082232031,18.793987444837583,248.51615427274055,249.59656630349554,282.5815797432291,275.315703386614,317.7223729875185,284.08238437792636
201.77689924744564,142.68432176536876,204.75659840088844,176.8928974146012,216.08374003934068,223.46151490344525,255.65802360826382,386.4450882639516
97.86219436315257,10.522139680357743,268.00874751329377,87.80431741059344,347.89700559765186,269.365917764866,397.79132667564534,284.9468513774368
202.06021182894105,140.3561259649716,504.31695751915464,169.53470251027187,526.7059116482123,404.7452899925525,527.865324655488,426.8998364858368
198.291771583204,70.26989556638345,214.22935020076943,226.61900161767343,255.39942161305635,329.78026041585565,310.7169708343215,339.3900904299302
59.27523071861816,346.4410765513041,186.71078655511104,359.60362049321037,304.73131773895653,386.08474277836325,474.0898691636713,532.8177420729476
710.9688654822459,271.9309492750797,725.8462170557124,275.60651579919676,875.5354995533903,331.6665406715191,990.0380726258198,348.19218731726954
92.85811656433067,194.1426963065437,164.70458937497207,266.43489800373413,198.84730404335218,320.43524936338173,261.6706256646431,348.175763900614
100.75680982721332,187.52917794742208,239.74756853016612,351.5798668403851,357.288388315533,393.8605835794982,379.1930890874209,429.39114370802474
325.76080221421563,168.16619539407017,372.4063838443843,347.4601004167826,390.9517517142517,370.28653767208874,408.67900144433435,406.8702951120041
239.27017467206153,96.8307183174595,241.1659402549673,421.69716304112984,409.29017261970074,469.516454291483,470.4594398694331,497.68793648322185
465.1872634005206,172.61150011114086,540.2892511862552,283.39186197424664,571.2296140135586,338.6236705422661,739.1127872022664,430.44948431834257
113.0844214767874,92.60127611687702,273.99561498364324,216.02088519355155,322.3518822448731,263.1091657385913,329.28535474960614,404.98857531609644
142.42085024248124,417.6743434509038,334.0688426214374,465.5674114834947,375.1779903796345,486.19571367150274,376.8125492119384,518.4624465695821
126.89756203788846,280.6975299885016,165.72861032852364,323.61031469947255,296.72101089441776,446.75282744560724,309.0149673369296,452.96014653894787
225.5466668526648,145.8342991913305,307.54149205736024,189.18859675339968,347.2858474457712,216.41041087774306,444.6267112293405,435.0897035610498
180.66122166822228,96.48354433003668,265.6080234119563,290.9459708853371,400.3332322606384,415.89094713523536,557.1753813295815,438.85131761590577
63.570795367254675,122.06874637028834,235.24784057776475,206.02507649865404,257.65811244799033,294.87973903885097,331.29934601476924,431.65702184773187
151.51409646792118,322.34646738607205,211.92743362927246,385.8925892269432,235.55368623027616,386.5297344795395,262.5311243303898,445.072633388926
168.85491830816582,115.54376594041469,211.69216349256442,141.80047430665996,539.2992708145355,146.76409172452318,574.3729567580455,393.99437424589837
87.46135886159851,214.9570931540511,228.9935627321869,286.3916919540997,322.6998270381675,330.44572264506553,395.1949854200537,465.35677842892574
222.76814319559404,208.71826542458138,263.1766426141685,338.3204910921367,395.02394014459935,414.5130762253882,425.09879340690287,474.59683610585364
72.88350659801922,201.20538017657532,177.9142932062911,364.7920027907846,298.31445241211617,374.11446879137145,322.5710511907167,407.1650375970336
158.60250325066366,131.18033601327983,173.44994404304958,404.1741915314916,215.39818433964592,481.42007993213036,242.15551244592618,553.4641171346173
280.14639343251747,101.66768455382405,288.4342185871014,156.68831232990976,419.1521057146213,197.11322156785758,427.65116193173174,209.42078698233573
78.56938825226372,76.68138256921931,116.07131164768022,300.50833719350135,169.90483293977232,309.1951964499237,220.06387955671119,364.92255626228825
191.2707405040079,111.57502538209975,217.69130525908872,275.1297841277144,223.1158869400689,303.4699099410989,264.85422084759233,417.05937052375623
301.08301080211595,102.69474481045646,305.9094124782161,103.64107784664081,313.86920096933466,148.07100982806855,396.25567700589806,163.98052397403308
326.56485239141966,38.03206423026794,338.5281252594255,322.4630585070918,398.6022496848246,399.42625553277895,434.7370505925414,431.91550453157083
136.84398806644145,105.51907394195628,164.21501096995857,163.31100000690097,283.59702887224637,181.01592370434264,332.0432746532408,293.3621262492316
137.67421183879918,164.30181737580665,400.5087733692242,219.60554813632254,437.5975774276534,236.2846805115305,468.61279645503214,264.1346745328171
109.29139597636473,302.3170096804392,269.2609055488957,399.3252687865692,455.5842052040265,423.3048863320261,481.68004624804644,464.5899231112185
347.35150616281857,133.6461000087313,395.737288399094,193.3486456556154,501.8798574854371,221.5356936274343,514.5157870844897,257.7820752094481
88.92565785432345,167.24300924163956,107.61218604691383,276.962102783488,361.37947344929063,308.1371175289481,398.6021161315139,318.7459781241577
93.42747052768667,41.50183131403537,196.6072420848441,258.7288875730837,278.9262853747053,341.42814959705,279.9636019010279,468.3494297736879
81.69043106320434,295.5272834088801,94.1720909422601,303.41285833296763,100.0281100847528,309.6945383848783,234.19413480891106,359.9434104288257
166.67716290102217,214.85705035350477,180.27541633831638,410.52669923074734,191.8933805783326,416.7787261261929,215.91324176836045,454.3858791694689
118.75830917881304,244.26441072507717,141.67988338428077,286.03849917500816,265.2014329312322,328.7919987904351,347.09010695247264,332.35857602900467
137.42150981334873,234.3225916768481,249.73387300522336,283.8669503917628,307.4048883501393,358.51904130332747,391.00593095262644,368.9021946905466
159.89128087503198,176.33288470778106,346.78961371392444,207.17676928810988,369.6865314731231,213.91737698912328,374.05654110413536,271.08741127130475
76.22802222880996,260.20072656244974,305.3986954939867,302.14813813759474,372.03489873921677,307.4168708097627,381.9422601949452,319.1188062616699
145.16341466435816,133.1405735890332,221.49490093689948,167.3963563921634,316.5838324511453,378.8766341052181,323.8382467892087,452.7664821752873
373.43092300396864,146.31905378452453,427.53672680098754,202.4407061230111,484.70521048869347,220.24665733637156,512.136983829836,363.17777608221076
157.02474059830132,228.45068964680368,236.78621683722477,293.88929234328134,300.39821308182695,336.43557089969875,309.3796220583201,428.8820923137371
245.24674772300105,234.73170598480144,285.6437317381066,327.18605349202295,338.5561027051789,333.4983336188371,442.0893305889949,334.1279699947134
95.08623561987058,178.27130802142764,217.61780377917796,311.9350614076792,288.9002940544283,389.5023884237772,352.12755365067625,462.09001730936984
114.89607337115471,154.9771089437971,131.08117986650794,325.71277530001083,131.48402672399322,376.8444438190757,136.18446465997627,390.7382474966731
248.5809495026224,282.57750081843113,310.6830524592566,298.10302079958393,329.85275558130064,318.1640882564507,374.3058571991911,330.35516736326593
135.18309942146848,33.09295624193064,171.18788950529634,42.22114991780137,187.38036073739474,124.55916075225805,405.7375484054287,269.84181281662393
228.14370304616986,67.9431963915191,250.23592204806135,263.6197739885406,293.0272735769924,291.5101637558217,368.49831821177,384.12553092891716
193.44961026118148,109.54391094334365,205.03208341223507,201.74831848259484,420.79474940610044,295.6836511200565,460.0762727746541,308.8928147342651
123.89762757875253,106.19369613196855,209.35539941334713,299.60843990409757,260.6100624183877,374.2378322157029,377.4600436633748,408.50955411434796
156.09087928356212,102.48728010664566,330.85938999736777,238.35639300500475,511.9629567107006,316.32069873377725,530.3007188957546,320.5501236058485
231.4123265593314,158.58969792332908,238.59077431615106,337.58137847584635,242.43634564030282,372.92853925873226,292.6283474212217,482.8321627101024
171.50580938595286,140.65524731724093,177.79370577922836,152.59524873242873,349.43249124356066,232.86972147747596,382.07319990785186,322.4715756889472
155.59800359940135,224.75722563269554,169.80312784498278,258.3768546426701,181.06616849920576,423.2347861856772,364.4009235679976,447.1661659709004
146.08150578856583,429.0364754379517,184.41388237942837,447.33839774295456,321.3742716922835,497.68793648322185,348.86730327296016,520.1748554951772
110.65794015304745,168.727555967758,115.62964398221821,191.9708006799305,189.43565512560522,304.6194253825767,244.13765382511784,387.2816560292799
181.97028868865354,123.26952410352149,335.0103230700802,204.7354371094034,402.6225347024043,298.5614953616325,408.71241757039724,416.72063003259194
100.63117357865276,290.44566198095544,320.4342040023444,392.0705343833342,320.91475319738885,442.2853892320206,371.9325618877447,494.74589870109617
112.53529359060083,87.43171246441764,175.7619897170369,231.64350797052896,396.53776451495395,293.0018217561316,443.3465055491236,333.39025623593386
132.27124211017045,71.32189388076186,212.8931251675722,153.55848095253205,265.67155558568413,201.9362455941817,418.21231584196596,225.9705434062366
57.79910486555909,69.50766498946365,245.28219215812442,463.4159012953457,291.632428054479,463.52600635876274,308.20926088803253,465.6008156981901
428.3110154034311,128.58578211246402,429.98893150994286,262.4764348955984,440.5845284208129,272.28653338553215,449.658399912354,324.61509733219975
108.10629913719009,218.8295607162134,115.32082821334359,238.13614862437572,154.19757144265878,269.74280212918086,273.06974510514937,304.7091927239543
296.66110867680516,477.1413409373696,330.1573724759784,549.2019524940678,440.4873037305287,550.0740744119129,473.4888820064887,565.4624149075119
235.7797965402556,105.43672808112966,283.2808031263545,153.5841217071898,448.22221727871795,270.0892969925207,462.3258355502705,276.17832057842463
133.34954347893031,196.1820622199234,186.64109118374975,392.63967069139363,325.7926769619507,443.5497513790207,399.13228534673533,492.2752018745223
49.336917966335676,231.35482768891322,178.2169732426534,257.7862610829087,302.875598177026,390.14797285932593,375.36648258525673,406.8220797327346
167.33380319010874,68.31328057463672,182.06906204888173,69.64939449748843,232.22527067789895,124.57488599860007,326.795546634593,414.00790573013916
135.27706644027654,101.43187331011619,183.4276418043683,179.10000445685182,274.1696020902839,324.4091586763209,280.8682814896967,352.734260817352
103.77479615109512,221.7168293251043,161.3915141649559,224.941470601105,203.99520185086365,269.56077546792125,358.71462663745484,355.8359683747202
143.28647627903106,218.59632859111622,157.07337265253648,338.6825947542562,269.6012045488387,451.8127787617827,320.46903128988697,516.6660200531697
173.02904810116172,93.6650280713542,339.7937214108898,177.8753312822118,350.3407562638346,279.6163353473744,381.3591874192577,334.0869448297846
157.09417687596454,202.98889764345427,255.66237831325287,218.1845082037198,343.051373007923,327.46187020875186,377.4600436633748,451.23574934209256
113.43077403537528,220.07550157099777,238.23868531553234,242.27158478507548,263.88273881996315,306.91890389251364,287.53564547388595,311.2734570398947
174.4096763832694,207.10827244017722,201.434948919569,261.6147947954906,271.51699204203175,306.5279674122268,338.76763063046974,396.124849426359
266.3653449007607,138.71208017717214,318.8869178938209,265.1802426997638,319.5718935003814,358.462118711081,336.1527461501192,374.73442720930166
312.1061266676546,287.5331275530446,317.3182844761545,327.6782924764849,330.7199255416035,426.67560267200804,397.0520752517058,438.3496072468984
161.249287764984,190.64826461548682,235.17209400488883,219.3684719893389,542.3596850548478,224.13666644786045,549.1355734522382,355.84919304100794
175.7619897170369,171.54580701989215,285.1731893760847,238.94522110349521,504.41966899042893,291.4811985069676,512.7252178743156,323.8564398162655
147.9734860430828,166.62664270191692,276.385658002388,168.32025692408956,331.1147357623354,286.3124105129045,411.94341394758794,380.6845634731816
300.1946887243435,247.95108090801372,334.29670266087504,336.17084205312875,339.6375076066935,421.1943986762415,382.67722680538304,511.3795279528438
205.00370517620357,163.0003419928072,352.51586176862116,206.14681876041996,376.87849718123516,230.43053965703288,464.8484727030838,267.65582178669536
196.78741017667488,48.00174450898842,401.06488653617197,249.4994912851593,457.8689609210349,411.4447303646006,583.3843640940561,414.96347733058
139.7652498155486,142.4740327232557,189.89523281412755,180.4565880929715,193.76977114977515,381.14592706211636,330.7558933622303,481.42007993213036
271.5684581315372,237.24746349344147,275.65504565546314,284.1291904978101,325.3420536907356,335.96084706283216,333.31281439477124,470.673574144761
104.1006492739749,98.72296432862905,112.28378017677055,373.74244340726347,367.970907939951,405.726666743364,475.0622172307459,417.74408465309693
169.7018094596189,123.14528104166813,175.78774751583177,171.2468250054201,364.39857418324516,381.600034675566,566.1441296101635,392.27669925460407
134.51784600845434,149.7624562201906,268.3312332506485,209.77670156351383,357.3305564570148,308.54771962882614,425.68958902049286,326.99284290336095
318.04073641993887,164.8840242269167,334.25976942112567,174.09829038181968,352.7728974920209,194.57208904418138,357.21501374301596,238.1041237634424
89.90464600252419,71.89483368078926,154.25620693782918,381.4971965489053,223.6818600556619,396.22050776985645,331.84797750214483,446.82213261640425
183.77999699851316,412.0925779142682,217.9734231134618,447.0854228382298,270.1460532935475,447.23762993175825,334.9906199197676,467.75904831366415
165.80700998456223,60.36604164052866,242.69791437032998,301.2019269207206,295.70967263199236,302.14813813759474,386.92562061293216,321.2459789035047
462.9885030334351,131.67645324054666,514.5206440164911,178.77678265007822,536.4429758496183,284.0665484595742,575.6017562266504,451.91967925461745
191.40639351505882,43.70898097117487,256.8508328606425,122.74958664175446,291.4364101724974,203.9459201955084,309.1194613457184,226.3808133665888
131.06026010519025,132.7536211299381,176.32714128807456,363.21931617154684,244.718291729711,363.7041723357891,428.39805992013896,597.1447427819089
325.35578731492234,152.47208573790846,358.99266348765025,237.9027974857423,480.59024829167373,265.72830412588416,494.62294830300004,295.1546315180434
172.6110893484284,140.61011650841212,203.0452366954391,237.06870871058618,218.57100423370647,341.160732109859,294.38620887263454,389.8941118647584
230.27502964126631,133.79814949467462,244.7205248656959,207.77441134329624,321.17517368035897,394.63247522813043,508.4698635682388,455.95705852100156
265.7147674006065,171.638208574687,437.3312514081506,286.909896940691,446.94275335711797,321.5696927786527,470.2089243411698,346.62105953042203
112.01093772482858,86.62611708038884,178.13324539027022,277.5146669651798,182.74376716873297,298.95096618381615,250.00356273710614,487.1684924706749
325.20621768492276,91.97768316489665,336.9686824828737,196.0960995425875,477.3352278400564,228.0924749452082,490.500327769433,266.11124651117296
154.0394394583875,265.318042229988,288.3792924781461,318.5192176375905,303.25955529536157,333.87036231532704,304.44142453324264,383.64930676424467
133.8087833475905,208.23871386833966,263.6055441215756,258.211982563452,280.3607443945921,334.4985708991496,369.8524122279277,398.25194749111364
384.8654531276848,233.5262523971444,557.6988965920837,300.1226227831195,561.1384681114397,388.0926741194565,577.9135757789045,404.5236170743536
117.21368957195192,98.56425352204496,150.2752488530339,184.16168657628992,206.16022831982664,193.06178226544483,220.01717283365775,270.262740827461
120.18758835331683,33.64913646715474,180.49607438593063,164.8840242269167,256.2159846549768,228.22932024866958,325.762843909101,245.00383067529484
162.58947978382835,340.33972304178275,206.05389776681008,351.33077564763573,215.23130611767291,356.52089837580945,318.42831617914806,437.0177455382983
303.9615510278738,115.01549352409722,383.1276348632209,171.34208196129563,396.948746976991,333.90502998789293,438.7999710240747,383.3110873881956
132.31625869116658,209.6093334923371,470.829796706908,220.24665733637156,496.1852833812885,250.1164327855604,567.671650445631,290.02590249980636
131.7996799681098,57.040203673561756,165.58968962752297,277.70403016829846,169.20921646326218,290.20491702191066,210.0699085999059,345.0040040753652
67.71334468011722,167.13750081797494,292.6267884452035,193.50894000471695,320.96675307855014,293.5383878541499,347.63033937792477,306.6276679994636
185.69229621540978,97.80123292389432,285.9710329003563,166.22220356707666,341.84827742719506,316.1482179652121,355.1400044069823,355.75818992478895
88.75093655347771,268.49486541165516,172.16444226657381,310.0178349430867,282.861356707774,371.5386091090989,326.0372223825555,409.5151351506464
174.66287127019032,262.7004111014659,177.01978899509658,297.31816289755255,305.7835024898278,320.656379654355,390.75243354353046,358.3980113935822
128.5491800791226,59.28983556084888,169.20921646326218,290.20491702191066,214.22946930906798,302.88002843038106,237.08671768410963,321.7814680147857
209.5866999599789,351.59393311134824,242.60040668625646,376.62188510714765,331.52545950177984,434.6237195683687,390.15892035951344,468.813271748126
151.8114361510919,122.97740651261168,201.39683966586648,145.70544976040586,202.79742219099884,364.15749124104354,205.9042038150335,365.51290077260956
223.02647165331496,80.29161597300548,245.19145880447778,454.3894107848116,261.73049440807745,503.953971320749,386.144470023944,539.7749591915876
249.2897745726936,343.3669211443578,455.7803167841679,520.1983448459711,459.93344163472983,609.0765596951921,488.74681876244404,625.3524138860641
187.5256060147462,119.6207484691236,232.1960506042793,155.6016739671017,638.1940872606122,195.0649534038576,673.5736443724587,225.46430764101478
136.8588763056157,320.7220293437877,155.4834497978649,375.7006409614873,191.40639351505882,470.43592664049885,200.25281238105495,554.9143825507609
242.60040668625646,139.58570022265553,285.96530524023257,231.3565856505916,399.8031074693451,466.34437024713395,406.36112137985947,519.0862897214901
171.32675039028913,170.06574139587474,340.2572397331072,180.726414745028,400.17822128533095,231.4763607133636,472.6889003212657,241.0826541611791
262.41883979972295,180.06873865701752,398.63491950418177,271.13893237992346,410.23112056782105,298.88499002989806,434.64361428141876,311.42777130374105
175.78774751583177,16.29520763605262,310.13582702673,148.07100982806855,400.325744827643,204.6378085118942,414.4268565598689,245.25940537061533
129.26682335211942,337.1724774787478,237.57763149627715,362.0547255459638,269.6012045488387,422.24329129692586,282.3004505628779,447.88844282006147
235.52789297049338,55.751220205337724,249.7015277002277,103.82073104393628,272.7106102043736,280.79041763449726,286.42353422725654,314.06675826492193
307.193132845132,265.47092947754294,320.2967690670053,292.5062720266737,341.1386325425228,326.06633608239645,428.40836423748596,329.42783193362357
297.0508589018352,73.8455889976292,431.6216147935559,105.43672808112966,467.55568797178125,177.31890852508667,489.10886238492685,265.4810423474089
93.00900144911333,87.12173871852451,98.11639682733856,87.22823008693972,180.36477311124608,212.9409275116931,218.57100423370647,321.1489754849585
107.31991305365523,179.23734746801614,386.1801968563166,195.77855010855097,416.7214035247881,397.3710260783289,420.74461420038807,411.58205762444464
167.5154129725525,396.65317037676556,359.8183842365854,408.5611026886086,423.7108135436396,415.1974032708842,497.87885369825,429.4490253342174
287.7031983043166,242.27158478507548,387.72526715269095,268.64325725485594,430.49791479776223,342.8488064634611,488.84060320359873,407.72501175209806
343.8572466277037,218.5784215866921,389.23752289915683,232.83526059019184,412.2571085133515,276.72653000928943,502.37181960386073,472.8517554685943
325.3531264888849,332.0498091928776,440.05519859992484,373.80781441491155,485.0448363984304,397.34040580888336,489.6452569116825,429.9932363882773
213.1362603018168,235.91408519786737,297.5559249518946,278.5414785945119,369.79948212623094,402.6033184148622,394.6682937479693,420.0384045556895
92.47120033573484,156.13352185295068,255.2938093371692,207.1213981256713,414.1696561928106,244.6867638149144,467.4287063521959,265.97401784372835
298.3675487267773,140.98120793011583,340.6305246382653,208.52562581308686,360.454726543732,257.1446946523686,376.38054184542824,380.87131178780925
321.576160183215,103.06319310919366,412.66844162051564,301.8206057654192,428.39805992013896,320.81509914062275,431.93534027184455,323.76389914858726
137.22720807866023,181.96711209866953,234.68302664064674,375.3028065131669,269.08670226040203,477.98261553311784,380.62482943155686,537.0276649914862
96.86726513264635,93.74096573137687,129.5860271066838,242.04904139555015,170.37957175888366,301.42046756738625,219.47950761084675,537.5114534980302
207.50618106265108,142.12758430176137,252.1822537014544,258.77041216933713,400.3332322606384,314.0599033193895,436.87152412789214,396.28463545117546
188.95823027531645,110.96341473100021,350.726164155605,190.73404442336738,363.79686741971204,222.82162723826033,416.5102490417444,269.2370426496645
176.574210741208,283.761472051544,367.43980892712057,551.7180946642275,467.82616988114654,568.7717781164185,475.20907355962544,577.9904563183425
98.6249378810362,158.50635575832743,160.3842195893967,259.3258491437004,166.46911407824055,343.64738456001555,167.55593630398445,377.63919520485257
243.96167090408844,420.15569387488847,270.9430819209714,540.0660138039871,289.547888587129,558.0154483284997,316.37027404305707,606.681700721726
134.1784856390485,199.09618011511628,135.599216572675,318.4677737828129,230.71593946509776,341.26471469379055,272.01060309441436,381.2596391551289
107.25484670140203,14.694427995947729,210.79170700261457,162.10048697332186,216.54850171627575,220.5907453096268,367.7637969597475,237.88111733267326
145.69296560095069,227.52402503141403,205.93324970361064,318.4851980185152,295.7935144493466,351.57945582257025,360.33324232194633,427.1601905321718
204.23986031710487,87.58283165437574,310.8629894419309,120.24630184486178,436.6302402410922,166.20591462785447,510.32331044799076,188.64923691245787
101.50212086385181,169.92390868564073,182.75399970463835,314.8891206741087,213.25506345356774,316.1482179652121,332.3906031137779,320.28970854285944
178.08902456664856,192.18206465503374,185.86993274569866,199.9686686643635,257.4207520563701,334.3307404297708,282.34493022155795,395.1359643349853
136.39415940647513,125.82843399981179,175.11686587413965,127.1869322996484,175.55282946784243,256.69435027135466,284.72346891095236,299.78835796254185
77.88900743007312,166.96792271832695,109.54947990128021,248.33527090161812,325.4087982491347,261.47581012232365,326.4028271253676,269.4277647791562
205.00370517620357,155.98268882428587,236.5644553108509,174.6808270720569,255.34266329389058,233.23533566058143,344.2617680532684,276.82053151247635
107.46580598837629,60.17352681912142,224.28753064439405,196.67315305718506,265.02766265719026,203.4049569003569,293.6443286373225,262.8257356602703
272.76373094514236,181.48771406774551,280.46247661031464,269.05733402575504,286.67468735457527,278.7952211526161,344.9918956300734,415.46335241460724
68.90074142036792,193.8540501654837,329.46619489337047,313.04969969471216,383.9813370821835,366.94675890568607,401.9069535898773,374.2091708129817
96.01128433952746,124.71779014594408,241.40623831723133,491.3725344103093,297.6468516705338,501.85823590722356,364.54557269899533,506.57169812872525
81.52563669437194,8.065351511129746,114.89607337115471,137.97548252368057,152.41728361298118,286.20688433224365,235.59701243515468,355.14373921499015
139.92522529804273,89.16299029327551,168.84791982808895,172.59852998586518,272.25061316095616,187.2090106670411,309.71908421361894,243.8662895195002
284.4407673260775,75.98135122864925,307.159312209346,304.3509300576786,404.5323112291548,311.27392139450666,505.4620388471842,343.9227708975439
164.9928846437979,139.88711826504377,321.6271420973059,147.83402287684845,422.20639518129354,398.8275709346096,438.6699121193642,427.85071454871206
201.19529667779562,426.8966710208969,238.92579992577114,497.94840933095645,384.70057702096335,564.3981827951087,466.9603591438966,648.7888073555221
117.75841033349663,432.61899331197225,202.39636120789336,450.02609121797246,203.5664327584399,508.70239131507344,245.72281611947386,559.5788652121142
209.52699916269913,84.56729967695756,209.61404783161245,216.3518183216206,215.28162085239632,396.2289502841537,279.6785344177662,457.76680533486166
137.37048449516394,151.08736635232043,205.72344163773585,197.87600233530668,268.8549196912633,279.56911979017946,441.61187488594834,305.3372924262406
165.72861032852364,103.17254191225183,181.67593221332436,458.1651133511383,213.5716440831897,494.9944200375734,284.0883107070875,506.92024656080616
112.34937544735128,208.65626151564584,228.05485608447472,213.570119076045,231.04600703199245,258.39225657205037,244.48177587121012,323.7786981929388
166.63894591029896,135.96889956628456,201.19529667779562,252.2767212002285,398.0137695283862,296.017015980796,410.74414694654075,375.0229985353933
123.93204147844943,178.87851670761177,273.07003296111316,238.810962487896,296.4491021578495,259.9773356344173,438.71919230797306,297.4530034117301
299.33003124901506,176.4741216267089,379.8869257811351,317.1774988687675,387.6300587897522,429.93303396439705,396.8379287892217,453.91845859654796
167.1851585290589,159.34276785697716,187.45025546734476,169.60564610053513,265.1732108060837,282.9363964754307,304.6657662585001,286.20688433224365
309.77983473900156,347.1018770465907,408.96683689670584,351.07071449365026,439.3424430030452,388.7685325098221,446.94275335711797,402.9156916967259
101.46098103922736,172.4561731340855,216.08926938512784,182.96510900863746,303.79571175354585,201.51379093112345,349.5386822614549,208.35288793275396
113.43077403537528,115.54376594041469,176.27553878880977,182.02083793732942,251.4390938651515,240.7473688467328,260.5741748974589,288.57022930334574
322.6796054189099,286.25191290535963,354.7706895492906,308.1897440897359,456.31472820380554,358.68646777301984,456.7961958770111,374.2232670128048
132.09540583768913,259.3853573283054,208.7206060869787,273.9749429388115,243.19752742178713,435.943197361384,280.56456045165794,484.5996092681133
268.4360023708439,68.26193110953638,290.43552929374647,260.41336799360835,398.933008516678,317.2596858499986,435.9854515841502,366.36324605056365
350.85642613823154,240.5643358787294,361.03102809029315,496.4816800064354,374.1386362033119,519.1986896913539,441.3824971267649,567.2110550838561
255.58034713922314,151.9857202440464,279.96720291622125,309.4596798931689,301.8434870334047,356.8383094540416,376.139266760283,386.05865976665723
178.6283404604036,452.23906820470347,266.37722654883345,503.2136066250524,297.6468516705338,556.1205868554833,396.2825344010332,584.5169924148958
275.98005429822217,196.10597683319364,293.92301601289705,243.57420165665968,353.1663514103712,250.5532065734689,376.47472674705523,273.64099252377895
265.27209195760025,45.16837298842808,366.8752540061111,157.28387591527414,368.02507016328815,193.80135481993125,372.06925202544716,423.3381651413089
172.09786037874485,200.96166423596114,325.79160797343985,281.9737025612877,331.13087962038657,328.9203231596524,447.78898434030407,393.10095729360853
146.68794500560452,168.95912231948213,197.59525712534023,189.0877707997609,216.67363229367675,201.7141925438262,261.06305070233304,242.2741748564106
194.67559407749619,160.62847024819942,375.0105536417025,229.2425501688234,487.0683780735706,246.23783725958336,500.52022299130533,426.6448972302472
129.90038349020938,247.82881688634276,211.98794107163133,361.29430007858,250.39693758253148,367.7658034292946,347.5968896071083,440.4871540876589
258.76051226379445,372.41436416602903,303.0459630158147,382.6160470093804,412.5239671511495,404.72352917933677,592.2690839327744,422.0885885441534
434.99592188647233,284.3744584197269,436.5244801542753,458.6827382242484,477.57502358832846,481.9153304439634,477.98274827429685,539.6890723956702
117.14597083503442,47.70657192244398,287.28103464658386,252.77841229338057,295.2380008997747,303.8782392119808,326.3173889251947,468.3113381707475
173.58548595838369,198.4014732601032,193.74585456927142,216.82051870796712,243.98188718795583,270.5733412368489,422.00098597344146,368.0983356328339
138.93185632431025,226.11123238130293,150.55529729012636,278.4182242541845,194.43804784880783,312.80328196433544,266.25576998870554,450.76911947601167
304.1390826357117,221.21879493820506,319.09231753497346,276.6753358354139,419.6552790709421,281.8684402119897,473.76193944577363,302.72037809012096
96.48818052014431,137.713231974942,245.12904743387898,153.52351735108599,292.4990888542462,159.7124905263677,309.6045678050774,329.0656281673132
126.25873902587689,255.6247217462489,220.58476725512696,378.2027554951587,321.26133546860876,455.2942954948904,347.43575754754426,565.4714649425517
91.32926248481259,238.4544642080866,110.90731368566536,305.77907822058535,190.4247689976624,337.58137847584635,209.52699916269913,385.1354271120745
55.49676393650959,151.2545462491884,94.59205094108108,199.8555689592946,180.27203767302555,213.1649920277605,298.16986630278467,254.5987078358613
155.79227868000842,217.61048027766452,207.0451992077555,301.83652219849387,222.0602455198416,400.18436296323904,226.2172622333291,548.2983474538812
173.06572367403982,109.60849914350496,193.70750660342907,189.9083309602854,215.42307606167242,322.45089278989786,321.6271420973059,336.6911698641929
198.41081523314458,24.88768912166169,270.2109913143426,72.44699190174995,292.37573234479004,179.88119139805173,329.7614895419302,239.0054658459334
313.87662601868004,222.2610596140142,461.4674085621807,259.9713515816334,556.4428605637806,308.4210952378058,672.7728165661065,357.53023541728857
200.3462272123852,182.28574950875287,211.68606645958883,283.02887600359423,289.9444660060255,292.13716451083906,377.3254792773437,345.78017285952757
177.36740745749628,172.4561731340855,321.61360809392085,290.87260060430594,373.43092300396864,312.3744232420143,512.5007003036883,370.99814097068736
171.25276724645914,116.2916372236334,240.6303156392274,144.24873226645482,301.02636416501133,319.06535313658566,330.2246834451858,368.3148298395722
171.01235835409042,231.07833459392694,188.87190413113143,349.98485244093274,413.0339222729762,438.0752061547205,418.96095323301483,439.8345362907764
238.5176552140968,120.52916638425128,278.40549526407784,129.3144350400372,382.8291491516223,136.67384801709497,450.5536869487524,312.44260426795626
339.0604480144424,311.71676647122604,384.1619217588701,339.0678570875341,395.2499016274241,372.7083309860231,407.1610075056909,376.0259337401425
83.31956046710141,255.97599768339407,254.40846911414533,349.1234071132829,391.9142221081616,386.78568078348803,419.6552790709421,441.3009471593024
364.3998134329231,138.2060832724246,494.0924077055762,251.66478525713643,520.9508712092852,287.32993679743544,542.1845252965171,293.6177791841144
159.6991593641419,198.89301381982384,378.4846718764144,300.40575869794117,413.6218199633282,415.9145726805621,654.293165220876,420.420915607708
165.4843772067823,199.33484310930018,177.1961272698098,367.82048965354295,223.40463986937297,380.2251068241223,275.911604358997,440.5198823693073
137.96832452707335,296.6926527152404,188.61484882289614,365.00573338746915,268.4580089449816,413.88799990166626,313.64828453717513,490.5226314541593
284.5943614006236,99.2290962600263,415.8637025570572,142.68432176536876,578.1023082866704,245.39628386929368,585.1755844904517,316.32069873377725
88.49986254761771,334.45890742504736,238.59077431615106,440.8888576996036,281.1912126346989,520.9504660011239,291.1574671072201,528.3989156574191
373.70585418474025,261.07140410188225,379.18445620210025,319.51291127271975,387.9409739002794,352.16802234407146,565.6916176540522,458.05757353541975
116.7846903026829,206.2019983617475,322.6998270381675,304.19546410668886,387.069219858852,315.2616823904324,447.13589996017424,315.42717957212716
109.29139597636473,180.35070457625793,373.5294175344139,266.99755910148326,533.3324166138708,363.9159705066282,546.7504655714923,397.75939305558734
180.46597143332355,177.51886060623,217.27586990051174,182.63743219560402,248.39812286921796,330.2328222873722,348.8713923998181,341.3791691002624
272.74488854067374,93.2691951748548,390.16657015107967,124.48960245085482,473.2491687186354,251.1606413209115,489.299770289185,328.9282696371883
341.61994125514445,142.62163178851208,359.7127576984413,237.61150324955653,403.03633804245544,277.90030623587944,461.5719993157911,293.5383878541499
157.31638550283807,141.88480726661942,224.0102818274366,407.64117084909964,359.8596382237234,442.5603014230242,363.2389065264109,476.1538360798942
136.50869681046538,144.5237359226832,153.50475461576207,252.2740945872872,219.5240549525041,257.0766285464444,224.64995415378237,260.69643298833694
253.91214782976562,86.12495713629768,284.18299835610986,118.05572717211834,308.3553121915047,562.5727192241378,380.73128799422454,565.9024147426261
191.41539175194782,62.87120758728409,219.4846674180836,187.8257299610002,319.3085497668734,266.7769841148567,359.93612580908314,326.40042215279357
96.92473258584873,488.26912893087075,128.98386732795655,509.54842978320823,204.82118789187558,517.5095605605346,369.0388074842162,589.111297330109
244.19592741448471,146.61654908401394,294.2623062024926,217.08825449553635,347.7005671145191,336.43557089969875,374.102016443667,385.56502517875964
311.6099408572237,105.55700922628773,496.78699408523767,219.4616070447396,575.9106980795895,231.26160821964808,608.9454787544453,278.1311191015778
44.17928899506288,127.36483211879182,94.91582920691391,149.23086605129785,110.33331490210094,208.44659687829494,117.58851866169492,213.36349163334813
268.36682245269185,149.61135422118457,277.7782237913293,252.67119798300848,315.36794636818547,304.22278569518477,356.13138039582077,312.57861373971315
228.33999967837514,91.57038096678127,388.14951807214266,214.92860671783026,393.95289948886386,313.07243614141805,516.9770433470322,332.29723271528303
162.76490108652297,190.0343468160639,340.24522993622963,530.73908736475,348.75155125450675,639.5547534579636,363.51792680898416,682.2180081415503
475.6232348504727,87.3607564556638,512.3182357235535,107.75399991432542,521.2794563430054,215.8998014776134,542.393063108083,328.44670892823433
144.63735390921002,64.8201754908426,192.14395646482072,88.71949597744819,228.55185720109202,230.9884954377257,395.11251661916367,266.66643274257325
296.09742381169974,154.91135502283458,438.665298874468,299.1186215501824,453.2275847967691,361.9140343779974,556.6961184263727,385.4106683020146
55.03255702216048,63.11576359371623,110.99434630648082,256.560937149862,343.76602759875766,323.3797992074459,473.2808390073401,332.27529060052336
428.8903727310943,151.0817089091128,511.68048824942196,351.1450517328172,545.1887039852653,376.51197671565086,565.4241773617156,415.9244438622965
57.48011304677116,299.4615075173028,202.48859952704083,476.5735663194707,256.67935803793563,486.5898003052826,259.76612393264173,534.2598211063972
251.43091443719925,34.731567914184616,272.43610538239716,165.06598921644093,325.5390184713151,240.0065061379992,353.0414971645577,344.9224534389435
116.68616211548552,176.4741216267089,128.2770714378624,257.7905138231798,207.50849219708235,453.4534183851545,234.40463775778858,511.74475242763185
137.29947349132507,230.66207436408527,216.28871104729996,293.6137449769377,367.1196123149394,336.88122404453793,377.5044648100715,343.1200595107763
72.01609845334868,142.62163178851208,86.71490316129395,167.13750081797494,307.3330323239193,257.25453173526114,472.69580846398713,355.056537657285
77.6414312650861,110.96341473100021,204.64212058743,178.79167050376634,225.92700489346166,184.51953265866177,278.88737743014286,190.65518623624789
315.89058447181816,192.34661235615403,377.09507640939415,216.27824640205017,395.7666737667134,291.1885420550933,395.97125120649724,332.4012411807494
334.54250563565233,96.48354433003668,338.74589639335954,357.7110400175739,367.8166838214626,378.98346584048795,386.1445484306497,383.56706800444636
351.48560486765933,244.41613883439885,376.9964648384718,326.63729179469556,404.056486980164,478.7963688828894,415.5864816372787,503.7509025731427
183.7288357649155,29.970992557985397,282.23257676835084,64.8201754908426,296.26826973388546,223.45081559563064,337.7147609267858,234.1856576727534
123.8402337680305,147.18588711794283,212.08334982586902,150.59287726011584,243.78601229148165,310.6875623902609,329.8851896953943,379.2966828484204
194.67559407749619,186.4742393349352,403.4910850504466,235.6944856876383,410.4077910975819,314.9121335122459,484.73345475797936,317.9753444606733
108.3326161947433,86.7086156915622,235.4858149503861,376.2666771127695,246.50606609571676,382.61267006545876,246.73090004623106,429.17497424740293
225.73677614595877,142.105199211219,258.31599306735615,165.30540223796572,296.7266026151194,359.31853672572777,436.25573976750667,417.1060301111808
129.53397209484086,335.45173710888895,169.89352035892753,376.0606578862709,313.3776099096426,409.7208844819767,343.4085428228919,442.94239478604965
124.75035217949281,71.49745248562812,233.1117490649661,180.78400765076162,334.272299817648,219.96907631499934,422.7859408062353,292.7595446496073
226.748840057073,29.745265195298074,289.9711409595355,101.69476936957555,306.5960825229205,156.07698407612435,325.1099628075103,264.1526254140548
278.6675557444782,180.23097743565305,300.4861030388165,197.40882483131716,410.2423326065689,230.6706057241371,493.8038793511681,346.47632488355475
247.55795954357131,171.00265150430107,291.25357359599064,200.205559082244,375.8148253911183,278.20343673800477,483.094866034984,366.318655424073
120.01746817303382,93.9368213986697,128.50829470363655,225.27782419977515,148.52038086131373,313.9878240584835,350.93467823092055,364.87855584986806
161.07413442305383,167.29327993225942,206.2386651685244,332.56234417787056,341.5249522210155,377.7824450197246,529.054049572531,379.51372138711497
111.08304261330508,32.50952131707609,208.2826610560093,197.40882483131716,211.23636302255713,331.5080149548736,297.86003092898324,343.16785667571367
135.0289787001949,155.4549161884222,143.30909159520695,163.0003419928072,256.01150081664224,252.85299360993616,316.43007370598855,304.0593939527181
299.5577661379958,184.52722130547804,341.0506356612527,209.07498749020854,344.16542224657076,239.0054658459334,364.26249331104316,255.6659526867644
69.79369558132167,217.3090962072944,157.70296896626914,253.14132981227144,342.2250880588038,339.6391186070568,402.1153029424477,362.5457609904273
273.25725959180255,163.44007845469562,338.81515323597944,207.8564272570987,364.0095393396179,306.7260013178263,416.7589457214506,468.3489827562298
107.46580598837629,372.7109804760237,159.98193377634766,383.2113339861475,350.3105931811044,414.13060318634024,360.85615302197954,426.36070985965455
204.53045096958266,232.9611024751007,239.7265884371584,467.9560416757128,322.0834477614111,468.73004966401624,387.1711368579015,475.5401337292212
235.64239089879976,207.22291991844236,263.5621897946138,225.01699431679015,342.23648114435696,275.0143269277615,383.1048644587803,309.55497024616767
192.3013711601385,151.1257194420777,331.40455671503827,288.35199865680806,355.48491319274706,310.1991644488755,456.27046551945165,323.7802176201992
95.63401699542112,54.92183802723753,192.12846110265667,197.88158205689,218.30361260495943,248.72172419321777,246.90679345063208,308.05714786749036
191.3704636435004,271.7885996730807,219.93063210174975,385.7101664157626,331.13087962038657,506.83296100593617,367.93083328104035,520.2643128825483
200.13543324607434,229.17451731976428,225.79109141381747,229.2983959194242,326.5987341822998,237.64646770279194,370.51484464945116,304.3509300576786
268.7410697529601,246.6623940347688,487.6700231244774,257.0766285464444,496.85065945438987,270.74537441997717,502.10538190213543,332.879025840383
235.24784057776475,274.1883191888026,274.9079475268708,328.72595100479805,344.1568210563607,391.38702405896964,409.031919028973,417.7729494908922
218.63339524187393,145.09827421665628,233.42067352499316,305.1735482977544,265.5901980719875,397.2300142009683,338.5791393841219,452.89239315665844
210.05005391452391,141.0760959223513,340.826964858501,216.65069486819354,342.7994588844403,228.04612074189782,371.19624020167805,257.76022593468485
196.1593513215709,224.6342606485341,333.15111683430655,388.1298955413498,374.5452608421001,414.6669625204691,478.836292943631,510.30009855519563
215.1087995541239,88.91138142563119,229.25205643821275,238.07586422699956,287.2628280775795,339.52934248091526,384.0283037331711,406.3333844710973
85.15650344116031,301.13469253435215,105.196950314093,303.4699099410989,187.3481736234085,313.3394521215281,194.2292797487399,326.34828550994524
302.2296208387289,118.5334540130359,317.96497588031656,196.09300556470959,362.45906759919177,410.1721132858021,494.62294830300004,466.7487721421539
69.38194241386307,21.025864695631935,435.21491335278273,151.57348273057025,671.0500136325234,304.2089267336136,691.419366623175,336.9682254028347
152.15040436993024,320.8870053425595,284.081921185269,363.4924561810142,366.3306841751056,372.49600569786537,372.69450934507455,458.61838962835134
354.91433952844267,423.4257986892645,377.5783393077035,474.03621864902095,389.22263722838863,529.5710607156346,460.1901225378425,535.7028560264289
113.12227439708238,164.80271921731207,166.46383352668286,182.1325882069414,196.11540144206046,199.69027820101914,457.5990132785949,251.25871550594204
67.73412335783145,175.15598272133204,79.608694639116,198.78696545264012,162.61971392845805,245.29662751443115,272.97085084434815,246.22105040279845
111.98245668780208,277.7413138304672,231.54138467195398,301.8021153419875,303.7105291397475,351.9018456611415,314.3468146422412,352.1775520174694
96.2188827897806,39.0806779502515,263.67683517498153,306.7561484452813,302.505572385444,348.75125561478274,331.82831165946914,420.7798117461824
263.33200021825184,245.84351405741631,282.0908880085017,460.97121920533715,354.2911054715657,485.9370441273124,404.95976926001384,509.0062822663257
112.34937544735128,192.6613567608955,125.50508306178318,305.2587412220769,142.27229932806083,411.1577851711017,223.17196435475884,423.2347861856772
57.15399893428473,290.6341283520075,204.26566235228984,365.93751040437144,216.68821208603393,389.3530105767595,246.32075291573625,418.8462332690663
156.03225450551864,83.86441556448912,236.32861572932455,218.582847959396,252.57450770072262,267.1738071239583,311.40512606113066,280.0235146278593
165.18719940494321,190.29052734384848,233.29643147913572,223.21084228250416,242.21132517374113,422.017081689943,262.6516516730932,429.35982238481796
158.3864370502345,187.733151743972,266.1149983573116,260.473664201679,281.92248612784255,301.3502128214426,351.3893372151277,356.1715426416567
270.63909209146414,177.44352131594746,408.2442983935156,182.91483887967703,430.6674550109044,331.6665406715191,456.953053630624,383.5099914634163
50.125323926900684,179.0932885778698,279.78072158556085,258.1268392789069,352.2833514885579,309.3502193107089,385.8199469645711,434.1060505608579
87.842420451527,36.832083350987475,157.2363378189487,103.50071197430978,319.40171300163007,346.47916829591327,346.9231052509957,374.1310444301357
155.44731702338825,190.2304662004501,279.9532921257191,278.20343673800477,333.28609653766677,308.32989723668754,384.7836954176204,328.72971574758907
148.5032888620924,124.31866740594354,229.1810923996604,200.70820057369815,332.16559131989766,261.68019223388916,384.4779857963151,316.4727519587609
86.86331191181218,176.61484312171388,110.38304490155716,375.70302675399233,179.28947674076232,383.02438512719897,252.79758115157338,393.0213388145259
116.95737412191683,111.52901064351501,260.3245842574958,301.37852771139836,282.8454252045884,309.2366918932635,308.4386439335804,409.8101195197507
84.38504006106703,238.4544642080866,106.22646155022672,420.4900218717199,139.44343024559004,426.1866538851641,164.47704935706264,430.84867073863927
128.50829470363655,151.08736635232043,231.0447875853562,213.42073553462146,247.73328810568938,250.24167373201124,339.52184988478655,327.0443837650929
116.08255866713613,74.7765638550363,187.82932388777726,93.6270640273405,213.61988084630454,381.37546416048605,315.4734574328701,563.0381361971603
83.41355660569441,49.798887655849704,303.6546085036408,72.35476497229128,366.8752540061111,339.68139328869506,456.14548848143903,491.35612438670984
216.5628806379895,146.181602906014,218.63339524187393,210.1142758104286,232.87089130460322,289.26184060671795,304.55496317303806,409.9165823201419
164.0952734387625,163.71690064710947,233.710899858683,243.09608418416082,239.39815807137362,306.15363683261694,285.2051034476897,327.7755805674516
40.705858336185294,191.17986425594813,113.99129135214365,343.3541787971743,282.7955044335406,453.2994196355626,441.34510892482376,515.1740925883554
173.02904810116172,135.102192078073,272.46423204486916,354.499024291289,328.36915987505233,398.9264309978963,431.98981763780137,503.92480607569854
196.71650288920998,58.53877202622902,256.0875685708008,208.4859875015984,467.4599018676839,229.54799185536305,475.2909198118854,259.7328242087723
357.3469261562291,181.510381582571,395.2050293560366,309.6341753802332,411.9713733954319,471.1127053561462,437.03750146052647,533.1647107746435
246.8474405666626,56.05427896310314,295.1417028711814,160.73366497025415,325.3531264888849,167.22278608625155,471.09874334044906,344.8693181069233
212.82705596823243,133.68400841627727,243.4699485788182,164.68556903345834,254.99004880407492,220.0252812401486,333.3613664632033,550.9452052032618
131.08117986650794,102.30004001352168,239.83827844658518,200.309824112258,243.69488831259216,289.38458578537836,253.91214782976562,320.656379654355
91.03047852427083,470.8828360092454,211.87737450831523,485.74817883293855,278.75927074373493,529.2706575951438,293.7499193682012,549.512300296322
122.5188243698915,198.45691197713973,172.90627107672643,374.1735675205086,366.4810342456349,405.3731186338368,441.34510892482376,472.6423809742308
126.88406306657053,213.15913102398392,316.48668702936635,301.4200761311281,515.7607396286658,345.54446891976994,583.9097489240997,360.21157748101433
90.55946536997801,68.33086900463601,123.62547689218766,277.7015281505898,297.94888766500077,312.1614604098431,298.90097585390953,326.06633608239645
200.33784336181057,151.396651575079,377.02339633680083,238.13614862437572,382.63034039384024,273.08446010076744,426.96833768895686,356.0696535031104
171.50580938595286,107.93654157896461,307.2205995396045,164.8116544916288,334.5501398984165,211.00584060528385,337.9681031853523,214.85860835929645
226.12431478346144,196.57786221175525,272.6910988388526,281.7166059844063,291.90722014692676,330.25807853233005,328.50927872892134,395.79231470265194
78.7117522195897,143.91811171952796,121.70826866439545,403.55071090050285,196.82821052895142,418.2090528998582,523.6340252981149,452.84924307387905
112.63579274530501,116.3228532030007,153.8749424737372,132.92216719854818,254.30328442787493,240.63983625250054,525.1773745775838,306.5279674122268
142.18373554400256,264.37965428171276,250.94074046143854,318.4641036127211,343.91826748015126,323.0017828130665,390.8014366411453,372.6636461095262
285.22263833793755,213.61345684080192,361.1564612196904,359.97527706427593,438.8966931308119,374.8125966555937,440.3811577115581,393.7238378609691
187.94929322678001,215.56759663253342,258.367396537044,243.5219948132288,347.08425459323945,305.32952910131814,361.8592236899365,361.38089220125147
201.7062288375285,180.14103186656183,255.24715949636715,318.88450985358304,376.0160527423774,350.8599243045331,449.80343516731233,415.71825533511435
330.19660721663723,107.75399991432542,337.5727084471582,160.04659961720412,348.42695796854935,277.6076787425185,570.2650093002065,322.6307346840295
242.2754294490869,141.74227641770023,396.672567087271,302.111284093631,446.1293944628912,325.6416823739682,459.7029079478229,361.0300931903819
172.7789079452938,65.40459314632044,244.12220361191672,70.71298634847189,258.1569152980566,250.41970936469747,273.48548977597244,265.70385422794146
175.03180146684443,187.52917794742208,176.32714128807456,207.41722801737953,280.3124041187244,236.10864182263003,429.4468500586018,245.0935821277472
124.98409288678582,414.00419659541643,156.89858841354572,436.6172434969383,172.97773689200756,512.3232466595455,218.24630172025584,535.2218750598237
226.84931472863255,208.95404945199243,293.1545086678018,221.21404651515732,401.91583201826967,244.29430077726323,419.2990226032862,256.69435027135466
115.09445105014146,20.330338369851255,155.8401630864547,82.78766925438747,212.75503569495274,182.1325882069414,243.63223699266527,252.67990455772647
178.56662469537568,225.9166683882877,243.09260196090838,286.64492566612245,382.56956913874393,318.04541718197623,446.65782939957757,336.20126851755106
73.25631599395145,238.81536432579858,201.7495880087711,329.6508421204311,218.6641454520969,434.7631128173706,352.1862702289051,455.81934006576154
241.75555075602205,267.6721233330243,308.20926088803253,299.4615075173028,308.4139088137864,342.7851368577578,333.6467932947036,343.8480400041018
280.5758646483902,31.034011890531445,336.0844567150673,239.13117270918355,383.1276348632209,260.597609496017,446.9199933651592,384.42787942590684
170.2300627079929,251.4374809553087,333.6002093588943,374.1337046875679,336.25950719293786,445.12436156793217,358.71961869818125,452.2263263718002
113.57841771892093,328.2297249760935,310.1947175466741,417.6863011022228,312.3728072545904,454.6519411997052,532.7030913293537,655.5297513274394
123.65108180762215,93.03549609610434,135.27706644027654,172.6437586448962,216.4249681256848,210.4726213587661,318.94453732697184,227.17329338472808
126.68110765002848,45.692335087895,148.40732483136264,72.26101178807131,159.881372583859,109.85903163090713,315.6475535422756,221.61151684797684
133.2040548852481,109.14337270758458,340.37721857760204,186.11876508802413,416.04879246010876,262.33591132577465,471.3831591202295,271.7488415333401
158.61772553801558,191.43798119485422,315.70620900718325,245.61677947141752,368.5383787442811,310.6263316858224,471.0616509316594,339.16976058332625
198.14159453777035,334.62689300519475,203.17376402556013,348.2386555491704,221.2549469914111,401.1156326444421,258.317906869685,408.7754793631534
99.54757107509523,129.16296671215724,155.643810232303,174.18866819711627,234.35459749132596,192.41652606512505,305.500590241872,204.00342298667354
97.05831642747853,116.3228532030007,352.295626205535,193.1385172874882,366.5354512044399,245.55603397563826,431.3012288932516,309.77275527914196
182.52688731028064,133.79814949467462,265.13940653950976,334.8267822021035,352.8394382637462,349.7230273834932,370.9501663795947,365.51290077260956
227.40645566931113,229.52609976033696,340.36185224789807,262.55113561929875,346.04418003598687,304.15989709198095,386.8865620000566,321.3383499919141
215.49681145710088,208.40323584408335,322.42536796365886,298.20348057315124,386.92562061293216,433.6224836470392,399.3059780581709,470.29823302439036
99.14198945833307,72.42235672212266,309.26384409419825,134.550055113561,344.6473816145493,180.8543006141218,374.90169655094917,233.39464144035426
92.45392341633777,428.5348699222213,156.49449630021743,468.9245929530777,157.15701795659027,541.7852431215583,351.62515042956,552.9440672589036
127.18723694650616,18.70966463550871,135.8516396446504,388.0846229063726,195.09036325497235,392.3759019604589,367.10689367336124,541.1572205649697
124.28452936625497,28.459912207762038,150.25802976015862,56.25754975749563,347.5830938873384,193.6642522983415,359.7455195067494,246.73344016312345
94.1204820220053,199.38100012292665,148.7682531179779,309.4596798931689,186.48854916489267,348.47453634293043,238.5039799967879,349.1877552326569
379.7209080311027,151.35560202589647,554.5291390595406,239.9368971921545,599.2387132709725,360.80406439939327,633.4792938206593,361.0738158047441
152.66277081265397,235.53181847750486,169.71866512165997,244.04275443118527,199.1977958740198,248.66900682544878,354.1975491072081,331.84559919638093
98.85964335029067,144.7150474047793,138.30670367001272,265.10256953304577,149.2180454315611,304.30007385869845,214.56005890375022,501.75594351119366
258.7805778704572,156.74594295659756,288.7141778943614,263.76366851175095,362.16711251854736,322.2789108935775,468.0361120642743,333.5264577108294
224.88403283304822,108.82819553742524,350.54443998172707,156.11518867466452,364.4842932252267,199.9699561255628,385.23062805659237,348.85806397249695
52.89062529779872,573.7799207682519,112.66587430132422,580.6623114707297,127.13778103725762,662.7310084255123,219.47950761084675,671.5262654932006
97.55649622462272,148.9380251297111,189.1779378142114,149.1695130190633,226.05091839765868,197.4747731657328,229.34589469552543,255.69316161861272
56.99928140803483,251.33863049947698,142.8070461914682,260.5745331383791,166.4700607407726,277.1034988478131,430.0344725510689,316.6609035617857
180.83994615107986,108.15401084412798,309.4976173311775,228.03740302143353,325.4274829651613,245.03666350731007,362.88093057958235,420.0402948192024
266.0518949289133,75.91309074475151,332.0102052716516,226.58278899753145,359.70023715307144,262.96783076836,368.9536652835682,376.13164463869566
40.51546180536346,116.30102596172671,44.57300449196322,328.7919987904351,147.10742308220475,499.7950947971471,166.32951722232158,501.4249688275574
88.92565785432345,217.14684838648122,189.10232916816722,238.68150021354907,347.19941175497587,245.09037236480205,368.61230735493865,346.7050566346995
167.93364784774005,289.28309036790404,264.6394368922952,442.84089859131,341.73743199929424,497.501036115536,414.64094315517895,532.339341653732
218.21302789485813,310.08142752257777,222.21983339880063,312.4075266062366,259.44916563503466,362.9967415193709,283.86277196685137,467.1508961552287
240.43214488411502,230.70461268368237,321.17352691758316,305.78539247958776,368.9330233994206,401.1156326444421,372.18992955196944,468.04664269935
101.77607665642249,57.82249250579479,185.08541351486696,214.89923851617587,205.56248970066736,365.1735255226216,369.23091848876913,413.8805505314018
237.53071306861065,69.90280749390352,242.66065687090568,208.33255265279178,348.59855521813637,256.47076125334326,370.6195514957679,312.3485022509456
93.1867547051299,227.66424454564427,206.05389776681008,402.34334752351606,243.55556774086358,413.9024439309284,282.60082299049833,441.20099691540355
312.61479322851807,248.36270394586657,352.80559902389365,405.80108974214136,428.99895319581924,452.5599540231219,432.05176966586856,524.6687032881899
215.45745161635918,131.43717253507833,250.25549105111844,164.12892438751282,326.9140865540051,355.569695408443,328.4834654621859,385.74362325878366
236.01023964429785,124.27212497900076,258.3627522598866,191.9708006799305,387.6047851661464,287.5424192469312,432.14572126584795,401.18155542693904
131.19557800409248,131.67645324054666,144.21499881229707,299.83486777942153,325.71317498188193,350.21893446445904,371.19624020167805,460.17613462872447
253.70261892706273,81.24051423421439,442.1550153032675,190.65518623624789,452.44884006079565,269.2370426496645,543.2847933047457,271.5787165081446
91.752813785049,189.57108513756546,133.34954347893031,253.8093076207696,266.31372503036306,309.12809980553294,270.8798476890135,378.3554579158857
126.68337985021128,317.65334962741406,218.20208022172375,460.17613462872447,223.17196435475884,464.87732013805646,228.05485608447472,486.4535650684195
66.17694514166705,26.87354561155917,167.33380319010874,176.77811093175305,240.12484940717522,218.29166054485216,351.073821741632,362.6904682849507
78.7452834874988,166.97907803840496,181.48998879713815,177.54300452757803,235.8686274446187,251.48518686419268,258.62116032456925,296.5518355893075
332.4819779868812,198.75189359660916,439.13463237017356,221.67751160586477,466.6313083308531,225.42376400678248,485.56726829993306,448.0079482188695
121.1641066845072,63.11576359371623,123.33236630626958,194.4978557789027,188.03431135530215,267.7173281984388,299.19135091259267,270.2993479840848
104.23583848208534,247.82881688634276,498.5508227885735,399.75983122383775,502.08238010426663,414.39417558296475,506.0091107557382,509.1402401795038
76.53972234695651,170.56514142178168,107.45723334806291,206.69562406406683,268.4592842107642,222.67565370382226,471.5224433211576,289.61480858727447
341.4453507607662,46.64113977885949,539.2132329164618,301.37852771139836,550.5507590624175,344.22030227233074,601.3899104289924,438.4711474595719
99.2207718810221,180.72680412158428,127.90721732929845,289.4828418756266,188.9541794400918,357.76786584800436,316.52864066289146,522.1922546187758
249.74801672842543,86.17591041763721,341.0506356612527,152.03509271627854,428.3927972078586,275.0982338616258,437.45518597190255,337.1933566099014
141.72185006850785,145.8342991913305,186.46440439858557,237.3955306911028,322.90305884452823,283.18031247265543,342.23648114435696,340.58348775985036
197.04470584352825,191.669595502394,224.02546539545622,251.2886020706364,224.66218392357243,269.68038683047774,327.6683925167331,466.7988594886166
212.18092278950687,136.58845259800685,376.72263854599487,150.20489330150323,442.9669712373619,311.9350614076792,484.122943798864,347.6280241695319
125.04398701996868,162.10048697332186,158.6605345839893,175.5554621280922,163.5267848330922,271.3920453427792,350.98867667898855,355.2605410172436
88.38242378127279,270.5733412368489,149.2540243466831,271.8391027218568,411.9713733954319,359.36205558237117,471.79682309898726,360.42803108602664
150.47865286138392,134.5463739519779,247.22948609883576,328.09078409221246,402.6225347024043,389.02023442100307,480.3447455213672,403.6089578529413
214.81274999547895,233.5262523971444,245.0777757382133,377.7787642614876,380.00009423921733,383.55224490996017,520.7986076108605,384.5106313639865
224.79224059981902,85.9883689963808,258.751037166317,87.80431741059344,403.2307248056258,232.29199869483105,406.26804344139475,270.2216869488124
248.34590877659568,353.2133782684013,354.8639122495573,427.1058352203376,380.932074050588,467.8083280054495,382.6851648596057,549.1691599121816
162.97806931827333,322.45132785970577,266.3653449007607,366.83310116787,282.7997881936336,401.5252583313078,316.1901597968795,423.4932756714994
147.10391918264202,208.0377822704615,166.57592654369557,325.7421318407541,178.46189668543187,489.8092818252018,302.8511493247181,508.89264817443336
256.7513503920879,122.9896030712385,256.80771134360185,145.40109386441844,338.82749846617196,288.12170184677325,380.66700278540947,327.2284861738019
327.59000125443924,36.92308552278017,329.9909927762919,175.46333335141674,409.3685197748034,187.98170034325238,418.71497275856467,326.95942504715873
158.70970242936863,119.83545251597414,276.4879184277907,218.2173988231221,344.18393094502005,288.461140275187,357.7910863147023,315.4799111493532
453.2275847967691,273.7640208658899,457.09032748031603,296.5297706136201,508.77021673392954,374.64486974867026,650.7165322767347,465.35677842892574
173.03006561216145,523.2847990023915,404.80372721456644,547.3859674163351,502.06799578235626,562.0779254844804,516.3157645913483,576.6836097355781
351.50720401804216,152.64975588244505,358.1927244234901,298.48197198043283,394.1940910232243,327.6132653616872,567.0687886039566,344.0760429616467
250.28023103732335,102.78510415068989,257.87170407299135,266.4758053874549,316.0437880299957,386.0887207359688,431.2281638682051,410.589432464021
74.56358780508752,202.6471484066683,111.1957923272905,326.1518255838655,262.13602799337724,424.12068327961975,276.55986405342304,449.3983325943698
70.37376614494497,124.95472762274925,144.63735390921002,187.8257299610002,361.94073424815804,216.63385950930723,366.7094306558172,228.8700714899719
76.9703012931125,422.642154530779,155.8401630864547,425.1130758817339,261.11862181194044,517.8428055865377,329.3589520369653,530.0046464479625
105.13644522547398,81.07688691365307,138.17015344489621,205.77406059303038,202.90441679648276,284.1915182881703,227.36650608805093,294.2316636849314
181.65359166217974,276.6060312618887,237.63419730155184,369.41688511445903,574.623725919625,463.9724345448949,675.3181631391401,483.0493743519667
352.4681888977733,101.22776193816634,427.70227705187085,163.19204183722127,486.6747823124025,192.55435972893548,555.75901936729,264.68659234711936
129.1568051896037,91.97768316489665,217.8550112243614,158.57021472264393,220.73988870545557,287.8553497237474,562.2065292315706,314.2418140220619
319.66704526700727,188.17143373237303,404.9653405220007,377.5597360802675,414.8842635057411,380.65187982980774,455.7270279464101,400.8460361219111
75.96589141408117,67.48467231750706,196.12588677762753,218.74014063894768,306.8878914967257,240.8587138626545,462.3277857185057,283.2534201286953
360.33000851276586,201.29063200908342,444.6274810673629,226.50716496681633,465.379027224865,297.21007870947415,493.757344535046,433.0182631160013
168.4885864090785,200.72537761808053,237.23920375712532,278.5670909570833,296.26528007026377,317.471148904799,300.5302531604703,393.80965180901285
140.2130522607558,55.97997108102104,225.5419867372304,213.48607946639007,229.79561078879325,311.48438259681893,234.57231222407898,368.86282874870506
173.21997638655202,88.84452779007555,192.98182888829962,308.8677104926708,476.63936869699296,393.6904081713083,559.931291700497,422.97787188098835
141.5377487143043,327.4817352009338,360.3433218580978,331.4752159473273,416.1926363382262,346.68533593865067,455.2991868630385,370.98353080965717
200.56700680287886,268.6943410843204,244.13008736788728,270.9283641789414,324.92564460588386,379.5503881858526,370.9501663795947,398.46502212498484
145.4096639084617,72.09987484673846,165.58968962752297,278.8168358276416,221.93233868680454,416.74502836522515,267.0904440319183,443.19169579423374
141.04279292803514,370.0287076620266,153.7493888011337,373.38212045417146,171.74790049991293,471.34850739505276,331.59589539707457,475.5022318252711
127.38407420288807,249.15036381060634,145.53841981085156,307.30359630339206,178.13324539027022,346.0212302150229,341.24971408711457,427.53865055310376
128.4957174421406,215.08079055117503,135.53817914500758,262.8592978094532,173.95230154048966,336.635845176015,179.98313525000333,412.07756160794804
187.74688894506485,356.28545239488926,207.50939440482864,376.62188510714765,319.0801303021817,496.96175903874314,385.2614368036923,539.5978753386198
283.2022977563587,149.09663602685998,283.2843104280488,292.8495833231148,406.93475065330665,432.08100287187546,429.0024336385592,488.23411688543916
261.4697411937147,343.80127466854947,292.5604349856365,346.5214846741742,332.166960700827,426.45860442929654,374.742939251289,431.52929553002036
141.5766729328037,140.98120793011583,146.82204721833816,274.5701680786497,238.60729900395282,280.9195952966381,271.51699204203175,327.18085539878
146.98924512014304,136.53548846323287,354.41775968303733,144.5237359226832,410.40186478781584,166.23496354683473,450.1578367214511,223.46442530168403
298.39925888553296,260.83676450282445,303.0459630158147,270.10180783384453,379.05685690648096,345.80839265142896,433.78385885982556,383.2510656705368
82.6833715959071,107.93654157896461,346.81644012772534,116.73898158252774,385.088183885915,202.10602714387306,407.2984617562049,264.6336653509262
114.80964279933032,42.3679997131381,475.754296190498,90.34767472939397,675.3181631391401,191.5118127766694,706.2070659762603,219.4616070447396
107.61218604691383,43.50795298399831,189.10232916816722,121.35858614561866,348.3239161775405,371.0337434880817,366.7654037015133,399.36886335393723
173.58036397072132,237.7616804565739,253.7986552272159,245.5548782696368,302.7947272801084,287.1846818006504,377.43022568022167,384.86164536750283
72.72709091849329,254.67330040814898,140.2341023952417,312.4479047477732,301.6860138444171,355.569695408443,370.3456824977839,365.56040221749134
406.9320682149614,56.76148384298808,498.21296088192,254.1201426722427,622.7659689852488,301.43029344124915,648.0877276563928,423.27120418509287
84.58710420186009,184.56720961673537,243.0435542480719,273.4623058498898,285.4691273152553,334.8264394873979,340.05727942448794,437.29162184265834
47.30684827225873,248.72535806851045,184.16122554933517,254.0281127885762,261.1784059295219,262.40960379087323,463.9215648309983,354.65518430215934
186.87965497076863,167.5235287484348,301.9044010328347,309.36635209058426,334.3691889291603,323.8783499086302,334.9011696065982,331.8726112646041
226.58907057461076,155.44537200247484,244.0204889731832,166.08916118763815,255.39942161305635,179.88119139805173,300.81592410965715,246.99591996910743
361.3186391695443,76.33541055495772,401.06488653617197,203.20333459756165,403.37806647131305,208.44239041999347,429.7128342373798,251.33863049947698
103.14293278800683,85.94959648880055,117.14855642227029,112.49214615644824,214.01279590886648,166.97907803840496,235.71586026662052,303.3745741185675
226.6787579842357,146.86995104332385,317.6423204277818,154.7144395024918,381.9422601949452,299.59466213571216,425.0772960041387,410.84552223794384
78.7117522195897,235.04840944685532,130.36493592704912,248.4414240244886,198.72180025659057,287.59547229655306,481.00862793571497,367.1297887921935
129.35865068258107,52.834562850134674,226.999375709379,123.623660516607,227.7133361696091,255.14732008127902,257.77106589105955,287.9958330397491
259.4478727670329,180.22186482506302,317.69929736583117,183.687193623092,337.1918727489757,425.1949729308473,410.9158945905678,498.15427242540665
60.311825503051864,48.66654602237956,128.2770714378624,133.68156163046,142.19471551847334,164.8637926627195,215.58246253766325,340.6554869385587
207.69437048626102,291.1366474974548,233.56055727318838,359.60362049321037,312.6710143139317,376.0661952255411,397.4405580741214,379.47968742567775
190.92629126231293,131.86914833728682,362.909217198285,408.6699422344428,630.8288525884885,439.3183206262909,666.4312511870784,530.158971600038
143.89657124854006,186.28772981711032,280.402549943673,358.09922777620113,304.4116783559402,423.4638364583647,318.83046437130025,429.3717875439553
298.070852066076,160.8504335985949,299.65602949108916,508.36253336334994,354.8180290320391,559.4671061812825,432.2390311521119,606.5800974027006
104.99101605412646,68.8595000397769,168.8769941334077,209.8628539638289,206.16601940090794,337.7802980774238,209.31945121967811,510.8299054491871
366.3268875476788,112.44553660262396,368.5273077785816,116.55665016481505,372.3129616871353,120.9502799578324,407.8735655299562,188.64923691245787
115.21958346508771,224.22339865638872,126.28139796545457,250.19644985221734,475.8255936444306,253.3997700380008,479.6469960713941,275.0578335888621
54.17985593186914,225.7783554566526,128.4957174421406,328.4894787850841,180.67322266811422,409.38637417638034,228.5562486772353,447.7807697026064
63.570795367254675,72.09987484673846,195.5467399764234,260.3339228878825,274.9079475268708,431.78934277019107,316.4558495421124,484.71296433799614
243.09260196090838,221.67751160586477,340.6515325848286,399.86665012098223,486.35977846806935,440.25079544877525,555.3247109664933,545.1973638444467
390.1158679855076,138.73317950854437,406.72281377155804,166.08916118763815,417.70076591168504,247.55244497395998,460.21682562448177,269.4962597834365
202.623604880568,349.7525216535164,260.32350883205146,412.2862746861553,272.46423204486916,468.2835909202182,329.639294712066,532.339341653732
231.76137164053054,124.48960245085482,409.2658973105971,158.59867837037174,557.8872978143824,255.94138739848106,703.5041642082118,280.5105389149554
231.94359754669054,66.52809788446778,337.3834217208116,429.23032425826653,342.58873188821286,475.2584852037218,365.8645069495743,583.9340077706054
121.49331533536362,58.634560813036565,160.7138462398714,149.55824464616109,343.7395733992803,314.3114745927877,399.91302033079245,339.730296269825
47.23142733953641,244.54690135024066,223.1158869400689,364.15749124104354,321.6141791561798,367.7847182268591,388.89399806667564,368.93064102336206
138.67170562361582,122.69151816991153,206.70798095894676,427.7094328636672,241.5850971823033,543.5888158491535,349.84229416775463,590.5174042319248
339.4259196584179,292.5062720266737,341.68364917235584,319.30667871601923,376.6930430247746,330.46830757745306,403.57745836892155,339.4154549476022
47.23142733953641,245.26463095153568,264.85422084759233,254.6554765553794,367.96482408014975,266.0110601762175,421.23826483283557,347.13389368213905
324.5555702694037,75.74864808784791,383.5794072139298,346.3152264293465,637.5138740421648,394.9876151178802,669.9065478609306,410.21642337765337
144.26017486774782,220.98080532139733,150.44494867201985,241.39121640118356,247.23482926898498,271.1376782661979,294.15883099593634,293.51185588194795
47.41510991786045,95.69751531958185,190.8559323605271,230.0724859747923,272.5261298084121,230.13034806198203,319.3122432655397,300.7442200107894
94.28179599734004,191.5368930990557,309.36433266369073,244.90321719768363,311.3504656990717,378.9319618615053,340.24522993622963,426.1866538851641
84.72651952134585,147.73325084832908,244.13976630005135,208.72931216603018,247.33972961734813,234.97044629891954,250.68745036131233,335.53615604546263
138.30670367001272,115.02863831868862,162.2065935539648,206.2040981467301,167.54258917787087,208.3667459450547,252.11388216462976,230.4329609552069
138.9827086026333,151.87297390234787,187.87231326585984,218.95228368129233,437.45518597190255,311.7482140669614,456.99801289994315,336.4823987778293
129.88921543625125,76.89162449381456,201.77689924744564,308.4208957247539,223.791561177866,458.15566311827024,225.92896512495636,574.4400862840577
183.77999699851316,212.3818544604295,191.64575773523612,240.8587138626545,319.66882640679523,249.04535201361497,345.9993875329248,278.33403132083595
196.49881022112734,289.78309786403196,364.39857418324516,298.64425571189264,502.38515984059825,433.17539831131575,504.1363097867892,486.04547374317195
209.64949423024365,122.13205749537302,259.10636547347264,229.3156916559489,320.6758452794031,285.689157328895,339.7811859303827,405.1075486139088
81.41290297303591,92.36965166900622,196.72413587340648,369.9446583521572,247.67135660931893,379.7144369836918,248.900897867989,383.5810913116618
272.18819435896916,107.14115877479425,376.1664549833423,207.79723232981286,417.4112834779777,325.549542833699,426.76183619900667,363.7308301837374
186.13278319805724,32.50952131707609,212.9462437042098,180.23097743565305,324.8139197332198,311.6975302383515,338.09339322015506,322.0889156856882
197.10593696299514,255.41355530064513,239.63466577633812,300.7358760279309,256.7003461795382,513.7955998044274,392.64508771127834,517.6798037716444
154.0394394583875,187.23166773184354,164.4117466523712,452.4975034953653,172.16444226657381,641.8476277287217,262.20739021920474,737.3072161493968
105.196950314093,94.28753289943973,173.0564209513264,248.50127191857564,183.42658122399533,326.89383734537404,184.71203852285004,491.58903298148357
87.58498353549226,131.11940020741122,195.91559773367544,159.73347384122164,238.56490177169556,246.6623940347688,448.3553433796878,402.450609174526
336.4729546889975,128.5563995977716,355.80154395886615,326.75801365015906,380.7899419361268,341.4939313018521,381.8137634110581,347.62884481974265
172.28772406823842,68.98794069752203,371.40350969351664,76.95185017691641,376.72263854599487,102.11361472205105,416.73826949675833,238.66717189987628
199.80031331807078,319.04069611956675,215.1087995541239,350.1301910230757,239.63466577633812,378.5803318787369,304.1977958213601,382.8271149994365
269.19885427410617,155.99692669574287,416.6630866193513,254.45252079834577,448.6720869792086,332.3442962701743,475.2568647111533,347.6159633239173
92.49324597805126,251.74526577560684,117.02894740968969,264.5992261762888,140.2349431094146,290.58453861354496,204.24637877190892,357.0512550874872
226.65730696189078,335.96084706283216,310.80433556000753,477.0380328411277,400.99624023227483,510.43105739995724,434.05769558795106,556.2786237774669
210.9898313003397,211.15747878380023,253.97513788997574,277.90030623587944,330.30464111036144,287.14681890795435,386.69758630917244,381.3696251465291
121.84326204340857,167.8604544232778,209.14825560408622,213.73174686534276,243.94351294993032,225.96759186469959,259.0534760756396,262.80468261806476
194.9420062354894,140.6736903313823,227.36650608805093,205.9168027956511,227.8066015796765,383.9919713595568,251.20468945582425,460.41254821577655
236.0680034901531,229.2425501688234,333.82330667981813,380.1294437128896,335.41893722886346,382.27931216402004,376.19033797228536,422.30564236251826
85.14369033558776,197.30091824256135,149.62914992185148,242.5800829015808,362.5529077775764,246.18670082460602,415.5864816372787,276.4281967922338
110.72667711757114,182.4970294372245,242.15551244592618,263.91540422375294,306.31001890721325,289.5501082693537,370.06886757734225,303.270414482108
320.392496780616,251.4374809553087,338.78698343440595,319.4786956396523,366.4269573777617,477.35860569107604,398.0161388780549,586.3019499171616
235.34795281661133,104.09044461584392,403.7154030476691,204.67977886232222,428.9767846944261,226.82488103192998,442.3445849974357,323.34921381684444
84.50612378134299,128.69594654091838,291.5904614867997,203.196505021276,378.1156883147575,298.5614953616325,400.6367180176654,334.7491364337402
163.16581909794107,112.42207248816351,272.4680315552827,389.8941118647584,448.0233571458143,400.5266186744424,462.5959935202512,435.5940852002469
82.0237438468699,220.00912450317296,266.91566973397033,246.3693972969595,418.09215851566,423.01900308596765,858.9319712013503,500.33391932641086
34.66738948149015,400.3598941104245,258.99741056441223,410.15813112057157,280.7091207262344,450.37798067847797,467.10980526564117,463.8839442681737
271.5978088519901,467.1413851708038,310.64933976676537,525.023521518553,311.05991714466785,557.3287941570212,406.4454614272402,573.8773559858987
100.25768302653795,256.91492241093397,183.57435727023108,364.08546034705574,405.77745364028914,394.63616199325406,411.7633902141021,484.6320449313594
283.7288105455854,50.45786305993751,305.3986954939867,134.54838267733177,344.8970383334172,282.5213363364488,361.755319395945,283.4728058121066
78.87320911414385,274.46091333736456,110.62526777229291,400.44512895509865,150.38437305880686,461.6713268255752,184.6896287659602,515.6369677994311
229.28151537442417,205.01725686835513,305.3465578371633,209.28445979811454,315.7803139079138,241.74157304782867,356.6874058945765,354.5806764910963
131.3560222284661,181.51476900585058,150.08306020366408,210.47630979875703,188.03431135530215,323.73765365930063,287.44011473184594,326.4635888916045
107.76878060078839,248.12211061866282,210.87499107772817,380.18732798304154,226.12431478346144,386.6415080488044,292.68250637070537,474.948368007792
162.3594815897858,231.77245153015775,166.67716290102217,345.0770847969625,198.62111369753322,352.59554367900904,214.42370912059843,383.2313513446697
338.5561027051789,208.44659687829494,568.8854121745159,244.0852770949929,582.1769089641709,278.1489551227247,613.1446793985314,284.82286801113264
301.05802299482025,396.8875265609169,347.0977616148272,469.2506123075736,409.0339069912,525.3296384272661,412.30902103008924,583.6161513891888
186.85252141462854,117.05786375575002,199.28054892498417,220.98080532139733,218.6641454520969,404.01983908388513,296.83209118147994,493.1775905061703
136.34317417810027,33.184286668326,268.4979193927982,90.38361374648562,302.5942828860414,163.2498409265368,386.2039890777518,499.7950947971471
230.5412545160311,130.5813864773912,250.14481557601087,152.26645118801312,376.99852366135656,276.93730633218433,454.74258752854126,307.4317747491623
86.26837118107196,51.74052038355709,261.3860737910106,102.11361472205105,290.25492530026065,165.83028006787129,372.16053602526074,262.1592070124671
204.47964652894555,173.94948828587982,498.21296088192,222.60774600391758,546.6506769793064,293.122682407671,596.843013805693,381.6940994860344
91.03047852427083,110.80156256110622,203.5304698623843,215.28273761910103,204.16406015317514,249.5271951837868,261.0196298162007,255.72017912024464
158.65347551161534,207.77441134329624,625.3507267852467,334.8267822021035,633.1845184881124,548.196724796181,643.3335483032436,573.5253378894603
215.20434217155034,313.32296748013925,272.76373094514236,313.50540990397775,313.8566935726154,337.4566987712901,477.7169979928935,488.9204770392768
298.71182137948267,547.5025907492508,498.53724722061446,556.234847824826,665.411751192847,561.067733698457,683.0770581096098,588.6638735062705
208.25290204541741,133.57612083034869,452.8608843272559,196.6550026718973,454.3121785523245,457.1406560743434,460.47037807171205,475.13952004300967
64.67504654663882,412.3374557150547,124.64076777268092,456.17078147323053,212.82705596823243,531.0139372245555,219.73058350257978,540.7316469527603
202.2626282095047,271.3194006955301,319.76105441627504,423.17615158518845,367.8879779731872,509.31623132270596,370.63566910093266,517.06206780926
194.44534560978943,199.44613594981854,305.500590241872,298.69900986696894,319.2049449992085,299.44304173002257,401.0700834397678,334.6679686417738
85.16481893148234,175.56629047553696,159.7178067939899,418.3838715736026,316.8530857901667,441.60546011778445,354.9462913885405,445.7713093195304
89.3717492705459,144.05049306164378,178.09489320400488,166.62809851226191,357.5085379723994,211.17855954374227,367.96067866632455,256.88425989101444
216.5273199254686,33.299661526981716,471.2755275641046,184.9583277049589,476.97309956302524,316.6912204382265,571.0015347452384,395.95313476881824
357.7037498895892,393.2923120430608,416.3238111349396,485.98536786509646,418.7284819600179,518.5317999517756,441.42589663055804,528.4126695228556
207.57697863994753,385.9611884860048,232.911125221749,386.70506398920315,273.474325112126,391.42837059128226,375.87437689995437,495.4571547987446
178.9702897165317,31.361152480619765,253.68954077717896,260.77799052145025,282.6628656803648,283.79249212070664,310.64974048194006,304.9137293032868
252.1037247327535,179.33399543350583,419.7689808624337,360.8184212195344,437.9247305630416,394.222490708297,460.13667601001583,502.2122067050394
181.97028868865354,79.41566695854982,233.7754808133806,182.46485454179125,425.6411988460371,213.1649920277605,480.3447455213672,268.95880689467833
164.89661929759524,73.39471676527604,225.92896512495636,325.7139620344609,227.16507381002288,326.38445252768406,380.5654579641992,326.9503677445118
157.82971652806376,188.04439609996444,270.57462967873516,302.46541567163405,393.6687706204918,304.29872570911834,423.74827651709273,330.2328222873722
285.039243957412,242.04904139555015,316.1901597968795,326.1316754854582,428.91631287364345,386.78568078348803,433.6494180322053,456.5945716725213
213.2814858772674,194.65217895441498,224.85367696340086,243.88982967943795,324.85669500720223,405.014494321055,360.20545218574654,407.7580175775696
244.9130746976729,61.523947544576025,293.89681309791587,65.40459314632044,343.56655000617525,211.40935930645506,390.707575317506,213.74935635527504
167.01079241662308,194.04445661362,265.649764690184,220.63398277350834,374.84987373689796,285.7135387109676,418.7402000960184,404.81917660289616
182.54913111763443,166.9392597952349,261.7245761415193,385.42829524347286,340.2884588102161,419.5106101192508,353.17888092938057,426.8880380822865
165.91659775799138,89.15003590640583,204.26792957234514,316.5709288437922,385.5966741469645,397.450823023255,396.4132625844358,459.75856547338867
194.9420062354894,84.111829278498,242.02185097255733,122.09685300737628,264.5657045520481,248.7989372919112,315.31170150414124,434.60756702956184
152.9047666836874,255.94138739848106,170.53124014587098,345.8186287515361,203.94435702540542,365.6413535040403,259.7988650679968,393.63817918963815
254.5980057228169,63.40854852422369,262.20739021920474,217.6279734744016,288.3792924781461,383.2814837409313,307.5210858115414,429.85557801645115
91.20019001547236,309.30797528745916,142.9951965287212,332.62338506045546,193.84205787015605,376.79399066042333,222.23861749794796,411.0236224535308
169.44231899435832,114.09530499232518,307.4574181546991,194.15830675751326,331.8742651282652,274.6326198615648,405.17553171200313,301.9882649982688
462.9885030334351,28.12960074428502,600.9616065471445,45.78804501876278,697.4607495814778,106.70900031711692,749.4850807793538,460.68996246562756
70.74221304726528,118.87078641183243,114.37817672415042,192.41652606512505,418.17706480087116,246.6665490852218,418.5426382911253,257.99788008476827
169.04395821245285,259.1703531604907,380.00009423921733,391.77894211164056,429.70309846844873,498.2532970507122,515.6937808110935,552.6680586594617
147.28636873993443,230.83329590789404,290.776288314667,307.6759274864477,343.44292442288,535.4540405619563,400.2786686696263,590.341898705038
168.5280282397158,106.60822717644449,327.57601849782856,287.44429965698686,470.7791573956943,303.1909685488856,489.5516296208689,480.4545796594634
76.35928368732036,197.30091824256135,165.17897974309435,277.1120162385464,244.35330118407256,368.6647997697329,292.48095655737575,391.60596454060646
264.73770237625865,108.23893836615747,390.0641368192968,218.5784215866921,554.5447476150267,271.0289536068041,563.9734245928552,356.22183284103716
395.0944751740357,84.45255349629846,407.19811332646054,145.43196518011996,446.4503508651101,247.23495559366822,487.1433069436378,303.01869538483805
205.83116759705584,106.24675693035638,269.74059820786886,124.0294619448877,285.22263833793755,126.73832971344902,306.57397327936627,162.4421838608121
131.45055073915916,113.50350304764369,206.58730987926495,223.80590740365375,209.64949423024365,342.97224327241236,267.95759915133937,363.22021138858145
66.49065587909884,296.6762043208983,89.56380208807097,332.63221279337085,180.87623267878496,359.9357298622489,258.8400596878858,378.50159733249455
242.9447913625442,146.08531096333178,489.7153889309434,262.082351180145,494.00863723048275,286.3408721598318,514.5157870844897,354.9341423135157
88.45159201007961,201.9852369451969,200.41921614185682,224.17892572290697,444.0564683838223,236.04910957185479,482.69987365570114,400.31729504534786
112.95592617759898,244.30612116557566,192.62634202824503,268.97137330241236,313.66103860573,307.260316766236,325.0661425216996,308.45608620409814
335.7325735427932,139.2452784484559,339.0246112924934,180.97635282368643,346.4031603777354,233.31347703825193,492.0482698059078,308.1371175289481
71.8965982022713,158.81829553439078,182.56218627234188,182.06348768842756,279.45167935650284,239.52237144914824,384.3240748521851,243.8662895195002
253.97513788997574,310.6263316858224,304.2345884173121,319.8821568562275,364.54232716974394,475.0641629785247,463.78921137643994,501.5724411616576
210.6921332377217,147.18588711794283,407.2253248575946,293.13909467502043,476.59405347663034,324.42696024301284,494.3115506067058,429.9258883382284
147.08671057782988,145.0193552287997,227.02697801368532,219.98406186304933,336.0109745707801,222.60422318762588,336.03886902891423,247.44288381808136
184.32582154606567,153.8242170560811,243.18906853140516,171.4118634613336,304.374374601559,247.96787320633194,326.13047544080433,363.6109350576202
289.6995228136128,149.27423574475733,303.13567295868506,398.18075495254715,311.72230146494053,402.913122536127,384.1896792541726,430.1953658762145
158.47986101347846,207.45452218834836,170.06138208772074,285.90791289740616,291.29440458707154,316.0898578980449,294.67945883909374,342.0197385255991
217.70844465123045,137.68771387048915,238.47610390624715,183.31924812477118,355.0204284928936,433.23277366076525,499.46158114751984,434.02365426890987
137.87655474798265,230.16733654861704,282.13756591206675,273.54310048036365,348.12822023980283,274.03887783662185,374.20901164162075,396.64516813946625
192.86985370696215,174.8025694258646,332.509756325013,270.2788784838545,426.5781920981721,293.53755408011506,440.87786310833434,442.4851961080805
248.80158623324468,129.17084994250283,316.4844477214904,141.35551382859018,358.1927244234901,225.46430764101478,417.99971423737105,306.5974434353595
48.958622294583115,118.380843228724,66.09112179321184,163.51553397482897,202.44203341645067,169.93244842721333,258.31599306735615,198.13003148694918
188.1417946137029,238.80778455775197,293.2713755504398,348.72877388054087,307.3182654013603,372.84767297760027,371.41571839467525,506.3250005442923
290.6939323008744,96.16496777482814,366.7094306558172,118.00246848798668,395.11251661916367,194.15830675751326,398.2608613507625,244.34928547266702
245.21897026948264,97.54926624471328,275.0209304337372,166.1221645497541,330.7524824881246,407.08973310791725,337.9375048941986,478.3557446915547
327.813076177384,400.0656287370665,359.31545762669083,413.88048506108333,430.40244761028526,515.1740925883554,467.4509880104156,517.2103411755822
130.79121938786733,324.2089165134317,403.1465205198171,413.62176409524966,489.33896664446297,424.7975446933533,512.5533202168367,470.43592664049885
154.00995553754046,130.05308614750297,183.03021501290866,242.42254586934075,212.17736707344952,268.526547662805,265.3948880188802,299.56174464624615
262.33298592782165,142.4740327232557,292.37573234479004,244.24224225407556,346.8940117776602,254.0444898702613,369.72586692826275,543.6573245197566
86.83419056042202,139.78432728506507,180.77199338566513,172.59852998586518,227.46565368100104,197.61984068257047,281.2581979794263,239.52237144914824
149.1689545973918,37.304212314505826,247.2254101799584,109.57528092954512,323.612493643227,364.00784621272123,393.64469975676985,455.34216252034184
167.7167444766932,185.0008856749862,202.76373917662656,384.36845869732326,263.39098470452865,392.8143785426651,331.95946568014125,406.4095095198096
94.8615847707947,310.9359685969489,203.39831104937775,342.2087599213875,207.0706964894058,448.1262870842591,259.76612393264173,461.9982198651935
267.4288782349892,158.819525049217,282.1679931274778,217.41886199716436,290.8842739600348,225.00287831116603,302.93190047390215,298.07485359814547
110.72667711757114,192.6613567608955,318.3588391436766,258.3768546426701,376.9964648384718,329.50933818856663,394.62579612152894,436.1449666675912
166.9926488138885,120.37586918496186,200.03078117326015,248.3963757226704,275.22659330694927,285.95030125713225,311.23246443086265,313.84318453861505
205.48411209158462,320.8275484663973,229.98547349077785,433.3033563708582,345.1264632667638,440.16239783976766,385.05141200267127,443.8450239892961
148.07245305519845,141.63792851619968,427.5514872164524,356.10688133488617,441.61187488594834,423.54712656368355,578.789431730182,431.0038642005477
180.38630463000496,201.9362455941817,252.3036267140095,256.34139196699476,287.3887230285708,354.08670125525015,318.1379524605139,356.0773095405919
222.76814319559404,118.2579510373779,240.70069382284825,130.28082014238248,332.59467305237297,301.4200761311281,334.1922025256002,325.9877497587443
275.7825024223163,106.99559629037253,326.3974746332943,324.75221197563974,351.1036327421209,331.0816470807229,376.53499739153006,354.78312438735855
336.9686824828737,158.57021472264393,448.8723939417032,228.0924749452082,490.8943526480414,238.810962487896,558.4932253051378,400.34662599221133
255.2938093371692,35.342142023584174,347.6450013996773,138.99724096323408,363.6863424449275,148.0721781807934,369.80437009513383,148.94054229708576
157.3156640413246,199.33484310930018,265.13940653950976,265.9265212591672,314.26771019616433,341.54150088570947,357.6731072826247,452.90062124605123
251.129506801536,55.34509161732138,285.360418306231,108.79302491361611,400.7734677466306,224.63897479981048,570.2650093002065,362.1118569034491
311.3504656990717,142.37473247155,363.51792680898416,152.1942807056072,398.76523164463885,201.96703400370575,526.100024621567,269.56077546792125
180.3295519679462,155.93423081865643,194.10243491052066,221.5356936274343,304.6805636708358,245.4789582948169,386.13029959523914,250.61834902158213
138.01788959765776,169.22100235946408,216.52066867492942,172.91391539030153,326.98524076682986,180.18555036334186,463.55815146419565,257.6888216698783
94.6918409256977,315.799367469684,268.85762937240463,327.33709925950524,338.54828387243765,535.1918732746636,398.61874479394487,594.33564512801
84.25982997924038,176.33288470778106,191.41528796875178,241.74157304782867,370.89442776917946,291.0376481915724,371.9325618877447,382.20777014724246
70.03851299768431,101.66768455382405,185.5408909432253,133.31222335092286,235.94818885531546,244.45552061001146,289.0958407059215,275.51508439688604
245.26657315164064,222.36204273372618,285.2051034476897,306.0416294043278,288.4740643494863,320.20256063858045,291.6715678399874,369.8971779171864
197.94245128974364,348.2230101487579,229.6683956211945,357.17579495423934,281.9486165902188,427.6388117992079,324.3176323185926,530.2188050609147
128.84666289698015,229.85573747731362,194.10494819597585,382.66677842299106,236.42988168493991,408.40932124756836,293.59012096788075,437.033476146214
96.40474567595159,82.37372837357854,99.73207114825493,241.70373715403733,150.38437305880686,413.8914064388561,214.74557329915862,495.6209389336061
321.2461186073635,107.26674685291381,385.5607235635636,294.92857579246987,406.4575522721264,312.1420287161103,437.31770878706527,470.9587170324058
132.05041013528185,140.70565443336935,190.77340115525539,321.1904508570929,220.97618001125682,342.42728806945036,246.48591493026623,360.3268766253717
179.23294367961356,301.42046756738625,302.76949073519285,304.63000773470577,323.48938180628744,437.54296411945654,445.84677787146546,488.6177984852627
164.01322498797964,258.6508271783942,189.5862548066691,294.07670056743217,320.14158956155836,350.90678382259114,397.4405580741214,373.72434771316404
82.68889393883215,115.07737575757888,153.50475461576207,225.75319706167468,194.76865914266116,315.03539410099813,225.5377002389585,370.230802855125
124.87623738222753,121.505813456062,193.53563392908808,143.94168106668997,281.3824581009836,249.39106348553062,283.9468485464104,299.3355076096575
181.11827000290242,231.3508939197195,204.49411834862488,299.60843990409757,246.32135384223034,398.5835340612437,307.95648420530097,494.4175356105727
150.03955969941399,221.97007239562558,212.94093058751432,225.7783554566526,261.42532759413376,399.7481922303842,284.9130895202027,440.4915525479615
116.7846903026829,181.48771406774551,228.9935627321869,353.4532743206025,306.1344251842169,421.13634445895445,452.4296361486941,460.25463046069603
350.65638750845756,411.8998741674719,735.7208376795497,479.70414045213795,820.2800000466034,524.6376628055365,830.4929584510749,555.0485988085485
163.77104645376815,110.70610916292569,255.129583659832,113.07887996602129,262.6516516730932,304.19546410668886,293.92301601289705,365.181719820125
69.67475654476993,262.6880066969843,212.66009439638134,340.4460911028914,327.9802617943421,378.50159733249455,383.6394654020205,454.83220260613103
132.8620370983573,73.39471676527604,226.2998795045751,296.71029661457516,379.2250311414477,365.7163968774385,390.8446650593452,383.16808579014685
142.0844771375383,274.61341585742014,203.59267076344375,317.4079748931146,342.3204881682054,468.3656655127391,356.98431690401304,495.4471937029174
146.2650087721198,146.61654908401394,233.67299514273236,157.55586992956896,289.7972941800155,378.787775707162,298.927390426031,430.88016777544806
275.7554281581298,29.334630243868116,464.7204145133533,158.05810410899522,500.36612455404105,255.90469893045244,512.0705934441158,256.7978459149899
249.484108843115,165.48079171376202,293.88059708487765,197.87600233530668,307.12326847033415,250.24167373201124,311.7712925202034,305.0802265958934
251.87028830340367,182.11390255129865,260.5741748974589,269.5096602080752,292.86420472325096,363.39241552183086,326.8134228240763,393.50827998902855
82.51418169928576,80.33302017255804,176.12455437468776,147.5875886805678,462.9659669070526,148.5850485523769,549.0611927452989,442.4055565090923
122.85665677032146,250.38499610425401,206.89270723488127,398.6913160320879,259.5066742084838,406.9004865974364,305.2107646415285,494.89306367033726
256.2896405437251,146.181602906014,306.66772258774665,277.176755140454,313.0865013014061,277.73186678637757,316.39669227156,278.85831327421835
84.25982997924038,325.10358640029165,181.69222089427302,379.0337818494432,320.91475319738885,385.10828123777287,363.7515329227519,397.4155293489535
258.76051226379445,107.44599057483646,298.39925888553296,173.8346586591539,353.5702690885463,246.96741473601645,457.89922989610335,300.134236541156
119.31856356726333,381.20937940303867,208.43645369938554,457.15510105816173,216.54850171627575,467.00054351730114,328.4228562784706,485.8660396994718
311.5168951088732,101.25411243236168,341.2983588635682,305.42582062683425,368.28137623047286,350.75293987936953,420.5247281261643,364.3520982114581
271.4594281822801,122.79543938270984,278.4378270815258,319.7439749446291,334.30123143479216,342.8589865090711,404.6986996834762,386.8349809802039
137.4987861456075,95.346834790785,150.2752488530339,413.19369550058605,171.722578820901,517.8428055865377,189.6343361704047,546.1549624491191
70.54144762787256,356.7631252185464,125.20097664982673,382.7822683499103,146.20537686025145,410.69721127635586,227.67520910030072,487.8128344565689
214.06178192794414,112.10878660628843,325.85784492008156,143.51817265340827,326.54862670172184,248.4226463969527,349.43249124356066,451.4395254873567
209.7790364040295,109.14337270758458,263.80337727188254,176.7936899578983,287.16017302917453,259.5794268953072,370.41588132178356,287.8528476609405
128.5491800791226,105.55700922628773,131.7996799681098,191.5118127766694,145.4096639084617,205.17672701047144,277.6001014002297,220.97795890624374
285.9710329003563,304.6194253825767,288.7141778943614,374.9383383906452,318.72305987541773,459.42937194622004,396.4550157078786,472.7067657864024
171.15339940440873,271.608003158318,242.9077077350537,281.679939084026,310.51862455582653,336.3878454807115,312.8538926094673,370.9862888353577
361.88448611415316,279.84152825143616,441.2982145034105,297.70933234923115,610.1848296828327,367.2668681663593,613.2117443934096,407.0407281004974
92.76310202601266,161.43043026385308,296.66590377591143,315.93838901257106,300.9596453017846,402.34334752351606,306.1939569308996,419.9010328819723
150.25802976015862,164.83354047046896,173.75103148482495,189.37894021927488,259.8782528146631,232.1490062442487,283.4645571806343,292.77002129652755
90.91162746451877,209.68659249998,118.77934181558327,430.0053367124086,186.27256856159394,472.3528287230101,312.05444663525327,509.26206744491947
227.65374382359246,266.43779710646726,353.68193988347673,272.27122565751404,374.02887547038904,291.7343426986882,396.81452432081414,365.1428479377225
117.88211876597452,204.75077032937853,122.14776371899218,212.82194524886327,175.1121858495004,243.02649724624675,325.839448759817,317.75419000168
118.70582756296491,87.3607564556638,255.18925255041117,160.04659961720412,318.34642035301755,218.22361564780053,334.1922025256002,289.6941378806186
132.30436063219264,218.50492937283528,134.86394193580082,363.6109350576202,325.5390184713151,408.6852816049618,342.705874674315,417.164402887414
237.32382293014746,120.72301226746283,345.9993875329248,154.9578935348217,376.3085319728591,187.19734135207113,381.0101479608491,399.5668292792682
150.18365952514282,269.39310099450734,381.70327531741,445.6811612596174,390.8823950450793,639.8073400557872,515.0117351088187,689.5674514621937
99.54044075016283,136.3840390489542,115.26048266602712,194.36771104582976,210.59678642126295,342.3584342393773,211.92266872891918,398.962136079019
209.5866999599789,261.47581012232365,347.42027723110925,274.46091333736456,405.2542069357845,290.300067009187,419.9286405348547,304.05389021932143
310.954543408238,207.9107573380932,330.40926023217924,249.07600709503515,634.6360704207385,330.05473392292316,681.3765210049036,494.648549503723
381.88138930543533,269.23446673304096,394.92283777987325,299.8825484310032,442.9669712373619,360.220728845874,543.858707287193,439.6829349145634
228.7427409518688,72.75531867606851,241.5850971823033,244.30612116557566,330.32710233815817,451.7561747716013,333.54539632864237,457.219795176052
85.90872740190552,351.3598141461519,195.18014848499078,392.4066480141788,278.01474054477114,419.9242236772747,338.64509334326823,477.99803700669696
136.36787549892532,86.17591041763721,199.13391975782227,189.4639568399534,227.67520910030072,292.7418157616541,278.6512607735596,332.2919732282809
93.22699944994517,119.31596788607102,298.070852066076,248.4414240244886,330.76471235183163,338.46125605106755,338.0791839305452,375.93413772497036
69.38194241386307,156.49033908843455,491.20878533982244,238.32558665380083,623.9550282651749,313.81853383612093,630.2432607279046,340.5700525954549
153.13269371924932,404.25571475445145,273.5785742436588,483.8598345581907,285.618887220815,499.0507954030879,303.48415921825796,654.2126941270078
220.91329691631964,119.06550348244578,253.04844547811936,296.2834105839612,265.5901980719875,318.7608408902737,406.8326910131001,373.01250898672356
264.5045119696168,150.05410774774248,306.94338025550286,158.60259236994065,364.15118542990695,228.4941997999063,540.1459932945168,291.3998720283483
153.284380578991,200.16434916524227,223.64388916424963,264.59769037971193,245.41888684584,325.03955393216484,312.8518536406012,342.6136429108558
44.17928899506288,215.12678729641573,78.7037721643109,241.49293027528932,139.08486073254468,342.54061203990716,160.26402129296525,425.16285752160724
96.78481612271418,34.069984701689094,357.8902880040259,189.0877707997609,384.17384599181867,198.0077345302687,387.435469932895,329.8139187812985
182.4879886904831,46.6359784802457,257.82410518916674,82.17236675919825,301.75525129486556,117.31217057501429,350.0532761850831,256.40547643807395
222.35035350297673,249.942943732696,257.24185679237775,308.2179874780486,318.2260743617096,354.08157284619,342.28011707432756,385.44728859175484
95.15340438582335,272.7232084630178,107.34508407508204,347.5025189604104,425.2020689671392,359.2441532691751,431.75943896521346,413.99733518941264
329.70202658459397,109.52115223987312,343.79564507954177,148.99451115043973,401.9703896809422,243.90373833476716,534.0575404762296,347.33658345667277
273.48548977597244,223.51684006515475,278.3770497789592,240.3586067828125,294.5855942729586,266.5186083394037,322.0834477614111,319.1429800044561
190.92629126231293,308.1415895387864,441.2982145034105,312.62131118401703,450.87194924739396,366.83310116787,502.74559516795244,397.47078670275687
223.0346703247135,292.74338816181734,338.83258113359716,310.3329368849787,342.676615965231,455.13227516999905,462.2105142901463,455.6047310141716
172.67601528182203,208.49253337505039,250.07413811316567,271.8733504363985,371.4809719311954,280.3508561249951,435.3414186571701,303.8234350741831
124.86545545952366,246.5363871070572,278.9936124041368,330.2378194299599,382.04124573004606,453.8045211847815,430.68656668288406,530.0518269365382
59.704329007871145,386.6649268452333,162.45283347201126,417.164402887414,390.51951705205596,488.0571245660854,445.19184772133036,658.874097799286
125.55532585026589,205.51779619458847,144.40488483560847,403.11532257657,236.86309220565477,416.720855411698,250.16593857251956,419.9404237240454
199.90002418018653,46.10161779789826,227.25405817423947,124.56344086944873,255.18925255041117,187.8612964993778,366.31908930028294,256.6813334443246
202.76434717581012,218.1845082037198,307.62392740232553,241.19890240443902,430.9109472478278,461.697765740491,444.8022572154236,564.0007511200148
362.84543358383917,144.7150474047793,384.96137076163586,388.84253288979903,450.40789059177115,389.810890864574,568.571490026957,398.77774771034274
154.76387920807406,100.24028230197744,292.37052347153656,151.00554892054464,294.2304264953726,251.540646807455,422.8932538900929,426.31239665585184
76.21846891241114,118.04214035235192,171.60575248923706,389.4440619821,193.7968118043537,486.46678799352435,355.0314114666615,518.599649791477
132.50655854511223,222.2025975536508,207.40414356731742,252.77841229338057,350.6415938296282,273.1934729081427,362.16107545783944,292.3022484772373
199.75737556318967,115.37661459514548,384.509154467972,300.3009953119769,433.3018137392027,519.8381214464794,521.320762336115,630.4050123226814
316.68708462282564,300.40575869794117,334.32469217051863,301.6677454258674,501.14974538605713,367.76275209377366,519.0174304967849,431.79231772547644
185.32230349197692,41.52277739727256,194.44534560978943,92.04273011656373,234.35459749132596,171.7327633617063,251.85106807703113,196.67315305718506
57.932456647304136,120.46742248556899,144.64067318966818,159.66572831771154,207.88883504366882,165.3165552552084,276.6306721103548,256.0889483796643
100.8222697810585,167.7739491232149,290.80827168784816,183.7939779079773,332.509756325013,210.49864994843244,523.509029969693,453.1989765840528
169.9701959386814,338.74264093946374,185.17563382622706,377.5597360802675,417.36383563648684,477.1413409373696,464.860245302932,509.92644046472697
78.84236820049267,200.5077318345092,304.0541616122275,277.5714169445888,310.7043417258045,297.0680666785415,371.8250681195455,301.2679664898015
114.59777137037484,158.58969792332908,465.2097248976859,327.6465282412023,536.8102224904968,329.5141920739166,577.9629787361522,364.00784621272123
295.0582838853659,180.01373456045098,543.021313299847,232.73239286843662,578.2149657867355,241.20579402148496,595.6081340186049,349.77194377298497
141.44960632498044,74.7765638550363,158.97472810767755,164.7565587751119,196.51866297562844,399.5556144522725,352.82742755174746,568.0985237767295
295.09550606338007,139.7603196436402,338.0449310220119,219.85510304315747,399.4143603536214,327.24294505334313,434.73790562559975,372.1866822342982
228.26183064077478,59.28983556084888,370.9022964254256,298.52956947740455,482.7071873264926,341.59491781828075,532.545320581614,345.0040040753652
129.54691497813425,303.9755089298737,145.5100446359724,436.1231016415092,272.18819435896916,439.03615257433626,298.9592811162927,511.7578589501046
186.62849074866264,76.4234505414001,250.60497271678676,163.73251734221193,287.22829664921926,171.34208196129563,324.1414712745552,215.74725517113578
89.90464600252419,187.35474126091418,176.84085537810472,307.9602920876874,238.64625422833151,308.2303821576275,265.18495555116795,445.110786605747
116.59515130432642,257.9913968673329,170.53124014587098,318.915431517067,171.31061679670464,323.49291931759643,259.93673089317053,428.5297202780605
170.60880647302653,85.51793797256666,193.44090775184495,353.71155209017047,264.81547353875516,372.94976883797796,405.3993462057088,448.4625337137522
237.63419730155184,374.57269208784464,408.5831993679583,419.9404237240454,636.3968005022812,557.5734897114046,677.5110110045704,578.7717906035515
150.44494867201985,238.4243537042686,249.18318711568307,245.63092096191355,290.98525365286014,256.6813334443246,333.3510412682181,328.41617788209834
165.34788149644638,329.9435236000026,170.2300627079929,362.5521351927427,182.31499857503962,390.01983786506617,282.83914675213236,457.9496326431088
249.7908318770857,117.91287017927993,471.81775896197126,260.6808209750964,578.3027873106242,295.96017793231596,644.8779087446007,347.7180321553004
130.1515603155114,60.95569591511247,433.66407217444316,83.69632734553991,442.8412918681282,131.59685446509212,448.6720869792086,189.759358842476
306.25494906169286,127.9507331615242,411.7633902141021,274.2901098903504,502.1452631288657,367.0196083680379,503.81680638516355,427.22231778544415
100.65800686225879,100.91998593678551,321.35414792003274,164.68556903345834,398.4599181539241,259.71184361944125,458.0188500345273,397.1124762036161
260.5822069588657,105.93656960081726,298.2837832667403,171.91310174588733,384.7429706961454,213.67528175187164,413.4119522825347,312.00373341215186
451.6169461407264,97.83369687464767,466.5556027376195,458.3485231202533,547.1104238440595,494.01776322019833,614.2316644946159,551.5489198969162
58.88839557025509,181.96468616156818,178.70726238875588,202.06765913253886,415.28066216590184,217.14684838648122,420.4087568294927,362.9631366531734
72.51869263838368,257.7905138231798,134.0328156191274,317.1774988687675,161.7683162696766,318.4704768117838,256.5532635655408,418.0575495066485
82.9023521362057,136.70501773601046,192.83392638431803,222.7970459116625,199.14458368116024,265.8517094832198,217.55100318243845,343.51050831825046
62.532799556851835,21.331258857003878,125.11734203681404,124.0294619448877,187.2824374662458,162.62309577263292,281.7834997729667,250.74461920620044
197.50894526941053,121.35858614561866,277.1609903507566,151.80732185583693,368.73046592843343,343.53936641456835,378.5402310992682,367.5729547852449
215.41178928559248,173.71414602991433,335.6441628798279,200.96166423596114,437.3312514081506,201.9642762125386,500.1648606423566,242.37371583846124
207.48833923631562,116.43530050085458,260.32350883205146,231.5436348435037,272.7140320827801,318.36582163037025,286.5210658646911,386.14713823769813
98.21916953817421,165.2940465703415,209.7589842146362,264.1700715955403,257.4207520563701,391.9660451236771,352.05220785649436,394.6620843163912
159.89128087503198,421.87873491982396,506.1132491118317,485.899881223175,509.04016807505127,517.8549925526661,519.1474010856319,522.6608018961442
203.5304698623843,127.28778958450195,235.49342345281858,278.1071828366842,284.8591528624902,433.6668817670099,293.7499193682012,567.2103329492692
62.09493753145725,282.61085355736463,152.9047666836874,292.95549175263557,188.90451463382885,309.8197085540691,204.26566235228984,331.53477498905886
135.4153700356725,24.795142661153662,204.8227615496543,28.89239299726871,225.370432188469,130.70412674265523,320.0767538466602,182.26589619895913
129.68114132594965,149.755772683188,432.35698670922875,198.42709804784297,442.27133940625714,225.59180223339675,463.55815146419565,273.63105950659406
300.20680314488095,297.2823547273292,316.5173523602972,360.77217517193634,330.9068017930152,374.37397373473175,350.5080573793448,413.8501871247575
139.811754093951,90.4875926873411,280.2334882706532,235.8532539599707,348.7072987251446,249.59656630349554,420.4146054342389,352.8095958442198
136.96362230247072,157.80548041846257,333.7234270431118,274.5202555052756,430.0471289669617,343.68048340306757,456.27046551945165,363.8262929109696
166.46383352668286,58.91790007727842,217.98324150808477,264.1346745328171,332.02128590597414,315.86270582458735,362.50649656526986,345.8977710408108
149.40480161215453,30.7809285516258,149.5781046923185,401.22423899544253,289.92598946718846,440.8695671769478,325.4787269174173,512.2634996686745
187.87231326585984,122.65474841748446,249.74801672842543,203.81340012217575,282.9462305599119,291.67741569201206,344.16542224657076,309.5537235537867
248.2013188633872,158.60259236994065,348.5663364058153,222.37773733365364,382.93926832486613,225.00287831116603,389.91128994274567,253.67860220373828
109.171619712575,309.12658267687794,172.92434789160276,315.96395116192207,216.2239303997211,316.5674652117069,392.0501717134287,364.4997286121587
147.44012577951182,76.4234505414001,341.8829430801548,115.01549352409722,363.30994566958356,226.0169586660373,370.31733420880755,271.9844192644908
85.95879610209764,103.69336724916724,205.4341863069194,231.3565856505916,245.24819829411115,428.49339139748963,248.8885875116035,564.2188175449188
161.12821210792427,136.58845259800685,177.9142932062911,178.27130802142764,185.91096140989578,285.5388638472945,436.0861072555578,391.6229431281085
459.46657424662317,65.66308798067945,469.7409304047806,187.818477301255,574.7001926582601,363.774173477804,630.5955886196097,406.33667754018995
198.37467600843968,459.135806674416,341.6720997057169,476.6010546989134,403.67758994241285,483.2564725037625,417.23830983434743,506.4852137823703
123.65108180762215,120.30372020267447,156.20932255644325,162.9003773728727,183.4276418043683,321.0256593587266,296.1062777364281,363.5120176463245
178.9702897165317,290.3377531016809,259.36816466479615,293.38161351667975,303.73736481428614,334.34566564031104,315.9904907073914,339.68139328869506
217.7007691177735,228.8700714899719,271.4594281822801,238.6755194942074,437.8948282635892,266.7769841148567,445.40383485013416,299.2692488479511
135.82862595448717,94.25676541248802,228.47729862184156,409.2776790112959,352.26701890135234,477.0595492103425,432.7637338472907,512.8384665003666
329.078063005836,360.1667221266873,362.8534166090039,400.7455201361897,419.4217446422791,408.49015419083196,468.59171224375257,467.00054351730114
145.26535059472863,144.1042286199363,240.93931327985194,227.31598833851513,364.03883843887235,319.24928002741456,383.41312974579176,342.68964336018144
119.69439539592923,74.77291422570124,176.45521558613504,205.9168027956511,283.66686282380914,243.35734286101325,366.5354512044399,305.1668488604202
96.17499681616492,107.56598540174883,104.79624985144389,157.58675580637046,198.0630529537636,331.4752159473273,254.53666424476043,432.08100287187546
363.9967672919028,54.92183802723753,426.70169391663484,178.6657069600864,564.6391200321644,251.81913133549023,585.650564115218,266.23325937001096
305.1636916164101,116.58020628700994,325.06317791599986,182.20928773146355,373.2250191646405,313.419541059875,374.6827907229259,319.5007937373958
154.2859997706533,68.31328057463672,268.2918304974317,136.3701313364134,328.3534969979228,176.25314850731928,358.8071670792683,413.9413110777337
127.95320406277646,417.5959728754904,238.87043292618307,456.96175329163015,272.0422888227716,501.1608323929423,305.2823076807727,673.3714787463605
110.07775669244097,147.73478152722566,140.2130522607558,194.7703580274415,154.3305049066243,218.21158369772556,222.23861749794796,510.2693810955898
80.11600088057403,221.8217031114915,183.60326190983548,342.52482432775776,245.72281611947386,367.2868338962579,262.21137829515914,457.9219792772719
115.32082821334359,342.3584342393773,132.47697383194233,410.40831985103455,247.8098937905809,468.321972601095,270.7190688086462,471.6255783822031
270.94594441245096,131.86914833728682,358.202376765554,277.315887474337,384.3041123853005,482.4263627660007,465.36974788226047,495.4778472357211
282.2555064200715,228.7633203839734,296.00825628797355,321.1258336105626,334.9405705086218,418.7050362351693,385.7666360372462,420.6387237265938
309.4648660029174,284.28931452760855,426.22284530200227,350.75374503574164,464.1616280575855,353.83265545460813,550.6632331994068,503.1492536789791
196.67488137333797,290.300067009187,214.22935020076943,344.26366100049125,257.85145120348517,400.44512895509865,439.85649408357506,409.7208844819767
119.64067608788463,109.60849914350496,141.8661952382025,276.8001493220687,258.42138142489915,325.9817015455867,359.4144843193681,353.30352779992756
282.34493022155795,179.65034526099254,374.3364636012151,258.5229519343366,393.41944390552777,264.02869872998986,449.2182602970214,323.90984344974413
364.1724665158907,116.28197467385235,405.19803018673207,142.22905069373823,439.57022688196247,338.1208791485495,553.426387352957,397.2300142009683
88.38402394854884,57.36419673360799,126.82113307908999,180.2665249134091,225.89794015315184,193.80135481993125,298.1047535332196,252.2767212002285
61.15474969145514,215.39636876498915,141.5766729328037,277.8627265757998,338.76763063046974,311.48438259681893,363.9199062091808,361.7214769337495
248.8652782442135,315.799367469684,502.66651556785456,400.31729504534786,591.5629009176138,441.1071998021815,611.769852389355,460.50895339771466
91.78718575325674,184.09738532516093,180.46151793205064,186.05959900872003,343.32107626620075,315.5447273089814,361.8427144250934,400.49821901105895
171.5237619224468,434.12143200522553,310.21487704408213,596.381462677591,375.30854945235103,668.9806554623502,699.2703498017061,763.29330949735
73.88708862636541,296.41591423939894,302.2322717789236,372.6255182688533,427.75833646701034,374.1657500867979,573.5882256487622,392.78066374704196
68.3034888106414,224.6342606485341,204.16406015317514,286.3916919540997,211.87737450831523,361.31008021939704,261.6781483953146,391.7368270285871
205.42886233195614,225.20206379678973,237.40533302561053,283.86845594482253,242.2754294490869,309.14709403234525,269.13513641717043,329.64324346593725
184.65984562943322,118.02836649750907,255.95636168744605,326.0990636923616,414.67306622665154,336.88122404453793,426.3081474637161,440.49128149831944
208.33668975147026,90.61738392145715,215.92669791059816,250.29003186581411,278.01474054477114,286.0118035971264,335.7325735427932,338.36060071634466
69.26881949112426,190.89193081344376,237.68619008435925,215.85510008432075,308.9725494465755,261.44837307168063,394.82575389214895,276.97596691805484
175.2167115806641,97.66393508504265,244.10542586753607,140.45895478526867,325.0480444341905,146.44458529140073,341.9793520534677,305.4268632964052
157.79229932617554,213.92713440208857,187.45025546734476,218.98812885225675,254.6749733050003,327.8832624512484,307.2689704003348,346.8417289334507
107.90279250661561,152.64975588244505,288.5992324236071,298.7556519449008,294.7308452122208,364.55614227294325,360.9137932650037,442.5047143068287
201.1340500835724,350.82915236677127,252.55132410895814,418.30070324078645,373.05263325882186,418.4800558456794,419.56028337514095,466.08990557443474
92.2953963437784,45.692335087895,512.4028040519676,90.85110187197705,523.8717294894924,117.41702562869469,595.6664429005625,254.29670647622208
109.19653747129585,154.55449090880506,111.08304261330508,250.889135028018,224.74485807251426,428.44166398500096,311.49644991991545,447.9026613606605
160.24842068749362,220.41828699581905,325.6606653628817,324.5772622755272,368.16395941458217,357.7519631331537,371.1531068833913,507.62380401350566
275.12327962021084,14.694427995947729,296.66110867680516,175.5554621280922,348.2830048644401,206.79479708931638,400.02075323695465,233.79176340656068
325.4528176149734,188.95989467728322,467.16523143774054,204.6378085118942,475.3540917311821,246.59155299792502,594.2213573286681,274.53152623471425
101.46098103922736,125.5544738208319,158.690854553535,127.75372281705424,262.5712802522624,215.6614082919278,346.9619417148187,353.88025863207815
223.30640054632156,14.12795811647879,320.23447868796313,264.9025087384883,368.24162892574935,410.3643702528855,382.18202040724555,436.96738548781974
145.5674324484733,108.68286963407708,180.49607438593063,232.88891687870202,289.41989719213336,290.6331595415799,349.3882766267039,373.30875647092574
250.5059584692143,92.04715458942543,356.730199504672,191.57668982828815,428.0059251179533,217.72455897490258,532.0482372022016,517.6628821875979
298.43051507712596,107.14115877479425,321.258930722623,265.7473849368549,329.69443881426713,275.4487037682312,407.91256141659386,293.1652198220894
83.88695154029706,139.80571960922595,157.38030003896526,291.7828931218227,169.323037962281,316.886524723663,247.71436581251513,319.1188062616699
169.40107721245928,222.26027659507417,399.08506424126415,230.7734274636447,411.637591881284,304.4391299645566,423.9434530147225,348.4357910075078
99.49534996397587,241.69417847272746,164.58541585543597,311.9855484100858,307.95863646346874,398.11638819204984,350.4245245916172,419.8886853290783
149.57448207654323,220.63262841045596,215.9704591354645,293.21052411383636,232.02288066103424,329.18888618364355,252.45870521146674,341.30362679492333
157.05814118409538,201.7725141745558,443.49727342361956,276.63476880621573,467.2236941566563,290.7523618510141,471.974570847727,365.83912621685124
123.8402337680305,144.4141745212002,206.16683466138053,411.7485169286009,270.8324871811917,447.220257089835,335.8361538813666,453.22674759669115
88.12348545317053,240.22302522342298,116.92467936854673,300.1067168031356,184.13940342664552,340.8341712972724,264.5308866001253,355.0902725012897
173.13953633725689,199.35248723133864,220.73988870545557,274.7062861781402,378.70579013267184,379.3672615315816,431.45754010933194,428.4195761645122
218.9512286574112,357.53023541728857,243.13355229136403,415.4162875744397,432.11305646326554,453.5209217157107,487.6700231244774,461.8514076807098
384.96137076163586,88.17412491340488,398.5663217919544,150.05410774774248,488.47562841626575,217.41886199716436,497.8480426619065,222.37773733365364
235.53786850714096,237.8494468742267,247.55795954357131,263.9290900748277,332.8929173200868,340.14823281715877,337.65968479337914,373.0664356148863
238.47610390624715,301.42735340327414,331.01448237251753,536.6178456149656,353.15218077552254,691.6070273434655,418.8969684677718,700.6121426785544
180.7439791697989,252.9806490196958,183.28066349615716,263.18214497039935,236.20273768917434,343.1293526865468,245.24819829411115,400.14768657860094
193.86445010731728,260.77222643386636,215.3299690118908,273.50510152591613,386.6962514257375,307.8785108078925,455.4177811387197,312.46016841765965
258.95985906081034,140.14426052997166,287.90522001629716,289.3302984152421,493.0818249181249,324.98204872117975,496.91718415522826,399.54935407988097
293.1452834497596,199.29593697464236,344.90407067094407,212.59730594049597,438.3558407284226,403.5944831794855,516.798858143907,451.7705140651674
244.1210373800135,367.3675303447287,295.6403427192929,458.2213050341664,303.6546085036408,482.82721691024176,316.1850938046026,511.98502014027025
189.01095870153776,272.05363574427435,312.3242963004397,274.7036160359224,381.559938622923,351.39704315392777,492.1374294421912,408.33461044983267
156.09087928356212,254.33212697612586,267.42627724572156,281.7800587215739,362.0239463072202,287.08809247348665,375.7642868893643,309.9215138783195
198.48420054621272,264.4387692223744,378.9427889933435,319.6839294532404,396.5177850724503,326.7530252198957,485.68419524340584,402.0014208368388
73.24362137333962,160.39520180776026,240.57017067437693,265.318042229988,354.2911054715657,277.66430375744716,486.75402931087183,355.6825714571366
139.00619772245514,72.44699190174995,190.48565468170258,96.69934075215701,232.50819990421772,184.52722130547804,272.61957504273465,247.3717409428789
94.38902307161482,187.55467177716451,134.0328156191274,289.78309786403196,260.09819071572906,355.71901704073883,265.2947892757379,391.39139721556217
69.6144310645623,42.080918594919076,274.7422972405244,230.57708989487682,484.76179713022884,265.02441338980003,488.6546300294812,372.80841966935856
277.8364823213876,88.84452779007555,339.57176269140496,224.70768783765035,389.3894603326299,316.17017839020247,417.23762758728316,484.9331052604588
317.68712927895837,94.2600260551343,346.9078228156584,277.7712284876448,355.22174770906514,336.9901768178399,379.5735283086562,452.27189459716163
349.3328567133683,298.6464230701955,395.83869592025616,548.8468514780635,503.89978844701574,841.6061082863339,517.9544148547063,874.2146866500386
147.82376126120388,395.7902125180495,210.45180010632677,438.9166943223041,229.5698905405449,505.8337017718793,429.70309846844873,521.6839727599648
313.87662601868004,72.35476497229128,316.314562936148,113.80114030174542,475.96422314567053,400.33042980779635,518.3596307287031,437.2404741439839
340.5054038234717,181.67242233895703,387.38556788903645,201.704191017905,465.1872634005206,528.2694791603028,570.9155874212976,536.6313932393973
113.68097541649978,197.11322156785758,155.78752128826912,244.45552061001146,265.57838127649467,349.8737166771782,401.0905257369283,374.3171377894518
295.0582838853659,89.64077718280058,349.02937136640304,181.67242233895703,366.7654037015133,367.82048965354295,437.76996322612155,464.5887589658693
73.01605704584176,119.18768479834783,121.2625473531618,274.7062861781402,300.19072990758394,290.3103562970908,355.31162879909925,321.53272718122975
330.79113237827283,19.98213485692485,374.7987447125347,89.08178388152693,387.603137342261,97.6561481329032,406.8466333686198,204.13479507258432
66.58196074314056,190.83070191233264,104.35790247281066,280.6975299885016,155.79227868000842,342.3735507512877,237.40533302561053,356.8549837366233
225.33149422784317,185.0423085637101,441.2638795351945,243.94243374594632,455.40250347730534,257.98299242319735,502.09874442553456,279.53192756922516
267.42627724572156,167.29327993225942,330.85938999736777,216.46489365998897,331.29934601476924,343.87656284083295,383.8163347213298,433.5058328887765
189.32712407581533,130.77901994591022,240.00094448457963,267.9316941014863,283.2005558456552,269.9765672091364,290.16308218017735,378.217390644488
324.5555702694037,209.6675173330278,347.6837213978921,392.5510105591421,408.9270771330511,392.97163192386427,429.538333811834,398.1938780328775
154.06889882333672,137.9758261158969,163.29267883835402,278.2370055617431,238.884840568866,278.5297732178608,303.0196888699734,342.5358766353696
355.6384459059458,238.5137039836573,446.873810376418,300.3009953119769,489.6566059419385,325.03955393216484,518.0679810659877,381.3120350320187
80.01380914695332,125.24871241130317,99.54044075016283,229.52609976033696,235.3386026013,390.7307507319377,300.46063828816335,435.36213712251185
156.22299185320668,206.40238356931573,394.92283777987325,292.94267742678966,416.73826949675833,301.4804135710211,429.91655470985734,391.3688207804766
139.22828056231262,207.7246111645169,171.41030241462948,242.31591749466233,196.5974109965465,283.1679819706476,208.2826610560093,370.2686273034737
95.63401699542112,80.19138676508567,122.76082774530786,105.38277755197464,187.78520657895177,381.7402529332936,235.90842925088336,396.84452354826414
294.2623062024926,105.12759417933857,311.77641501300616,271.81975705357814,342.23159388484106,398.96980078536563,398.07253328873753,408.35241769499294
82.51468469923385,256.3331913871235,189.5862548066691,294.93707738894585,233.56055727318838,338.7448543299561,423.5735575255082,383.2464122646148
161.57531717047917,96.70904894968396,190.44707695562488,109.54391094334365,300.20857282566305,226.5734744126457,387.6362639539654,238.36199587376666
82.78466022490103,140.5286752951166,199.62148216847663,188.70303322014934,312.7765112343688,237.82941104597913,385.4628920822518,315.34505130028197
310.86683994748284,88.17412491340488,319.72304741381294,158.819525049217,434.8396900617383,228.4941997999063,481.124105353607,253.67860220373828
231.76137164053054,229.17919848927983,568.2215404131964,349.5526682619674,601.5829486724618,371.384442551191,722.2810521272013,408.6124500178702
220.84028061135805,321.7814680147857,263.77337236088255,341.59491781828075,266.4001777060727,429.82737945266575,274.1961738096833,469.1302716258375
128.01592465492772,56.99191069972263,130.92613392818703,205.1643561295266,186.27256856159394,247.24253690637374,233.1369646564763,264.3562755192297
133.5938926359391,211.10558927869147,300.3584767950414,268.1005809558322,327.58285318752775,293.29283155497234,392.0476220829949,314.23111607503887
109.26528395368393,245.96329002226904,241.11848270680895,287.49411443954295,264.5657045520481,360.21157748101433,311.23852668191546,566.8034357881862
107.90279250661561,98.72296432862905,234.33731205579562,326.0248262159245,275.2098862408826,336.6507612702789,343.65845432375534,364.7306713646215
144.8010779574057,157.378271855486,310.6793125894228,351.83062128216363,581.36289622685,399.5394591382585,627.4511217308104,400.09447559854584
66.58196074314056,241.37212026024716,102.41707971484679,339.8398076937406,181.61694620704665,380.2412536949683,205.42886233195614,409.91702356707975
165.28671288055943,33.64913646715474,271.39603771533194,194.57208904418138,304.95046467030426,260.3267746778144,320.8040767179902,272.60313096015284
147.91814593012938,48.710252112997814,244.5676411475208,237.77505913153638,255.14024185680867,336.599202459509,313.8311355238229,348.52704249360096
189.1779378142114,224.26766527569396,209.12377876915272,234.49859728245085,219.86211529902408,235.43867877875795,221.14970377410611,288.1914241982101
126.91979828350502,113.72864228147515,335.6441628798279,351.45461621942945,466.1914686808305,353.2020916127645,466.4937565188109,393.61149637608315
240.75322735004758,324.60748102483956,442.5822386206384,378.8988750603328,530.0194504318513,453.98065081381594,568.9079478648306,467.93902723510183
116.27433136119117,144.3660936940303,246.91776590368363,229.09851087727944,261.3189281958572,254.8794917066465,293.2713755504398,339.3255525747205
259.24453827007534,315.4705690444248,446.36009241503524,429.91820560905944,512.1084138596182,448.88450596763266,533.4775164185887,503.2795231687651
132.5827002583797,459.399088379056,148.52038086131373,520.3209291980854,231.0447875853562,572.309025398995,252.2978701705954,578.7301224916796
175.41823208436597,170.4350878251034,341.98506955315486,418.85874709744553,372.81561122335756,495.4571547987446,373.6854940007385,563.8173194222824
224.85367696340086,224.75722563269554,327.3161427342134,431.73265210105524,377.250831353889,431.95361502460423,445.95623673198196,460.9433110872393
75.21247659714327,153.97928917392642,152.5830953910907,221.55474154646723,221.34209094178527,325.7680857800971,271.64989082014836,361.7214769337495
245.1481204871904,105.93656960081726,306.1939569308996,182.13826838757703,331.5376542115198,213.72586704609685,389.6656548676621,241.82804133391286
92.10913896878658,159.05055829127812,219.4098918926948,234.76942640180144,239.38005322923885,275.48854132535723,334.30123143479216,288.9660927916026
307.3330323239193,46.81274825047458,332.9721442664048,67.58939858256198,377.4534261461659,166.23496354683473,486.01557804342076,169.43676104732145
246.0736806672013,294.07670056743217,290.0077710871672,458.3673014416073,311.02876770102785,467.93902723510183,350.4245245916172,475.9232514920612
109.25048930382084,127.14430635720778,113.1319405846391,372.94602128898987,177.56976847701924,424.3856086469802,254.92362733047085,545.6808862611115
76.972782622495,65.14387569484109,231.49267410934837,117.39031716040262,277.0692218086197,182.77588561450764,305.98965265964006,302.8481839031255
123.93204147844943,326.7333726694017,164.78438161015137,327.20668494744007,320.174411439712,342.82698996022066,327.48944743779094,521.4055305242471
111.41747878785633,277.5542491589735,239.7146352333498,293.0566628530873,250.60274935298534,369.8239823426944,255.04567285091534,381.0197666252328
110.8524597660956,152.66608516301827,201.04231189028823,231.2301350370146,265.1512784494024,239.13117270918355,280.402549943673,314.4941952793773
86.11826376657498,403.9888275856943,211.75913373267318,408.02554467041534,228.8744833397217,408.22124931367387,254.43405125113418,410.40732885901303
98.96484271016686,299.59466213571216,176.12455437468776,333.0606251428035,377.3254792773437,370.87877293031937,388.2124605129335,441.3531088099781
29.937213962184472,289.28309036790404,126.28139796545457,468.2835909202182,354.91433952844267,523.4006827636455,413.3074912737601,536.0067115663337
184.26920534946532,75.74864808784791,191.0949688044436,385.4106683020146,259.5066742084838,391.9588697164495,327.01586487784726,415.6954668734621
143.47652821204994,236.93615998332538,202.14092696458945,284.4483514509097,203.91219444766145,312.6918797612114,225.26623315215417,314.53146228939937
217.70844465123045,21.24327766947666,331.01448237251753,137.3601149058147,400.99624023227483,184.16293572791642,410.7703545342283,187.92213444903805
143.07257829000534,350.8580485763357,237.9101287867588,528.1741105536196,261.6333853025207,545.1973638444467,325.30451393387995,591.2704682057215
447.10775092149703,100.91998593678551,553.9943627331235,220.0252812401486,578.5669644936672,334.4721316194144,597.8657031471529,339.4312407096336
106.72138691803792,127.02426445271159,208.3349748221679,244.8207427859315,467.16523143774054,350.3379142496536,469.44983059994445,411.5708326920724
162.76490108652297,159.04157019782977,443.26233122301136,214.26779142127324,446.6823469154275,218.5617485252048,463.4095079555567,340.69899972760834
297.0124419973167,36.832083350987475,361.3186391695443,131.77392391457704,426.5515652873644,343.1446430101248,457.8689609210349,358.9472682536135
159.65559111432495,122.53896082546363,167.7302823384918,156.133475612294,299.882761633742,216.5295134627765,505.191954496576,368.9021946905466
198.94890173654835,212.47410222404844,252.3036267140095,262.8257356602703,307.5210858115414,287.0683179118541,309.10497760296505,287.37447293618555
143.60908746604971,52.12943964923714,206.39525290716537,140.83630525099457,546.4981279589396,236.44085188104327,570.6606199144745,369.23499175726823
179.41308334709439,140.33232905942288,238.09875701982614,377.60581065641395,272.5879123525178,479.65485908737634,370.07433649932443,534.2391002898624
198.9583591822626,96.23961480294466,241.83445716017502,219.32748177545523,331.59589539707457,245.0935821277472,338.9432373163296,379.3141091358384
252.55132410895814,290.8302088612882,336.45929381263727,293.53755408011506,387.0507508420286,353.88062797868685,419.65832232791035,369.48684000290547
169.30067027538973,169.85268857936128,344.48135862753617,210.79682592946205,350.1432849851615,275.3968844301439,524.0156951347589,333.3039106601578
166.9926488138885,162.2087408521568,176.97897028892868,287.48298646200476,192.89203986751988,317.4079748931146,273.515851306065,364.4997286121587
163.16581909794107,496.97652677188256,373.349304182683,619.3708087613426,399.454438540447,693.3094335825024,403.6642233219674,697.2484330957852
98.13140541777587,158.64732688488536,216.5127107076112,257.73840159759095,221.10230301784264,336.44430610104075,296.6436700042668,457.79431359723185
116.95737412191683,335.91000246642756,311.28784289122814,461.2376467601804,319.56676073071964,491.60909984711367,343.32107626620075,677.1821221027062
239.06548133187573,134.54838267733177,304.5655456733391,163.3158247115226,327.40947589996,329.6508421204311,440.00308268888807,349.73931558717976
208.93053533321316,192.16200291260742,228.2832572292993,315.92708667724173,367.8166838214626,338.86183865894725,421.29983699003503,355.8891908652222
62.498276917511944,116.68914072080534,166.4426251633747,127.01724318677034,174.28074986954385,155.88858288218373,329.94332389925813,176.5896642550922
94.55834276083954,217.82019331566576,127.32460087123039,227.43286737943885,180.77199338566513,356.06066449491993,182.05841380857592,356.23927503537845
227.4464452418229,82.37372837357854,273.25725959180255,281.95913565564456,430.7814090954199,383.88154714183935,513.6964535841437,432.04862926669665
190.44707695562488,190.49748974364834,314.91814942172215,290.25015782149757,371.90796501109315,406.3886710718531,490.4914228300063,481.67060607605765
311.2939442544949,194.79846231373892,397.7199537443628,223.478630111716,464.1269790254673,258.0658443217091,474.4413197924597,313.94412489436627
298.71182137948267,131.19556868658253,362.1660754240971,267.7693271379964,604.3677730547228,275.2433643716909,648.8872099772561,359.958860506004
111.93907507583745,335.89084832943837,136.77648277212344,393.72476084123946,471.2755275641046,405.2661723633594,520.1800352980453,408.02554467041534
261.7353169987419,196.035559021226,344.90407067094407,228.38455850344485,384.93763516286685,276.93730633218433,466.8408894422243,314.2472203286984
267.85729744382127,41.96071893100725,420.7443002232261,293.6177791841144,449.7977337396282,302.68513832723045,511.13546449261884,365.4572264560486
113.09251506873468,97.95473407290191,216.1855911615093,121.43635368367227,240.22712181989334,357.8974580233348,276.9989915601003,366.2090824241195
355.6544639648904,113.50350304764369,454.290256169699,250.08210987241088,460.4355984657285,280.9195952966381,524.8981809606697,295.2733121413621
179.32443194748382,335.62192152578825,271.62635269192185,353.44064574481007,315.6567873282251,368.1428117400582,326.04652499201933,380.6845634731816
132.43201200077525,215.65017746168667,268.83514124239,467.2873702982068,277.6001014002297,587.9899289828252,291.22182035404086,644.3967649251935
72.49410237772697,126.46525949143962,226.40519512657647,212.27036200486108,332.5673902714095,383.1213464071359,339.4011175262191,584.5753290584512
216.5628806379895,180.16614786043846,223.16110305063336,238.51784155969415,432.11345383262113,359.2792067744191,467.43297325721386,388.37902792940565
186.27414951960455,170.8271254567366,250.9768779031464,321.68190785090565,269.7340320488208,346.77957235948,285.11874122080735,363.1477916874789
70.03373176804249,89.16299029327551,149.57448207654323,139.78432728506507,266.6245973970499,158.81829553439078,294.3711888514242,261.48029804616135
77.750702515772,181.510381582571,93.00900144911333,290.7995439090118,96.09965772265166,386.6470143459069,294.38620887263454,441.8010341535503
181.48998879713815,128.15708536322043,189.16409938463767,178.3070500699405,192.11669083508244,224.532528483207,209.3005198119408,226.3808133665888
136.04876596344664,193.50894000471695,254.30328442787493,218.74014063894768,292.89242202205355,257.25453173526114,470.6024874208443,273.9104319381322
110.78869753427372,113.07887996602129,290.25492530026065,182.75123006742342,339.8495548547617,206.2019983617475,375.1408310974195,430.908579117347
131.77665758076424,279.00252517831757,180.83994615107986,384.60736915732036,184.13940342664552,421.5036917944445,277.7782237913293,430.93475643888587
135.0289787001949,125.32607847960972,135.8995751923128,254.15673125526604,162.3594815897858,287.48298646200476,240.54117756268928,315.96395116192207
274.59298878254725,82.37056622580855,335.88976080159847,221.72420472302846,376.9279029440372,275.6680858931357,405.4358795558012,295.96017793231596
52.29943754439519,181.99496006217228,172.1245016943526,313.5823617676221,285.618887220815,386.87344730599904,397.802351212571,441.7790480329022
190.75911036704653,132.92216719854818,388.5762585806607,193.1385172874882,389.1979895177546,207.10827244017722,437.9247305630416,355.5624727171554
129.4043207415864,248.17678217172036,188.45205201395842,250.46750213220875,307.7996919180266,278.62222626295915,320.392496780616,286.3408721598318
57.37973893218502,152.1942807056072,291.1574671072201,192.65575468461049,292.6283474212217,194.37109796823572,329.0807230010635,223.478630111716
87.52697213493049,180.16614786043846,281.30520299166545,375.8625752922024,349.15569443872965,406.0187709658215,398.06210015463927,417.8735299161425
156.46903814571553,79.26045303782963,158.690854553535,100.85315888998142,188.72093917189636,315.79948456553706,216.08926938512784,319.83567419507426
125.20097664982673,178.6657069600864,136.36787549892532,197.88158205689,195.4530143304877,390.84956953575534,214.98695798555488,430.3498628465898
136.14341542407138,227.79757255879116,157.72833676018183,293.17982006344545,392.54787549945587,364.1039543927978,397.44629786857155,402.4224339866136
67.33223181040125,97.41107119479581,278.9262853747053,243.57420165665968,366.2651301257765,270.86905841292224,374.29185037556584,276.5521757403602
149.3428504326982,25.108496231272223,154.76387920807406,149.23086605129785,318.6452573553035,284.82286801113264,400.9594387063978,360.0029709970795
44.57300449196322,218.5617485252048,81.92165894231499,235.6641728373129,102.54026298854035,240.32077408885817,160.77694325965066,258.5437491481402
157.95287208541185,135.12951792835645,330.567006308479,339.94045464859,408.0557830349236,386.70506398920315,423.99842912185994,521.6897076637815
278.6675557444782,297.5211473552768,461.9642042202486,379.74111450819294,491.2770703446705,401.5124464954121,555.2093795918962,409.2993059963284
85.27688066711555,175.1041536019361,161.21981435719735,215.01108986890998,273.19069048159326,321.1280707920202,290.2177424234687,394.9876151178802
53.24403519144398,202.06765913253886,146.68794500560452,243.09987201029685,346.0997866813317,244.78410753537253,362.5796822350337,245.09037236480205
308.9725494465755,246.2149824249021,342.3448698301176,426.4134801934772,378.090778601471,658.2237115979894,378.2099094818823,679.7473551997999
196.71650288920998,131.43717253507833,353.3542211776726,257.9215279941957,547.8585729427701,424.6176690184574,557.9079455918043,439.3669401714062
94.6918409256977,103.05809601679256,293.71964978044764,346.4410765513041,362.5966069336079,359.8048773788142,421.07233691533116,365.91064387766335
197.04470584352825,189.51550524515915,226.3035245648504,354.6248613598646,226.8753303167225,468.3489827562298,314.20917498012585,486.4790179107902
136.31213438208385,55.50197639056503,277.6056667742561,219.60554813632254,302.61788501101347,314.53146228939937,399.2646458880233,332.63221279337085
199.96029434092867,294.4841597860244,355.0155520734939,394.6620843163912,436.5244801542753,416.5656453301681,547.9313516107239,427.4698676456419
240.95564821683345,261.39226384582804,319.9622880218093,423.17615158518845,363.9551918918852,436.9272133668618,390.97622082001794,506.5276788353365
283.67970513578496,96.03433804305696,290.776288314667,215.51747303317998,343.9043753555354,250.19644985221734,379.8869257811351,319.11617508816107
147.10391918264202,77.31165787175338,230.1778143510875,141.07075277135885,238.5176552140968,181.60154720592763,320.315328839187,190.64826461548682
66.22695274980451,183.687193623092,156.13174031423725,319.12907638991203,164.58541585543597,334.3841738757563,411.10089786081585,413.5216150898659
134.9550528616789,100.86549891642144,171.18788950529634,148.99451115043973,344.3812116529804,244.4693510722951,358.54625491754666,253.15079039366654
396.27643655904603,222.27485588056328,420.98842945648073,242.42254586934075,487.6972473986574,277.2888188854176,493.0489417366981,365.19534210582447
257.31433626293466,194.9474481107203,265.9011183671879,360.1309717291476,290.5613313663334,375.2266910351426,333.2950639051624,388.41437908392544
406.6913055920699,261.92801070852533,431.22848796073987,269.7171753871991,466.66729455039723,281.5937571670355,472.9055621472039,390.7307507319377
209.10269599783447,366.28222651549487,294.74780192738586,376.154082088823,390.26357535047583,454.88464850287625,452.1603240208337,524.6687032881899
290.0102481986551,75.59280184985154,307.2207972425575,234.35693063880524,310.5622097291836,299.87188838787085,433.55310579597284,310.10056705405617
124.42381650998769,89.05483291259448,238.56564419098817,142.105199211219,245.90641606158985,218.89393329883066,251.3427718393805,484.0727462132758
103.815790973363,165.27966984622051,152.28509100628852,211.13684377079088,157.138516854808,252.9150334781844,272.53130488955117,275.1957230794156
392.95076225193736,170.05954304107664,427.1269250300143,260.678099195293,442.5358327646818,295.6139370151662,464.5299988779879,403.10056356733145
230.6643478582657,344.42713885057145,276.77989126435216,448.63973568300514,285.7409008913757,592.8280524039723,347.77708228220257,607.5884745777305
85.63082520174281,123.26952410352149,290.9025405612114,203.196505021276,356.6874058945765,309.5782553817591,371.4800032199218,330.7893931872683
345.90261380115595,53.2314019114765,449.658399912354,252.12327320739752,571.7078432796055,540.0422835422056,668.9896901487037,546.3423215781282
121.33432971838405,140.5286752951166,137.2071735030969,184.35088388375613,239.35889794992784,299.97773773603194,254.8346520787228,315.54084020379486
234.02605457156048,158.58818244897836,259.37178083782476,336.6761958538243,308.16752076959636,342.52482432775776,338.83673905786736,415.5137638742432
341.5977682259212,183.4148856483822,371.4809719311954,288.29153194778803,448.5712656624885,302.7873432066198,570.5044678846341,304.2089267336136
313.2042618682439,289.26184060671795,331.36549634110133,289.4822283656951,392.72999099756186,299.6843099587617,528.1810199162761,328.09458004144346
58.834876890928044,145.88892042060488,306.80015738302137,203.20333459756165,394.91330272398795,249.4002050066247,468.01417596273546,398.18745134540166
169.71866512165997,65.81307315522002,192.10463904804365,133.8313160716362,230.99520617727825,225.02063139233658,340.20140478144145,339.8398076937406
163.08513259949544,132.01504983604303,323.57878700842014,323.3533953673549,387.68343621930603,487.4840637180888,425.09879340690287,697.5919163872634
125.23103784733773,174.3518692136489,342.3469304283872,179.1987988882298,423.7108135436396,269.1894295570517,510.1923759774178,274.79630736138796
127.86899327680162,46.6359784802457,150.91144739858692,57.55194046190157,179.3779142102457,135.34265585672682,450.94511041605205,227.20022632070572
328.53930837614354,207.40784825222116,440.4873037305287,365.50029639050416,467.0250472057407,368.5822786355736,539.0985263174172,430.17459632725956
157.02474059830132,197.7204903859364,240.80356387400516,210.82348523721143,271.9719202065143,362.50165447721434,338.21511584738874,382.0731665523015
187.15052923279976,288.25431995172926,355.23520994362417,348.08777359743226,442.25779082627406,479.7037133279621,536.1828472000352,590.4630839103843
197.94245128974364,153.3665925469068,258.2564196250441,268.482023222263,326.384930834981,283.3151631482793,343.6754607734709,289.2868028368378
128.55572313807585,44.708162255605345,171.90719652294896,198.92980991054264,255.14024185680867,378.0139604331064,265.26551219523583,405.16577355120404
142.46223220365334,103.06319310919366,179.87151711224766,228.75828688554006,200.11459198432158,248.24594367078416,211.692086716121,365.67203712001
174.6848729480756,209.8628539638289,223.57518475655027,246.26844455515658,477.3352278400564,369.41688511445903,544.3547540531412,533.3453172293482
31.07035470992337,304.394039412229,96.40474567595159,317.2596858499986,184.6896287659602,342.6057397935744,233.7360148885693,357.6503657650638
370.4837042164441,192.0454343256738,427.7440999521928,264.1091983966441,427.784450917147,264.1159602247607,450.8933477771988,316.8727471729899
188.5984677782349,301.43029344124915,437.7639473365424,313.6537091433571,471.09874334044906,338.57412863259583,524.7346713301051,417.6863011022228
88.49986254761771,123.14528104166813,238.8819567668479,273.9466962649872,326.70894174039074,373.0235407531807,344.08899511757284,388.0846229063726
206.93539711173736,221.21404651515732,319.66882640679523,260.3339228878825,365.95651103447125,278.8168358276416,398.9241386068414,398.69363153547556
88.56551257093165,157.78642227130334,181.62958754643122,457.39015284598224,259.8782528146631,520.7244592144931,303.30146878698463,528.356375275319
31.07035470992337,230.8818431478515,99.73207114825493,467.8083280054495,209.83603491085384,494.41321163649985,262.8711460900428,663.9491734654382
368.73046592843343,118.46305361193414,398.2820034653272,165.00470027104177,419.96056098872464,327.7755805674516,429.6392462263204,330.72600027897465
95.48679781936464,136.6435513501553,362.89017282829536,251.74526577560684,398.7238384111554,283.1679819706476,413.9306206047841,295.57885495230767
73.03888559898425,159.34276785697716,110.07775669244097,286.27848358984966,142.9951965287212,413.233317356526,225.5419867372304,419.7788671891914
130.88762297027364,232.38250821269884,287.8873619251241,293.6115579017411,362.2179070663336,334.34566564031104,375.10368234191037,343.6451464343565
184.3308842811538,277.5135839983503,307.652529131324,305.9133083863992,401.4549780966482,323.07800082197855,408.9920403639568,336.599202459509
97.09591188716877,210.93772449666236,260.84589863708146,226.50716496681633,297.2435937288251,365.4806531222747,314.5594822565293,426.7346801694047
218.93564800713003,347.6280241695319,319.3499230283579,384.27361323367967,340.2572397331072,391.6229431281085,380.63365958790575,411.8725282114983
108.53562460251464,250.52303461492647,118.27526617232702,364.728598490813,221.3894600367503,398.7713218677127,398.0161388780549,473.6722679813021
155.78752128826912,72.06732157784083,184.08203665905978,109.64620846331778,280.46247661031464,138.21227851441256,413.66923223231856,184.23105511453764
77.84957062787987,197.61984068257047,235.37408027951506,297.5362864816252,385.01143704303803,302.19196397325203,402.72227534369904,332.35960211273846
252.23700081442144,177.21118925331297,314.0536942776063,369.69585851840077,323.3460051296722,450.90165580961184,357.04399016350453,599.8595020418933
205.72133563555516,197.28099172533123,292.5158742879936,259.23476183865296,319.25168048957437,274.59422356232864,424.49319887624364,327.2303924799418
328.53930837614354,114.5750314468565,371.6600239336646,222.18916253075824,527.6960672230999,267.4100772058764,554.520015680032,323.90984344974413
351.0113784900378,189.5150406548681,396.28202402628744,289.36081931916823,449.62240341991225,336.17084205312875,459.11453703918136,402.29646722432994
271.80675574746334,138.57311257254628,323.66575995153795,334.86988561250746,340.2884588102161,370.05606484719624,434.8238109223289,396.2966840968383
100.8074063969893,234.97044629891954,297.31340666280147,249.24542767300937,306.57397327936627,330.8547375866609,382.92604628038924,367.89234381813463
180.66122166822228,125.14010030429603,252.1822537014544,146.76409172452318,440.26285649352906,182.02083793732942,459.20692237666253,389.5208008072055
442.5822386206384,160.4021958798137,533.135990182233,180.78400765076162,535.8080524460495,219.6117253219287,550.5481725243592,269.08255292594663
135.4021288718824,239.1536842043072,389.4121377114296,244.1118503701715,406.72281377155804,245.87665484580123,408.2559107614754,366.2438433082199
105.46110451343466,46.962389747017866,151.80273782463058,265.8803836011382,275.69914708535833,297.41788292984285,375.5242927531094,397.01733247725855
243.60286755318157,69.88565004505884,262.72084730653745,390.68059814830195,282.8628583689243,391.08276820580835,299.45848373981863,432.04862926669665
187.7836085446447,124.97732715865583,255.24715949636715,185.5296756769368,255.34266329389058,219.889026294561,376.87849718123516,274.03768028774044
146.49915623966444,167.14643135533777,180.38630463000496,213.72586704609685,264.46336291434835,225.47942552890564,322.50049441942207,226.73547471249762
115.20886644772442,179.589998061883,145.52228753280977,210.69174968164089,162.02623886330665,329.41791744175714,255.58034713922314,355.428093505231
114.68594090387178,94.11224311047681,170.818281446415,116.73898158252774,234.51151514814362,164.8116544916288,272.08921308652134,307.3555487230122
173.27854963095146,125.31720091702798,239.06548133187573,479.7783371164915,287.4482354868611,480.8209916728554,335.10567052830294,578.3765679959437
325.4528176149734,359.365791854141,656.4341683961801,445.49604207970856,721.8354146622061,533.6992195195488,754.4772730605162,689.2233173216924
147.29829685323864,276.9845720443157,290.79428101742155,279.00252517831757,375.22434413744384,308.33750274020537,460.49119350813424,497.7340773013575
130.64058042603537,205.59760327827587,160.20658165200592,217.16683816113795,184.74627049702673,239.1536842043072,214.33273104541726,256.88425989101444
310.36517732802076,313.8307379884658,336.51114538040906,314.85758126235237,371.8250681195455,388.7529991326152,399.04041257194166,412.88921627400543
325.3729926413683,136.6435513501553,408.0786264568105,207.7246111645169,429.9930509758755,352.70398372118984,457.2079024250516,375.30869915641534
91.78718575325674,97.41107119479581,177.34127975928214,179.18605408826733,294.8172807729242,250.5532065734689,418.08465668176217,281.76929213349615
155.8151935048259,168.22163945020256,287.9946032245895,231.67019669251678,288.4955049393168,349.4741506961931,368.634005012345,419.13053278167297
168.8985933016392,361.08593658591326,260.6809936433254,371.14673625296916,326.01828885111735,485.061133942501,359.55994657698807,533.0703573872233
323.2094950845093,232.83526059019184,383.77993873649643,413.9464114718047,551.177333509959,422.08484246202846,555.4762222144255,565.9024147426261
124.40589085489951,221.59209283666024,294.20178037042007,245.92958087829354,314.68819541697985,387.6392332583839,327.9802617943421,405.16710713923567
116.27433136119117,72.06732157784083,311.0601547731227,166.54450325897906,327.76964367270153,206.19298422575488,345.928033333829,208.6102702727306
109.32490296900785,31.361152480619765,321.4409255777732,230.03059325287984,447.33852483488255,261.73251734972825,479.62876179213737,292.67033773552953
74.91568190842997,57.55022864148479,206.88962743807124,135.33975828943736,223.15689584502488,295.8006019584643,267.35385549054365,341.6836696219269
441.9192409625836,158.58818244897836,470.8713166758018,221.8217031114915,489.6628994652365,333.20377008561434,525.4699501856479,411.8025085442724
124.10203887806038,184.8348810035271,147.91814593012938,191.2446015865611,171.90719652294896,271.9711318812669,177.91443681996023,371.3525849115743
125.5952552976997,182.10863012822912,401.2881619449629,510.1009996797454,525.9922717952677,542.3361355448509,601.019921482096,637.0257167963845
360.9986348172827,92.36965166900622,448.3785289525294,297.4610999389423,448.9593026334526,303.8136247623353,464.1269790254673,333.33504762306745
105.88343273805883,62.9659159483161,186.46440439858557,302.4102862558142,244.74953948738596,304.20302478575957,314.0536942776063,363.8218315185253
293.63875948518955,89.15003590640583,325.99705082458297,291.3998720283483,327.90535624286844,404.0490731199878,331.67823030046463,420.7386486641508
200.2172851089262,149.18922767803315,257.1037913992976,172.89757360301547,282.7997881936336,213.36349163334813,326.661334928365,260.7260393683504
59.27523071861816,226.19260503322676,138.45408659356013,300.0585689400174,335.8850351233339,411.73430648237553,414.8842635057411,437.08675492566533
138.35534108407956,246.99591996910743,283.2808031263545,307.30359630339206,290.3921222326951,310.88149859509986,504.27671100308714,398.60069370598023
149.57446087759817,195.16552203434279,177.36740745749628,334.59791320102346,466.05687051794075,393.3008937660019,484.70521048869347,418.9351809415487
138.1726314427081,9.115996561175757,196.1593513215709,24.795142661153662,358.7327800697364,108.58434078686143,437.88441417743263,158.2446436883594
105.83114210016733,248.33527090161812,131.0423677027592,266.76162287996846,153.22753442214946,356.2721668326876,298.927390426031,390.414488131549
68.90074142036792,111.57502538209975,334.4575393890023,167.45977820598728,350.4287660484084,326.34828550994524,451.0686507112261,348.0835922172467
346.8013872071194,8.065351511129746,351.388584346359,138.10920711496482,423.39655394465075,282.9363964754307,445.5978921137296,353.1770836862205
99.53431594538523,171.0712283546764,123.3464922685422,182.20928773146355,164.9305084753208,318.1640882564507,193.28466781031457,347.0187300493199
118.46305880169498,147.73325084832908,180.950829750424,209.5559141986122,212.26340773082242,211.7643995367055,290.9076512971969,249.24542767300937
117.46817605816449,150.20489330150323,182.9073699135841,285.5388638472945,339.26608450216213,384.27361323367967,365.3646875234533,462.09001730936984
366.4519296743195,153.11045628258066,367.970907939951,243.14751818073964,475.6666689681212,477.26641807867054,477.46321175120715,547.2421436586726
176.12096310988332,364.7306713646215,211.955473468915,373.74244340726347,212.43452037210918,381.02227969764397,350.401460580452,412.83244943036095
261.93290681171186,105.2669653849027,279.00488781457693,205.94291455136812,286.94561384169407,229.3099742545736,306.7092986736347,298.4558051505149
99.14198945833307,112.01837980217064,291.72345415569487,237.50698508620232,419.06350575708205,287.2250808286855,460.7576216227488,296.2205255375799
160.6461464533097,43.50795298399831,166.03739738365337,151.80732185583693,211.63365214663352,356.51169630214383,250.68745036131233,388.81394186774537
225.36424291324474,213.73174686534276,227.43734846672223,249.0545068519453,406.76636630616133,278.96730386007954,435.77863569299154,366.0330478465069
105.86580992517752,154.7144395024918,341.3927161203795,179.98212363019024,369.4372482765463,333.0606251428035,389.4990013485827,508.8162389744732
117.63488099874078,124.19752263266795,125.55532585026589,329.61894105262405,151.53987777235142,470.1388532782091,162.9197614070421,495.68610690930615
151.21479796533748,169.54754498099632,306.11844154050715,210.89275554489865,373.48991712461907,349.59344887987265,398.25139231403017,376.3621379789423
157.3156640413246,44.708162255605345,199.4370880852845,223.21580073337077,257.532230740467,365.20013635948175,277.5422009903117,418.29133862888585
259.03178180002266,34.731567914184616,320.75174579104555,136.39951954631914,463.664494043114,232.16060128365376,512.136983829836,334.7248227351065
323.14589280786845,59.98081282649312,327.2873151064032,97.6561481329032,351.50720401804216,104.79754848514625,522.8783353962217,176.68655265815374
256.2896405437251,186.04494406980544,284.8550674527104,210.657129971543,379.25139400491884,350.82915236677127,384.8723264121875,414.6514369036804
233.38304478973168,148.93763875790245,237.97729921117357,281.8684402119897,267.6227919616953,336.21768972859087,310.83592368472915,369.54575083348396
165.23112200547106,212.13299361768804,263.77337236088255,430.1457459960707,351.06547954246145,464.15838742002904,352.8394382637462,469.9412807034484
66.88379676208048,234.5948695753141,148.51584490917622,271.1062972563169,168.61138875548517,393.15869459908555,279.00488781457693,418.94156653302787
184.50601372072,130.28082014238248,237.48226252250998,213.15913102398392,316.2434567263845,221.19721244043006,336.4729546889975,305.15309178209094
217.35831815091439,309.39652991486844,252.54638821744584,347.49216511173677,328.9415093480892,419.28777195403774,337.19308229151255,460.099640357647
90.59799732676073,74.80792254422761,155.75691378113916,130.08951436356037,289.1984579342789,200.4537072217204,400.68969647912934,351.3523993291656
289.9315238476047,120.30372020267447,349.25423469077816,245.17779498618995,432.056713608872,297.0354124615678,475.3118729004437,420.7968883390472
240.57017067437693,146.39033481804606,254.01990800993917,345.2456667203872,386.6684923320012,414.6763113986623,404.95976926001384,516.3811679135596
171.08599245336987,236.57349905433048,177.33794483964817,254.33766449385536,188.7817101129325,335.87804360627786,200.4116703943179,367.87018137234537
143.36909324142397,65.5626469565075,220.8892549615522,310.91706048890575,286.4494713160864,313.9557209050306,352.26701890135234,318.81215945346077
271.57045768160003,151.35560202589647,418.7402000960184,231.7679461739195,500.137319580581,273.5527436136654,506.898766673662,346.5787972501292
190.81498066767566,85.54773270910405,294.26748590401183,86.12495713629768,311.40512606113066,490.3774943693503,348.5663364058153,518.5314973173848
112.53529359060083,195.55408423319517,285.1731893760847,398.55431788480786,331.3795704594222,435.45699126917117,390.8121665530063,455.2220036050113
265.02766265719026,87.53500054075315,289.41406871498083,233.4407667868979,328.8396347083335,434.42503639837713,344.74000661056755,525.4411151508916
178.93577883639963,207.28502499872502,255.8910906156898,219.46840624027558,302.8885174839392,278.1311191015778,315.19739448779796,283.40667560718947
141.16188886139426,108.82819553742524,261.5353226607689,136.4142283926151,364.61044853855304,297.20857329115285,445.0203073825736,316.9791536008622
231.43783391319684,251.02830272615859,256.5086104742916,304.7560938267698,277.8364823213876,334.8270909036431,366.4902798369975,439.6829349145634
193.53598062470348,168.4557001413276,200.13543324607434,227.79757255879116,257.4815578142108,237.24024119599133,299.80170928945023,253.53825668255269
238.72341187530532,166.85538636650415,288.9002940544283,261.92801070852533,372.4214519588168,358.4862778968428,379.97780242475767,488.72201564986386
144.2650513145929,166.96792271832695,212.5597525826517,266.76162287996846,284.1074005080676,304.05389021932143,324.9357638743566,436.0016937697275
248.81183888990805,77.50271127988934,281.7834997729667,164.71473517262686,282.7074258505427,232.46675782348504,306.3698058575094,249.69709136441136
239.70096904742547,87.58283165437574,265.0190849636967,116.55665016481505,367.61846122264944,126.67891550632133,410.1855217428784,181.92358535561513
149.0330992659657,109.86851511737015,317.96497588031656,289.5092808941443,319.4858744931657,310.0178349430867,442.11746741445637,541.0779296726982
104.88249505558514,328.5306764042327,239.31385158954043,376.54019212392564,247.74647687427014,464.1558670836728,363.0455813332232,540.9419429623978
284.7765742401473,197.68380200170031,290.3825238480471,326.7530252198957,321.39299406002215,468.80220253216794,327.1516409744232,493.7705664039129
263.9746578169917,181.96711209866953,307.66858818263256,477.7326101231241,317.13279969821224,532.1824897700554,361.8995356245016,539.0213018963146
184.98982794930333,221.55474154646723,195.5467399764234,297.2957834899312,257.65811244799033,320.5963259401619,368.81691655594665,333.38589954610023
199.02098674908683,31.45657119744455,227.4922276303598,167.7739491232149,472.66706381499836,276.11516318208305,572.6673841104265,434.36483942933984
143.29035222329188,6.596567965134273,409.29469641631243,102.69474481045646,554.7853762937866,214.86752394455988,576.0530060436118,245.98256878277397
306.3242803952785,60.555516723126196,331.0823298749954,204.24187726276608,455.39042788643184,289.28218470583033,482.0205761932879,374.5942926697318
449.04001354545784,360.82535298342333,482.700427205026,442.52906504922476,556.022030201457,473.2873229247918,562.2065292315706,488.6851976267645
107.3496118624745,85.41003843143058,121.59993034952421,190.68237269376573,238.80741060361626,217.98455770529864,308.7644936681046,303.1909685488856
248.07572662635548,309.39652991486844,277.82082957417487,328.2345285605512,298.51592917094416,402.9535627111206,387.1207449956747,418.86532424546874
159.76352158152514,174.31582213966377,292.35400352277276,361.98192418155355,316.47518998304366,372.84767297760027,359.4862752669504,514.2317247300304
215.10756231857172,214.85860835929645,257.1037913992976,321.7671383735126,311.72230146494053,326.15986946924164,378.0389536696533,330.44572264506553
130.85479340219268,104.55048667664387,138.02211365370758,234.3306867867757,142.46223220365334,300.3338560838537,177.79276010848008,313.2081317332377
356.07348131980393,96.03433804305696,409.025312751723,151.24242406403351,563.6120304327194,224.01619920234225,619.3370298426878,275.0578335888621
105.95920793406276,175.55935416173804,202.76434717581012,375.27355195783855,255.7483551429168,392.5777102749476,525.2300901156096,546.323847875426
132.01312746740703,318.15969514435966,218.67374355628075,345.04155472971826,295.1644947707032,354.56056364810814,333.3802318762587,377.00177648124827
146.98924512014304,34.8338918902584,317.0138996929949,174.6808270720569,439.71505914464706,366.64979300694233,466.4884080410537,377.11046539391594
224.0767830622002,225.38805101666975,267.35385549054365,275.4080373594371,296.6790464952643,351.584735790214,347.0763867316758,363.0315064326398
223.48929714762983,106.86814333667219,378.2464981950459,154.76250609000323,381.7610007369137,187.82768925366304,392.69854841270956,313.60691234190205
159.581442347194,124.45705374684707,227.40645566931113,196.87103188612394,296.3897332125106,271.0804903590285,426.1494158423027,414.3044384649503
218.36288283969864,56.62236314775372,303.13567295868506,62.3472369447209,393.41966421458204,273.1424933414041,541.7163411568882,284.4483514509097
218.94815308523354,99.00967259806724,236.32861572932455,220.63398277350834,314.15334604566254,250.29340655969295,346.9053446269944,276.0351522231029
125.78959122009859,119.08800340295335,393.68415656021244,216.5295134627765,437.24474651170533,262.778422979237,455.8037307057968,282.9751974089408
129.79641415999072,155.06037577963127,135.4503150358722,156.74594295659756,223.0346703247135,200.15548837500936,323.5214662948276,448.08542336843607
407.37442483394733,270.10180783384453,427.1718181264976,306.0549065993164,430.4361891974153,354.8089908173974,458.85191342949827,526.2954367488129
83.52792443152549,123.81586513404673,136.18446465997627,169.24280914021426,152.41728361298118,220.12169430001398,243.69488831259216,240.75749441790197
229.26132595427904,373.1686534386861,254.8346520787228,392.88944050624957,315.89058447181816,400.7508362250748,358.80420280599776,448.44201948269665
126.58145763885902,85.70891201408755,207.26714137454303,167.22278608625155,272.25061316095616,180.59432711322324,328.78084574521114,220.87663167205602
252.8266882751857,132.4961725282052,316.4485905974138,249.7789012546073,425.04420474781995,302.37272254082336,477.4179738622889,474.9350720958601
104.1006492739749,130.77901994591022,139.55445366773117,305.68092902873866,366.4519296743195,333.5457537416995,458.4754293718518,381.8042925745039
299.8606754631512,192.93882337912433,456.7961958770111,269.23446673304096,517.5882825794367,311.1384664741639,532.9606621298512,373.5996696733068
210.0699085999059,207.061448212231,221.93233868680454,223.17527207147165,309.80010383221145,254.39910298779054,324.4630859163471,276.6060312618887
261.62402986142484,230.3665705775552,296.6386736867813,269.39310099450734,335.21430883854157,488.6657076250078,406.76636630616133,519.8788328890619
53.149784120063,146.09824205157102,186.54668357487535,187.87070980086884,207.50939440482864,227.90730997418348,336.33415763431606,240.58254596737572
88.18061735815189,140.32794239523813,123.55930464705361,159.66572831771154,244.69338867891108,161.51543699412733,247.58386869701062,230.54355289719953
217.39812213460803,82.21397261950837,240.53319107639842,108.79302491361611,250.4133533964835,140.5464548322376,328.1290289944062,415.9547857887579
189.41144345200283,382.4864033613377,319.0067972012502,394.45344740435144,391.79570874387207,490.34074614996376,429.21022350258556,502.2557490928296
107.33785639696357,119.07754035818579,113.14826409802055,269.9765672091364,329.00745853863685,333.5457537416995,353.1353868778844,359.43189248551903
154.42993382596612,134.5463739519779,214.0910834211783,269.04909804889667,248.98252187377415,313.2203942278677,304.84067964384235,428.91409657151854
185.57653597653444,156.7731637639403,327.6153775645974,163.71690064710947,355.4317306200992,165.00470027104177,402.02740270665197,333.39025623593386
62.179825002062955,358.44261155482855,80.46381859274982,455.8980076290932,181.0161676356236,487.54951789257717,218.24630172025584,492.2552887700113
356.83555639596153,199.42041430761867,381.65964173230617,217.58264203875882,550.6317224402552,229.3099742545736,573.4724018224775,232.38250821269884
132.97619286336374,132.29391404804232,235.49342345281858,212.9409275116931,265.3686397103359,221.35259434539944,286.8976190986336,234.9833142051956
451.8621777597342,280.1431385161885,471.2830405679984,342.95318386273345,474.4413197924597,351.4748393998281,485.050374681682,356.0773095405919
175.41823208436597,151.1257194420777,231.06543178499925,194.8657920533375,257.3830751292566,209.7095446395011,295.4710558143287,255.0301680161046
158.8955683971598,232.47497395301556,170.06138208772074,323.30548824191317,256.4298362547166,342.8488064634611,265.26134913905474,406.97226068997634
184.50601372072,119.18217758231187,208.55643228494475,362.53247881219943,401.1427476185078,369.3329460417131,446.4482373656752,397.38787632278826
471.96165601091684,18.793987444837583,475.0622172307459,235.8532539599707,536.1571126181863,266.9440078780527,574.8970827207528,292.86232445380364
276.54090888675023,103.14710089772281,326.01828885111735,158.64732688488536,328.3279741714231,182.46485454179125,354.1640020096223,352.8049910735334
301.2321065274137,175.5530017833696,400.7324393994261,179.61798870877521,421.5142700677157,234.88596595164276,531.488266306358,302.1019063708805
153.44664372338417,65.30209360186596,239.27017467206153,95.51410534665708,347.21878543335987,179.41613913836537,387.34768226311076,264.6804677767301
163.39525247511625,151.06415728464884,194.58455404947816,175.15455571705377,250.14481557601087,181.73375851799864,411.21031401706017,224.48962702640293
304.4378858960068,117.088996732594,332.9489085839208,120.04800644574617,350.1432849851615,152.41758069872108,377.06932605359685,185.84021304815633
226.05091839765868,88.11125227184908,238.98911592384187,274.6908281310782,274.4183284390478,415.5137638742432,304.5466215162018,474.49044459252445
249.7908318770857,390.272981527837,451.152637371513,398.01895547739394,526.270408689727,408.50955411434796,655.5530086227257,446.0083777380535
104.92336104046247,229.5132707122641,211.17656425362165,276.4635251579708,234.19413480891106,310.37053430090344,256.7003461795382,360.3268766253717
225.36424291324474,95.01564945522617,252.83015750014349,311.71778276122257,310.61388571270567,415.7073471500315,435.800634317771,417.9991012247243
175.44492848807567,236.04910957185479,266.31372503036306,251.79091479773842,283.7288105455854,268.1005809558322,325.7926769619507,288.60222853030854
122.34274562217928,125.51917265017173,182.27633741716784,217.82019331566576,213.57764022714218,436.86809115112675,248.5859903146589,463.52600635876274
245.074936242176,264.1091983966441,284.43638913544805,265.5327421913379,357.97153085293337,313.31507431208206,374.65233741168134,451.3966660613911
348.16480311631534,229.03781497678642,438.99097501809814,348.583788772172,484.2890288542007,351.53838376734217,487.32599031596243,376.0607345496406
135.66252291423427,274.27358522661814,159.6767100024573,316.4727519587609,296.2797206226431,390.1533025772517,300.6973760997585,414.76453034406535
69.67475654476993,233.31347703825193,194.59288749839106,330.96216556526196,294.20178037042007,373.9991371725721,331.9841019312158,455.21888399806573
312.1093724284363,225.9166683882877,469.33850870718186,313.99342321684355,501.10938829710125,367.89950592889164,568.1778126566794,456.189617485252
72.45443063188266,200.2252085900356,286.6776134087097,238.07586422699956,296.26826973388546,385.3950213215889,314.64833108381134,390.14797285932593
122.60134251237727,289.7131441639835,318.7787819284046,326.50183829548337,351.1633123347801,385.62954519642506,372.81561122335756,455.0199541128999
88.86484105649595,93.68483486641125,202.14092696458945,212.27036200486108,301.5165754300537,336.45807674741974,310.1916143805993,469.39290281238806
68.9130883267959,152.41804325140512,277.76375554712195,230.92874011692376,366.1346648835186,274.03768028774044,389.4821145524898,327.46187020875186
297.07177169158376,315.2505332715679,299.9005216618691,342.42728806945036,363.9551918918852,363.03351386637485,398.8088158759901,450.12551485995215
228.4520746613174,151.9857202440464,233.04722824924764,199.38100012292665,249.70469624656965,237.66099543885028,250.69710617714208,376.68800811854635
116.39606322863649,255.30507749855772,123.62801621144975,279.56915044130216,240.1125555477655,310.6481287896789,244.2233073034154,311.3388880081357
227.80456344129246,188.0402710197669,321.8078364397738,226.82488103192998,324.24605367304207,292.376268088344,340.7652428974985,492.6081062101037
187.4502503965118,121.65117747153604,297.24976728920143,134.03705797823162,326.4291756149129,149.3521153094689,341.24798871910417,163.29628526138106
151.03257106479398,225.8451311065997,171.25276724645914,329.5183796262509,293.244230963607,374.1110089878476,300.23114557996894,385.6686864863462
134.75945583290076,211.01459524031404,229.1798687175569,299.66665956127747,375.75685099475805,482.6268020867269,483.3932114203102,542.3910042598197
91.752813785049,209.2265806195024,175.44492848807567,222.67565370382226,186.64109118374975,267.7231338613347,284.0525111703522,313.160207682795
92.30170704236558,139.72205830465663,115.59209553272224,254.89430284514094,231.95726600239723,269.91775840215365,349.8008707768226,369.57237502838717
160.39983546306047,356.3690492174035,247.9828131677603,366.0793284089324,338.7045970360877,467.00651130224355,463.79490356501,479.7783371164915
77.88900743007312,81.79863052119461,80.2539795917865,100.39456803078698,315.1831903297318,126.62607530454342,326.97182490049323,183.82024052122853
286.4494713160864,184.8348810035271,344.0132962163492,193.12914421405333,350.098508012039,198.65388281810928,417.5098593120188,398.82954062809023
214.44012175443018,65.025886196228,273.48739808646343,202.98857606960337,425.4872806217641,285.6410006724661,442.11746741445637,329.5183796262509
598.8314273687452,231.89949324177866,606.5829530160513,300.74202262044616,665.5631008076368,334.9063903520106,748.3007378694712,343.07124536014817
434.2814030095273,243.56174630569132,576.0195729066456,259.07922807392424,621.4360783533893,455.8980076290932,641.5482930161667,483.1039346704511
289.8843507217726,411.8725282114983,359.8596382237234,457.89376745364035,379.2209773032092,462.2411009774574,510.8130547691517,676.9218151309999
140.01672380658485,245.55603397563826,188.87190413113143,301.6677454258674,371.1693059339024,359.95058338303164,476.63005975936534,424.20082414547363
240.15613893356743,51.49737742685335,268.7581686538246,275.89159993890325,340.36066074041423,341.0271202166899,466.0632815335722,399.2558489414246
142.0844771375383,162.80911568863814,294.9996890358081,266.20733536215977,360.33183962466364,322.29705518892007,400.78463548436997,325.73537202826407
333.21454171582513,297.478758491039,344.4906250591677,395.1359643349853,374.985927983345,424.44664982749345,532.8910325484619,436.96127643668734
98.41081848773749,272.6163992864599,196.27407719140348,280.2034904523841,213.20406046122636,287.2250808286855,332.8686531647736,327.7789727575067
327.7632943255928,215.56759663253342,336.29831366004635,241.62618462009652,401.8306394136043,247.7795535995031,406.6603375048647,396.93230989178585
102.54026298854035,220.88472886633662,106.22646155022672,389.40547948944845,147.10742308220475,399.1842620076435,174.74007439094694,415.69836258498526
279.76969770901815,168.16619539407017,298.3166590291235,187.2090106670411,356.5668615375566,244.98596465502263,384.18937206810216,261.48029804616135
87.72408065086766,145.9068359147024,232.37825283743078,231.67019669251678,267.24844962533297,245.2306536093204,309.42669637083463,505.80319877995817
130.92613392818703,228.9566489225049,252.68832306947274,399.9145856996367,258.6826495244062,412.80142674515605,312.05444663525327,436.7448271235309
136.60047483012238,270.7073906186326,202.67010303335556,357.17579495423934,213.61988084630454,392.0705343833342,237.29826020396752,509.6132753086871
141.73342660222474,76.89162449381456,312.7765112343688,273.46576373936705,324.4326629521748,502.10025980544515,394.9731447940906,529.4936782524697
51.11871707343889,167.86204642646774,309.09904702530605,223.1206707642106,330.8763789953433,301.4954519110171,394.4518454663862,358.8542184885897
297.0321640040764,243.95304932026608,389.2143464329356,352.98417926119,447.10775092149703,398.84226202491453,506.2631289291853,402.1951871660103
207.96306073992142,171.91310174588733,252.13342431206127,182.13826838757703,289.41406871498083,218.02205319420938,311.2506221599955,243.00682826285316
154.0619555705731,234.7318319479264,201.434948919569,318.74592104809176,254.6749733050003,404.6605569245057,370.782270393786,451.4711803396504
87.94537909909914,170.20872520768307,199.8142408501913,199.06563585596865,235.55368623027616,253.97446449395812,374.14561002882897,257.90111873042633
188.13221821195182,232.88842155724495,209.3090099021108,274.61341585742014,295.70967263199236,286.27656756543155,421.99340536015694,327.17912899158597
90.59799732676073,258.9443308599164,234.2354314500955,359.044825247738,316.47518998304366,380.2896371180973,341.52345548943265,542.8225782480745
115.34041191269925,214.5563958739537,117.52783930125676,375.70302675399233,225.15614759135502,466.2089352867241,232.46180435517118,466.34437024713395
206.5995758295805,148.9380251297111,490.53362759541875,149.06388437149,524.8981809606697,244.11641225989942,599.0803716293464,266.61445070136523
94.59205094108108,91.57274996568627,134.47110891126576,131.59685446509212,224.85493344125751,161.93850309541048,253.7188602162749,237.60373773893554
162.6630423400153,124.21902699112186,220.33568805511362,210.8295279335205,230.71648203329437,256.579133202586,243.12559172221705,327.8767065732868
79.51680031191741,189.57108513756546,410.6943077687584,298.60095890382945,419.65832232791035,404.8185294897091,567.8414158649666,471.05146003007565
100.8195527543491,160.72411441338096,107.25299949291617,200.17776085234107,252.55548387021847,274.34280464214174,282.1679931274778,402.450609174526
128.42925359253823,208.44239041999347,216.5960534480648,229.1140398757886,243.94351294993032,243.32511909262413,257.01665021039486,249.4002050066247
100.02700657011692,382.76317276131095,140.88721315340504,399.8451401378169,416.5674176447342,438.12655632773766,419.2785941958382,470.29823302439036
119.17720021066225,119.6207484691236,202.03359386662243,141.35551382859018,206.88962743807124,165.3556361455063,248.1505355082529,243.52729035002292
83.775351176464,25.462623066033913,178.22857549517923,207.22291991844236,229.694284834192,310.60624715272536,253.7188602162749,419.4284307520037
88.56551257093165,86.38155761189263,102.80080796308998,259.99218584419884,283.4645571806343,298.38455829439823,336.081359150098,356.67040609506313
160.24842068749362,438.8690289289426,190.29243115967355,567.475816414725,298.7020839764963,607.5729018565183,447.54970899192415,732.1005328065598
265.7747494821728,127.75372281705424,269.19885427410617,143.5236274287763,412.2468084583277,324.10014264853214,442.8412918681282,348.75125561478274
149.2565274036085,90.0396889201109,275.12327962021084,312.2237948898182,275.291059410968,356.6625846881419,485.8830575724636,457.62492874216446
270.4190613889052,142.520153596597,348.16269583432853,199.06563585596865,362.374474099588,200.16434916524227,380.96406425650423,369.2500735608128
129.6642345597829,75.59280184985154,196.67488137333797,160.44133135420242,198.291771583204,343.3106705993926,300.81592410965715,353.1770836862205
67.74683296196775,194.28953345379244,103.32194006707554,233.5302000493964,120.21302320470063,322.41183232091737,191.176448535093,446.82213261640425
215.92658075182808,152.41758069872108,271.9054480377721,198.9795183332835,384.45942778222707,222.35134824933567,392.8283228453674,253.60706362805192
179.654331435764,197.41586957416706,248.2013188633872,300.4467359601191,363.54799637312715,401.65974122147543,370.1732568110029,414.53033364028164
233.55037188436918,194.30748051993794,307.159312209346,501.6918763145914,365.5694337563994,509.88926342062524,449.3654044670904,542.7287927142494
154.550802444215,115.24236312651374,215.75443169606916,285.1754900572556,311.36760026918233,453.981692189839,326.5348156567909,480.695624792476
84.54913094130691,364.08546034705574,122.42921708526278,442.76771569991035,316.1830395159001,455.6145367281342,337.0272231159324,510.03285020624435
24.60096915045373,259.3853573283054,129.55948890733862,358.29820694940827,345.99596452560473,387.0101997900929,346.9284147862985,466.4039225208374
73.31978467821541,194.3676275146983,79.70432279874895,240.65632102960285,207.6960329404355,281.0027746292895,244.35330118407256,332.4609677588838
163.11531311765646,16.29520763605262,200.71282925717952,163.98052397403308,280.8682814896967,188.95989467728322,285.2652796077665,260.2308135001231
314.3047071636005,204.45522652592848,341.32876326637387,278.7952211526161,412.7692066500924,376.8897361760267,435.9242973311511,460.25463046069603
133.81244384147536,128.04281941582693,206.2386651685244,257.8598889907338,378.08513659081746,275.8249214911377,391.2777728960533,278.12307833291027
124.88186293212044,143.3081228695719,199.0561039976734,272.98650091166957,245.62585147705465,335.59830904445244,271.64989082014836,345.04155472971826
157.63537508322077,214.89923851617587,237.65929412927017,241.6909765015423,264.694050101231,336.2865228188865,298.9078518511097,344.2904889351892
106.79594767271323,85.54773270910405,268.25432420585713,118.05572717211834,274.36481697163856,450.1136503185036,291.2572345027068,514.3313281021142
80.89422497961822,133.58370912713997,90.45382157707158,235.39958912023894,284.3383156685794,328.54705878592745,287.7612260646254,362.0668839978092
312.3242963004397,356.2093351645756,495.2792315506971,372.7083309860231,499.3380248682084,392.9515858192415,518.6708035123743,432.6707519991274
209.1267912375286,62.87120758728409,404.72454632060516,124.95472762274925,459.3988476235571,238.6755194942074,495.28315061508846,338.2054073517786
174.1639740430625,203.81340012217575,186.65139477892106,212.9239720340149,211.692086716121,275.21323296362095,336.98397032255315,325.8934469723626
453.3646039340022,228.40808369262754,530.7755433149472,308.2841355406291,646.9856253412353,465.58298136866046,655.0853748959192,470.1820479590019
172.90627107672643,263.10057601678517,282.7955044335406,310.17618494234125,292.1178156301536,430.78837734737925,311.625511857716,531.2098401336615
152.07862348058657,118.46305361193414,238.7297843425105,156.7731637639403,240.43214488411502,223.61710623327622,333.3851766023762,231.64350797052896
274.7422972405244,55.97997108102104,280.2947100848097,265.35841854739044,394.35469118596626,277.8627265757998,401.91583201826967,354.8965802140577
167.78388789339692,43.241391994642,398.90524437019695,253.9185581606062,492.4230539924213,363.2186301057991,658.8476759738976,373.53824384909734
225.4409828147338,147.34209730888,230.278906910496,175.55297683996378,262.51826714480876,349.71164612127257,296.73636193894436,428.4532181082238
179.6035563777567,376.48377968044935,233.73406901073034,385.50782651136166,272.01060309441436,433.8853562590221,333.3790860720941,464.1603155523347
84.91264119625671,83.75517271394006,429.7026555671171,247.43218957270705,443.8253176944575,249.69709136441136,453.9042000174073,321.93756807470595
131.54766069088168,219.35919396401545,223.52051701084932,318.04541718197623,239.31385158954043,467.36021903158024,323.65362372064294,489.4383708938669
81.00420704070575,120.65974153133577,248.81183888990805,166.31077810222726,303.26786100115953,192.37526412371537,388.33446167983385,507.71832050596896
96.2188827897806,303.4650383239302,168.64243897581153,304.8422381712437,235.94818885531546,324.783500460623,352.1406464458554,338.45033832857433
171.32675039028913,41.243152165056664,218.93564800713003,219.59040654190397,260.9651898854015,234.8159792561831,391.6381402036083,347.5506072388345
131.57064327566766,156.2472775539981,257.40536221157026,193.06178226544483,290.96612534713074,372.9529869774552,325.97837182559454,463.1286266789884
88.38402394854884,80.8007758464937,91.29652577620418,332.8348394932422,256.96649749624584,395.9088999217126,263.970277688142,417.968285186154
426.5515652873644,152.8546980672796,429.7128342373798,221.83950436583063,562.9679060348792,243.09608418416082,674.3387877677061,314.2472203286984
80.44422029580703,206.83734253604484,286.5210658646911,230.1409200307533,291.0880175401382,302.1031720627597,318.97375953099123,316.8727471729899
178.12995446732597,311.8005008811877,286.01378142151026,321.0795224905671,376.93608322509726,365.3460089222026,429.10689555529,503.1492536789791
178.8912935872762,145.88316860932784,463.5531473970351,178.82635361249345,523.421432405661,210.98475449868434,547.705183643632,296.13879553337625
90.97713969909962,178.29201000107415,134.55634097519334,208.33259171515363,137.46290332406704,262.92103393403755,175.5273166652401,264.4963519540635
147.8211756438368,113.93077149058212,203.3205870522089,117.78622718374467,309.5076559783968,202.53592545031634,399.20814404119244,212.8675668807135
117.57985278045572,239.89726128864683,229.4674049415231,509.54842978320823,276.3646139327167,647.1128540812288,282.6628656803648,755.5109882214091
93.43451583697735,168.32025692408956,320.0767538466602,207.72865727854546,321.3569116518612,262.6215451715491,374.45942682629334,315.68707680695684
181.65359166217974,45.03681943747601,408.5831993679583,106.09576414638555,634.345207937692,358.42973867973075,716.6800165835016,395.0518369722348
124.09801957802603,100.7732338282843,326.0958774870964,247.24253690637374,372.20513299441325,255.4814888089706,424.25715826702384,398.7956852405886
238.2496927273413,33.0813475132401,269.2609055488957,106.71547481602732,286.98905842149543,113.92490942581233,373.5294175344139,158.9952021829605
247.74647687427014,202.07660539232174,312.3693312686815,366.2446408713864,320.6758452794031,433.89633843757315,426.37072247588355,438.14187887070375
213.1285705957069,201.1512207527271,309.18657371992657,293.6137449769377,317.3383835195845,313.89986238714573,380.6083832912098,326.0990636923616
185.7271552100194,237.83365971501516,392.76816525465443,296.716785433228,532.1831826184145,515.6302102763646,558.9948066478585,700.5487089221893
166.6300159343629,371.7997330212271,571.8939972856596,397.0618519124788,603.1882652048745,519.38936329534,634.5780601841358,535.3348757690992
315.90582644891055,141.38815493004543,375.0105536417025,337.8522505580555,401.16163932303846,374.6529719340488,403.4910850504466,418.66419274972645
317.7648082675503,298.20348057315124,350.298698489203,333.97865791037714,395.19439209934865,413.7595118025058,427.7508222204948,469.6852523344152
149.07788883496244,163.5143967130171,181.31276092574845,179.41613913836537,212.17903665521524,212.80256322078807,223.130483183361,234.09886815934922
226.40519512657647,274.53152623471425,233.04414852982222,377.26415834389906,277.4343219322385,385.56870105856257,463.4773072528301,420.57119676666673
96.81730730674873,140.88429944959475,159.7976114918427,159.97552738206744,215.51205292541832,450.59706022907284,241.7720333339984,459.1114584615993
207.41660629236532,166.9305274832963,344.06334290637676,197.92171326093515,487.7954546939466,201.4327681615062,646.683566940693,282.22793793772615
72.51869263838368,250.26928746207903,94.38902307161482,318.25393712958703,165.70991869622165,480.56367215785957,202.59629189534925,546.5298496336875
92.49324597805126,210.9850154976204,179.76378132546455,266.5319653987865,209.4540537121288,269.04909804889667,291.91316934197226,348.19218731726954
101.687011980667,138.67936408613429,120.99008395566584,163.0870076293558,278.20843986639926,165.1374756060943,320.23447868796313,217.7201024506072
96.86726513264635,219.72444027026287,222.06592922768968,322.4715756889472,223.66788497879304,374.80530440999246,267.2411259380991,395.7470012416073
141.16188886139426,102.77748877098789,216.47434729893664,401.5124464954121,310.8643040306709,417.1060301111808,474.49738600812753,485.10741671558856
132.43201200077525,242.15375078435108,251.08461778931198,373.8754196183183,281.5949217335802,392.57154106330836,328.9437789594335,422.2066474193274
105.07311823642844,246.8173101741564,317.3383835195845,268.78009806152255,388.025665692789,325.3182066382915,469.5438650948444,331.9482689701522
246.26515023152268,181.93285327605648,295.1440722885381,361.1176950574688,368.2407344007172,374.93318588900604,389.4821145524898,376.04655380177815
150.85929954850164,200.4131936089583,249.82444522317627,221.16667196225146,250.10383835787653,260.86119224327575,377.09994118940926,441.02236692144896
129.79641415999072,29.81973698944663,148.31110737552154,108.63151877167044,256.7513503920879,161.9469564298502,257.77474989256774,165.31546466500308
97.36517267205662,277.10038199325646,247.23482926898498,312.75922417982457,249.18318711568307,328.47243028091077,292.35400352277276,336.45807674741974
190.75911036704653,33.262448667491974,293.31143652280866,143.19009390259868,321.4705866416851,158.53225599837026,397.4445318056832,279.6720122590606
181.762888460489,302.8946211771913,213.2814858772674,375.02071208871416,377.250831353889,409.0795671587461,424.9737753302508,470.31342484315655
70.51711377425781,151.2545462491884,271.9054480377721,164.01086672200546,332.3542737383952,222.27734332459727,350.5080573793448,230.67768399898569
96.4651502619565,140.83630525099457,205.72344163773585,157.61072859014322,332.81962751579897,253.76717649226345,470.59824370950395,401.74223381178194
281.5720021014922,203.89633630115267,405.19803018673207,267.1738071239583,468.1807981858258,287.16223897388466,527.8408756461349,293.60955921180505
223.18757187368277,148.27294605072706,278.025428832194,277.5135839983503,400.7607505480339,334.72146324839457,401.68287353680694,360.5506137979801
100.76154355074847,225.1812474718543,261.0849732051149,237.75222660568778,306.31001890721325,284.74464399735757,349.02497977245343,321.35989904584187
113.8897591278343,273.45695761581084,211.19712841576,321.5149444407526,274.1961738096833,459.558089797653,403.39257715434564,487.2569353399652
135.5871601421646,99.49669758971815,209.35539941334713,306.7260013178263,264.0618577415088,316.33056034230657,441.29551597031536,333.1556138278472
85.57718804624272,202.81057394664617,148.5032888620924,313.2081317332377,194.6841084612369,368.9112101518613,374.25945298868135,377.78767255352915
76.21846891241114,62.10734532591457,95.47664420077493,216.9125909840418,254.0607812261165,280.0235146278593,336.6404053377351,330.30506422821776
75.59511139178815,230.8746318918964,264.694050101231,338.9839697360002,314.08907216599755,406.9004865974364,458.2271426231542,469.3208346069695
297.86003092898324,145.8280111269358,405.69310648532723,225.10513290477252,424.3114896262088,262.24579541344696,430.21049082509194,294.3969900101725
201.474285682481,185.07841064056308,205.9042038150335,206.07164608665929,231.84393161376354,277.91363176641886,341.6093726636829,507.5275417458402
449.1099130508903,142.80448891932653,468.63384097493656,213.85140839149864,518.6088047830827,219.1490741456169,552.1341620495396,350.81094299845125
283.43707038410554,272.0987343816131,349.63140925902815,444.61647783146293,361.54700288966023,557.8943634438406,374.8121600786296,562.7242317358796
121.70826866439545,166.33272965668243,198.72180025659057,323.66080738681137,317.3171418885216,378.69798751552344,501.73456225572994,423.6402182471358
285.0890722066774,50.53777421252298,286.19907432261,365.8758136678134,374.31870757930943,393.49190095317505,387.26402941832873,422.03815018590456
205.52366031459866,144.4141745212002,355.0948692780026,420.78065015562396,376.8228166642527,488.48287613327307,469.5490376240102,524.5782389674621
324.54273146451646,126.38231819486056,408.0786264568105,155.6911606787446,512.4028040519676,172.89757360301547,520.6628184828656,182.60188032441525
198.44465823715618,294.31902868635643,268.00874751329377,351.9285717849146,277.45165165175524,397.69867152766034,320.37347864777115,447.6008996137202
383.5794072139298,163.07589151808932,429.538333811834,313.30915753858255,441.3824971267649,478.5393166543037,455.7803167841679,491.2799516499415
264.6394368922952,93.74096573137687,317.7648082675503,304.63000773470577,427.54736753848107,326.1316754854582,469.4863686463081,500.97412595672284
207.69437048626102,155.4549161884222,392.95076225193736,200.2983720019437,440.57823755999755,226.11972328586458,520.3290204501753,230.43053965703288
186.13278319805724,348.24620155302574,220.8497707061423,362.8804410170732,227.99846084085976,436.571312248825,429.83191663528584,454.31232685008547
38.38463360924065,157.65855886300298,200.71282925717952,386.29874569842667,209.8403459169121,560.3830833528291,296.0431958116661,580.8957723521771
179.95663652688577,140.73176008276965,223.18757187368277,149.27107939003483,304.60759406849957,227.7532426918947,376.6930430247746,282.22793793772615
108.10629913719009,88.34018491411716,132.47697383194233,197.7204903859364,138.05597820915565,206.9152940643809,199.72408752881375,237.82941104597913
299.3678528712199,183.6978760649061,318.84465506536844,282.18930369853524,378.4846718764144,414.39148626217013,521.89945886069,447.152646654885
36.40286301544816,167.7577366746266,157.5884794434533,272.98650091166957,267.92688255334855,377.86223034706904,284.7951143698106,386.05865976665723
152.15040436993024,135.52679199332553,232.37825283743078,162.86496794165538,262.47659683853794,290.9035020603303,337.8094052844828,299.78835796254185
265.6841233334661,49.63996478531991,274.14694221219247,66.56466171377978,330.5833639377067,279.92834222672735,357.9880960484167,320.03372146879116
146.2650087721198,213.2621096207753,258.6917522810451,274.74087524083217,305.8572424797912,489.8092818252018,313.56824879779344,493.39076510875014
152.66277081265397,217.3044992307895,230.99520617727825,245.9220289251173,324.7334738936439,327.4792775966376,394.3714535534827,396.4380848404119
263.21661485966627,58.47118858538318,304.60759406849957,227.00290680187996,429.9550717771016,257.0107069358877,504.04716565989634,371.9766388016596
233.04107303935885,264.6286136901695,262.22673033308064,286.98273480318784,297.94888766500077,292.7418157616541,304.202235233244,310.60624715272536
238.41372923258257,219.1490741456169,409.025312751723,242.99035228837565,620.6113713544462,341.89975277704616,671.0500136325234,400.6753222857478
197.86286099013572,81.40051513562109,234.51151514814362,216.7666011576925,283.70265843943355,249.1920350225489,331.522935682905,350.12793895959834
70.51711377425781,300.7358760279309,215.92658075182808,374.9383383906452,387.9099606947241,454.15834899258783,419.39202186216005,463.0639323592249
70.03851299768431,173.48253547751156,168.64243897581153,187.68221533194748,233.91037229326585,225.02063139233658,263.67683517498153,272.37543567577677
176.8115445106237,156.56492301726098,227.26759679232714,222.7920227738853,309.77983473900156,762.480443666267,327.28983266440184,778.6538373744678
159.6991593641419,59.20831256790005,299.3678528712199,298.81230089797486,523.1674951770633,376.75909213145343,531.7603498119163,397.17742107144954
139.29016340862637,151.24242406403351,336.03886902891423,215.51747303317998,346.2133393747645,223.22234894325368,386.8532227349304,224.22339865638872
200.27049689920625,287.0683179118541,256.80771134360185,353.4532743206025,257.77474989256774,481.16259522339857,323.5214662948276,492.7131314491917
275.6518087008302,436.6000124296085,312.21253296818713,439.04375074121765,318.54097831882257,516.8779591863238,344.10327747153707,580.4273414204557
341.3175064321176,122.1806566574403,446.5982935827511,140.88429944959475,501.2925490218787,386.0616693640405,539.0074242976643,418.88812087033284
57.2191636416899,327.3940282470603,64.78163533642024,573.275678564365,132.3668214135957,646.4589775638342,162.9197614070421,672.7333318139897
265.913493358341,273.4089298945282,271.2260730468802,327.8565930690247,369.3861838579746,368.74424630508366,373.5878891015365,379.8736455250033
317.18216847697465,110.01424655355436,323.48938180628744,235.04840944685532,338.30521806661847,425.6485169653546,355.70214677236316,482.48268515015434
83.8233718507544,353.3367123926065,204.62666992923297,363.14196177946644,236.00851599455595,417.30506640942383,246.32135384223034,430.37617554391824
144.84151618795946,306.90553039643925,150.760690252502,381.0186714346718,258.751037166317,471.6512640115528,386.85121575794733,477.8595951683172
81.41290297303591,196.57786221175525,116.01024775393583,334.4721316194144,201.1894086299232,379.406618499119,321.9756851746367,397.1124762036161
209.14825560408622,231.8478003692146,254.47619999873825,277.29206250828975,294.3121162359552,302.563878452847,385.43214158205586,303.8655930833492
515.8626956604022,163.4380258853255,546.6129177419881,226.00567002346463,585.6215033714336,248.72182248619586,696.3618677899697,259.4160435424914
185.7271552100194,236.25979722369436,262.43716236235247,524.1463005377303,455.58174459836357,532.7515365547291,482.54145618562427,536.8299296995588
265.2898441486073,211.11550259202562,292.6267884452035,266.5342419411519,359.815860551718,274.5206092526304,526.9248713757333,327.8242719708121
73.60792854837904,107.07253225034803,220.80663932179246,259.72428837683725,229.00744730313065,372.49600569786537,232.4706702788222,424.86286923247235
107.25299949291617,90.22508789759424,168.28570270280886,203.28949385720497,258.65632535862466,230.3927917581168,273.69435667793954,290.66389209005524
74.56358780508752,127.28778958450195,132.76869390143236,248.09073664812001,207.83089859423686,360.33244315437395,284.88544528232853,579.7592879708458
180.30471342528165,113.08246322389655,185.17563382622706,149.6192422195573,421.99340536015694,237.06870871058618,449.37074412263144,618.6483519879794
300.66564399726013,94.41445983689474,301.2321065274137,281.22829608656326,385.64117589357033,343.6612698119638,415.5875250733429,359.32034088853305
215.91866164969943,220.3980670342338,339.49062701588326,450.1136503185036,341.36915956355045,460.5518192680832,376.3757804204484,490.3774943693503
200.19646022664023,234.6662499389797,208.93053533321316,246.97084422803377,269.8891915773698,264.60388635552795,302.7913386936474,277.7015281505898
66.17694514166705,106.70900031711692,182.06906204888173,129.37641514798148,303.96253208300203,151.39639561036844,393.6804252785786,354.7908404233205
94.1204820220053,228.45068964680368,124.68018726151419,265.02441338980003,232.4631499396658,277.4743070964326,301.34565650273765,404.0949102846297
300.1946887243435,108.69157710714441,407.55318078562544,200.56145052403886,446.80503142852524,202.5607582965676,455.93009601520583,319.2952024351764
363.5345961935797,92.27864938438644,386.54413059879465,387.65807337242774,414.448805285926,436.96127643668734,418.4007533484699,457.05990231479126
165.91659775799138,103.6693613682236,304.1661136819615,241.23664172791692,305.2588407876022,278.6433053898018,308.48962117132766,365.84948889902086
206.58730987926495,220.00131155597515,259.10636547347264,289.9007126507177,285.4739261786705,345.843674119524,322.66318877713314,346.2750160974122
328.09737011662133,273.171845803794,391.27502095596117,319.1474896460661,453.27437083937383,480.73637696560706,497.77347228824,603.5123598741827
80.09871283255133,55.50197639056503,497.8480426619065,164.30181737580665,552.7622857829092,337.8627674807264,679.4720244388311,351.19296287173296
324.8481712634576,127.89331907112208,398.63491950418177,250.28353151517058,433.1522093220741,297.81826556770113,473.7687812347409,346.4141381369304
89.3717492705459,255.88214522551752,124.75612187797756,416.57403768079985,346.7997857182586,449.0786646355449,382.93926832486613,471.5911744509333
265.0933206376468,339.67339843264034,293.3395737751047,406.87471320215354,328.92681983243506,414.32297195847167,359.72265557575827,424.8967724703517
213.91582754442518,370.37978359434663,229.00744730313065,397.82131887633284,294.61764401215856,476.0982301126759,304.8248333894468,533.7442719784243
273.32742643441935,147.4037851576843,286.02576165979883,212.18227117914066,375.73210124481045,268.6943410843204,378.1929934230243,330.1631871713959
325.5185516753064,217.68375065337474,378.28385702840166,241.62618462009652,380.7228770492515,284.2693418753989,440.1195510301646,444.72502437078253
145.55891220523353,182.95791598945263,198.14159453777035,356.1166531843824,206.98722209044297,435.943197361384,280.4576136314811,466.6800458187614
163.80582109528473,247.20917162467646,169.80797557198125,330.5980259896303,264.6726780038099,397.08534670976354,348.9976923830807,410.90193841211425
257.3016962538434,279.5182826042141,287.2709733825355,290.9419945510232,339.57176269140496,305.0800595395694,371.597761099495,401.9838733219467
100.68598930561986,302.52219875731,484.441646081762,357.45945842156925,581.9665740592236,407.8499452488425,596.4935388171823,492.3557735020387
257.2010660129007,260.86119224327575,290.0175999252684,311.64942443456977,307.2417748187891,363.7156203726898,342.18931610969173,368.0983356328339
78.31835644853363,301.94831013037884,211.6765043578995,349.2262138487934,323.7509428036601,351.07071449365026,422.237912323298,487.2400585335171
138.9920977581193,99.65512863790323,169.8496243198097,187.7683212687039,221.3894600367503,210.09726187394511,465.87458224430054,413.62176409524966
114.05910399270763,216.57638359227144,145.5100446359724,305.2873278914176,238.26510082542478,312.49175213723873,390.79841167281506,327.534121790199
239.9623574702297,59.20831256790005,260.8271934952101,300.19099035181074,347.6837213978921,392.9823304415778,368.16395941458217,425.38689551108524
321.12017989700325,174.31582213966377,336.9389448451416,292.6500580038232,388.09531521416784,463.665253703844,415.95176058898176,543.9135968653552
341.24798871910417,199.9686686643635,343.5457452007961,276.5241171540817,418.6677976258705,297.478758491039,473.75330910650274,401.421315482823
67.50451542412013,327.4792775966376,224.58740978452494,358.68646777301984,228.5562486772353,497.57447332358095,238.2134702936727,502.2520175228086
272.69018512488265,177.1938881502114,400.7324393994261,260.678099195293,415.5875250733429,294.33827674669055,432.3770217437298,294.74286103487975
271.24326117610826,91.4514559160197,311.74644850697683,333.87036231532704,321.2461186073635,355.6825714571366,374.55513380577594,437.2404741439839
421.1058390371197,313.74291619261214,497.322143884697,520.0916742586119,514.5119293471183,596.381462677591,522.8603024618584,675.1069250912228
170.92581410272862,294.9826185492482,268.4360023708439,368.82653735080686,353.07060921645797,398.07253348336803,450.40789059177115,420.95099163602066
202.65482029257794,213.85140839149864,221.85364464657334,221.94293694793186,238.884840568866,242.99035228837565,377.332717480092,345.7380068115947
193.82125706112328,70.51838125445389,212.66046450827554,124.50119480023315,244.81435462049348,313.0292330817147,291.45480169352896,327.8566769517005
68.9130883267959,350.8580485763357,208.97241471170022,351.4748393998281,368.2407344007172,553.0374331044026,388.03359481700426,580.3013559185034
221.16215520326617,64.50583296474083,275.37942014124366,212.24070854717482,417.0238590007144,330.28573110009694,469.76545593707607,330.89627165277085
172.92434789160276,145.11089310636913,226.2172622333291,219.61266452837302,265.90449074754946,250.60963256444836,277.5152744953669,344.96920986244413
78.89664390523437,100.72736574248258,130.6811283895004,139.6847323477318,257.3830751292566,204.11224679095895,341.98506955315486,242.44831717169592
95.48679781936464,145.07596798785812,439.6172961062421,191.8771589230724,459.6069245352563,316.913670719255,481.9738491879494,325.78879050850304
152.30684860129097,78.82041505768106,215.01331574950783,381.89331888419343,267.7745189977568,471.7191373270541,290.75164123356774,556.931099866842
86.26837118107196,93.6650280713542,187.9605042320334,270.47568056740846,375.1408310974195,331.7414114146709,458.4097203155784,341.5451335329494
355.0948692780026,243.22251770098455,394.3714535534827,260.8785601315649,453.5217148179032,324.5371689744053,462.64539235071544,468.7127283294465
43.08737053462394,153.2920783800611,105.2144782704598,261.73251734972825,368.17269808841644,283.79249212070664,386.3040813245398,384.42787942590684
192.86985370696215,180.47107728945633,370.46275439196825,246.97084422803377,414.7113029963923,335.3258042234068,438.8798403983475,498.6509259315156
135.4021288718824,162.86496794165538,275.1300786205822,250.15129806017094,304.765705684808,355.29381094483665,433.06206242147744,413.4728372036485
177.01978899509658,128.17788274271584,306.5076278536915,349.28625020374,322.06014874554126,360.0054703128307,339.9646931875564,367.0526520524324
82.51952577786315,286.03849917500816,101.50212086385181,360.1667221266873,264.9489967031183,381.20937940303867,309.1366396963858,395.6168154070041
146.74230652021876,315.0975822913913,156.3624735402167,402.8441176298973,163.18463161294412,415.0318843479093,216.37529211126284,485.43332222716845
160.39983546306047,226.19260503322676,377.33912374569377,296.28364785804024,403.46295256045335,334.81203159653,409.8992202747588,358.89303505809914
204.62879732216126,89.26543662769308,359.49295283785074,174.0718364333764,578.7271196839531,286.4803251466519,603.2507198773795,299.61563212864223
211.62523456832636,118.54992539072163,248.44900654119246,171.54778751998882,255.28870715533682,435.93934579366964,256.0875685708008,437.1333784715614
75.88120996044948,107.03786460170316,233.1269973150989,244.4019661257414,353.35868626327243,383.5369169384939,376.40483935012554,409.23910905076485
41.75649716821279,231.95556320294858,139.92522529804273,251.01874864170904,336.1153052151348,453.8045211847815,411.92434860243645,491.28160289537584
251.75150285261583,144.24873226645482,339.65949242079756,229.91922112015087,372.51205412308923,234.4653947485044,387.4992745897895,418.30070324078645
113.09251506873468,67.58939858256198,246.44309025874736,114.24167328070496,314.1320305350322,206.048958063969,335.6714886022802,223.46442530168403
182.41654520254224,175.15455571705377,216.04326095522762,182.1743438196369,238.7506635547513,264.6630684001364,257.77106589105955,270.18364730905535
135.8995751923128,312.34440632687017,143.30909159520695,337.39672213063494,243.74248164945422,359.6106535454639,280.53930736316073,394.73771096523654
74.02134398985204,80.29161597300548,189.69575064406973,377.8751269336869,192.5084330857508,475.7768189551996,376.49437176042755,478.74082619532726
158.5386013093287,577.4214568159177,223.83689228307682,627.3291499929694,765.8775933973274,735.2127588209562,787.2530408788999,748.4074156286433
306.25494906169286,108.12658571703582,358.7171064597207,174.4205796347578,375.8148253911183,248.24594367078416,444.0564683838223,320.81509914062275
435.85952056683186,206.90281982007014,436.4565330869499,228.53554402212902,523.3757223975412,286.22399205267874,536.8403808814859,331.0816470807229
174.4096763832694,147.16312545004044,238.60729900395282,264.32192962992843,363.9199062091808,314.3225389612277,370.782270393786,324.75221197563974
240.54341022136677,200.4537072217204,354.00036911841437,204.59773080781915,434.8396900617383,235.30190143981324,618.2071643403901,315.08123314752714
161.249287764984,51.709506053630484,294.0718610053994,62.46903045357553,476.59405347663034,200.51162914676735,531.2264875320453,232.10424421394282
97.16030751087999,103.17254191225183,458.41215100470646,403.8842674061731,493.07201030024373,403.9888275856943,546.517447742386,547.1381063069774
285.360418306231,234.67163620640656,519.6897058404339,238.07366215123534,540.9411102391607,330.73215056184637,677.5239388925856,366.63317220338786
199.94267727599407,97.0193703957199,341.3581753670761,191.669595502394,350.6999214551754,251.717655972842,384.70057702096335,399.45864294883165
295.1644947707032,302.146366214653,330.43689904111324,372.80642017316296,373.349304182683,426.6510720602604,448.0233571458143,464.89880843530176
292.1236569187967,96.23961480294466,350.726164155605,207.41722801737953,476.3171669664188,276.5436373869193,485.6959734596033,339.67339843264034
145.96361671345952,395.7902125180495,178.04160061990115,481.9258626865488,204.36394248687162,516.8959997586122,229.40143268759854,532.3064842840905
219.55735434986678,236.2846805115305,237.5439254732144,287.27464107374414,302.7913386936474,368.28443808865745,345.81317523360036,392.5203918090774
169.7793525629165,74.89911604155088,238.26510082542478,254.12082347367706,298.9592811162927,283.86845594482253,415.7853036160321,348.4221013574714
92.47120033573484,332.23193054552667,338.3027929660422,398.24924636237427,347.6450013996773,417.60922141951374,397.16982394825976,422.92596635583556
118.90813718110918,208.45499982857376,136.84398806644145,269.24210090568477,220.81593665178337,312.2523833849365,222.2983221359841,388.36942202755415
319.09231753497346,263.66190579298353,320.14158956155836,279.19625066466807,344.1792940278067,342.5358766353696,423.5735575255082,447.4878277416755
394.6850244298422,104.92620770439436,495.28315061508846,209.12310794452642,500.55158282040054,249.21480859571682,624.7265849594176,325.9877497587443
82.9023521362057,134.7028022926705,140.0656286934983,158.9952021829605,278.0709780112929,204.71116177402814,296.3525684815579,245.6417245692417
239.77121808117911,181.11600388873194,343.6559059911927,239.48777017934998,373.05263325882186,356.2996002388816,374.1046506115705,359.5217904324047
136.77648277212344,102.26416426523284,221.77828769368364,349.15055433096285,476.97309956302524,350.89780429959643,560.0589144469318,353.88025863207815
192.29917043590487,115.18745180488149,238.9762784491967,261.7646849235693,409.0339069912,354.96637872177536,414.2341174757963,386.59203343576695
183.28066349615716,124.54974408267942,308.2685398474788,250.61834902158213,322.65555876254666,302.38888828053115,351.4134765680552,382.0072036180932
96.43366667521349,298.2511252850903,145.25645209183966,439.51674258183203,194.43804784880783,497.67105575108934,256.5928329990672,571.1144880915197
115.19404428726996,135.51377046653946,192.3242752132889,197.48605076183586,216.1855911615093,204.5274418921188,246.44309025874736,247.2498435454656
141.09422645673408,249.26936390477195,240.45213988913596,391.186250703541,256.2791560793261,413.6683638678624,280.2499655942643,471.84695367725436
273.723665285794,254.6191641643575,326.4291756149129,287.1435362364146,390.8823950450793,381.43406504905795,395.25367993309834,419.37524046713395
205.03208341223507,188.55812325393305,303.2883142182336,286.25191290535963,372.17459654011066,343.2213308545812,391.5110359123464,362.2848405071153
80.01380914695332,145.62524085725394,115.26048266602712,202.5607582965676,302.762433347933,356.805415028056,326.01259540966595,364.728598490813
232.46180435517118,216.3859608432158,257.2010660129007,301.9977003293362,323.9890054288057,369.69585851840077,333.82330667981813,383.08804590680523
174.05125697550753,55.25627907591113,300.20857282566305,180.31018755891074,371.90796501109315,189.34180455996645,387.99992328981915,257.35561002949026
218.36288283969864,96.78688666044145,519.8377236896305,149.80034117212168,526.1410543048801,335.53490258015546,532.8910325484619,350.05792256493584
134.9550528616789,190.96727540370264,135.18309942146848,310.79319519955686,290.95428118102006,354.3114719522446,319.5963165429961,369.76894166678846
283.70265843943355,201.7725141745558,461.3499816719608,216.53280547635504,464.6216505173543,288.4118074119132,474.9536755383113,414.0529801064682
144.80636101561376,117.23043568296166,265.5141276044122,182.60188032441525,292.2670782951305,186.72269109618372,301.1311605432451,235.53181847750486
211.69216349256442,132.95755313423157,340.15560368699045,375.02071208871416,366.93631284878865,408.0490319466887,453.51343368778396,470.5939480993106
196.31744745522911,149.91580499005764,346.3666432913051,178.07659902916848,438.64693636629477,281.679939084026,553.7421060637328,437.76911990310987
194.40760221227023,248.64490833345815,608.935130840128,333.59902118777245,648.956095597811,538.5776667679502,725.0112733938763,539.5482409802943
164.72971832815662,478.33142828765887,168.6000568798359,596.801452784613,187.52023827874737,662.7838395195776,217.36527377814312,664.2049899390004
202.85882113498215,340.0114816094662,248.5064433045374,381.37546416048605,261.3060247708492,399.5556144522725,261.3192010907004,526.3800106085648
330.40926023217924,280.28708634949345,429.85084123723465,455.8908355005383,540.8583192946816,493.49548397344836,646.7387957741158,522.7727549557773
180.3295519679462,174.44228970908924,217.42194230878044,271.0289536068041,227.11913928219056,307.29262917180534,329.4588768952957,381.0366029491524
189.98011023057418,133.47569883821208,332.0019906745937,316.6912204382265,335.34301173745274,324.7113347625088,342.07097355868746,335.45173710888895
107.36115493196418,119.8458110584081,253.04844547811936,225.68999006002971,338.5791393841219,343.58723330471224,399.9837355514102,418.9548452284975
241.69706777798552,193.509842988853,289.7202037011631,251.717655972842,558.3752247344153,259.20635452485885,637.8089808555235,269.68038683047774
210.6921332377217,463.5100771983049,327.2873151064032,544.0115212761918,335.0752396965018,592.7248612878469,394.1940910232243,622.7252975305798
133.3474778739596,117.41691262402048,208.43645369938554,214.57811168904988,276.0298726581782,282.39322143128135,305.74423412865025,413.5216150898659
57.15399893428473,153.3665925469068,188.90451463382885,266.30597829646706,218.44680574126102,309.8507787669959,272.67048403817006,323.24000135308063
282.861356707774,206.67252213801268,286.3154409327644,302.04614282415895,330.48560822873384,327.724626045657,354.7159034602997,402.79371386911333
53.24403519144398,385.23439735225315,197.59525712534023,409.542154529832,318.62125012581777,424.2692386759259,401.08938573185657,451.91563427031326
180.75532120674137,200.5077318345092,299.5719372488274,256.4847118615494,318.82167414788194,289.94859263631713,336.9389448451416,342.3735507512877
314.0641009930952,349.7184799914239,333.3851766023762,477.35860569107604,399.3863002325288,511.0434717427311,441.53239009118266,546.2099800350821
253.403172042945,177.11623245688043,289.5143036006829,278.5297732178608,334.3691889291603,462.1564799194942,491.1285996548085,482.2697514100314
328.33143722733615,169.18390879394664,441.00761677568886,178.3070500699405,457.12789630428574,203.9459201955084,472.2363530104334,290.16320667704724
215.56670141778002,136.92384152053725,295.1417028711814,473.7411500909158,329.0807230010635,505.96746427504587,337.4676106714501,521.4789533686018
272.1434600854091,255.97599768339407,346.03663806707857,437.597992611974,433.6822177583786,456.5945716725213,472.6889003212657,522.0666855269482
121.28519814846054,160.47726951970648,133.87010381838314,350.38497591608854,237.96174620996143,370.6203422130539,274.14694221219247,392.74427145997225
85.57718804624272,152.27417615721842,109.68556466355844,201.9852369451969,229.1810923996604,354.36162435016485,312.8295178909273,418.6276106117676
197.21377405441908,100.63343575926028,210.59678642126295,329.4372235856858,235.3386026013,406.3124665394266,280.5419988602394,407.14958452108334
136.96362230247072,104.61866075462687,353.8666801406133,156.15170353309267,432.22460556647627,203.99012689187887,505.4749665934035,288.61388837166953
260.61142810444767,138.2060832724246,374.91199522703585,328.03867292315465,417.5127041850622,367.29552536966287,468.1176924476677,385.02491817023173
203.71657719320382,75.98339155396643,208.62377996573312,191.4490794452744,213.19062211827372,192.1858007160259,326.7155009378154,303.8246170855625
123.55930464705361,138.52995727852917,187.18796257371213,366.01263398197517,203.09272484713054,387.78961085873857,262.24394269226536,413.50656630644005
260.5749709452042,88.23036573250923,306.5076278536915,172.68749044204074,384.8654531276848,210.03520923253203,390.75243354353046,340.1422822084045
271.80675574746334,259.7365039062654,468.6283936246358,261.58130747962844,556.368605967917,332.5736571934846,562.408571470707,434.83960847954097
57.37973893218502,147.26395513415648,242.43634564030282,418.25804921986713,281.1912126346989,422.24329129692586,337.4676106714501,477.57292853138284
135.02254275781257,117.23043568296166,235.00808740951447,155.6911606787446,290.58036792826726,233.47886121775792,305.1636916164101,295.800472507688
129.85358552263585,181.7634325486348,147.48597005099225,201.9642762125386,179.43891468409828,285.94235740559554,198.1481311334706,345.56860490507825
244.12220361191672,146.7693604254293,320.7705835447,156.14080397898218,351.4526346719349,300.9839193366366,366.2890052912643,302.563878452847
82.51418169928576,204.55425758252375,98.96484271016686,292.9986524385628,436.17640510000393,315.6347170286056,468.61279645503214,353.3367123926065
207.50378615548988,214.22340547767965,228.47729862184156,265.4524928735984,242.5600917016199,266.64013310760697,421.88106318578355,364.8541099207285
358.4870911982037,275.9804179607072,406.93475065330665,301.0378537942797,411.3878983109235,335.0546708340214,419.1898067051283,337.0292666909297
201.53853455883043,225.55635182606719,214.42370912059843,238.68150021354907,231.94359754669054,243.09987201029685,266.19117322073,377.48148296039926
214.91879947475294,72.88343069003753,229.973762136264,179.70164934540475,313.0419378682927,183.31526593917226,339.09949361434184,198.36437187162085
118.44690677151547,211.74263509097992,270.9323426225886,312.52643776080544,324.0222648624699,351.7722698293833,350.0005607900428,469.8107863267973
427.368405077252,119.6878920509758,456.953053630624,199.09618011511628,464.5299988779879,293.21052411383636,540.948237941301,322.4452584385816
144.8010779574057,239.895634408075,449.07404554772745,263.95698910187,562.515126817911,298.52290316085526,564.741256197863,344.0392565190037
170.34811916129877,48.00174450898842,280.0673013867388,232.39642048068012,298.3243474564966,381.46835752287154,308.47958198958423,384.10239987429895
272.95354870406067,230.83329590789404,307.2207972425575,315.69296927150856,312.47566131633994,417.41031249257344,421.2065290428681,525.3296384272661
69.96117710693743,90.61738392145715,118.46097313536936,162.41943762569136,324.8657517726208,338.0475216841019,492.6938936200768,394.63616199325406
146.10270656828752,180.9313028319488,265.5141276044122,223.16845274329717,313.19080191168854,250.25849947517364,319.3499230283579,332.3442962701743
144.80636101561376,99.84454988962028,146.10270656828752,267.2042571196182,262.5311243303898,319.98222489742614,353.1033251545467,555.4951654155999
331.5459444807177,229.80444792669286,427.89046098854715,366.1739066675031,581.5309224128237,394.2893417317964,599.2703184787508,509.5628848691903
319.83379531360305,21.025864695631935,326.1529503175507,141.14403932479988,401.8771898983208,302.7873432066198,410.03225444037963,321.3383499919141
303.9615510278738,369.80307405141895,406.7040965959928,541.0346550784847,409.4902436291106,565.0006946250904,447.4551988486988,597.2890337604583
277.45165165175524,104.62478357918425,409.3727966142416,287.1150600483205,416.3396309450658,324.52449773800515,431.10356086909275,360.3795526047746
55.03255702216048,69.64939449748843,128.31987286459014,76.09000531339403,306.0892048681356,136.3701313364134,422.0480774704718,349.62711151746726
193.86445010731728,77.51335602630554,306.95782332842566,247.13142398013062,314.28919448658144,277.81384738167094,426.9480477418064,278.0398426033852
95.15340438582335,81.24051423421439,126.86995304808954,178.79167050376634,347.0977616148272,192.51062523185706,447.24364850886633,280.0667323892516
212.8931251675722,94.18183316391338,239.93071759981942,153.11045628258066,333.2573399189312,441.3009471593024,481.5898992598474,533.9989094595791
110.06209522744061,45.16837298842808,131.05601356496535,133.9202215500144,152.08018006237046,180.2665249134091,170.7618077276346,427.6392991438223
100.6117334375141,291.3931112603096,230.27502964126631,320.6858871628932,303.35059909963695,326.6915517256236,474.844013510169,350.11469662611665
197.29018029319909,115.30038071071668,324.85669500720223,139.72205830465663,350.16824701616,257.46808639305,424.9737753302508,326.85334059024194
79.88858966660916,263.4172159584028,270.56952933398424,313.98940580463915,306.96982633556604,343.58723330471224,343.8572466277037,405.22111122224976
40.705858336185294,272.52340884396637,87.03803548526164,325.0092450505238,311.625511857716,401.10320989978203,474.6677113092717,455.5357121940446
167.52108309847551,225.77269942452347,255.2219687813133,302.46541567163405,347.1058585683886,400.90047580494405,386.85121575794733,413.28316192956527
207.40414356731742,403.8842674061731,321.2043315575643,410.40732885901303,444.606796548586,435.78101083510734,473.66128656577484,506.92024656080616
62.85423071645131,334.45890742504736,81.69043106320434,452.9016991654271,116.92608151502775,500.98921096340666,211.17656425362165,587.6482076711592
153.27198570269434,99.2290962600263,191.8933805783326,176.8928974146012,211.69603897577193,278.29195948403077,250.45057865438574,320.5501236058485
82.85611779442124,187.2106638160661,155.643810232303,212.55313437524674,251.85106807703113,234.83900504271736,344.8198246699793,309.2392300499984
206.68195190692754,89.18650752224978,438.64693636629477,296.716785433228,480.42060852408736,621.7892559897143,633.4792938206593,632.189328718892
261.82545571075156,240.25369070630327,296.39265034570354,289.42968807412416,298.7016411392111,397.1674641821605,344.4906250591677,492.7107303697475
111.93907507583745,446.008710274455,221.77828769368364,528.2694791603028,442.75837795984353,555.4345150738984,452.4296361486941,560.9342702073019
171.3475326259627,225.95688741019777,194.92026297056688,343.78781787610046,236.7567563452996,470.1856893611718,262.056816514569,521.4312866571122
107.3496118624745,220.68416765453728,141.54755901790188,247.20917162467646,175.20296181392584,397.65007432697433,209.68599092853543,465.70744871346386
131.45055073915916,397.40230860623353,151.50359076942823,400.3537363182955,285.4739261786705,403.2998159917939,330.1173926391246,404.56206938214774
64.71631301795755,184.37858668714645,190.77340115525539,300.79083016079557,241.70600195256708,343.661427916404,255.16109931629168,392.16564489201755
253.7986552272159,255.75378336807876,338.5767109230882,285.8523952691133,346.03663806707857,433.321481828463,355.0525441720523,439.62300581323655
92.85811656433067,176.78602611114854,142.835036095919,484.13470849710245,184.04704680834564,527.1329623934532,192.18933939903155,560.54044435038
152.7110018213067,220.30093762856933,209.7790364040295,537.0425162249281,316.23433708803367,542.6647623443424,317.6973126910962,584.4210905169277
155.22278869403817,277.59570765812344,177.57637203106395,362.96594508805873,182.62693412419713,370.34172894350013,234.38791386642723,386.13250932591643
93.42692654467798,377.59642206236543,177.03168308495688,378.38130289761324,183.99892995016012,382.08280657384597,189.6343361704047,446.4716338589577
218.89871909239403,80.54572705488054,295.7665456962248,142.37473247155,307.4574181546991,194.37109796823572,381.4358050128224,217.7201024506072
225.33149422784317,103.50862384412208,370.6195514957679,120.86630154608079,391.06576335012693,366.12584740917083,412.2965289929665,389.8678784220732
144.8439036319395,189.6047454091436,161.21981435719735,390.6848355268912,205.45280336779743,400.30878112939706,366.99026368165823,400.3598941104245
113.80011056406424,193.76194429915216,211.51959669267524,378.0139604331064,235.24686244118018,418.29133862888585,307.4048883501393,425.66061260934646
132.95496442775314,164.83354047046896,268.9690952771627,184.60280255745397,310.78006589176397,196.96168080693002,344.75465574657164,200.8685938731786
141.44333405833578,136.92384152053725,276.0198646489626,338.7702084898131,314.7793875616068,399.54935407988097,359.7729478905115,545.1556479708715
149.3428504326982,143.18193585043397,185.86993274569866,292.9556754910599,294.2304264953726,323.5945032761483,342.7916900826759,364.9654532316568
148.40732483136264,329.8060186463943,181.57944076434646,394.2893417317964,193.78612411428628,414.6595562159931,258.79685187858115,538.4285228957201
115.0515246303098,10.522139680357743,151.8114361510919,85.9883689963808,157.3312243555307,275.97647180085545,231.84393161376354,279.83531084077237
196.11540144206046,116.38859902330088,211.56083795419025,144.70543994806792,362.50649656526986,254.57182270612438,457.80030206414915,268.1601914312939
301.8341811696494,305.82563787803554,337.3834217208116,381.53424773226817,372.8588187830549,472.93491623910523,436.5624312281821,513.8055512796327
243.74248164945422,74.54455211112588,324.86258125992657,90.38361374648562,343.40196042435167,218.23472073283278,357.98424451515183,558.1257275854109
204.908391778792,154.1959630813487,350.3105931811044,204.55425758252375,407.70023488933526,305.1048716170152,428.5101019211839,321.5696927786527
157.52249996496187,130.12928257022446,172.9169263930545,144.17197782560865,315.0464096401754,342.3104562622599,341.8829430801548,404.65750556361866
111.21223873516855,340.69899972760834,217.68929642232013,422.72868152454754,232.911125221749,465.9869625138039,291.5904614867997,558.636814831119
75.39997041588089,277.10038199325646,154.42993382596612,298.2218552055204,167.47028949510207,320.03372146879116,259.68096648297796,340.9506838814761
128.84666289698015,196.37149338152307,269.34676077878476,244.41613883439885,287.5647644927493,262.0911175432736,354.8840557340126,307.240429312901
379.7209080311027,135.96889956628456,420.05340478023237,279.8772657929421,667.0412344981204,369.25075722299994,883.960859881431,384.5745869355702
358.0314365641706,264.5292566125799,368.8749540391748,289.22510863599945,446.9199933651592,402.02366591363733,466.32882088986696,524.6376628055365
96.75712455642909,138.57311257254628,247.35135228708933,317.1846425191154,294.04024911555103,341.547844552692,394.09193037959386,348.2386555491704
151.19369191946228,318.915431517067,247.43016311559018,347.1531893667071,273.0626439419732,396.3496131661683,418.8421596365313,444.70951778681444
105.07311823642844,139.2452784484559,213.1285705957069,260.31599045202444,466.7629217264344,296.6926527152404,485.691338918397,318.7459781241577
309.6045678050774,155.31911732373402,394.0979583610797,375.5027911778483,427.6216546910822,400.6583673186493,438.4915083488824,409.57196878664587
183.3370254850899,287.753680880069,200.43833142160935,346.82251859571386,297.03208416610863,414.15646811163714,343.7395733992803,488.71950708906303
80.54189519479031,96.78688666044145,261.42532759413376,178.64405027139728,389.6656548676621,264.5629455355334,411.3371587211547,278.33403132083595
87.58498353549226,210.09726187394511,151.14208774606178,212.30804779090082,280.8662982934016,302.710616934966,482.49890031841795,328.72595100479805
90.00319672210685,148.27294605072706,266.9887623533325,307.586257028172,284.84296166016605,333.546650620332,316.64740028739,348.52704249360096
287.62629784259985,207.40784825222116,341.5249522210155,264.8538067912119,378.08513659081746,426.09389845810927,451.45839581919756,435.58723145599487
169.5874143019905,70.51838125445389,343.02549945128595,126.02250260755214,474.9182057373322,322.9254211688601,485.08111199822235,365.1735255226216
251.1447026052065,129.66664752540356,324.8657517726208,292.7216391947729,339.39402164137385,299.68205849097524,443.3117287420207,351.93375071842553
261.5515751673882,63.23807946856532,286.1602817265073,359.2088065104274,287.5319483980931,425.27906443492526,327.26123916477997,442.54959554076277
154.20312941079592,53.478981681510874,181.5868564036692,206.90281982007014,243.49204465952673,278.5414785945119,320.34161315642973,492.52234346403947
163.5267848330922,79.41566695854982,177.80307668677293,103.14710089772281,208.7508391077256,257.73840159759095,217.20839981207428,269.5580733826288
122.74392871391136,312.4479047477732,136.89744536571988,333.38589954610023,146.94251896189286,367.88224556048556,177.34309230951317,446.5989775778987
117.4178357998622,270.85492779323056,216.5499754634546,275.9804179607072,328.42388827151257,320.96091359517857,334.9906199197676,402.5110051165623
147.44012577951182,186.97890080123855,229.6683956211945,247.11665567681618,265.10863202701853,398.55431788480786,315.0464096401754,475.3652696939059
143.9673660730097,81.68267365827225,203.81429677960293,165.0383404160067,264.81547353875516,204.26204192931593,304.765705684808,209.77670156351383
220.29612491890663,94.11224311047681,433.6822177583786,202.10602714387306,464.3856669826347,211.00584060528385,511.91544516481235,274.82707891086505
151.21479796533748,146.39033481804606,346.27459285573445,338.4864366915036,353.98642478448437,416.7218751498793,361.4915787221749,535.5749280904555
177.37400286501725,274.19733947491693,211.38609508456645,354.7269909634839,218.21302789485813,424.44664982749345,363.2389065264109,429.55272929864026
200.0467453293749,167.24640154780533,206.54885800359736,297.5211473552768,367.86342344164166,402.50887673470135,374.16827994386506,473.3891613739544
382.02630429704806,294.4160929654401,448.29978008141956,396.32726068638186,514.7870176941108,440.1072500373014,527.0024687326232,454.96504293784994
101.687011980667,287.7196992301831,144.96266013461067,302.72349411274075,338.30100096938924,372.11947676526194,368.24162892574935,402.31912938204295
314.30459298472863,48.130480021045834,428.0059251179533,349.0324165797794,431.359200583516,351.53838376734217,594.4391583306542,367.9921520721432
169.66641026193193,287.6710119042237,479.4060332414574,288.3849401462084,550.212397919287,318.4704768117838,641.8136150175312,371.88461748635245
110.78869753427372,97.20665573508087,233.73406901073034,251.3239680528789,372.16053602526074,500.8481000431968,404.9292718222647,607.3335808791793
110.16533009068587,179.9414573447409,425.7464098730661,290.8302088612882,484.45606568971283,369.7282883800363,596.4466353931397,419.2398908161643
117.63488099874078,127.03173325451738,132.3668214135957,138.54443796097456,144.40488483560847,182.77588561450764,167.34132230616567,243.49523550910368
153.284380578991,149.27986515778653,347.4520549039506,165.47561446754972,350.82730871326663,187.733151743972,364.9574428368025,378.3539513108131
89.86988970133226,137.27473317717198,205.93324970361064,318.71184788236866,230.30953972495124,410.9364857001966,289.5665034438158,414.1360632999305
86.70167417881547,142.12758430176137,132.55764106032984,361.6435015859902,228.6631222554395,363.4719041516111,255.28870715533682,456.00306094707497
146.43152147226962,172.1125285419123,147.66384826442018,229.9785420690735,204.0305901263968,237.43331503488378,223.130483183361,250.5461273617507
226.58907057461076,171.54580701989215,253.42046490345984,223.05721865898514,326.98524076682986,247.23495559366822,340.70267377545605,275.41849913620234
348.24503095488944,209.45550541426826,353.07060921645797,399.0484909996518,362.84543358383917,422.97787188098835,398.5663217919544,484.9331052604588
344.34191454547,96.70904894968396,354.87766813761334,150.1884668969504,430.6785098171705,168.9995822829225,450.7421328788663,201.74831848259484
169.323037962281,262.07235645333213,202.88734043627414,301.4804135710211,209.81641718246743,355.06444482369875,246.91152652072975,414.17973157665966
99.71926083195245,86.46170880406031,185.95366234716346,205.39410188301267,265.1732108060837,275.1854338433373,383.9140199931737,300.79083016079557
218.12363861907735,41.50183131403537,388.60421790892235,291.51878299568136,413.7980435629576,373.23971833493323,488.8946190665889,428.74026988299414
115.30364486483553,211.2409167596203,184.7321519113678,215.6614082919278,481.62254661810806,324.10014264853214,516.2371598362776,326.33669924463896
109.19653747129585,187.65228528354865,211.23636302255713,212.3387525687994,321.055749204994,291.0860608062121,345.0971190718852,318.63595826314196
201.474285682481,63.94321555695941,241.8351741643052,135.81811655144833,328.45949810947957,151.95301264453806,346.97165452649256,188.51198589784912
195.73612820921713,192.0454343256738,330.1573724759784,201.12001431790318,348.2830048644401,230.1409200307533,467.0250472057407,257.46808639305
163.66890779562655,170.1419687580273,192.72407700467343,246.7054268975481,212.94094191718185,249.86580916254798,448.6949283830738,251.25871550594204
218.70246814728267,98.68722574826398,260.6809936433254,106.71061075180414,284.66439053807954,119.03795093421105,385.22859319948446,221.11886513810907
223.16110305063336,101.94268074352794,232.87089130460322,130.92939200165668,365.2248315782562,143.13497337597545,412.8810187243624,166.68509519363616
108.09504775732196,112.27846724537918,178.15729356739158,205.59127257812492,188.72093917189636,496.256600630944,308.21035042418674,615.5600451998333
126.39344317412314,136.28110836169074,236.5644553108509,152.30934515932051,352.51586176862116,199.96250181623287,447.78898434030407,286.54048469869696
108.70723765104002,104.55048667664387,244.0204889731832,166.18214383030062,340.70267377545605,226.7913154993248,416.1599119952157,278.5457180117154
126.51611102228927,375.16136934595374,349.02937136640304,393.1754673936325,457.79840823229046,533.579431791935,483.81796313969846,565.204236843898
80.9669136294505,97.60996100621743,357.3469261562291,411.1338426353717,455.8001260659524,467.0673116707042,560.0645650962847,493.388402327393
95.73727159281403,331.48659444067664,198.62111369753322,343.2213308545812,201.53853455883043,425.65634154699893,313.34190011991313,447.27179903045
194.04258236398803,298.1337866296691,307.5475898842955,366.71363588053174,316.52864066289146,375.246804992377,353.3879228990826,463.2223714014879
186.43129343482505,66.49283930556746,356.8241402291696,152.80754344598014,443.05406708110564,213.4046294816752,468.57065148018916,223.52528323705724
105.02093974060948,168.88808986208824,141.44960632498044,364.3389141028859,196.030977715072,371.14660171516744,459.8121620482201,400.64245524688505
255.2439651071804,38.03206423026794,259.37178083782476,302.1019063708805,331.95946568014125,395.1765860606362,332.5707543430029,400.7657008995783
200.07017271404982,321.14962963938837,230.71593946509776,327.6465282412023,326.99414213568394,329.2322981245139,353.40318755573503,372.92853925873226
126.95443363149974,128.17788274271584,185.68876190757476,251.006286680824,209.81641718246743,361.31077446188357,347.0711268408729,408.88347559019354
129.6642345597829,107.20905152113777,257.85145120348517,180.06569084507578,264.0752568936071,224.0438258776844,319.25168048957437,225.16724824799337
205.95214458626918,174.44228970908924,258.31570960982225,224.941470601105,283.1741190469361,264.889517248502,387.1401466577019,336.37229515768195
179.29782267006573,340.34236785979255,204.53045096958266,415.6954668734621,244.84652540870954,420.13004759622316,254.99173254176037,544.3776543981207
114.82571481128274,56.27481961259325,211.6765043578995,215.74725517113578,244.90456700829245,271.9844192644908,406.78432685744207,383.3110873881956
186.26690873991365,73.51452419436498,232.46152325618377,152.7111241852149,452.8290809347593,284.74464399735757,478.1196705281352,383.2510656705368
136.89744536571988,53.17159442553701,139.35051807052508,137.88212397788067,171.70435001630582,172.11167268108534,252.4873557905929,304.49192035866855
67.74683296196775,35.817593963951424,158.62733627738828,93.86907177445694,165.40059163975513,100.39456803078698,257.468022712423,144.6477749482106
135.02254275781257,202.5370578215027,201.37260596364132,248.50127191857564,284.9256335664422,410.52669923074734,360.781080548139,439.2883502359643
275.9118803267619,128.69594654091838,314.30459298472863,214.60137706348075,327.60157573464335,216.24457740867598,394.1201412443175,330.7893931872683
218.9512286574112,30.985382538227913,268.7410697529601,166.17573590996628,288.9123126092058,411.16492166849883,627.7388437466732,432.28376899860075
318.06189284454354,390.7712208468482,410.49976599640684,500.84322365964005,428.73448558103996,535.4326663007787,442.1016079235895,542.6393914844174
78.83698495068732,210.1142758104286,248.5064433045374,277.176755140454,254.5980057228169,293.8811097144585,314.3047071636005,361.0300931903819
138.86853366064278,202.4407061230111,227.4922276303598,215.5060103763291,457.13404586148226,422.5529660356071,649.8218840030815,474.49044459252445
100.82725644868347,31.285277717235516,138.56113151330058,71.17947537104146,168.6000568798359,97.26433914761303,333.0302510789247,242.39848086029997
208.1460379897459,189.41180841861532,246.0060346381983,319.1474896460661,324.62370908526276,366.0793284089324,423.4984089668203,441.58867372924493
213.77770273618341,7.74289073268026,240.38505535233395,371.2673263247458,351.62515042956,377.89446037463443,429.8035101546773,504.45196413757947
251.1447026052065,186.04494406980544,295.85703272676096,228.90486948041507,358.7327800697364,299.80659440229124,397.691442343863,326.01594328806783
190.1469231039509,65.51532514138533,210.9898313003397,187.4253260352761,246.821300821939,209.2554937966092,294.2590687004292,301.1938233788409
386.2285219913076,117.91287017927993,387.40092616197444,275.6680858931357,503.153781144254,349.995133360529,521.5692872444538,357.2820966965489
195.73612820921713,86.78521994446264,315.84657867071314,121.80273936284216,440.3833547610087,235.48797867762664,453.8997419361332,407.9183674149327
93.42692654467798,122.95647341510069,171.722578820901,289.36081931916823,203.12662188275908,317.03593584344594,207.2807480899948,471.66077567478777
211.72517294013176,142.3690316786641,236.37887754176333,191.4490794452744,376.99536466579667,257.4695808200156,395.97125120649724,320.242046549252
91.20019001547236,119.06550348244578,227.7760096526082,185.57789132691786,265.6735195045667,311.8367496964762,313.35940501484436,441.5254049182145
216.5499754634546,147.34209730888,220.22108744000474,321.45437415684415,233.8729634109311,322.2789108935775,287.2709733825355,458.84634827372525
59.704329007871145,128.8067082512866,182.88468823240882,178.29201000107415,355.96522220651246,317.0473260166295,420.71589622519855,433.648752459355
651.4805849573042,180.8543006141218,683.7372878905176,228.39172534157254,687.9605213578582,251.01711536058102,698.5158649765013,285.00561145516207
117.41969283979526,251.02830272615859,242.82593902965743,299.8825484310032,250.4133533964835,536.0036177931477,293.89999819592924,546.3916156808921
350.85418227767855,114.67623148188345,358.202376765554,343.8466427029287,362.6305641030732,428.4066632001759,387.9559773652735,432.6660051444074
81.17639024498119,117.39031716040262,127.30459177674257,135.95064612181582,257.87170407299135,252.8338737945124,287.9946032245895,287.545290815427
214.44012175443018,198.42180732584507,321.0241302995944,254.93415315468005,341.8504163452376,428.04848347414116,352.2910951273283,528.8310741589764
85.95879610209764,25.108496231272223,172.9648313254545,127.36483211879182,180.7439791697989,278.1489551227247,263.70614124562087,336.32761213471224
127.84760206424168,150.59287726011584,262.9493812316459,293.13909467502043,280.51066270122016,328.09078409221246,358.8071670792683,360.3181727180602
91.17473965313701,188.625747220676,296.1799533394209,227.43468881322832,487.02121096469943,287.54509480304085,489.6628994652365,298.1337866296691
273.20352263975377,33.0813475132401,344.75465574657164,121.674294871386,414.37899893191627,132.96975950808923,562.2890077812848,134.7028022926705
463.5531473970351,194.07257411515118,565.7018509017701,230.70461268368237,595.9052885928122,244.25063042181327,710.9688654822459,279.3516342242671
136.34317417810027,167.1983877888751,196.24836732699333,227.7310255270925,254.73472652828275,374.99672536927216,300.06381908344775,430.90308505405494
187.9605042320334,144.04944095008537,261.3860737910106,339.0038942961404,342.56472409250955,388.36942202755415,397.4445318056832,441.87701261898803
302.505572385444,139.83209674837525,365.33619661652165,192.1266672744087,396.89014504923085,293.89677819267473,557.5886967895209,318.05772439460594
145.55891220523353,115.08103202872755,185.22649297872843,219.7788697101765,187.02911157542923,258.6508271783942,190.19330751701486,298.16906847108777
241.83445716017502,119.8458110584081,273.32742643441935,165.71477491685718,378.14503391499727,403.87999042957756,417.9096807892058,415.99432011166533
75.5064290859482,197.1149499705729,312.31670740645853,325.2681897132758,338.0791839305452,325.3182066382915,361.0432476235133,393.3137544829785
120.0555575129382,368.4051444100741,221.27406179836453,484.10134360295496,225.26623315215417,550.5308113156893,324.228510904556,614.2047037986875
319.72304741381294,182.95791598945263,383.60476939968737,302.71101454189375,412.30902103008924,308.2564239788585,539.4021111966576,351.93375071842553
331.18021066984534,282.55833936966127,406.8618596576151,389.8678784220732,452.76379515573603,450.31597721794867,455.7270279464101,455.8400067588836
414.37899893191627,191.6519636490163,440.00308268888807,392.7900502294311,606.8165074120022,397.2407939762584,677.2894232205449,430.1953658762145
393.3313016547092,285.2822737294365,507.54763952630657,313.4973675250236,516.2669354091371,398.4739461626057,519.9811070539874,443.20639437236196
343.1574907927745,114.8910007512105,392.8505302671547,376.3029745127024,496.5858914553385,399.04732110180873,522.4367507928238,410.7013343392548
98.73625398784887,174.13281573517736,213.20406046122636,238.5379605659149,289.71126099739706,291.15785391816826,309.2202074813349,412.39379111570537
221.2544630026314,55.34509161732138,312.8295178909273,82.21397261950837,361.1921430993508,172.84383906140752,385.1673465190985,414.522321213553
115.20125669709246,258.5229519343366,172.67601528182203,324.96537391752116,289.0958407059215,406.6309760436088,323.74431577857234,415.0006476093484
120.65036788304384,254.0281127885762,204.75659840088844,282.4050895715039,310.9882864330088,311.71778276122257,345.81317523360036,361.38089220125147
71.18926836138859,90.37787487820994,192.70631374945555,328.37013958074834,323.45291019554935,393.079288992993,323.8115039483678,491.2799516499415
279.9532921257191,133.31222335092286,305.36773174918943,156.68831232990976,362.3639220427014,196.9044607231807,397.8944925731269,293.02233945627404
129.4043207415864,116.28197467385235,188.13985501480215,152.8246665657331,280.74913267463444,305.1735482977544,291.3175318439072,371.95386463952656
120.01746817303382,337.39672213063494,132.5827002583797,434.4808419711158,247.73328810568938,476.6231995002494,383.59224812277256,571.9289909950583
191.56871533192944,165.03145343460451,241.13702324111188,325.6416823739682,316.8530857901667,361.74643065193067,360.9986348172827,421.62059556176916
159.98193377634766,94.07419923923561,204.908391778792,277.73186678637757,224.28753064439405,294.21833575219785,394.1104604863301,360.63600402560485
67.41376699867455,363.21931617154684,176.8115445106237,375.17286920116436,418.4161041785832,421.89269192363685,423.0073838816586,468.96524023587864
160.0874475333554,125.82843399981179,240.93931327985194,235.43878592324182,317.2716656314619,271.8887572826036,354.8955885324656,352.8597162925476
161.90449373490318,275.1983813538763,216.5127107076112,316.913670719255,282.1304836770019,370.7511115102995,365.5697364882147,396.00702120518304
137.87655474798265,175.5530017833696,157.38030003896526,312.62464112380263,212.96668943637542,335.00766067979004,253.22679703744828,374.8188108170642
97.67335084170696,152.5040622509298,389.3354606683009,275.72798803146975,399.20814404119244,355.4453223955478,430.8449059582808,426.1208987163236
159.74320435716018,68.33086900463601,178.6283404604036,261.2803460039518,241.40623831723133,265.47092947754294,278.025428832194,286.45963854344717
89.92748027952672,87.91339583775333,160.8503607056204,147.0882594903087,416.140063480166,240.41812259147923,479.43489226916756,286.96666039755434
361.2573062294931,124.71779014594408,743.897775946058,383.77802369159156,783.1116207657548,429.14113926510146,800.6039102374529,508.29912067058945
119.62401368999944,187.55467177716451,188.61621472653437,238.55025906575847,294.74649775751743,250.5938610394893,374.55172531037454,298.64425571189264
84.91264119625671,42.54201622329642,407.17159647679046,95.49866793396352,509.4896291863499,207.1213981256713,513.2873206017944,213.03287635906992
79.48793992445661,193.19004594930826,101.72887123224302,420.076780096922,182.76024025808752,422.413118769256,254.72008234677625,428.49339139748963
475.7644610754406,210.38466935548803,592.6130994625497,222.18916253075824,682.6035985441164,240.63813766619654,761.9108070437659,275.72798803146975
184.65984562943322,297.4018806026527,315.35885543140046,325.5889834977039,416.21759162099954,381.89331888419343,453.1034065160846,437.71124381234915
174.05125697550753,18.70966463550871,347.7005671145191,373.0235407531807,379.6253955082461,381.600034675566,385.82002889564586,533.3002906893704
286.67468735457527,214.57811168904988,313.8566935726154,222.19472955214576,401.4549780966482,295.8856991938323,432.22435535069263,615.2408436031467
165.80700998456223,212.83032235916463,188.13221821195182,333.4983336188371,332.134887360787,337.0292666909297,402.3018997373411,366.4224681876502
198.41081523314458,208.40323584408335,325.5185516753064,326.11347762504676,442.8342663996695,413.7595118025058,468.4311490867815,501.24513595107805
215.12510531416527,125.24871241130317,231.43783391319684,262.55113561929875,243.42194155178868,269.7171753871991,383.1048644587803,507.6498127266503
151.76765114023354,206.53714405553185,371.8315522730907,219.14573519908484,496.1027334667598,298.10302079958393,530.5848141713217,313.419541059875
204.0305901263968,83.75517271394006,328.0766847535078,232.46675782348504,347.9752174206182,283.7217759501661,417.39016243042454,309.77683177597027
160.55796933873725,343.3669211443578,243.94160857720715,370.0377793735723,289.1984579342789,562.5257383251089,341.52345548943265,654.936409633079
98.13140541777587,201.1512207527271,224.96619159373304,467.4145075012169,282.1304836770019,467.7025632486282,383.1499653980183,513.892081862032
75.99693866509233,208.0377822704615,183.17905802924687,240.32077408885817,267.0744145122264,409.0659680474353,270.89076374300816,450.0931754656828
61.15474969145514,52.834562850134674,146.82204721833816,135.0631797917815,383.1328829330604,297.15827624157134,383.92452731206674,328.4797853688364
270.56952933398424,307.2862544508878,345.6614013417927,390.01983786506617,412.2571085133515,446.5989775778987,483.57204166365136,470.00529767091274
201.7412998441278,135.64979971434855,222.90699502915254,237.9488669021104,300.20680314488095,275.71530217083813,307.32040245795946,343.6612698119638
144.84151618795946,270.79963388467235,262.42714850369765,317.81794207415385,277.82082957417487,326.40042215279357,310.64933976676537,360.8168022936634
131.05601356496535,217.61048027766452,155.56663563288484,337.504113561646,199.90573585198842,365.3460089222026,269.2454179386663,377.3202809035079
155.61180432154802,119.37996139941005,315.84657867071314,164.6320177426661,345.99596452560473,180.59432711322324,355.0155520734939,205.70216194298763
112.63579274530501,104.6914859480939,237.46432975281635,144.3660936940303,292.89242202205355,281.79333833808994,449.4727022496607,329.41882936551957
95.73727159281403,71.1109936922961,285.3951485689561,98.65292227874029,285.6367403372471,261.58130747962844,358.6434916222477,275.1957230794156
193.7968118043537,244.548302636111,247.67135660931893,516.1175765835266,254.0607812261165,557.8943634438406,321.9756851746367,576.1857206934503
61.496738945665,273.4089298945282,195.523813354279,316.33056034230657,281.4381685488113,344.35763914888224,281.50490692864406,401.9979922203982
169.40107721245928,218.2173988231221,339.3856122016107,248.8007836044037,410.64745348580533,252.12776996697082,413.6942366518444,323.6067113902737
62.22084587910787,227.00290680187996,111.67284530668658,227.5083295886756,189.43565512560522,284.2927915615386,196.00438255439283,360.4199246067396
379.97780242475767,69.50766498946365,479.52398814788523,396.22050776985645,495.5567499384629,436.86809115112675,551.7495760161072,455.7249304440517
113.32521207650838,260.3359533500847,244.1210373800135,436.57361225012244,254.78616167246327,505.63464761333023,380.486003895117,555.3200324452517
164.06775814854828,230.8746318918964,214.65428699501535,398.6913160320879,267.3167889536515,555.7830388737098,323.8382467892087,566.4502694677196
263.970277688142,78.610622446716,271.4089975753973,94.56887775163355,321.0984661893346,124.56344086944873,352.0597335771729,238.4243537042686
80.2539795917865,112.01837980217064,109.54947990128021,131.10700709362212,314.1379893850737,185.45477854396302,361.427702478957,201.2069192160566
274.48608764723906,72.13230108190544,297.07177169158376,145.61101473003953,319.9622880218093,152.82747781782658,482.450460443343,210.98475449868434
225.29519792733035,403.45981409367096,488.98477826083655,535.8631812555625,497.73224863238846,542.9222239697316,498.4837644144003,710.5942117451011
177.34127975928214,87.3712588841885,180.46151793205064,204.9055017513904,319.56676073071964,389.14937240364304,432.9853406390635,420.3241142722466
237.57763149627715,71.4477347248051,244.13976630005135,77.31165787175338,313.4844920087421,137.58399694742513,351.33446352629045,219.3684719893389
68.79342091172732,211.44002179948487,255.9550780720331,357.7519631331537,350.54443998172707,378.6388190496031,466.66729455039723,403.3243804416851
153.74849799762677,11.35645332770992,157.63537508322077,260.73403563054575,314.08907216599755,462.6594757927264,324.6761112250075,478.9476660029278
155.22468402618512,79.6589661758792,164.19754053800142,212.69137929505138,363.36050527010514,255.72017912024464,382.93871406683826,287.9293406872524
37.1124593353254,52.69456945421272,107.45723334806291,77.90038738521663,228.33665000233472,156.488938243008,381.61197598987064,197.48605076183586
235.34795281661133,134.7584712107283,245.11344019486032,206.50498656145044,280.55557682257404,225.16724824799337,346.23913677806496,231.77245153015775
50.125323926900684,514.2832159048478,297.14081641588314,528.1310768563147,313.5246461037067,581.5901594304923,434.9429923042497,603.9352980094931
123.89762757875253,93.37506778275569,248.54265404420198,315.8211887304458,255.66237831325287,353.00157622713965,264.0618577415088,432.62584751737523
180.75532120674137,87.53500054075315,388.09531521416784,281.230935061531,439.69724148472324,449.5208274936104,445.47652964745276,466.08990557443474
160.6461464533097,98.45983564254279,221.15838432593114,373.3760524754743,283.7181194742547,422.6439422858514,358.32997605757595,490.5226314541593
215.28162085239632,356.9246056580418,307.75993306511003,492.17434715389425,352.6372585800434,580.532144876959,368.7260177406946,585.531698585413
212.18092278950687,157.19448376624902,335.0706964929281,251.01874864170904,381.88138930543533,301.88114243817296,468.67172553330255,386.4439687356946
211.50403446925867,215.15392641168418,233.2532228771984,238.5379605659149,268.9690952771627,366.618283986503,401.9239223686518,484.1082994420215
241.36942082412375,143.3081228695719,355.4317306200992,167.7577366746266,458.11692290696703,318.15969514435966,526.1410543048801,351.9054976311162
113.12227439708238,326.70325683039044,211.56083795419025,351.0544491211233,217.98324150808477,475.19749439670403,399.2250777099519,536.2165915783443
78.89664390523437,327.19543847326264,97.27243746346652,332.5086296936536,295.4710558143287,350.2373539259207,315.7021687462151,443.47754107428136
110.15905165300481,102.48728010664566,249.70469624656965,245.39628386929368,306.0675551587175,278.29195948403077,309.9489909420971,304.002868154624
113.57841771892093,356.23927503537845,273.68266964534064,379.31642402686776,362.43558809182906,428.96659471147984,541.4709399319368,477.6246582477578
107.31991305365523,187.18123585939387,288.001750519968,190.83070191233264,319.7027355497245,256.4847118615494,457.26281193321074,297.0680666785415
289.7202037011631,45.82802974603484,468.6283936246358,234.76942640180144,482.0571277986378,350.4375106443405,531.3192653803683,354.01969727678033
84.75778613839407,74.22369952352396,288.4422840038233,149.00801706841955,335.9168568371278,161.5487647720204,354.9158937175373,233.1724467431122
80.55503730026169,55.61884736548983,142.11213256575,186.4742393349352,262.51826714480876,214.26779142127324,289.2088985005458,258.5437491481402
392.0921350029361,98.45983564254279,569.2984582502614,415.12033525778725,570.9155874212976,421.1117239134194,614.5161318575732,520.669040659082
170.41449501327241,108.8178017068841,377.63227891488964,180.18555036334186,386.2285219913076,208.37324162312973,428.18671747736624,243.95931025827855
79.2640232210091,253.6026763828797,136.66132768031224,391.03311291354356,431.391630589483,487.5155993439127,483.3932114203102,490.9187610579765
448.8723939417032,179.93030590405513,490.500327769433,220.61246327819234,528.6319149384026,286.64492566612245,551.7649386562207,313.99342321684355
207.3359760349916,323.47523700056837,399.000491680814,369.9953394713145,403.67974762615006,384.1255802495013,407.2984617562049,410.9364857001966
221.39521652931924,296.5591772399912,275.9118803267619,369.3197069557014,431.359200583516,460.4247312913115,454.7082832636678,564.7530044269517
152.64762301937412,237.24746349344147,193.40216550204406,254.6191641643575,260.9651898854015,413.4025905681229,367.1214555934498,451.74271033234925
88.49506195216483,221.60174337743626,96.59275812264902,316.74269242472167,191.176448535093,347.18377314655345,210.7384524439282,487.318892838096
124.3088570437061,389.74002440686655,187.16622995527067,516.5131736450646,275.98005429822217,561.7572836071259,280.7109624876707,652.8028854676423
67.73858135300043,20.14531408938977,121.7781570110242,91.67972436807864,147.48597005099225,238.32796735139166,160.7738618539728,284.6290484556153
128.02109996234998,197.28099172533123,259.82030550720043,276.95239687539964,270.7750048955601,322.4511561674188,340.0231971913704,345.2254759914306
68.64729609506618,401.25720695672743,284.844844047478,451.8127787617827,300.19072990758394,563.7296111557548,307.8368174804799,636.149513906079
83.99574238272675,59.645288833481544,255.08343843337772,68.61346069350385,324.53755476342894,342.0197385255991,337.4550337465949,404.56206938214774
174.6848729480756,36.48666088654348,364.58572582248866,130.63594210298493,525.3841556496977,140.65524731724093,581.2125937589431,332.96056465566755
180.950829750424,218.15986626424876,182.2616529818676,321.41592170575865,190.347425079849,341.98611144513103,231.46827346014314,360.80406439939327
50.93504771909382,84.46510746894293,173.06572367403982,250.6563600352576,286.2012137692138,262.2302056114089,338.0449310220119,269.63157304105107
299.6601421467267,133.66220281531858,323.4804382488808,310.48823517339065,420.0750453885877,400.9225958472987,423.7919821153504,488.1916344378485
122.41395629722433,164.6320177426661,193.82297619383056,170.20872520768307,259.68096648297796,190.19924594307955,343.8574611883652,345.13848653743065
208.1460379897459,200.4734931681544,264.09668783621464,224.42660774353737,348.4108278426195,302.37272254082336,359.7127576984413,388.2020970859907
283.3051655904597,144.86298956029768,292.06800086018137,333.3039106601578,326.5348156567909,341.73842298684133,346.68744746609764,357.94795845760785
71.8965982022713,284.14975510848484,234.57231222407898,335.4394906733025,241.59860748895153,421.69716304112984,355.8890052960875,425.2695684398334
133.0213201480597,140.97765803327619,146.5158669458546,285.14543734503377,166.64825081743408,289.5551776577993,206.16601940090794,377.66046127349176
133.81244384147536,140.73176008276965,161.07413442305383,193.95278274417902,400.60837625676004,197.92171326093515,402.1549257209067,322.0756349890664
84.38504006106703,65.7842489252995,117.34609128602914,120.52916638425128,187.01129927801355,195.61905500783865,219.50793696068556,240.74361682528632
118.70582756296491,93.54793836873971,227.25405817423947,106.09576414638555,281.30520299166545,303.35574978675044,302.375829168619,396.67147057359205
96.01128433952746,56.85255500756085,159.74320435716018,198.42180732584507,266.37722654883345,441.6218934143125,316.3445080986747,466.0319985614471
304.0174821726927,157.402379262007,308.7761889710088,218.15986626424876,374.90169655094917,234.63523703953803,384.09203559791166,235.48797867762664
240.54341022136677,244.63741330258074,255.95635349502336,326.70325683039044,310.86683994748284,342.68964336018144,404.23738457173397,453.1989765840528
270.9430819209714,222.2610596140142,305.7474956224169,225.9134690442037,307.95648420530097,332.5231815416404,312.8049697489817,351.584735790214
188.485133500437,94.60832767640248,265.26134913905474,189.37894021927488,266.0518949289133,227.73622350785843,296.21460047522385,270.7451025737619
82.6833715959071,78.49863859226383,265.13312185684543,424.4884785166627,315.9693611072688,516.2637720373634,366.93800104187966,520.3209291980854
73.04202061205942,255.0301680161046,107.93849624267503,282.1528421823602,175.11686587413965,288.35199865680806,261.26697725844656,324.5664088061414
238.8819567668479,195.77855010855097,323.1038070684324,344.9224534389435,425.90460816878965,347.8107285619565,447.36170576271394,373.4236636616264
240.70069382284825,227.60798533779078,318.34642035301755,277.5213007340103,320.46903128988697,289.9324483941352,394.59194989571074,321.1602331573463
145.60183652985296,98.5363235749784,353.8392095748334,408.9027196534455,441.1845719545151,542.5199112279801,492.5662789899352,556.8304380584917
209.10269599783447,274.5202555052756,309.9609755533343,431.58233667612,355.9009771572917,462.34868214325803,373.3134722384465,600.6247340278472
143.57730817079366,87.86397965174699,235.26365335776867,179.1987988882298,280.2499655942643,286.2616547593387,286.0895634877492,311.7482140669614
235.00808740951447,188.0423777316315,325.1980705240585,303.9387177110923,336.8513634880934,436.9272133668618,337.76674594307156,533.7442719784243
291.478793872627,207.33056038857012,317.3859428340375,447.97609847013797,349.9336462668873,458.15566311827024,431.59606465835566,488.71950708906303
139.78773799951372,110.70610916292569,292.2513316831564,182.75123006742342,323.07971418971675,256.47076125334326,409.6506318167907,313.6460492980644
289.8843507217726,274.2083714684396,374.65319664370867,319.11603696288944,505.36804147613003,336.85164085545523,552.8594570224606,399.47942858681347
149.78685664747601,237.9488669021104,150.1091029838606,325.8168080955176,226.8753303167225,405.51134964369845,232.21598014898575,504.78265224038194
370.841546577544,99.87017674031661,480.38593794879614,109.02276373923988,481.47141009851185,360.9510075910118,625.2734305905009,377.0945906462827
222.35035350297673,387.7662561385323,244.2233073034154,417.8598370263334,268.59365580667145,472.48291255248773,306.44321680343734,481.137578750157
102.34715901790167,174.54887474814737,176.45521558613504,227.20022632070572,230.67279782777703,256.40547643807395,267.97300284338826,260.4332023918441
325.1634354349056,129.14076164838335,362.63851054310317,145.61101473003953,389.2964650973299,147.95802732173559,522.9425643004117,178.82635361249345
370.41588132178356,49.798887655849704,399.27791359565106,113.80114030174542,439.1720956811936,290.3377531016809,512.9544486906676,488.0604695662056
172.97773689200756,141.38815493004543,212.04517992555296,216.27824640205017,224.28403063962008,374.8538769841916,312.05967961138487,378.34773558590007
221.46116073575928,258.9443308599164,227.1278893894214,288.54693629556016,233.16611372938314,319.0133339016219,260.9343575536671,499.73608948657284
170.01160509808298,319.4786956396523,224.04323741672303,393.2545796246673,243.77032485998905,445.12436156793217,301.5165754300537,498.1509526417329
215.91848271874142,288.1944307277699,258.24288698832953,298.7551695090719,289.24979136212977,369.13792849053266,289.3260239116859,382.73995919018796
151.33351960256502,63.23807946856532,190.8559323605271,320.5963259401619,258.3627522598866,385.74362325878366,275.4173712919082,424.6176690184574
240.89688490777883,145.97001256123932,244.90286177222342,187.1771308340218,250.94074046143854,241.13349880081375,295.1440722885381,252.44297012530893
43.948623137392026,136.69987533945874,205.2658312463162,199.29593697464236,214.3027177193578,212.05521903200506,244.69338867891108,273.48171344841813
103.12260243595682,191.33486811424152,121.2549975676983,283.17998358949427,252.3493911309125,313.38445298066404,350.3407562638346,315.4799111493532
25.37296580394737,167.98742953580637,90.15980595206712,206.02507649865404,233.2242189864095,230.80473383350005,331.03968902168714,375.9079775860343
224.07335298405158,355.428093505231,300.58352932013383,363.0443450527238,300.98662810657265,374.37397373473175,372.06925202544716,377.42974262929596
215.49681145710088,286.18699789615727,290.53441485240785,441.7267812901886,331.1935160639102,492.79820587251606,464.860245302932,497.71890888073335
25.37296580394737,215.4622683025854,109.85966665925567,294.31902868635643,258.03238028714117,377.6664416473308,339.9671898346459,433.9059414150587
149.2565274036085,98.38014612563218,175.39398977690095,257.76022593468485,395.737288399094,299.1467787354625,400.02075323695465,350.7954264321005
333.0124922086649,151.95301264453806,376.49437176042755,212.78910681748215,381.7069419932808,238.45157970487006,389.19668642030535,302.7881880461059
68.64729609506618,254.45252079834577,218.10954465804684,279.64782774712995,302.76215121033306,426.67131748965056,355.31162879909925,448.1482143786203
320.1005515198811,156.77445006603742,409.20979805707805,174.14507612902275,671.556153528369,175.4035872957189,721.96031442095,213.570119076045
203.59267076344375,166.68509519363616,263.563422262434,226.49447029172788,294.9996890358081,268.49486541165516,389.35592847089,290.53626814259223
239.97104811243273,154.34376404131186,268.35498239716145,333.04350145072647,275.18980787295317,346.47916829591327,360.91556086274574,358.9472682536135
275.3354884336775,219.7788697101765,278.3673150066975,242.30214013728116,292.96455346815577,350.90678382259114,309.09904702530605,407.8325795328158
212.94317964776883,46.81274825047458,505.12251817343935,114.24167328070496,633.3908984859037,136.53548846323287,644.229796656216,151.7129851349047
189.48600483667178,8.887484984913453,200.66275918177726,130.3250489296738,329.94332389925813,175.4035872957189,381.8342696738469,242.92292367325786
238.5132173084341,240.69562766639308,321.4705866416851,317.81214078936466,342.56472409250955,485.75628230754194,344.998226552097,706.4434994786063
140.70190804976227,230.4580673860509,182.31499857503962,286.52833509248705,306.4284472016816,323.06118721771367,336.25950719293786,398.77245983578564
120.65036788304384,161.207731434089,237.5439254732144,392.9778150610673,255.65802360826382,481.1838072938123,414.830009495698,582.4739200095615
104.93556716515377,275.87759143112953,150.1091029838606,292.2347262585405,151.45030408462975,398.3849333335917,309.786247481306,430.61897163108785
302.3889604505905,64.11140453373292,303.08535635647974,231.71334328860237,325.95345081633354,296.8776255555563,334.54250563565233,412.53591878052777
170.41449501327241,187.23166773184354,307.08789024949783,494.0139501325684,313.66103860573,586.3864214264015,432.04572087280906,619.7178018108456
86.84312651953246,120.39874897410915,250.25549105111844,135.76063422782724,260.02516842255363,228.6340008175355,316.1830395159001,264.68659234711936
168.8985933016392,49.07935735819669,276.54090888675023,298.20456062252964,421.45723063451004,328.54705878592745,467.30830632520207,413.8962243826322
209.3090099021108,175.15598272133204,279.76969770901815,214.85856832316176,332.134887360787,259.3607229921529,373.8353884371994,288.49522217254463
78.7017362974583,204.7354371094034,89.92748027952672,309.5782553817591,402.90400706955717,351.5268583067831,428.8821865990663,413.4321238792408
126.68337985021128,179.29295844240107,234.0754151355442,291.5966684396076,304.4827102347096,323.746252642791,306.65111327193273,390.5180496693024
73.79456116174764,220.8546043463763,183.01077610502853,240.9025294618983,259.39929700712236,461.38469540888104,408.70271843285644,466.7353544214014
257.957039172217,72.4153689992409,316.64740028739,139.98992932507693,383.60476939968737,321.1602331573463,486.77594477058096,353.5201990273482
272.43610538239716,179.18605408826733,355.9811233898854,212.98915750306512,363.6043585151978,221.43949651079384,396.2964947850058,258.96576062723244
37.89971880426697,245.96329002226904,70.04978949874813,345.54446891976994,309.92973012270295,491.31168042064365,435.273164693905,494.6648813161707
290.6939323008744,329.8060186463943,414.7571456450346,384.07435507518016,511.3882985818593,417.39871086987506,518.4491757650063,482.6222043553118
118.46097313536936,101.69476936957555,129.95086708221342,107.24418481655992,389.2960258658001,145.4718822281377,439.9026832361215,163.4380258853255
129.89590708356874,210.91181374900015,261.0840063465086,263.42137234451576,318.8538218352745,393.61149637608315,345.56838468079656,394.33378513011735
240.15613893356743,300.0585689400174,341.84827742719506,309.22702988736205,431.33183380749244,336.7673232925469,443.1415176523513,358.89303505809914
69.6144310645623,62.9659159483161,280.2947100848097,243.10145038139666,490.8943526480414,304.92571537897544,539.80808820194,323.7693403125307
240.4604768469571,74.22369952352396,493.1317313172776,136.76889215423756,500.7023050484401,195.75237387080574,512.3781869571778,210.91440773565418
215.95262330659386,400.18436296323904,216.08374003934068,426.4134801934772,223.791561177866,560.6783276266965,310.9882864330088,661.4560041050785
87.21673390512005,240.25369070630327,176.27553878880977,326.1266057271637,231.74550443553787,327.70609495792786,238.23868531553234,361.45132294645657
250.9768779031464,340.58348775985036,252.19349457315832,371.4629510898116,265.5775674469144,480.14967702163494,302.37446795807836,538.2241956949822
86.70167417881547,175.78112847214197,144.30845500859064,185.25618139237642,166.96122535993754,295.3341448840462,211.62523456832636,312.80328196433544
178.04160061990115,198.79888161799917,220.1904346233757,205.66266080833597,221.63382298318814,244.34928547266702,317.49615303383615,274.6326198615648
72.88350659801922,110.01424655355436,185.91096140989578,287.59547229655306,332.0899379340051,429.93303396439705,389.9619480567368,532.0493267450131
138.12860569042854,120.62293504892907,298.7025815156082,211.10558927869147,536.8349475023891,288.60222853030854,540.7182610548087,348.721188231023
59.22576373508846,297.4108064180655,237.23920375712532,392.9515858192415,313.6604274684739,518.2514526899855,354.7599988589658,529.7404970140876
162.58947978382835,155.99692669574287,231.19218131562556,180.9313028319488,282.60082299049833,279.64782774712995,342.27663278970726,308.09868259442044
238.49596154273416,188.13219762082736,295.7665456962248,220.60547263916015,360.37031617848146,246.51065626604566,402.02740270665197,356.43310376146434
184.8875722769787,96.09446441710949,231.74550443553787,165.95765814654646,263.88273881996315,226.7800218277539,278.2958034175568,299.3450305695726
117.57985278045572,187.2106638160661,259.36816466479615,271.8851001399183,290.65104838521205,317.82700106663754,310.64974048194006,366.1739066675031
119.7753718142472,157.80548041846257,235.53786850714096,203.65642117036245,316.8900850806881,225.7810240877732,322.3066979528853,431.58233667612
268.94702634863756,233.55578010203553,272.6311519259995,237.7616804565739,343.03385483285257,368.79811846253887,391.33866296856377,420.15569387488847
168.3751454877681,146.7693604254293,297.9608993155316,231.8478003692146,307.2592514115896,241.76584008952142,342.07097355868746,321.0256593587266
100.6117334375141,60.36604164052866,247.30897794236745,261.32692845053424,321.17517368035897,291.7828931218227,466.6313083308531,307.4168708097627
201.19226186555585,111.52901064351501,211.63365214663352,336.7734416788961,247.33972961734813,344.22030227233074,327.7605337845104,402.5366542112134
306.3242803952785,555.8553638977165,340.84748013901947,713.7575987087716,357.7037498895892,726.5365106586714,374.5452608421001,728.1082429750969
235.76008024519044,193.87651991677188,271.71762652321235,322.4415035824697,422.9037615522271,372.0550074782531,532.6969859708126,653.7696055088716
572.0336011818725,203.94854713047977,614.1414431858561,233.79176340656068,648.4061108860262,237.88111733267326,662.2506231195607,271.3920453427792
76.9703012931125,181.29559387613946,212.75503569495274,330.74985835383006,258.6917522810451,403.87999042957756,289.7972941800155,428.45101282387157
232.25907328276148,228.39172534157254,311.05991714466785,233.39464144035426,347.1058585683886,253.29330101820273,455.01870408901914,262.778422979237
78.7452834874988,352.52241039329425,192.11669083508244,412.43725724370955,293.07023288726214,454.33273748219085,305.2823076807727,504.88312555561146
194.93954588545344,301.8516494802148,364.8540692830686,319.11603696288944,387.435469932895,428.86548622433753,422.34252973141713,447.47660930168104
241.70398301240266,211.86048539354954,258.1569152980566,311.21676923431033,278.3770497789592,334.6675712772662,293.89681309791587,440.14481409991095
193.76977114977515,138.52995727852917,297.7042013242254,442.72100850860016,310.0678489589345,444.292174478468,350.24627909523656,475.95705852966006
73.17382537172355,139.80571960922595,80.61844499486223,261.32692845053424,142.99603389274304,321.2459789035047,147.5989588796486,413.4494814526082
71.07855876712374,278.05771489472437,308.8242313127132,388.0286138235325,370.8328885558561,425.6485169653546,434.8238109223289,462.0681002030814
146.12802563831244,237.05099760969378,205.6699746537614,327.89096797434144,303.205029125545,347.9285178723452,353.3879228990826,354.29784732372667
124.42381650998769,209.9572325685891,124.55547123232192,265.4810423474089,177.79276010848008,270.0892969925207,232.6242375959405,273.5249823722544
119.39364739209171,414.4586798308007,236.8785860028656,533.9270654064283,271.7716788529627,558.1148037490586,370.7712365011064,572.6771739508376
183.63825001582262,304.20302478575957,210.57976949911455,309.22702988736205,262.9472395450387,323.7693403125307,300.80691243782303,403.18884229801154
348.8001645727968,79.11099138961222,404.69304168955154,270.3861900128089,457.75139570080927,302.0440684130985,469.5202084871784,325.2681897132758
108.53562460251464,254.0444898702613,138.9920977581193,333.06704155190596,145.43394762128727,361.21914352406725,473.769182848657,381.14592706211636
201.37801471612153,162.41943762569136,228.14370304616986,250.29003186581411,350.54163526673995,256.91492241093397,374.21157949343643,389.26267806891695
305.50667651332765,149.3840673817728,373.42226996951484,207.32845939315303,495.4250118420443,242.5150747892849,505.12251817343935,367.1618035044444
131.58445264613903,139.88711826504377,142.47180303891088,282.94420970129613,331.92828703458935,316.83820955875075,428.88943052503515,426.81230356456837
120.67834227400489,171.9699900526257,226.65730696189078,254.5884545699291,273.5785742436588,288.4926818096926,499.9550199799756,400.9378293233813
169.388733902122,219.72444027026287,265.7747494821728,376.4817342621317,432.2390311521119,395.0529846793099,475.2568647111533,424.86286923247235
169.58446977005883,109.02276373923988,184.61039642892712,208.51729468183785,236.56213693348496,427.80493094057067,317.83101835475844,431.2108682921332
395.9015671868118,209.28445979811454,434.56445471626296,311.3962866655903,462.86074279401186,450.97681058552854,465.76980867136547,473.1895749082175
110.62526777229291,194.07257411515118,129.35865068258107,245.54760602451054,146.03084920527647,250.9190869953909,182.41654520254224,305.78539247958776
187.7836085446447,131.01486866978442,235.76008024519044,173.8346586591539,376.0160527423774,245.8506282088734,387.445554325246,253.98313051633252
154.21136892261833,207.32845939315303,209.7009815981263,356.24002333160917,269.85093314923483,357.9208385319392,394.09193037959386,437.3018188659803
97.86694939899098,214.86752394455988,230.66170262379606,220.63923150046077,256.19775472628646,221.44805846274483,624.1701970367172,334.9787785371128
157.95287208541185,166.9392597952349,263.33200021825184,282.1528421823602,386.6684923320012,347.0864964092133,399.16140908608133,392.93795502843267
265.80467268685214,308.8445731717223,281.4131919539806,383.88154714183935,347.42027723110925,413.8914064388561,358.58547926135424,524.7249229559072
142.95210507463977,241.18213517540585,258.71236655959694,248.72172419321777,323.7217544001781,251.81913133549023,368.99390316973665,333.97865791037714
52.496398098191705,159.01573822506765,320.342073471698,173.29058022242646,324.5129105339966,269.3738042385963,403.9281572133886,278.5670909570833
484.9371109499491,147.60873671774124,548.6151953844465,319.2469305024873,587.4413941712116,437.597992611974,604.9090515978919,482.19273389241954
201.1340500835724,349.53009427419823,303.26786100115953,357.45945842156925,312.33437096644303,393.1392383324849,346.78293654200473,409.7158764937819
67.33223181040125,180.9006180792994,313.19080191168854,253.3997700380008,330.9074772064278,407.64038580275496,398.16519882162504,453.9838007629128
182.16700732569686,259.23476183865296,197.21377405441908,261.9432424527152,211.92266872891918,345.2254759914306,300.46063828816335,468.2822547334185
361.1921430993508,230.786800488634,432.22435535069263,241.20579402148496,449.80152424127516,252.1988073874077,457.02796656310767,361.622544194385
113.0844214767874,46.10161779789826,227.47285029042425,78.610622446716,276.77989126435216,146.4946502566097,284.32967041985665,245.63092096191355
75.5064290859482,213.42073553462146,304.733202354379,245.56814712955307,330.76471235183163,361.8798833784444,372.5540852402999,380.46356204826594
58.88839557025509,186.05959900872003,195.95719633483816,226.46154444691825,361.755319395945,241.74617756210657,451.01950291366813,340.51196912907244
109.26528395368393,85.77503213322302,260.6825096205543,307.4481816586522,350.99303057562975,316.9344336657205,373.18580706402196,456.0688719833891
52.86977543961134,126.55921021324052,78.36154057425112,362.4262467620186,134.55634097519334,409.2776790112959,198.49287965053082,477.99803700669696
120.18758835331683,244.51746372260143,270.2475811653499,343.7457533739193,289.41989719213336,347.4800429186199,300.1738516844555,366.5848077023683
217.35831815091439,326.3650809791195,235.59701243515468,379.4999642334043,282.227046978178,425.593169393555,346.14898583716604,450.37182547837364
207.41660629236532,115.00006754110184,446.36009241503524,293.3995178708175,446.751193267825,421.8046633961483,482.7112323112563,444.2046971666485
260.9541784828163,147.83402287684845,312.77341332534854,282.94420970129613,337.20487860403506,367.8940961927357,421.711993165871,403.2021849464097
288.3822020326318,204.75077032937853,312.77341332534854,256.641120187744,429.8147779801757,278.8218422597763,502.5428470844197,356.31640628221317
200.43833142160935,11.35645332770992,209.59102420989294,266.0251925655229,267.7933564452665,451.86954909214523,359.8183842365854,467.59204824354657
129.90038349020938,128.18044316019316,240.72963938856813,185.55357065848156,273.474325112126,239.51969640364462,336.94494473642294,247.49183900831056
110.58526236885744,260.8785601315649,194.38946668637652,333.8789281558928,225.84164748395227,375.3028065131669,355.9811233898854,504.0428592062267
205.72133563555516,133.37946853964746,227.35790430945377,197.72502779938378,230.59091065986172,240.07652948488175,264.0752568936071,240.09860719007884
161.57531717047917,72.87754313162631,307.78687958034396,302.146366214653,314.91814942172215,438.93231515924543,382.4841028993533,469.05891687543556
111.40834096251213,240.63983625250054,267.5698486621368,309.77275527914196,273.7810891252502,355.5624727171554,305.00596910135005,424.33586605963245
229.69709770800765,65.14387569484109,265.18495555116795,135.95064612181582,287.8486104200329,243.49523550910368,331.84797750214483,349.9209564752786
465.0622747469237,252.44297012530893,537.6190690420704,350.58222371607866,576.8908017926728,392.16315369168905,587.6414862585519,489.2516271719711
124.68018726151419,90.08107019124942,148.7682531179779,160.62847024819942,328.92681983243506,380.1294437128896,331.940166544026,430.69309656027843
46.05049934622493,223.52373551190325,113.1319405846391,230.12470089360738,153.92987801072806,364.1127421061024,165.4843772067823,385.6562988968207
167.52108309847551,405.2396162436169,232.25907328276148,472.371130276303,314.10832645251355,516.3811679135596,357.2607176485634,523.3633725511329
226.59524450124283,167.3371252645995,300.3188178719758,210.9850154976204,331.1147357623354,313.2203942278677,360.80883003989084,335.7104720469692
272.69018512488265,171.9699900526257,308.03337761689414,284.49806409799936,312.63743395292056,424.11689932615934,421.5142700677157,438.4514585403142
128.85400641932796,278.2370055617431,189.69575064406973,279.19625066466807,318.06189284454354,288.99902289304504,368.6929121134959,319.8784858408462
111.77249368479296,278.9185437836283,145.74312803844865,314.3225389612277,154.00995553754046,326.50183829548337,284.3383156685794,354.78312438735855
64.67504654663882,53.17159442553701,164.72971832815662,125.4862279223329,185.16009306310244,149.18946341103762,243.4699485788182,254.02919853134395
121.44263149654965,172.44791386950618,258.7805778704572,208.71826542458138,318.72305987541773,247.13142398013062,458.5654959010128,270.17025361319685
181.50389022575027,163.59393590393,200.3462272123852,210.8295279335205,332.0129989295587,264.73788101558216,378.0335340754565,351.04871958641377
120.67834227400489,178.89703163009466,153.13269371924932,190.5978239128098,310.80433556000753,199.60842676734222,397.802351212571,304.0644189808762
176.94968169545456,240.5643358787294,261.65219619074907,279.14910608619044,355.51304409863104,282.8167032644889,393.8806516772826,358.14291215470257
160.27708649039482,203.65642117036245,234.1408518839049,258.90873640421097,240.1125555477655,343.68048340306757,318.31756499042245,489.8701851625939
226.84931472863255,167.8720226804775,282.2555064200715,403.71548549616045,432.40591215493396,405.2555458956512,457.54624119816106,412.2798932559482
127.27992968375558,98.9308125365426,333.30855998109047,291.5966684396076,345.4828208403095,399.77128124665734,377.09994118940926,425.62152282180097
233.4136664211845,52.69456945421272,316.8746086227893,112.47397000770376,422.868888528346,185.25405558506324,557.0860136478082,235.447611714112
78.4812941311293,198.61344540659036,180.61277100388654,223.80590740365375,337.92738803684887,250.08210987241088,357.9207389603639,346.77957235948
335.657995896295,65.15779403800009,339.6055061297647,137.67912846702177,347.3348505200593,227.58816691493,416.0596689666615,234.55828628772542
115.09505694937496,57.55022864148479,300.58352932013383,129.90830586521307,559.3136389162886,262.6951594973841,598.9871324506208,301.1938233788409
371.1693059339024,246.71623570139982,408.67900144433435,294.58035273975116,413.0339222729762,373.6892676753338,496.78379738616036,448.9242032902204
245.32775222525385,42.10487141643566,378.8459270992031,293.2967051133394,458.6135310271708,370.66023773278516,525.4847053231507,381.1617494855874
150.47865286138392,271.7885996730807,325.4347408306548,334.9524026639791,408.71241757039724,370.34172894350013,425.6411988460371,576.9833761908181
210.95243143897542,158.80769564850755,293.9454068321742,196.9044607231807,332.3906031137779,209.42078698233573,388.2345934459843,264.32192962992843
58.490981118986255,344.9526189227306,155.82329734504907,358.933128604247,236.7567563452996,365.72517237634344,325.3232772984667,417.300333290897
205.0543047820776,91.50662809821199,211.98794107163133,321.78900864755997,235.90842925088336,336.635845176015,291.23376638239176,343.53936641456835
274.26111105317875,95.68092084804813,305.2979197143332,315.60682624469456,310.3702390282078,343.80127466854947,352.12755365067625,346.23028404870905
138.9827086026333,184.56720961673537,282.9462305599119,214.28068423188014,333.31281439477124,325.0092450505238,439.69724148472324,453.3758145196674
120.36493000283481,160.02009483147162,159.5872384319019,179.0932885778698,170.07998928981408,282.67499412585784,211.58305043453618,286.9322123045742
212.46513626067997,180.16167733943485,213.5716440831897,180.23065039481537,225.370432188469,286.61910874604644,228.47633021084732,307.240429312901
85.15650344116031,56.85255500756085,130.64058042603537,254.93415315468005,166.24778954390302,409.23910905076485,171.94620660461513,454.8257057718301
279.3510775696322,215.85656550132308,409.20979805707805,219.59040654190397,417.91628184264385,220.66782004566943,470.829796706908,296.28364785804024
151.63052737748606,170.8271254567366,206.0989681463613,198.61344540659036,217.55100318243845,295.2733121413621,257.0004300490892,342.97224327241236
75.43663828703134,128.75705828792138,331.36549634110133,181.70032489178416,418.6804119634717,200.51162914676735,478.094448942984,202.60070237942148
94.9910504907325,80.54572705488054,187.94929322678001,138.67936408613429,197.62000037435374,192.65575468461049,349.1335003659666,201.96703400370575
185.1211425920859,169.66900957557482,216.52066867492942,221.61151684797684,273.51156136905223,254.29670647622208,435.9897286812684,331.1111602585272
153.22837211987516,50.45786305993751,214.54194753116093,163.3158247115226,240.91080426994165,232.07728796400008,465.76980867136547,321.3824410837879
312.63743395292056,222.57822500897547,332.36565810501196,242.39848086029997,375.7646047353328,280.4356543602583,432.3770217437298,305.32493289160584
202.0231375351515,162.9003773728727,282.8141227562755,204.04905662768024,389.2960258658001,245.17779498618995,407.23163502345477,366.4373816823313
211.955473468915,205.89796313386057,281.31860575888516,539.6428475218894,376.4657443744077,554.7975353533095,391.89409807405184,589.9442167626403
41.40484641718969,58.634560813036565,66.49065587909884,90.9283663812282,244.69648338443974,270.32551185718324,261.6333853025207,285.3790640448831
226.92822881187791,90.37787487820994,446.47460304429154,411.70805770045604,470.74875316054585,418.02352796743236,598.7763423603552,460.9387894849202
58.490981118986255,119.31596788607102,122.18533676518898,245.02063327273936,194.92026297056688,367.1297887921935,267.61343374358904,371.88461748635245
167.01079241662308,144.17197782560865,271.57045768160003,221.00472468087128,361.1824032975119,464.89880843530176,379.73175034389845,477.38089445837886
266.40465716423665,104.61573522923749,284.1738661638541,224.70768783765035,370.4837042164441,299.3677560791623,423.104711171147,308.8677104926708
151.80273782463058,187.1771308340218,213.57952467796588,248.34307913307103,395.81397326099307,251.7487708276402,418.7078017889839,257.98299242319735
187.5256060147462,247.95088781065678,202.7397976002058,308.33750274020537,711.107023790334,560.1398738324779,745.3566159591845,578.0856637038363
156.48377242055787,258.85314251541,172.3794939797984,275.25559606410064,315.3808264197247,278.5417260601945,332.3956065179568,385.6131223822014
77.6344286185978,17.53525881900992,190.21208052824767,269.63157304105107,238.98911592384187,318.88882539267206,462.22671877146104,455.8400067588836
107.86373679227258,133.63193367235968,123.0984822294802,205.6098760645001,185.22649297872843,212.8675668807135,226.86976892207096,286.0118035971264
34.66738948149015,120.62293504892907,284.56444942998013,293.29283155497234,286.1792224308191,303.6917950358668,471.39481930936824,304.9806934666837
184.16122554933517,156.77781684903192,227.83915269250642,266.6708469527639,238.76503732542943,281.8655185464547,326.1207360969396,329.42186843985365
122.41395629722433,249.29921402417835,313.8434027059799,304.002868154624,321.8068382806556,365.46301103718315,374.91114173727186,459.69536344131694
158.65347551161534,307.0313103580116,496.31360853299765,345.63008167335124,502.8987185450952,398.962136079019,575.8079102744496,466.0369642269313
126.36779878159152,301.0378537942797,131.57064327566766,402.5110051165623,203.39831104937775,615.6790393482736,221.25718330204467,636.6055478159824
86.71490316129395,149.91580499005764,117.46587657221981,303.8519862255271,332.9721442664048,364.3520982114581,454.9537206944813,370.9862888353577
100.15304196861378,303.01869538483805,296.6436700042668,368.38003776723224,306.46988406541277,447.7720008149487,343.40342881555006,485.70634955161614
265.80467268685214,238.80778455775197,273.53172336185173,319.5533289108641,432.9824209018276,327.8242719708121,449.1022575006241,492.2752018745223
108.60250065227291,208.72931216603018,184.95023304572183,260.0957376684023,233.4243569882832,330.8547375866609,238.26443954564914,355.9643749610658
173.58548595838369,452.7664821752873,214.69557877401823,564.1441260372245,255.2219687813133,570.4111389906593,314.10832645251355,577.5456182065105
124.27335771218313,202.07660539232174,299.7007933122045,402.04889278204746,305.7835024898278,479.27815290719974,361.8995356245016,566.1325151296202
173.11218783489656,337.8099740500967,204.62879732216126,356.67040609506313,503.2130770322197,381.10144325491564,577.9781033188495,395.95313476881824
76.99612407098205,118.2579510373779,310.51862455582653,209.12310794452642,375.0601266836271,221.19721244043006,389.8298135522157,252.51452240485042
185.51439077145594,130.29284806530603,200.25281238105495,240.34214466291002,228.5028127274348,334.6679686417738,239.46322773842058,351.20830137492237
124.59233765472344,140.66600925914997,148.35202893168855,402.8441176298973,271.24326117610826,411.2145103768288,366.46149651194185,445.08924217661877
155.54425014716782,200.56145052403886,268.35498239716145,211.6888304014471,492.47222963545823,274.107220896771,554.2634358839173,356.805415028056
126.88406306657053,76.5990027295999,392.62067061985834,306.0549065993164,424.06985863314367,394.423921844259,511.12067764152533,496.04132590069804
120.0555575129382,82.03318524880004,143.47652821204994,200.15548837500936,187.01762315630106,333.5264577108294,310.1916143805993,468.73004966401624
130.47465810816377,86.28144918545644,356.58962422495557,322.57199296783205,374.1708827544906,389.56832147213623,421.4717692281722,409.8027529343489
156.48377242055787,365.71125286064574,177.70869374645102,395.7806539344672,271.6066612126341,468.06453330865855,305.0366021701274,480.50947579793655
156.46903814571553,232.07728796400008,178.15729356739158,282.5213363364488,262.5712802522624,360.8206691545267,284.14849674657563,505.4207935742964
316.95672932838823,156.13352185295068,327.7632943255928,209.1158131503726,445.8675517211612,213.03287635906992,457.60114202750674,254.66963818684442
230.60718833211072,341.80415114236666,322.66318877713314,394.33378513011735,330.1173926391246,415.3359638712902,382.2430079901969,454.9346228049961
272.7106102043736,242.10743689815553,350.61700012612573,323.3533953673549,456.62632419098605,416.84424466164876,464.1312961550654,491.1432301677489
109.67507022047297,204.56725041930378,255.7300801277909,254.12082347367706,401.18060935402315,329.64324346593725,477.82173415060976,436.6658608095593
178.95408603460936,34.65839008929971,190.81344680625614,203.44831286357203,273.05283403301297,256.6050687056728,342.2250880588038,445.50358523303305
194.38946668637652,3.7709400266327475,280.00022512785364,116.11703149681568,324.20253102083456,314.0624255302393,353.0414971645577,417.8636141487523
121.44263149654965,268.78009806152255,362.16711251854736,297.3384894752582,364.1770216570757,302.0440684130985,389.3797123141959,331.05425199272474
458.8894108400227,319.9835808545409,480.7836869140751,407.4364155083548,484.5704892542512,413.7702015435992,526.768101234726,461.32657336211366
155.4834497978649,72.42235672212266,185.51439077145594,77.41893989637987,249.08786277543786,238.1041237634424,278.4146273916226,245.00383067529484
87.46135886159851,144.6477749482106,306.1344251842169,175.19813454330114,360.7436345882576,183.82024052122853,387.069219858852,238.42760548704925
99.2207718810221,156.0166725560432,127.83361898912375,213.2621096207753,217.793882582689,456.68456010589557,391.7663229754823,466.520497477299
89.28643509171098,175.28746568176555,330.149723213234,301.8449489843405,394.2731389874086,412.39379111570537,404.3186049807954,427.1984359788238
60.54076707335951,79.26045303782963,265.7364025363457,165.8874877658377,331.1530453146369,243.65908007584287,332.65425797327345,265.69690378647186
181.69222089427302,169.3478889804427,191.41528796875178,361.29430007858,270.26927589582095,410.9883721645809,332.0019906745937,414.08173299430956
167.85912959720682,36.87465528920182,279.89217782454,169.53470251027187,385.05141200267127,317.1225320786824,534.9107579535794,419.5106101192508
178.2169732426534,139.7603196436402,201.37260596364132,238.0556186793569,215.38940804108023,283.8938576672915,336.3729316904744,387.38147822693344
275.03045046725026,383.6207434226864,394.2578650735069,476.5735663194707,432.14572126584795,497.501036115536,518.3565330337138,517.5436340347278
41.40484641718969,180.4565880929715,89.56380208807097,244.24224225407556,237.9101287867588,369.52614696773264,252.49574285519387,404.1741915314916
88.12348545317053,324.96537391752116,131.77665758076424,424.997159257754,173.12567546784865,451.69804136563454,284.9347587092959,467.2491967511157
263.87018123365334,207.45452218834836,348.16480311631534,389.4440619821,478.094448942984,493.26591462361404,528.1810199162761,502.32944378404903
102.68412623100804,206.58014626217306,260.6831059853665,340.34236785979255,323.775133848082,360.4199246067396,353.98454171768094,371.9766388016596
228.55185720109202,232.39642048068012,275.03224061491187,249.4994912851593,289.71126099739706,426.49920366407883,361.94073424815804,441.2995909016773
76.06151739118108,233.67965634459333,91.68288736927637,500.8237737677776,102.83320677657859,594.4577153422678,109.05075374590751,605.4135793896357
139.2747402711493,223.1206707642106,284.66439053807954,235.29826457289016,427.35361708649026,299.20513766213196,484.4176940616058,302.4634679697469
270.57462967873516,157.65855886300298,343.40196042435167,426.51353883305353,354.7183918467686,445.615995508322,425.94580728724435,486.4100603978396
159.76352158152514,99.84454988962028,363.23286730428237,366.54052828039715,394.57687485998883,369.9725365693772,438.0354458361244,497.9922587754448
76.39058732596,238.62835607571014,242.50819726138985,350.2373539259207,358.5545909430262,396.64516813946625,361.4654696415023,430.95138616795685
240.44142217620842,247.95088781065678,350.6415938296282,276.9845720443157,443.9717542887081,317.6542963728494,473.66128656577484,537.8158573919113
82.01237594253195,103.16630880423283,144.2650513145929,145.11089310636913,244.10542586753607,298.70310754226495,297.33000639868084,323.0439529416941
200.66275918177726,153.8242170560811,255.52768001734822,218.50492937283528,362.9260468226157,309.35683953195115,376.139266760283,364.0952697529966
118.90813718110918,142.66605305034477,120.70993224652335,210.60889590674873,164.21501096995857,391.1702376202639,182.05841380857592,474.6880018445369
492.4811751342444,179.90099310908172,503.1166309495845,286.4169876832361,547.5312080653778,343.78781787610046,574.021739245782,415.217725984794
207.50618106265108,396.32726068638186,229.84507126330547,431.03912975013714,450.8944797419322,545.1214098165298,459.20692237666253,600.0193384398826
104.86699049822381,75.80178488071661,227.0918188862872,189.29785206572984,252.79758115157338,198.36437187162085,257.641676415938,220.57599855296695
275.03224061491187,379.4768389810087,302.76215121033306,579.1969159337425,307.8368174804799,617.4425790798667,398.2608613507625,649.9864349549197
112.63226139609993,142.66605305034477,115.28737095917428,299.619293327644,165.48012876740913,344.5464166814103,244.70425783746472,405.4060983477644
179.25530015256717,142.231656957233,206.2715454684195,249.2435761145823,232.42366096316454,291.1476730341609,291.031435619197,326.11076638461304
78.7017362974583,187.58846036040615,160.8503607056204,265.8517094832198,324.20253102083456,302.8057222388073,413.24254907737776,347.9285178723452
203.26674557975682,317.81214078936466,263.1766426141685,370.7158700062767,321.258930722623,389.5023884237772,338.6203144479184,538.4177119175573
182.22573967315833,189.99290609289304,257.3645864786379,379.946435152867,269.08670226040203,481.7768735560056,306.15877163915417,488.25433957093196
318.5010567790114,392.7195426459316,359.31545762669083,495.81594321412547,434.1820853342097,510.1009996797454,539.8934294145166,515.3115027811243
256.67935803793563,270.92612484555025,284.82803643562954,379.75013085385655,336.72440362545433,382.76317276131095,374.619499234154,441.5254049182145
188.5984677782349,213.67528175187164,351.8056563538082,218.02205319420938,468.54159975003967,297.21782702830467,503.81520834383997,307.1363092472773
202.7397976002058,122.95647341510069,232.1960506042793,189.5150406548681,583.8853019195552,303.34505597444314,728.2285722494225,514.9345955494662
251.70022447260732,324.5664088061414,298.5147163605821,407.94549644943766,299.5841107352694,422.4447268545214,323.1930252863647,441.28866988387114
196.7852177857821,365.53184184525173,206.85311386367061,371.0723120197274,341.05043591779213,397.4428839256912,361.61653666519663,438.8690289289426
312.3728072545904,114.8106448873382,356.86892738782603,213.0445395709807,362.43558809182906,358.8898920380335,443.4433194198268,536.1693007266251
72.5067280109971,111.75921984048105,155.00150678750674,219.98406186304933,225.64111787064186,229.43794816735482,275.23336310952186,301.8474059759011
100.49432775239808,182.10863012822912,101.72887123224302,423.8989628157859,106.9611488037395,468.2822547334185,219.30171023384352,566.3758717782927
178.64595120775508,213.48607946639007,346.4031603777354,265.35841854739044,532.1831826184145,307.2862544508878,538.2344350561519,325.7680857800971
105.89551061306463,181.8347911829891,118.77934181558327,212.30604549109302,233.1369646564763,255.48613706528286,301.08301080211595,277.5542491589735
116.4840992676887,214.9256285198824,172.20465406678153,409.4602806184333,306.6164764367928,458.0107865694326,326.2108434807761,559.6348453173204
102.18579124330329,180.5379946720066,206.27521472844836,250.12245986051417,333.7234270431118,252.05988364958438,353.8666801406133,303.9561402377959
293.1179153772518,245.56814712955307,307.5475898842955,447.3178500598182,395.5445152951139,481.5825728203591,436.6147810700433,524.9672877832589
207.50378615548988,143.14614532042003,306.0892048681356,157.93865442974771,343.76602759875766,242.5150747892849,433.2876416830038,285.77540237813486
147.29829685323864,219.44967776627604,311.930841302024,251.15575966368974,422.35286188518927,326.8858445366185,546.8428342217607,339.16020775651396
181.5868564036692,237.61150324955653,209.3005198119408,254.55867570067298,223.17978139256897,287.14681890795435,258.62116032456925,307.76678015898614
219.33618459583272,315.9396301475334,250.30559386388572,319.7090376186478,411.65602671687344,321.33944002797415,430.81926306208186,332.96056465566755
76.09652597253715,96.4426351425384,272.02807449118245,296.23506387872015,373.43609383570936,300.6123094621223,378.0335340754565,327.17912899158597
181.2942718176618,72.12466110409946,304.8066170704063,117.78622718374467,316.43007370598855,133.63193367235968,354.7183918467686,310.88778968974094
204.8962856287129,249.61393410652605,272.74488854067374,600.0788901765613,537.1287465452951,605.6797741754359,603.079389261214,613.4800164637052
180.8460422397026,67.71991202431157,316.66845882682736,114.73743947621753,456.9184371882213,204.28090808416715,584.6868297979763,259.7328242087723
232.0468975767993,282.33256654613496,248.80158623324468,293.051181479874,280.5293278060226,354.499024291289,322.56702290707074,400.64792668351504
215.3299690118908,366.96345165497604,259.40821350054983,411.41008274308956,314.28919448658144,476.3245208848042,489.03843713456706,485.6373474510239
237.88559655983306,227.66424454564427,260.9313288137346,476.4143525659817,310.36517732802076,493.4042977084811,530.4218507928208,498.30266490714615
207.62893000264918,103.63609185384192,287.75367082066816,206.67252213801268,324.92564460588386,305.15309178209094,446.0944755875145,377.77250877263276
236.78621683722477,86.62611708038884,271.9719202065143,216.791974464632,471.60884834523426,233.0366327676502,505.06783486291874,474.83342301792754
136.04876596344664,60.17352681912142,153.8749424737372,166.82379218277822,237.46432975281635,171.7327633617063,542.8150601409765,212.47410222404844
211.19712841576,100.85315888998142,266.4001777060727,165.8874877658377,280.4390251383596,312.8484556919303,364.20704276356656,339.22170167841495
176.30356503998956,247.69245567720515,376.93608322509726,258.77041216933713,479.5890826932908,361.6435015859902,505.9397103055912,559.4848495495387
227.16507381002288,224.68577660103114,288.5992324236071,440.0765472832828,342.725362675303,446.0829981389354,343.65845432375534,503.89645390736507
147.44879544078645,241.18213517540585,196.7852177857821,266.23325937001096,243.65963635177692,308.05714786749036,312.27596572652857,390.84956953575534
161.20230295210385,240.95527963253502,248.38678872750845,331.41798291644966,259.0608135177378,335.25710884680393,306.7092986736347,372.94602128898987
76.39058732596,168.9995822829225,318.2262465549009,238.36199587376666,329.70202658459397,249.55431351806916,344.998226552097,293.8455836104399
89.2781810924572,267.93996141588025,228.73267636335993,270.17025361319685,387.5524718492037,278.0398426033852,437.6536856623938,283.35060639340963
244.27888119325428,217.83139666567854,550.4361329792177,337.6597635531595,580.6915053334087,433.8735507249325,667.836420415277,475.0046687866054
325.3729926413683,129.06963330288707,382.2111874130598,145.0193552287997,486.96117518686196,184.51953265866177,515.8118282960215,190.73404442336738
65.09666368382796,176.78602611114854,136.67776948050016,350.43547371748525,159.7976114918427,452.84924307387905,230.15819705059815,503.55753035611167
115.62964398221821,212.80256322078807,182.39826973330122,264.6804677767301,196.00438255439283,301.484825055195,258.19044001421423,303.9116488206959
276.385658002388,281.59962031448805,279.499746392391,297.75131341045227,305.2979197143332,318.104254827705,400.2254999543621,447.9026613606605
91.02794104224154,65.5626469565075,252.69818123407046,299.1114917909322,349.9336462668873,305.396613296893,404.5323727238604,317.02940042188254
167.85912959720682,210.49864994843244,209.79280267312086,244.63741330258074,229.98547349077785,276.11516318208305,468.1807981858258,306.69179456662283
125.11695848303104,145.9068359147024,211.51959669267524,291.9739448830187,317.1036559780705,349.4741506961931,442.74911400025735,430.1758106142972
410.0604139348411,271.6392896927236,453.3646039340022,327.20668494744007,640.3368279848103,430.21297402219847,663.1600534159872,499.3369044884152
273.68266964534064,187.77742182685157,310.1947175466741,235.23970027748018,409.69959837896243,252.1988073874077,427.7967134201713,349.77194377298497
94.58338738081324,329.4372235856858,160.7738618539728,387.9763704715871,179.43891468409828,471.38087837254716,184.46858189756435,475.67282105320896
126.91979828350502,328.5578891296316,215.41178928559248,389.74002440686655,442.5085910982299,543.8257803049428,451.99422196599215,616.6497623215541
127.83361898912375,15.206005689264153,188.9541794400918,155.46072031318,316.49748698066657,272.15571183957263,504.4964068595769,305.8419398300416
418.96095323301483,228.40808369262754,555.1429329849443,326.11347762504676,580.1928386502993,433.6224836470392,586.667482775193,457.45888494412225
97.05831642747853,225.5316517855653,264.13690439790236,254.55867570067298,418.908527699054,332.4066639676006,462.2353384578805,410.551811118908
116.06963819358153,229.5608401193689,219.30038247160152,247.58024857011944,225.17089179169807,290.52049175944137,269.85093314923483,305.3372924262406
105.59398876166318,180.3905436295095,410.4077910975819,214.60137706348075,482.6477110533914,317.14026919418365,500.52022299130533,334.7491364337402
107.2529505652569,59.00917102903953,196.5974109965465,139.64335622448328,218.72109226588697,243.95931025827855,388.1235663815745,334.59791320102346
80.09871283255133,53.488556075565825,476.8593120253052,302.07143239868043,488.47562841626575,396.16466994987877,615.1600702869941,437.3110437195162
121.1641066845072,68.8595000397769,131.3560222284661,246.26844455515658,189.2832520564107,347.9696978739659,244.4475074936229,572.7547207878694
243.60614458951213,120.34216596416145,298.9016566637927,262.33591132577465,338.81515323597944,325.24321575252424,376.99536466579667,371.4153959772126
167.5154129725525,217.82534084102903,209.59102420989294,260.5714435571685,404.61632179714974,300.9839193366366,466.64421031730734,332.8348394932422
118.78294182617908,105.2669653849027,220.23297566345937,199.42041430761867,243.63223699266527,274.2143206518882,345.2718555681305,329.4985356412359
61.839542178310666,74.77291422570124,156.3624735402167,140.6736903313823,299.353950755461,305.0369838056993,334.2247446475477,331.0626453860972
243.0729176438913,51.727044049006295,299.6601421467267,264.4599341556529,309.18657371992657,381.45257735487155,500.1743499777371,384.9839269037162
224.0767830622002,212.18227117914066,255.37480805887674,270.9283641789414,445.0457960707385,355.91349109763075,459.6721505457924,392.4066480141788
296.05077332233833,114.73743947621753,373.16248303729253,119.10559781157801,399.5569292422569,153.60495257568604,456.9612605040305,258.29335542324145
144.84813195483764,289.42968807412416,293.3257242174819,314.19598885055404,302.01971354063755,327.70609495792786,305.4413174043161,404.0293891282538
168.5280282397158,211.01459524031404,395.83869592025616,271.9060658740952,424.5307867515939,347.22523872797797,510.58318548566996,601.0963153991344
213.25506345356774,238.81536432579858,264.9489967031183,297.21007870947415,335.34255808919534,365.4806531222747,443.94819246434497,477.7282343308032
322.0362355353409,140.97765803327619,329.27296082914853,148.17568086100056,398.4241893395962,364.0435024817419,479.2698009135466,380.52172457554354
126.29884087896556,116.58020628700994,163.1150588385865,171.0712283546764,192.62634202824503,206.53714405553185,432.04572087280906,330.35516736326593
289.5143036006829,112.42207248816351,516.815051361045,366.9832560285888,541.4695569904666,458.76612770693885,621.9700609139918,472.06715847462266
135.32407154069426,50.53777421252298,193.83726029942935,370.7535827968018,264.9861185080279,373.26902469493507,306.65111327193273,414.69081656284067
318.5010567790114,155.20849455687735,325.06317791599986,217.6279734744016,417.63022210069175,415.21193314132427,422.19342085078824,466.2082157345721
211.50403446925867,112.27846724537918,221.98627193187323,158.0062137892926,445.5928120727341,555.6418842385528,451.152637371513,567.3455045412036
103.11765710945018,162.2283396712713,215.91848271874142,162.36469508727393,220.98393328744334,305.0802265958934,238.26443954564914,361.16417326783227
160.27708649039482,91.92237971492699,164.20766368424054,179.10000445685182,374.0849059126009,225.2169479181492,375.859149945518,401.61473674093105
55.49676393650959,114.67623148188345,134.47110891126576,269.21838459971445,219.64966532138777,330.85400065588885,285.5752644746331,353.62808307138897
185.57653597653444,145.4718822281377,241.36942082412375,152.868725713013,381.4358050128224,156.07698407612435,487.45127601825254,183.88616751697612
234.59714697855014,48.66654602237956,269.66982955020757,88.52962020065004,423.7919821153504,116.47768784730808,452.8290809347593,317.1635648702383
251.6060534696644,219.32748177545523,283.3051655904597,236.10864182263003,311.64498506626495,276.5436373869193,342.9615183673729,351.5798668403851
249.0598435353554,108.63151877167044,416.04879246010876,136.2822931298717,504.100591815938,184.3470797157524,523.2832168405012,238.61771674126896
36.40286301544816,414.00419659541643,141.50986378832624,456.96175329163015,233.4243569882832,623.9443630698753,257.84009975726383,713.1336266372343
114.80964279933032,102.30004001352168,400.709209137606,193.60323593822855,574.623725919625,254.60774573275762,634.345207937692,295.3341448840462
196.78741017667488,180.06569084507578,297.0124419973167,210.91440773565418,403.37806647131305,229.07127499793594,657.3747399550449,232.73239286843662
177.76545734350333,85.70891201408755,206.27521472844836,160.73366497025415,338.3027929660422,205.70216194298763,414.1696561928106,216.05048904914983
246.44439698364806,184.28288723560993,281.5720021014922,286.7978862924799,519.4438579215426,384.3260597101328,574.8786833359388,386.734428539283
201.37801471612153,140.66600925914997,311.2461479400377,333.6518812481104,355.70214677236316,356.2721668326876,368.49831821177,415.0318843479093
172.6110893484284,349.7525216535164,300.8929121440521,371.483265225486,342.8087849675458,503.4289668496928,389.4359171934752,523.4006827636455
147.16231008115386,44.80911407236878,215.8042609714605,88.52962020065004,236.79998326980257,133.68156163046,281.83840210268477,332.4099798822969
111.20942396897729,254.41847135893784,348.8774404868533,264.92054083156296,513.4272635884222,265.1802426997638,541.0337668520674,272.4078043974102
227.72364165259756,323.4104536985714,270.60697732137436,453.79205928374165,409.66935690378796,454.18026040387775,569.0187947465255,494.17256515148387
225.15786361825792,346.54228033036617,324.16545301031874,425.1130758817339,355.85202143231464,537.2979992812024,430.1925292741789,602.3418137658514
80.36595727222969,162.74297770332066,116.39606322863649,212.37295714353462,186.48854916489267,271.0804903590285,232.4631499396658,278.4946028777204
217.97039841614176,349.55955178289616,292.0990883559255,440.946875936085,327.14820624042926,461.38469540888104,359.02674228005526,475.4666969328222
182.74376716873297,102.78510415068989,291.823180220636,312.2091245671155,341.24971408711457,386.84340070870957,354.8180290320391,412.53591878052777
224.0003902083627,222.05498678072885,377.43022568022167,314.3745769982367,395.35617089264815,353.29611193143654,407.79414558135437,369.3329460417131
341.5227515569411,479.70414045213795,344.1568210563607,505.0671700922231,356.92775436686736,506.2739189985401,456.99448360743975,719.9105625171863
172.36053542630387,97.70009330385004,230.71648203329437,332.0498091928776,241.05171624630876,343.5510129751059,268.75480294409294,462.89105330934933
149.62914992185148,139.3455171455685,159.5090615685535,218.21158369772556,388.24884532802633,390.7609328210193,404.056486980164,408.40246521950166
170.7549179159755,369.8239823426944,252.59349036888915,370.1158681163739,374.16827994386506,491.19233558256644,409.3685197748034,557.8439054725276
132.9872761691708,90.85110187197705,287.4482354868611,109.85903163090713,327.40947589996,170.1367899860606,399.44247861951305,284.02069246972525
97.09591188716877,146.86995104332385,163.81222981265742,179.98212363019024,322.5324291240634,361.9068252763298,384.2776013989622,441.3531088099781
118.75830917881304,179.96216408900744,175.39213331624956,213.74935635527504,271.8793756250935,250.41970936469747,352.8436178541511,255.81817574638396
142.95210507463977,149.48283755804877,303.5670905921947,208.62101440732735,324.5687297523017,238.07366215123534,350.401460580452,266.9447980099638
66.88379676208048,147.60873671774124,128.93273927271804,209.07498749020854,198.74536923848385,391.06027685844214,261.23768147865144,412.3374557150547
181.64789493146816,274.107220896771,260.9343575536671,307.43814928081787,323.6132586714051,362.2020056001509,440.02545172746716,438.75429540633365
132.1860772714323,293.7821255260795,219.30038247160152,314.9954509154292,274.6528390133616,337.48657162094645,381.4443227817523,350.7954264321005
91.77996828030646,214.85856832316176,122.34274562217928,297.8499427243269,213.53409000492874,363.47903268930185,282.3197619859966,369.66406263704425
162.32342592012728,174.8025694258646,292.2513316831564,320.2393998734705,360.7436345882576,351.6737760716929,395.1949854200537,369.48684000290547
233.61768360173446,151.7129851349047,277.0692218086197,169.43676104732145,290.6674959485186,206.048958063969,330.567006308479,264.99885233996724
206.09309716826283,267.64559407445785,223.10767921794584,460.9764427588367,223.1443348508959,485.19717127298406,255.53022425035743,545.7515808958711
105.02093974060948,468.5989192767548,158.97472810767755,500.02150961087665,290.3935212774706,511.86341823928376,416.30673867503964,547.824482157205
76.09652597253715,252.9806490196958,200.61588368641128,340.3272664895942,335.3287166662411,340.60733220008194,386.00075426389094,444.3215468786217
144.84813195483764,199.35248723133864,161.90002221376722,244.0852770949929,296.66145776523837,321.53272718122975,349.7603337457026,345.9013248135681
205.4341863069194,102.17702969892991,263.39098470452865,296.96309838300766,263.70614124562087,449.6173735107686,308.2685398474788,502.3421474570722
79.88858966660916,102.52627859759943,239.39815807137362,305.77732161381607,320.37060729073596,339.23153269727004,345.6614013417927,383.6356652724001
232.0468975767993,220.41828699581905,239.97104811243273,279.4684061493055,316.4844477214904,447.23762993175825,419.02509658472104,537.0324280661608
122.85665677032146,66.49283930556746,239.74756853016612,156.22778176067897,264.55909571329573,170.06642835385475,326.86628360162916,215.46700284422394
279.3510775696322,443.8450239892961,320.1005515198811,488.16246581714273,493.3491688674861,558.5975227737836,576.0279902212916,590.6554588243275
127.57688567782232,226.0708063788719,157.31638550283807,240.88990537125892,211.38609508456645,375.78577852698305,259.44916563503466,377.6504918281295
132.09540583768913,265.89573113824054,290.16454246606054,301.0600395558071,367.422870308625,318.8769685342156,371.9763437700018,424.53496039041994
131.53257076680327,301.6630795173262,182.22573967315833,445.9668754999744,234.68302664064674,497.90552519731796,462.9704463374711,504.45196413757947
115.93843043361775,96.09446441710949,311.30904456526093,130.80009481786317,589.5920383705167,246.08896990445632,594.9435694188863,354.23169548672746
300.9570166035687,132.48086469344582,366.14841502981415,223.18337630140158,427.09441574511686,374.1735675205086,445.37686348940514,398.01895547739394
101.20354545712284,237.77505913153638,157.52249996496187,256.4767417966461,326.384930834981,438.60545050260544,358.5019782218433,545.1461284147143
113.8897591278343,283.05115052959394,220.84028061135805,403.45981409367096,280.4390251383596,436.7166495357491,304.21616530006486,518.2514526899855
361.03102809029315,227.08390480125655,381.70327531741,261.8465776549354,407.37442483394733,320.8870053425595,428.55630360033894,376.3404023512737
214.2271001736658,243.61410503627263,256.5569268720614,248.0686800431479,279.05399162018284,264.11411835993255,288.1252645361537,269.84181281662393
237.59195876375549,284.28931452760855,254.28110057580065,553.3182770848707,352.33886372645907,559.8592454413659,360.7507716659803,627.87673348786
146.49915623966444,97.57005075767545,163.69192385115423,137.6243712342768,287.3887230285708,364.19509889111526,309.10497760296505,465.70031728240946
199.94046022438903,127.69291314801255,252.2978701705954,190.5978239128098,279.02614368349964,204.9055017513904,327.46163928827536,329.41283080372324
78.56938825226372,98.93034320737006,170.41663592851435,129.06963330288707,184.3031055017276,194.42928387579033,243.7263471774107,222.82162723826033
157.15701795659027,42.3679997131381,213.77770273618341,55.64195445355245,220.69548280126497,220.97795890624374,231.5349372728124,231.26160821964808
115.30364486483553,63.94321555695941,297.6296889842438,131.92515851121348,381.2553499355043,149.65789753720202,429.7660697624482,170.87016535445935
108.25016076074199,181.131600847948,127.30459177674257,214.92860671783026,250.28023103732335,223.34367687712532,338.64509334326823,268.89559034479544
173.58036397072132,229.91922112015087,224.0003902083627,233.4407667868979,338.5767109230882,281.230935061531,476.3137319195877,319.06535313658566
154.40134831695943,261.07140410188225,197.04526344116206,423.3048863320261,270.9323426225886,471.09849670464774,348.9681033712761,575.1286257282261
29.937213962184472,171.90909282108376,115.21958346508771,217.16683816113795,377.5783393077035,273.87062955827037,395.8638422261647,347.1370485744555
106.60602458251824,256.41223063431323,174.4773140726174,338.0222163480969,196.6072420848441,372.0550074782531,208.14341944564168,401.5232350229025
316.8746086227893,269.3738042385963,488.29475572013183,397.7541931029241,507.87547446578816,416.2898416057677,599.8257224261229,422.5047366497299
149.5781046923185,349.0324165797794,200.57177402185133,394.4680561975955,377.06370137805015,435.7291511548542,474.466431699646,588.9316534428427
126.39344317412314,69.29431789063317,325.79160797343985,469.7998164091242,344.2617680532684,496.02421427668577,478.5830331602375,507.56221547157264
142.6618674992917,321.0795224905671,379.4157664657479,337.504113561646,403.5606869306482,347.28221203388597,465.1672546113448,367.8940961927357
71.06973968301779,170.3259524691989,154.03485231213196,219.3985318310626,319.69347020819197,261.7646849235693,393.6302031328209,296.6625579086063
143.5939657492959,125.4862279223329,145.52228753280977,135.6513718836752,243.87654373601444,172.11167268108534,254.01801354429296,174.5612624019058
359.9570978721824,86.1802761289005,390.0398508544739,362.96594508805873,428.08075905258534,429.35619555403144,459.7134035818404,434.36912081099723
165.01712319399275,108.66329686981899,181.30747573031059,146.09824205157102,221.74962841512203,253.15580176906417,251.17898040835584,298.6042053532322
143.60908746604971,225.0299427713449,347.7620075682794,241.49293027528932,427.8383821502546,401.73925166228224,440.7070732415941,580.639102327653
332.8097131791605,177.92657358875528,465.85336600944083,193.6642522983415,527.6960672230999,196.02950514584808,545.2738983118091,204.40411172177514
88.49506195216483,242.4245268275065,166.77478006806828,249.0230398336863,208.75382421845674,301.13469253435215,237.63857362049475,348.0835922172467
268.17745007737,177.8753312822118,331.9841019312158,223.22234894325368,377.33912374569377,224.01619920234225,381.6517246632048,270.47568056740846
174.74007439094694,36.48666088654348,183.43046706856947,152.59524873242873,204.57650759476184,160.1674800770303,209.60654731464132,321.33944002797415
97.86694939899098,148.17568086100056,279.4769082201305,285.14543734503377,318.25318271541283,288.29153194778803,527.1363021748286,338.73195650008597
73.01605704584176,107.20905152113777,147.42669122529412,134.7584712107283,332.82254524088006,159.54094776349694,378.80855264931733,229.07127499793594
316.48668702936635,152.63663830540324,384.38946954088635,234.67163620640656,412.0313902814031,278.23840512494274,424.06985863314367,330.021218508458
236.20173824997477,375.16136934595374,313.15853285661956,417.60922141951374,351.52642849283217,501.8205029245361,436.6503109931983,516.0415819077606
213.5186919739162,118.02836649750907,277.4343219322385,230.66207436408527,352.9872187194735,313.89986238714573,410.40186478781584,486.43444734422224
58.25331240823743,167.24640154780533,336.0844567150673,368.15698370273986,358.0314365641706,409.2993059963284,385.05762446381186,569.3915127381082
182.16700732569686,101.94268074352794,228.98639671339592,141.67659370297434,322.5518624414497,169.4246700666017,356.0904460176255,226.49447029172788
210.45180010632677,266.74710426767433,300.6269210946667,335.248005410305,396.71633442525047,339.6391186070568,458.65697628309783,348.6356569413468
80.9669136294505,143.45086838062807,437.03750146052647,334.3307404297708,484.62706934077005,401.421315482823,495.4569411804189,418.0575495066485
251.85891550386367,168.38603512772048,301.2968937510313,313.01686347721835,309.5280105867987,322.57199296783205,353.1980472601576,549.5892668196835
109.67507022047297,122.9896030712385,234.19850047066046,266.8874404642276,294.2818374931316,377.04131142032776,374.36943768589913,384.5631051523835
174.988200500691,36.87465528920182,354.90991542601887,140.3561259649716,391.07957570053543,337.8498074146603,500.8495039835401,436.1538191003909
275.89937035315086,124.97732715865583,331.06705752459277,152.41804325140512,541.5651278477512,302.9988675675234,622.5178215785953,324.1639355126698
342.4927794101637,79.11099138961222,418.0453143299519,197.1508835222637,424.10331343765256,325.297382678281,488.98477826083655,331.05425199272474
186.03071341345913,92.60127611687702,209.7589842146362,272.9252014087609,272.91288113921394,346.4425789006032,278.3598404101497,398.36051274147275
52.89062529779872,238.0899778968802,60.71116720131617,261.687682311342,109.785975551426,278.5417260601945,170.37957175888366,390.6038469639843
184.7321519113678,30.32318184702306,297.6296889842438,212.82194524886327,353.8392095748334,238.51477666035797,471.2553028776976,256.641120187744
113.32521207650838,246.7054268975481,146.3271548524695,294.85702860032364,269.42620212504977,350.56087371311753,295.6403427192929,421.1493794010349
288.9307525301002,144.39884107383517,469.86082896234205,204.11224679095895,608.2076084828194,207.28502499872502,613.514814497235,337.56094934124263
142.6618674992917,203.0955021466658,302.59631628780295,262.9843133442648,362.45151984522164,305.3520579423789,400.5016895200986,357.39930130821864
317.3859428340375,93.67146302516312,352.1862702289051,284.1124698688632,389.1290092922267,313.53426948225325,511.67101417546144,408.7754793631534
132.1860772714323,168.18831742982053,347.0564318311725,244.4693510722951,354.33688573704654,270.06487960062896,382.34328726118525,312.31154467933726
132.54142460893434,194.6344540655204,252.60631798297763,313.50540990397775,267.3167889536515,324.4091586763209,307.5625951654103,383.03192874819194
85.63082520174281,240.19314329508936,206.32556912552212,263.4172159584028,286.109159423017,340.1139597175748,305.3465578371633,367.9651460878397
360.91556086274574,47.70657192244398,419.02509658472104,222.2025975536508,452.22870610843296,329.956093095373,493.3491688674861,458.40056396622504
141.73376187398898,136.24436928799514,172.1245016943526,221.6305227521126,352.0633526416995,323.30548824191317,418.8969684677718,391.4302121303978
114.34874120916251,153.9235308882547,170.50419865230666,242.31591749466233,196.37974159081014,315.4240061700415,208.97864477364084,407.76668197976073
318.62125012581777,152.868725713013,346.0997866813317,246.2791684517424,471.1543916647574,258.39225657205037,473.5585539048656,267.6466950365881
216.5273199254686,431.03912975013714,508.27494493274605,440.1072500373014,520.1800352980453,533.6992195195488,578.667058486872,608.6759227631331
112.63226139609993,146.1012326637633,116.86993723394868,162.4421838608121,266.0709503097747,162.62309577263292,353.0620627787804,180.5379946720066
206.0980480446228,153.9235308882547,309.0450464524747,196.33291470504852,322.0362355353409,366.30726230794545,356.20520002873195,394.1108146252806
32.627136865115496,143.45086838062807,177.57637203106395,192.18206465503374,243.78601229148165,276.5241171540817,307.9371980570621,488.52228004157405
187.947928194049,174.13281573517736,189.89523281412755,258.31201170577873,295.30300107795415,301.8449489843405,310.0678489589345,327.1300208084408
242.40840775053402,172.88961663529355,316.95672932838823,287.247420746443,327.90535624286844,377.0945906462827,336.29831366004635,392.81654758122176
398.07253328873753,123.12779432612328,492.4811751342444,276.82053151247635,497.6062011784467,287.1300933510196,555.3866335230712,342.79240472766077
141.44333405833578,217.52330957905357,295.24849257844545,226.11123238130293,348.99759721751997,289.38458578537836,476.3809173513609,351.90249649781947
69.58669984053239,98.5363235749784,288.4422840038233,333.546650620332,308.073119280241,444.01118084352794,373.15557924310195,481.3809570902934
97.16030751087999,371.6292568886789,369.0388074842162,458.772821773497,396.4822008586723,500.97412595672284,460.4739377084085,586.8452712370527
103.92290676162366,100.7732338282843,202.0231375351515,205.1643561295266,205.6699746537614,235.2135351444958,415.93249949523295,302.4634679697469
72.45443063188266,119.15677559777652,260.4746404011741,188.66852131724028,282.23257676835084,404.89448464747124,283.49454962653937,453.2415354061121
163.20948484485345,46.64113977885949,200.54078333251556,309.2366918932635,239.67901852306363,336.7734416788961,243.0435542480719,482.44193230848714
162.2065935539648,98.86997088966186,218.38915105419926,272.4805099990262,259.31272101451094,344.7741809588775,334.6902683994959,353.00157622713965
276.87596466047006,341.42814959705,341.8022022933761,373.23971833493323,352.6606767494145,401.27629494433705,394.19163870102943,492.79820587251606
170.92581410272862,350.8711288946073,290.43552929374647,381.53424773226817,348.24503095488944,391.49152150168817,568.571490026957,467.46430453668967
153.73835364287794,278.45660438541,218.94815308523354,302.3170096804392,230.97239438340117,340.2724622374382,268.3312332506485,397.5604477843095
99.53431594538523,264.5629455355334,102.09768422380691,350.05792256493584,177.2131775565919,351.20959515124974,179.79968398087772,354.8625476746673
208.7206060869787,232.69976633933595,290.16454246606054,350.8746704304998,319.8436641948381,363.39241552183086,324.54273146451646,409.542154529832
97.94951247766564,226.3384584749353,105.61006612114595,275.2677901487814,152.28509100628852,407.88660088414065,172.27142014010514,439.92498906045904
268.85762937240463,210.60889590674873,293.3257242174819,344.5464166814103,296.66145776523837,488.86025429139283,349.86810556263345,510.271096936576
83.6631144035453,93.18217509256279,214.7504067139088,124.45705374684707,218.12902466939312,212.37295714353462,339.3856122016107,373.9205749143126
124.27335771218313,153.97928917392642,253.02013877682694,215.39636876498915,402.0751758983612,297.2957834899312,407.5547671074172,360.0721025443769
345.1264632667638,166.9305274832963,353.3415646415405,201.7155390175917,432.97207080984737,238.0556186793569,434.64361428141876,294.59791773355397
158.21859241300126,55.18107688994489,225.79109141381747,245.61677947141752,271.7637304405138,299.53186781679614,299.80170928945023,388.55540127136044
162.97806931827333,301.88114243817296,200.2172851089262,314.87743081143077,215.10756231857172,409.37297846835224,374.15470857207345,428.7707009356969
397.5535477086164,149.18922767803315,524.7970952401225,183.57527462306288,557.67395399883,185.97098728571677,584.2440179475659,275.07600983414306
154.25620693782918,281.9361081995146,238.64625422833151,285.8523952691133,305.77035792721256,292.74338816181734,354.60404018196186,349.07000122625044
93.21512136923018,152.03509271627854,307.8973783623823,189.4639568399534,362.63851054310317,264.6286136901695,390.8121665530063,281.98311870803644
207.24633092582332,452.17876322506316,376.1774372969716,481.31615931005473,387.50561624916094,484.02997801762035,506.6779688681266,516.1175765835266
94.27716836668267,70.26989556638345,475.9583607132347,274.8541845485885,543.4062637934244,295.20678370260345,680.9212714384479,309.5537235537867
66.09112179321184,194.6344540655204,113.93530406985397,313.32296748013925,143.5677005487937,388.4293834946851,296.7266026151194,437.29162184265834
134.51784600845434,159.15556964171293,153.73835364287794,182.6651386738193,314.15334604566254,222.63226464597767,333.28609653766677,350.5255565449208
112.44431430237694,154.55449090880506,184.67505685043034,260.18050750575094,384.55481118856795,393.37900956525607,472.82031303276585,418.85874709744553
108.3326161947433,227.2390503914895,243.1725761529298,251.540646807455,322.85161415512556,264.3004173703785,334.6792984869957,290.44566198095544
309.5249728443178,165.0383404160067,427.368405077252,236.47501688465056,430.6674550109044,254.90317403543483,624.4005683425984,308.54771962882614
157.2363378189487,43.93465408888471,244.8344869456966,304.8422381712437,305.8457816669838,405.5358224962637,476.62564885973507,441.5103495023434
217.61780377917796,97.3911494537873,238.72341187530532,194.65217895441498,261.0209160314265,279.14910608619044,290.868834079604,382.59533207389376
91.32926248481259,227.08390480125655,196.51810358083833,338.9244395276257,233.04107303935885,420.420915607708,258.73550174797435,483.8953811080162
265.913493358341,135.81811655144833,398.3356175299808,141.1879339881785,450.70671623414387,149.65789753720202,492.42982292522015,183.7124051520138
40.26140383047002,175.55935416173804,64.78163533642024,204.00566887153698,146.94251896189286,404.9695609492123,167.34132230616567,527.4859784962882
239.92764432044953,178.46302792061738,354.60404018196186,341.89902913436134,374.65233741168134,357.1434620217001,395.0413118811836,429.0070654895806
53.32712095929924,130.3250489296738,97.94951247766564,137.24889802270584,103.815790973363,156.77445006603742,253.13593020247612,208.65626151564584
307.11369154286257,88.91138142563119,428.8903727310943,200.2252085900356,432.4335743444345,263.4367596880941,557.5207975837658,406.83075681880337
96.40230038399923,166.2524768794051,126.68110765002848,250.28353151517058,258.79685187858115,317.42115811099194,321.8078364397738,340.71400879969514
352.4681888977733,115.00006754110184,373.75541548479777,244.60140396124365,448.1063366137893,355.31414204070677,454.1428560419547,471.38087837254716
174.255735219738,198.78696545264012,360.6135463524023,251.83815055399117,492.73870143935704,300.2439085317905,497.37387617420063,355.5516307602277
105.46110451343466,260.1052371781408,213.57952467796588,319.96286917679464,320.76706306565234,348.3947840946151,334.9810048860356,378.787775707162
102.63639064479837,204.2900481766497,170.41663592851435,254.5974316640828,197.62000037435374,255.77226099976306,220.06387955671119,296.41591423939894
109.82221157608653,179.3633695633429,114.14418145789989,507.40377501073743,115.34041191269925,529.3310188633939,341.372178527355,537.8502914556221
179.42010804989164,148.93763875790245,272.5261298084121,187.33484023295773,281.5949603826296,221.21879493820506,294.48716313472187,482.02680960184307
52.07505604439244,123.72073352829852,107.93849624267503,422.89686389044954,175.55282946784243,446.88478649229324,197.9754456134788,455.2479412334951
163.77104645376815,171.14587792311622,165.18719940494321,174.19677513108817,198.8033271139659,272.05363574427435,282.5504357874393,310.7944274009567
57.79910486555909,187.87070980086884,297.9924389188773,212.40393755333335,308.4139088137864,245.03666350731007,349.1350813468931,253.15580176906417
67.41376699867455,296.5591772399912,227.26759679232714,363.8222671892497,361.52726403973037,427.46071760034664,416.5171996544217,525.275107914944
155.44731702338825,270.85492779323056,337.1918727489757,303.2098413494414,362.3639220427014,329.9435236000026,462.7421482794288,351.32012961289075
95.10796324303475,367.7640176177834,131.10709315821583,393.2923120430608,158.60250325066366,420.0402948192024,162.61971392845805,489.510311046742
48.27971429166754,239.0510000246604,85.14647741161309,282.18930369853524,212.66046450827554,308.4210952378058,344.7402882333084,332.5231815416404
268.4838425502684,69.58706355700227,285.6193957932984,134.61874615859236,373.3890185764987,163.31100000690097,427.47547373296936,238.50905189647943
116.21545628835086,191.2446015865611,225.84164748395227,198.65388281810928,232.42366096316454,291.4745134124208,261.5515751673882,341.7874717049788
123.55400775667755,151.87297390234787,251.95088051671217,270.4347647110683,397.8944925731269,286.2616547593387,418.68476780648314,374.1142088219227
307.3502744836512,216.82051870796712,321.2045910861668,228.1735538054537,440.66806610131727,248.07928016711497,545.2738983118091,378.6092904519571
108.4184180854281,258.5051335054748,188.35377471873107,354.0632425351106,208.97864477364084,361.16417326783227,214.4384731024101,466.14310172163994
74.2884857947808,201.32559903029158,136.63604121126394,295.5272834088801,430.6049377976127,344.69587660071767,486.01557804342076,449.7294507100536
140.0656286934983,69.29431789063317,192.83392638431803,403.0312978931811,329.9946185715453,508.92195949482954,337.213180061225,527.2199199964991
131.1604596837933,84.56729967695756,154.03485231213196,255.54155759022495,456.17454815788074,407.08973310791725,469.25285768666885,423.6612783201105
172.36053542630387,312.34440632687017,212.670348641843,343.1446430101248,238.78118667476423,359.1461666230136,243.12559172221705,374.1310444301357
204.19090111889682,276.63476880621573,242.01269554098386,283.1472760063143,548.369554488112,373.07656558339454,557.67395399883,395.85486029672774
206.85311386367061,87.13038347216443,353.4335315402439,165.47561446754972,356.730199504672,260.473664201679,382.5836452036986,311.1384664741639
209.04338897784248,103.6693613682236,214.91879947475294,179.88034585561928,431.80433933331227,290.60393586590675,457.8894026131838,329.0656281673132
271.2729212817564,286.5480305267161,353.39928768374796,302.72037809012096,359.58438568200796,431.8807266324925,414.2208142264795,491.09526348003544
228.2358547193796,169.70204273028094,353.5996024044616,194.714436510941,456.17454815788074,351.1227983243859,460.0854562311719,382.02079884395494
159.78478603208313,199.9699561255628,238.7297843425105,249.80822938759724,299.0752120449685,264.39930952612315,353.6990348124007,270.5449763084937
292.5604349856365,136.72307847204115,435.7239399472097,234.25658993915494,455.2589317668136,298.5110723221154,485.43313866929435,356.7631252185464
85.14647741161309,156.15170353309267,99.93166708378781,259.2898589783632,291.45480169352896,319.51291127271975,381.02843856071803,353.720738836227
82.5082499443934,408.49015419083196,104.93556716515377,558.0154483284997,149.78685664747601,565.4098513370866,215.45202925613162,643.5440301758726
259.4725451998039,143.2856842853166,285.00287435522375,218.98559279343948,435.11408460353044,365.516300379656,441.32667498216404,414.7557985045211
164.9305084753208,173.71414602991433,179.79968398087772,181.7634325486348,193.59696455902076,281.9737025612877,228.47381058418677,385.5396393761631
135.82862595448717,124.54974408267942,220.8892549615522,155.93423081865643,242.5600917016199,192.09746601612053,320.8791114374947,257.7820752094481
142.9086548601646,413.7682876497969,181.65803900132073,500.85476326194004,312.8538926094673,538.145571088463,400.2254999543621,542.8903042517461
239.9623574702297,162.74297770332066,249.2897745726936,167.80806562624315,371.1531068833913,365.19743393051516,408.9270771330511,373.9205749143126
48.958622294583115,150.10812474067097,113.93530406985397,161.0357958788065,225.73677614595877,327.2243987956538,251.16532601350812,377.93498870471484
80.55503730026169,241.69417847272746,192.7297861259748,289.61480858727447,230.278906910496,324.206329942464,318.751642587033,392.65982651510274
167.78388789339692,107.6048373802381,367.40788998059486,304.30007385869845,382.1428947690316,393.8908311169871,646.4100489034109,398.77774771034274
91.08961421932004,240.56409028703217,175.3588728172325,312.3439344248998,253.40564207007887,426.09389845810927,322.45370357473814,449.7326728188597
40.56299370456701,225.27782419977515,86.86331191181218,238.35639300500475,216.8278595782756,305.55544797513653,257.641676415938,328.46846060278534
61.95634290064702,287.49411443954295,103.77479615109512,334.51543482124174,294.1219230112451,385.02491817023173,461.62928281916834,434.3470846927083
221.39521652931924,222.47842002000425,240.84840278914106,250.46750213220875,327.60157573464335,257.8637856656857,355.6544639648904,358.06781995373285
206.89270723488127,223.46151490344525,230.5407693140284,278.05771489472437,264.55909571329573,365.69367001684867,406.9256574070777,376.6260427701402
162.13260760441932,125.31720091702798,163.7145987482494,475.0186097512913,219.79405447309236,516.6092654548033,311.34701638876624,604.0715043049308
171.94620660461513,205.51779619458847,183.42658122399533,260.4332023918441,194.2292797487399,347.1018770465907,236.40642248855448,360.3601675028064
141.5377487143043,87.12173871852451,324.06670994699647,132.29391404804232,327.9552070989359,163.83447001756335,468.8203264104604,286.88531185689925
346.57463677745994,169.37702956575453,407.32434314124356,232.29199869483105,431.89410350760636,275.97647180085545,441.2909561966693,284.9468513774368
97.36517267205662,179.67319954018922,291.6715678399874,200.8685938731786,294.15883099593634,237.8494468742267,333.3510412682181,270.7451025737619
243.44281324580464,122.79543938270984,280.2071724302516,240.04802993231178,286.19907432261,275.4606291174083,458.3159596568934,289.8781550751802
170.01160509808298,75.80178488071661,192.7350091279368,183.31526593917226,256.4850514052207,194.4978557789027,344.9571987802888,202.73669314310084
143.89657124854006,190.72497457344602,166.7917409806659,244.8207427859315,220.58476725512696,351.9285717849146,380.454360782452,377.6664416473308
88.72587593293349,86.7086156915622,171.52219882005653,299.42865279646867,232.31346674773908,452.06818534767643,316.71931754697516,453.110003576733
100.76154355074847,162.2283396712713,306.80015738302137,258.5051335054748,313.8031665333894,324.4285226782804,339.2568365928236,382.0602340526912
336.45929381263727,96.8307183174595,410.6943077687584,335.4394906733025,425.2306827150152,447.33839774295456,461.3622125963176,564.1237176469351
300.3005170500811,268.23407141676944,366.4810342456349,313.98940580463915,521.9092006258828,327.2514634172804,554.7226365097133,368.71293325920715
100.8195527543491,273.7397277123361,160.01124977532973,277.91363176641886,168.28570270280886,278.13126766080126,249.484108843115,372.88296833011964
135.4153700356725,150.2977304371652,212.46513626067997,198.0077345302687,284.0883107070875,201.7141925438262,296.72101089441776,213.25860087797986
53.32712095929924,131.53754815191402,105.61006612114595,189.74864933457715,157.138516854808,216.57652757085006,206.70437406323944,289.3302984152421
93.80193236189477,204.727662160923,359.2288458707326,215.27146655886546,373.3134722384465,217.39293694560482,410.97152079959534,228.81215933390152
192.96845173188422,199.60842676734222,388.2387958921112,242.30300048713542,503.23061712614754,294.86860972211315,549.8040853459337,329.41283080372324
348.1109128225561,119.37996139941005,447.4551988486988,190.19924594307955,482.54145618562427,224.97052806292922,558.9948066478585,284.206693592654
55.38372543172371,185.57789132691786,141.0084458910916,270.92612484555025,237.59195876375549,296.2834105839612,268.00672020951595,303.4916857780442
56.99928140803483,185.03370600174108,149.2830415915613,283.925892183098,169.67902198823094,311.5122489034247,482.32761630766583,406.3886710718531
98.73625398784887,236.03174975351467,196.27407719140348,325.66263228921207,276.6773172398132,376.4355578994627,383.00212211372565,417.1162514860479
290.96612534713074,74.93619515480297,359.8243006104009,127.07339020681451,392.3177509103854,145.6475922076647,396.1317236828504,192.03327874540963
72.01609845334868,255.41355530064513,117.46587657221981,331.28228409627815,377.4534261461659,387.2816560292799,406.8326910131001,410.6903074697448
222.25703126383624,147.53016649016698,318.42831617914806,385.7101664157626,342.27663278970726,405.08618637166654,422.868888528346,462.15633437472405
375.30854945235103,184.37858668714645,536.0262904995263,267.43919247016714,614.1414431858561,275.1854338433373,627.990080681173,289.7419222220591
155.75691378113916,319.46989762630926,160.55796933873725,343.093780670637,234.2354314500955,354.6248613598646,400.81801126431037,464.53118181505306
251.95088051671217,236.92684855311455,329.78513308903456,266.9102270704006,342.5451528050663,296.96309838300766,405.1314314763968,451.54000945723186
104.86699049822381,277.2171547480995,179.28947674076232,455.04241773359854,200.77024507342412,500.6275270949995,216.8278595782756,560.1675998172502
230.47354954540563,187.18123585939387,365.33619661652165,316.56610917306955,533.046847432473,356.8549837366233,590.4433127061272,385.21324931257004
100.65800686225879,85.41003843143058,326.95468834387924,209.58945767405626,337.3125762207835,227.977055885266,458.3157207178681,287.44429965698686
115.44146352479646,156.3999916066018,261.06305070233304,181.33966676649914,300.66564399726013,207.05077399132026,391.78812661906215,274.35799208305843
255.43599660842514,50.742969598803775,290.80827168784816,163.69219838404783,359.5415854090526,320.3987084323104,411.9698402861078,332.9705169461709
204.7341937857205,95.49866793396352,224.45101760095767,106.15482917956446,232.40915081905052,209.1158131503726,330.9040500808421,265.78191661480645
158.30341137815336,201.32559903029158,170.7549179159755,440.8888576996036,206.54885800359736,460.80510117216943,476.91554184168075,535.6958382519565
97.79228025610338,157.55586992956896,110.90731368566536,217.08825449553635,196.51810358083833,304.0103974513266,209.61404783161245,319.96286917679464
247.52822572968162,195.2889247456468,259.40821350054983,355.31414204070677,386.6962514257375,388.5976693852441,549.0170497161197,444.2046971666485
108.09504775732196,178.38763038525295,211.52429208208284,203.79263085426075,254.3965475551766,255.38742155925496,260.09943159628244,290.3103562970908
335.452002321064,190.51047068956328,341.1386325425228,238.66717189987628,387.9409739002794,262.1592070124671,524.4651647127822,267.8333892504267
184.81632116101736,89.8206696041043,224.45101760095767,166.4546537535276,345.2280277640116,190.4487325723476,360.25377761462715,192.03327874540963
186.02707390239254,196.10597683319364,257.4815578142108,270.86905841292224,259.885993019501,338.6708687497211,312.21253296818713,359.51670784450016
107.90806256012664,369.4846973606806,152.5830953910907,388.14858142971946,155.82288418969395,512.2634996686745,225.92700489346166,543.0329059503122
177.1026488899825,376.51197671565086,192.10463904804365,480.79909155360735,335.9576856200625,489.51167608897316,354.1975491072081,492.0854465597232
134.86394193580082,335.91000246642756,210.63265853966783,605.8305600569743,267.0420422836915,607.3329718551255,368.99390316973665,638.3630649235513
220.73468286656097,46.962389747017866,239.77121808117911,297.4886392909094,314.3378949746417,344.26282945064037,387.39969200956455,350.6148880057127
79.70432279874895,187.7378946679732,130.63772149533278,222.11580718859506,132.1537495920893,256.6050687056728,165.17897974309435,292.3022484772373
203.99520185086365,147.62909738595332,240.84840278914106,267.06658972805917,294.1219230112451,402.1499391702904,356.01105091531804,408.99731456181723
75.96589141408117,238.8361087889215,271.3459755432426,303.8246170855625,382.1752117135759,320.44771254181273,411.25475376783294,343.91879788954117
268.4979193927982,273.7078726001394,285.9955519413135,301.0443079181878,300.06381908344775,426.1208987163236,354.65760004517955,488.25433957093196
147.44879544078645,223.6974129913956,165.48012876740913,347.1531893667071,197.9936153018941,359.2441532691751,266.0709503097747,498.31674624271545
103.92290676162366,361.5591755480515,146.12802563831244,366.64979300694233,282.8141227562755,499.7660404091322,364.83725762305255,518.1208160107769
75.39997041588089,288.54693629556016,193.82297619383056,432.21399934311717,214.0910834211783,463.93358179891726,219.01886134402693,466.46722919356546
234.93207919209624,42.080918594919076,397.691442343863,267.2097382422752,404.4096596173915,277.4743070964326,453.41521924622435,409.09675540816056
104.99101605412646,228.39003255794992,108.98382761896416,338.9839697360002,119.38446367367685,387.0265974422072,166.64825081743408,494.89306367033726
402.9969173170801,167.24300924163956,479.52398814788523,180.97635282368643,482.37609679889,260.31599045202444,526.8411752981111,293.89677819267473
130.47465810816377,90.0396889201109,360.8717140611918,278.72059908171104,364.8362949202057,401.73977991797045,374.85946147960675,491.35277500068173
139.29016340862637,273.9749429388115,337.20487860403506,356.1166531843824,358.97137955020463,411.8998741674719,411.74061871538487,499.02878311122487
88.45159201007961,85.32615454191378,193.95367776247213,172.1125285419123,358.7171064597207,384.06725765904844,503.81680638516355,409.4125495716555
242.01269554098386,85.51793797256666,335.163962234553,290.3352657876631,401.3553821787504,422.45367288336195,460.81540319063123,450.5886469789688
232.64840155765484,117.088996732594,307.54149205736024,139.12310838534015,400.2786686696263,174.0718364333764,422.19091144797795,213.3989109019966
181.61694620704665,165.27966984622051,206.12391078214398,206.71997694694969,245.6092661288487,234.1856576727534,250.7016852207334,246.46325867574208
207.24633092582332,141.63792851619968,319.8089956120689,318.58539849762883,470.7948230925197,341.3788972123943,487.0683780735706,443.2020511048639
162.85069760099532,141.88480726661942,287.8621606869335,357.39919371900953,304.7353124348447,364.2317213245318,341.6977104620357,383.6356652724001
178.55381273090072,130.2964692060369,208.3349748221679,215.46700284422394,367.10689367336124,246.83799625591752,416.8802814775065,255.18603217767398
125.93874994814735,103.50862384412208,222.90699502915254,178.10461012790452,272.5879123525178,433.38128422220115,334.49883137891675,460.6206917758811
196.24836732699333,59.36612964739027,259.7067045091558,138.21227851441256,285.9955519413135,158.15760748314366,302.5942828860414,158.2446436883594
143.5677005487937,37.304212314505826,202.44203341645067,140.9885203722901,251.16532601350812,329.5141920739166,279.0562693000175,459.65896738344964
114.34874120916251,312.8484556919303,143.2881642745933,315.79948456553706,169.47793963887665,347.0864964092133,176.7839706908277,369.50588086388257
133.90613414419883,238.75869472765632,175.43376550032298,324.20761148099007,286.76606700064946,364.2695886171398,299.5577661379958,430.1018694682611
150.91144739858692,38.755146848071256,210.15858129449666,131.11940020741122,244.11161266156685,332.879025840383,402.0447364932607,364.04836479421704
105.66171486145653,124.81310855343503,359.58438568200796,133.1405735890332,364.15118542990695,379.08553225621824,428.3110154034311,494.25867517355033
76.35928368732036,144.04944095008537,130.63772149533278,198.50819235767665,207.6960329404355,299.3677560791623,240.38350725838004,440.4915525479615
127.72826548240434,302.52219875731,190.32009717255846,403.5649224670524,248.39647591765208,443.5581849579061,334.7495963123611,455.23998723109537
48.27971429166754,150.10812474067097,99.93166708378781,207.5690499486195,193.82125706112328,277.70825831485337,298.66684223190003,345.1019590464894
82.0237438468699,109.2634845279863,336.40278935835113,257.3831096488326,346.81247215396417,267.88713804601764,832.3411316689981,348.3268194141107
146.10269085593563,174.30093031568873,170.7129459573492,269.2118697055091,262.26777617636,364.86065634128744,327.1516409744232,390.98218105384933
253.4413927436782,46.07424249362668,286.42353422725654,200.205559082244,473.147141321796,366.5848077023683,530.7033434532594,374.7920721420979
361.88448611415316,164.8667695825344,437.24474651170533,197.72502779938378,489.19327499680355,264.05909829636005,502.74559516795244,266.6708469527639
221.9799794465397,120.90155198192276,364.8362949202057,259.93544221652076,421.4717692281722,261.468469305091,635.6811337870511,294.24351735071536
198.84730404335218,344.2904889351892,243.98188718795583,444.67776440545686,265.9011183671879,483.9493107865381,281.82870119804824,495.3603454933145
198.50323349420967,303.9561402377959,226.2998795045751,314.84615410991773,233.2242189864095,332.76211449799604,257.57512512007014,359.97527706427593
209.18580647810793,178.38763038525295,273.19069048159326,235.447611714112,352.80119964812036,286.9631500938743,358.3253445368851,341.0366936679617
215.96399313624158,118.25407033148696,302.8656299387252,250.6563600352576,372.09046892260153,260.67575418051206,493.12806980088436,367.0224742807859
245.32775222525385,382.6160470093804,289.0279083053511,412.0925779142682,386.0928955986202,429.71645576766207,408.3775678532032,560.5664516348004
204.2337413155882,235.25887425102388,247.45676985520345,240.19314329508936,286.76606700064946,304.4101303970508,305.81767878807875,373.3760524754743
104.88249505558514,109.2634845279863,223.52051701084932,162.44814425206962,312.3693312686815,280.4993145372143,318.4533029920068,330.28573110009694
207.92893038378855,116.30102596172671,210.57976949911455,244.26441072507717,263.0670378788208,410.04710836563646,291.47096674868436,576.6224792830338
251.20468945582425,96.4426351425384,258.7012592869012,232.88842155724495,419.7405100233046,236.8331268073936,421.64854913123764,386.50823168479786
156.13174031423725,60.308041737010065,218.23232535634452,393.0213388145259,307.95863646346874,414.59312408415457,311.57775144266225,420.0532824311862
168.43793771625374,227.5083295886756,274.2224049500378,387.20443480628336,306.15877163915417,442.98891447893965,309.74931538176077,462.34868214325803
299.5841107352694,208.52562581308686,355.62902407790205,327.18085539878,398.6022496848246,363.1477916874789,507.26146159670367,438.4808278370518
205.28619587365043,325.9063105241433,245.6432867391889,327.8767065732868,269.46187562695536,351.04871958641377,367.6410445645619,385.65530994066893
287.62629784259985,221.66399717691525,402.7742403810374,238.51784155969415,529.054049572531,250.33884735633612,629.6792628137234,351.1227983243859
170.34811916129877,130.80009481786317,171.41030241462948,226.7800218277539,218.72109226588697,364.96898726620964,246.1699047951768,368.2772572817095
96.95830200333886,466.8604406871636,178.34552823351638,480.3993780698584,317.6973126910962,557.6692240194027,389.778789882621,625.0993631289674
76.99612407098205,188.88259501204038,313.02701694696486,290.52049175944137,318.17989958977154,304.7078553309026,349.2219693435356,380.05086073161726
180.19583460905417,254.12828057511604,181.57944076434646,472.4671978296455,205.28619587365043,676.9065963822256,292.0990883559255,729.7177313203218
80.61844499486223,34.84355521714957,97.50106098697519,255.14732008127902,102.83320677657859,297.15827624157134,166.69501730589866,347.8243385976937
170.818281446415,154.76250609000323,197.4784586058881,208.65083742193644,197.86286099013572,224.1732985802566,256.7875258146677,233.74447563994656
347.18281434807244,259.1703531604907,539.6369985503951,353.0764963449763,583.8853019195552,391.08276820580835,601.6792892011714,417.6408907471638
140.2349431094146,104.7374853891628,162.86254682352683,237.74799782270563,179.76378132546455,274.8906017626172,193.11976964558255,352.12742318362376
206.98469197141,219.96907631499934,297.24976728920143,255.30507749855772,312.1093724284363,255.94927088075661,395.25367993309834,374.2197088420508
45.699580422288065,107.03786460170316,245.24674772300105,166.7491584847536,375.7654773556126,332.23045001544665,489.6566059419385,491.72852177066727
215.52940322836608,313.30915753858255,233.55037188436918,320.8275484663973,309.36433266369073,326.04119294175956,429.53859966804293,358.5978039344154
129.53397209484086,140.61011650841212,191.78333754629134,149.6192422195573,250.40156881343808,226.1311504874257,333.3113336052959,483.17243109830287
52.29943754439519,197.1149499705729,141.73376187398898,250.60963256444836,303.48415921825796,298.70310754226495,398.7975412566624,401.86834611139665
204.2337413155882,298.4940869794362,250.2524522992567,316.83820955875075,258.62163552682216,422.8769272452502,294.8641873634268,427.85071454871206
137.63527094661333,58.57846095190437,188.61621472653437,208.67645839115758,348.3327587348354,283.614346670104,403.9105105484821,293.8455836104399
245.36596221197308,215.15392641168418,306.782058454382,411.36276787316007,496.5919804871743,441.56039433743007,500.137319580581,451.42347133256897
181.2942718176618,174.3512619043056,261.23768147865144,199.7080387983998,305.22213971277824,383.5874751527952,331.88222019138453,397.08534670976354
136.44728020262428,127.06035234677977,310.8629894419309,177.31890852508667,451.939979729947,273.5249823722544,550.8703069657857,276.17832057842463
67.73858135300043,270.6599577727351,94.58338738081324,349.7230273834932,129.85358552263585,394.63247522813043,185.7030309405725,431.95361502460423
138.56113151330058,296.71029661457516,187.52023827874737,348.6797666762341,239.38378548294318,437.11625503234916,319.044080924544,512.295610529061
240.3278671428016,216.99288416238304,300.4861030388165,374.64486974867026,358.0118958099892,432.8097067969641,431.1298309395932,574.5183974986645
138.85253102637338,169.54754498099632,171.5237619224468,181.73375851799864,536.0262904995263,270.18364730905535,583.7783310773443,323.93905546784845
167.47028949510207,14.84836447431585,219.01886134402693,160.87028769431393,248.98252187377415,209.7095446395011,412.45201999545503,323.7802176201992
151.4584868000323,125.73353510813348,192.72407700467343,400.857580407666,291.36192836480853,443.07845137862137,325.89634465310166,528.1969467162515
80.1827365269258,325.3456603947166,200.54078333251556,465.5674114834947,206.70798095894676,507.0139474351744,235.9877796034187,575.4083185997748
227.04149082110644,69.62829154574203,278.9936124041368,97.26433914761303,313.35895315746507,125.45171587157638,393.403413674688,215.85510008432075
216.5960534480648,276.69553223044943,267.5991875364405,335.7104720469692,365.92293901208154,371.2673263247458,460.53780961435746,371.6260777772816
340.5054038234717,193.12914421405333,348.1109128225561,333.62448180426645,614.5161318575732,370.1879206010329,642.2292685650997,371.3525849115743
84.58710420186009,366.36324605056365,163.20948484485345,385.1958401335558,224.3843370528935,393.5757041427095,309.81883247832747,419.9339366040339
142.9086548601646,230.36077827544258,156.84447171292265,286.7978862924799,171.15339940440873,298.27082467517226,452.1660994688702,392.27669925460407
133.84271649812467,100.72736574248258,138.15789615254303,144.39884107383517,285.72697798497205,205.17672701047144,355.1402491633878,215.77006271040975
232.19586063421363,92.73789464497347,291.0880175401382,139.98992932507693,297.1111130631124,234.96241537646426,308.5191399220735,289.9324483941352
96.4651502619565,123.06588899959468,137.37048449516394,310.17618494234125,243.98761910615033,328.3694787415096,489.5516296208689,513.8707921362211
89.63128178875559,203.3625938534947,366.93631284878865,311.1773704469882,469.44059015818425,361.08593658591326,546.0589669317025,503.4333381600175
104.92336104046247,352.2005516276262,197.10593696299514,390.95490934429984,199.80031331807078,412.0599502187917,229.25205643821275,419.268189300213
102.18579124330329,87.86397965174699,177.76545734350333,174.3518692136489,397.16982394825976,315.9654519802232,430.0471289669617,362.61765217915183
158.30341137815336,56.14956231062805,200.0467453293749,101.59980776505859,252.59349036888915,132.3887718175039,332.02128590597414,265.1711691526656
107.76878060078839,337.6597635531595,256.0193603960034,337.91531470516964,286.534761824482,535.5690018545238,321.52152139429876,565.1808291498076
63.3839756907367,89.05483291259448,157.72833676018183,165.30540223796572,294.2796692198436,254.36517560888123,320.6925504474927,453.07502432619356
75.21247659714327,98.65292227874029,107.90806256012664,136.3226136516748,201.25545134317605,211.13684377079088,245.62585147705465,259.7365039062654
277.1609903507566,114.95913753953359,299.34574369997256,273.96255775118016,303.7825431171688,283.311341140942,398.2820034653272,324.20761148099007
342.899028261439,163.69219838404783,354.8774710749957,200.54701604216882,427.1269250300143,269.2118697055091,591.4212614066674,286.9462846286349
190.21208052824767,174.30093031568873,239.29561010488337,309.56583001351163,303.30146878698463,349.15771499204754,321.6792871339886,382.3914036572245
38.052571458278834,100.54375732567411,201.43370923837648,105.61138628612338,255.53022425035743,220.12169430001398,265.4581754817098,283.6946478848505
118.55075531052967,76.60846554486248,335.63615176908627,318.104254827705,481.8405517865151,428.44166398500096,490.53362759541875,562.0711737647006
45.72307208630916,130.860064639364,173.98209366581818,180.46108761827503,193.40216550204406,298.7551695090719,269.42620212504977,345.0589827105285
215.45745161635918,205.94291455136812,242.22297734177292,217.58264203875882,435.85703517968733,274.2143206518882,492.6443281494589,293.6115579017411
79.48793992445661,229.63075290136797,100.49432775239808,325.4084371787406,206.4188680682138,326.8858445366185,233.83764817892612,370.5457303001934
77.6344286185978,64.50583296474083,239.29561010488337,188.57944962393873,304.5466215162018,280.4993145372143,425.6008933950017,348.3268194141107
284.5943614006236,80.72201556428824,475.9817863352941,171.54778751998882,524.7346713301051,409.8396906390695,546.0589669317025,420.0532824311862
54.17985593186914,178.92527428332895,179.98313525000333,310.5133206595385,190.80734838321365,353.30352779992756,224.58740978452494,370.44270733372207
58.834876890928044,149.06388437149,313.8031665333894,192.16200291260742,408.7206254806615,266.3920563470225,414.2341174757963,327.57387207891804
58.25331240823743,180.47107728945633,280.5758646483902,234.6662499389797,368.8749540391748,444.57198352450445,396.948746976991,507.42233085197716
137.42150981334873,189.17238398509363,387.00912828978335,339.97605163068147,404.80372721456644,394.6027282058785,419.70546936539665,395.76627514643997
57.932456647304136,274.2901098903504,202.41942547499838,315.27241816343474,258.52756696125243,316.67518107467873,276.0198646489626,358.32901794419695
174.4773140726174,185.4995924113767,209.34051335746128,488.8622511058623,279.1536710976457,522.1922546187758,325.49661498279573,588.1927623377875
214.68319035665562,115.15780400062533,326.62027635666595,216.57638359227144,466.5028605985983,222.63226464597767,478.6216676568487,228.26206540749843
273.51156136905223,166.65473251980632,275.37942014124366,360.2013213806292,385.9156674041467,458.05757353541975,405.3993462057088,505.092054470452
169.89352035892753,170.4485920859933,250.40156881343808,183.88812563789116,374.7806015017254,230.4329609552069,488.29475572013183,250.37449702439096
284.9256335664422,102.5512327935394,290.58036792826726,248.66900682544878,308.01818001531467,318.74592104809176,337.76674594307156,473.5004391503842
28.465560694362154,94.2600260551343,170.7129459573492,277.71572279844986,313.64828453717513,361.3096736369005,345.97287620526265,507.0090854092522
225.91658009889156,303.34505597444314,341.00999308566804,317.03593584344594,394.41524376130354,341.3111923803504,413.4459036802797,362.42507231306314
174.8205236423322,52.51425688320738,261.62402986142484,89.8899524232231,435.77863569299154,174.98259457889566,496.6895177983973,196.72013826469387
72.97047615662416,31.285277717235516,145.96361671345952,101.59886352116372,146.33539346200874,125.45171587157638,220.1904346233757,222.57822500897547
304.155432478472,260.3359533500847,483.84847343908075,398.36051274147275,492.13642178141066,404.98857531609644,495.4250118420443,443.5644412021964
91.29652577620418,52.12943964923714,126.82113307908999,157.61072859014322,271.4089975753973,187.8351374103131,344.5390072383799,317.447539012429
101.25345425962877,51.727044049006295,275.1166810767331,225.41000418078067,307.3818920779183,415.32686300722014,391.5110359123464,426.6492205017087
194.8810157301195,97.95473407290191,231.18582998855996,216.8194405529444,358.58547926135424,357.6302409815619,430.7524994434663,409.4602806184333
192.12846110265667,226.46154444691825,240.72963938856813,307.3802238535182,250.39693758253148,315.5447273089814,262.7002973693945,360.5668943902686
361.2573062294931,161.16934729169537,446.751193267825,246.43663430968695,487.7954546939466,381.7244394372773,623.4337532678155,439.51674258183203
66.22695274980451,91.46954807614867,99.49534996397587,119.58083714779721,218.23232535634452,122.9275426291771,386.439282736364,128.18044316019316
156.22299185320668,209.62832330775166,371.40350969351664,229.03781497678642,413.6578817087944,336.0293855240573,430.6233012036217,367.9921520721432
84.14841319173438,134.87065039272755,109.74372536490436,313.07243614141805,181.3426230003594,322.80679947905827,186.42212491934598,476.4544960265981
72.72709091849329,94.60832767640248,204.7340904889693,179.67319954018922,302.93192986705634,196.96168080693002,307.65548175704805,232.1490062442487
156.17793899713965,207.33056038857012,215.93155729898174,287.753680880069,276.4879184277907,294.4909604659974,338.15182128748455,552.8601877888519
319.9481036242224,188.5551716395141,363.36050527010514,220.67336709025696,367.28014454656363,236.9679567275611,488.2207910787347,333.8920518681075
147.92598420456966,139.6847323477318,266.48046876092826,215.77006271040975,369.51180231908745,235.32931680235475,415.28066216590184,289.22052235780296
488.84487340934857,33.262448667491974,595.823877087472,142.54193997432142,705.7075409054816,181.5405171483981,710.3097853426979,305.7410371914431
113.14826409802055,184.8372010589904,213.69352887467642,222.7920227738853,215.86235043403505,623.2390639805534,330.4000430735865,702.945883471776
238.09875701982614,181.02669012921913,372.18829119974663,241.63271456533184,401.44612136837384,362.9631366531734,445.4681511492971,382.6162977575149
111.77249368479296,208.8903559538541,193.00013876128102,227.38971439549883,265.3948880188802,510.7901810943587,287.7612260646254,581.3213034081969
143.9673660730097,119.83545251597414,193.44090775184495,248.8007836044037,240.3822068690631,256.80286214245046,316.52999621159296,283.17998358949427
290.53441485240785,131.84003276919003,390.43108617275544,156.64777800009082,417.36383563648684,160.95040080820033,440.16561071472256,184.16293572791642
190.4590213255914,287.1486055526842,403.57745836892155,294.2980240579552,601.1302948963151,498.31674624271545,654.8738214552109,560.9837910346703
142.96815880289807,337.91531470516964,184.61039642892712,507.02852442279567,282.79923711877996,529.6583944261897,331.72358094028505,550.0337054343819
276.6781877900254,301.71028545657055,324.8481712634576,420.6267180422396,400.6939747596921,458.772821773497,410.23112056782105,466.9055708587321
205.77504596248667,212.69137929505138,255.87170319605323,238.94522110349521,408.70271843285644,289.1324879476926,419.7689808624337,353.7895119054546
228.67421987689502,221.60174337743626,333.30242294847824,263.002299874045,393.83717081296055,393.4304712634256,477.09598710415185,464.25604615748205
59.22576373508846,201.29063200908342,295.53734803531336,210.93772449666236,296.26528007026377,243.35734286101325,315.70620900718325,305.0369838056993
36.890098200605486,83.86441556448912,308.48962117132766,172.38954849330491,385.5966741469645,216.9125909840418,391.07957570053543,242.51382287991504
196.70533189545034,45.294548799004055,277.36208128408833,66.56466171377978,413.7980435629576,280.5909362840927,421.42754970970327,320.38742487719696
42.04694946486289,241.39121640118356,223.51950189142616,243.22251770098455,396.22868926506476,383.746437172672,432.92033556865107,385.51651088800895
70.37376614494497,119.08800340295335,192.14395646482072,122.53896082546363,409.69823955690026,275.45084059190407,418.75725709616603,374.28769245173606
299.554835007741,169.3478889804427,374.45942682629334,242.37371583846124,387.5308380510528,285.94235740559554,419.2785941958382,367.7658034292946
78.73019070751614,334.86988561250746,144.3812674239061,355.12932003271675,224.82982657007986,362.6904682849507,258.8400596878858,470.7136301335808
157.05814118409538,263.002299874045,321.8068382806556,347.18377314655345,403.39022991559835,436.71026751992304,415.38076056613147,437.8157557121138
266.91566973397033,24.88768912166169,346.81247215396417,96.69934075215701,682.3787215799706,155.44537200247484,725.8462170557124,247.55244497395998
102.34715901790167,153.3368046450958,119.69439539592923,462.18159710244083,193.7077265161065,467.59204824354657,279.56545006053915,478.75128199585686
50.96944762198943,368.82653735080686,144.31907001184885,373.12691950899625,315.9693611072688,383.3102142260452,385.088183885915,462.5959661631043
78.83698495068732,136.28110836169074,202.85882113498215,192.2123542317455,246.8473892320925,264.39930952612315,261.6781483953146,278.3435709788829
201.90291844872758,244.51746372260143,300.3584767950414,308.32989723668754,347.7965752068595,309.79024368443555,412.8547027437641,315.66828107493467
111.40834096251213,200.34166342207172,168.789140023553,221.96358637306616,212.9691074364557,245.11899037860243,348.8713923998181,325.49152714296036
47.30684827225873,24.288739812449972,227.83915269250642,73.39632185022695,300.41420741877715,213.91737698912328,475.85222583913566,279.40180597587147
238.76503732542943,282.45347251516404,261.1784059295219,346.62105953042203,275.7554281581298,370.5952282197213,300.41420741877715,499.4524460590411
166.95520659249607,216.13581351904247,193.7063225422641,350.38497591608854,201.43370923837648,422.9237208515669,206.09309716826283,469.7570976849988
109.73206571734728,133.8313160716362,172.20465406678153,148.42274284692002,186.42212491934598,187.68221533194748,206.97179573944763,241.37212026024716
82.6554493117388,151.28677321125357,112.24877083672023,173.54189078790532,248.08121507939543,269.5096602080752,271.5684581315372,286.4169876832361
282.8454252045884,176.60562805664563,308.74382171776745,233.0366327676502,311.28784289122814,277.5146669651798,501.85966332350745,292.2347262585405
143.771295401984,179.23734746801614,513.2873206017944,306.4953149567848,550.5933956815021,309.1951964499237,627.3095101134192,373.4236636616264
155.39189548242834,57.82249250579479,159.29499535981165,241.6909765015423,228.8744833397217,382.75798302597167,284.03664332653216,430.25115431083657
69.79369558132167,115.18893414425243,88.41852489991722,281.7800587215739,273.05283403301297,327.2514634172804,374.05654110413536,339.820551833939
105.83114210016733,142.231656957233,122.00830825528436,230.57708989487682,241.30756972390296,267.2097382422752,324.16545301031874,290.7049260635352
244.7205248656959,223.76569701622054,346.09379627422095,436.43333728307414,474.844013510169,548.4028212192914,557.7770923709348,582.4739200095615
240.82116240696104,86.1990921205725,282.1834156586104,192.37526412371537,354.9217417650897,294.409901934728,380.5049560205243,458.40056396622504
161.33582950521492,101.25411243236168,252.46044243071304,298.81230089797486,254.95317764170215,300.19099035181074,448.143723683113,379.17668130045047
136.0574250767809,161.207731434089,257.74384480209625,313.5339227243627,263.0670378788208,528.214361510172,351.9730624470452,577.2120876754756
385.39723061457795,204.03901361436334,485.0368449635665,336.2865228188865,522.73326273724,413.8805505314018,546.9053254558531,469.97699531204137
190.32009717255846,107.43603235611977,252.02042029011503,211.74263509097992,309.42331401282604,454.9212319942868,315.88502429173866,474.70655441843405
182.78182564549815,120.9502799578324,285.67433596248185,198.0093442912586,386.0188846888087,237.41620454901746,399.213331598242,283.83707454524375
26.44291641803619,194.15755161578392,93.20368855829184,309.990706094454,94.21636671253935,315.0180269899773,136.2214985870407,395.76477590849066
94.27716836668267,139.29258915915227,530.3355229756762,260.6808209750964,570.188221334928,349.995133360529,655.1928769665891,525.7182227361199
249.7015277002277,278.8800350599197,253.4413927436782,379.4161747238064,291.82343395337426,380.07295141958207,465.19493593905577,407.64117084909964
26.44291641803619,142.520153596597,78.198601474541,253.97446449395812,90.66678152062809,342.6136429108558,134.98884609963844,404.98174161783567
116.01024775393583,210.09248647319092,161.2685045738477,225.75319706167468,196.72413587340648,330.41537398440454,425.8169497573492,383.57255262534187
332.8097131791605,177.37522755265786,371.6600239336646,204.24187726276608,372.2362851878574,231.89949324177866,539.0985263174172,297.906020438058
244.86873924085833,209.2265806195024,249.82444522317627,320.60505732140416,333.30855998109047,379.5768984397619,398.04172011292206,380.79360579222293
179.42010804989164,104.7374853891628,321.799679031346,224.77010131751,325.37622001778044,281.221480311432,396.93146744518117,410.1863102114918
211.61205014745312,180.72493524618815,248.39812286921796,223.34367687712532,288.34844786955694,250.29340655969295,351.36641744927545,428.9258841663537
69.96117710693743,251.63789642964142,129.95086708221342,271.3194006955301,339.39402164137385,506.5276788353365,430.7524994434663,552.621933059005
302.76949073519285,134.06065583370264,338.30521806661847,144.86886058728837,349.69676392245316,157.2386151365185,370.94815895560777,356.41993742073316
242.50819726138985,237.64646770279194,304.155432478472,239.18153232465153,318.2262465549009,301.04503037501854,321.157967780739,343.9227708975439
110.05539456075108,214.85705035350477,175.90948327166387,261.68019223388916,250.97823664578124,341.5733528348408,263.69894189616645,456.77328224644623
110.72389330037588,156.64846319466966,234.40463775778858,229.43794816735482,235.24363818076628,262.6217274574566,250.97823664578124,362.1635852031471
118.9139582931247,293.17282577455643,248.87067212792854,297.4108064180655,256.82165036090936,422.92596635583556,337.4550337465949,436.7166495357491
172.27142014010514,93.03549609610434,269.36859712254073,258.37155111518484,269.518407271893,265.27072214084836,269.8647526959089,302.7336447947944
275.03045046725026,123.623660516607,420.05340478023237,135.0631797917815,554.5291390595406,227.52402503141403,563.0849480331502,347.8243385976937
449.80632420417714,167.86204642646774,510.0888386613683,273.359950770876,518.6088047830827,326.1788788502477,547.8843688677588,390.63794603533154
68.14015082232031,369.80307405141895,219.73433721761896,370.1158681163739,305.6705645718267,503.2795231687651,306.6164764367928,652.8933555768431
106.01574619253657,237.60373773893554,155.03598312352008,242.16397079132918,169.92553599013777,262.9843133442648,300.5489640312663,317.6171507153719
84.72651952134585,21.24327766947666,166.03739738365337,123.25365769017849,201.19226186555585,189.38553946435667,221.15838432593114,206.96620263112902
43.08737053462394,77.41893989637987,66.22708758827622,134.550055113561,395.74961334191687,174.09829038181968,406.10418824698417,223.79976843693115
299.68560356069895,93.6270640273405,330.5146286636797,164.7565587751119,446.6437878966463,340.0114816094662,507.6574582163937,562.1955572683378
91.08961421932004,220.61246327819234,218.9371977430077,367.89950592889164,232.87686334470604,378.8128804077173,300.2649103379222,458.6531407377078
235.00214144821396,188.30261678422877,327.453013986892,293.122682407671,378.0972050575632,398.4202293040891,427.9062240897248,426.40055609611755
101.20354545712284,157.78642227130334,172.9169263930545,317.9483692614399,258.2564196250441,414.15646811163714,265.10863202701853,539.4429240773097
69.65625614470146,297.4021557965827,177.03168308495688,299.1186215501824,193.53563392908808,305.29550310646874,203.12662188275908,321.35989904584187
50.02920851164691,140.09845268712525,429.4468500586018,241.04998754293018,467.85611325392387,519.561300150745,581.131576577563,522.7371045024656
251.129506801536,216.41041087774306,300.1341590700414,237.3955306911028,330.19660721663723,395.1942627385002,503.4931020129717,402.56346557794154
84.50612378134299,148.9854073418315,217.68929642232013,236.0088208570739,328.7247322898954,320.340478356021,375.9279778091688,351.518090755328
105.59398876166318,289.5092808941443,389.2500772767829,358.5394748773713,454.9964353599612,397.1674641821605,484.73345475797936,445.9674724735003
238.41372923258257,55.61884736548983,435.21491335278273,159.04157019782977,491.20878533982244,235.6641728373129,563.6120304327194,235.6944856876383
234.59714697855014,97.20665573508087,388.14951807214266,219.41584365530784,395.6405927357253,493.0742549980489,461.844879771625,520.1983448459711
235.9877796034187,111.75921984048105,293.7496542852973,192.51062523185706,323.0138439831597,222.60422318762588,330.32710233815817,235.3091039374422
97.79228025610338,56.91063882114029,190.4247689976624,219.3985318310626,258.73550174797435,264.71650917237116,300.47751711199084,342.70252132978857
329.5422396931989,86.0688502120935,339.4360653726861,88.23036573250923,395.19439209934865,179.84095428023642,422.92682350141837,327.2303924799418
82.57173569178272,89.18650752224978,109.89212093542181,237.83365971501516,208.65502069269397,616.3390777951995,230.15819705059815,625.8024094799391
408.2442983935156,230.40462157540298,418.74441783867206,241.55126229363339,486.3843373970646,308.1079822108484,486.6747823124025,341.0271202166899
190.60943334802434,320.2752125455911,199.8142408501913,321.5176402595346,211.92743362927246,369.7122212141389,292.2670782951305,384.04885841022843
213.14777324830487,116.2916372236334,386.8829714712544,234.4653947485044,478.97714952671134,334.28663583884554,617.6995670607673,364.4868814861749
138.45408659356013,286.5480305267161,186.71078655511104,313.38445298066404,319.66704526700727,379.47195567341794,331.18021066984534,553.269688253716
246.5673813311542,83.49883444093939,308.073119280241,173.57324258973804,315.3526187243305,183.17026259148494,409.09474660316744,368.817708407052
24.60096915045373,387.34860998929577,114.94496635155163,397.2407939762584,327.69947443886883,420.0384045556895,366.18500862334884,454.8755098917392
48.6240873974376,261.9432424527152,323.1930252863647,276.95239687539964,361.3401904027213,357.53368225702934,364.30255613197505,400.8460361219111
237.37304567284602,276.05369183607206,243.64751543452184,348.93181610587476,251.26398980747524,352.1775520174694,465.10577470994696,359.64472636714265
275.89937035315086,197.1508835222637,310.7169708343215,270.3861900128089,428.5935773861821,315.1633459800136,464.14748641170985,390.6334540215441
205.52366031459866,210.657129971543,349.45035066433246,299.80659440229124,418.7078017889839,433.6514550494722,422.6321389553758,483.0081915342822
215.41527341689059,70.33683584361178,243.64751543452184,294.86860972211315,282.4645202544746,350.47438656414664,359.1410368518868,379.4161747238064
110.82945990703453,142.47230114453532,280.5293278060226,188.13219762082736,306.8878914967257,283.6946478848505,382.1752117135759,328.1248001930176
174.28074986954385,125.6441311399631,189.48600483667178,156.77781684903192,210.30488157290233,237.61331631549595,340.6992976127912,264.05909829636005
119.7753718142472,219.44967776627604,337.65968479337914,370.50108775548904,344.8198246699793,405.309739851368,399.40203816272367,436.4376184938564
152.5429204590673,263.42137234451576,278.3673150066975,305.4789216427749,300.9825996171207,355.2790633544119,329.8158305875733,371.4629510898116
300.1341590700414,183.6978760649061,337.5727084471582,239.0510000246604,400.7734677466306,363.0315064326398,402.7742403810374,395.2183573143584
83.41355660569441,217.86692728450606,316.1850938046026,244.09717043629175,368.02507016328815,275.37454215169896,405.974821704497,287.1435362364146
143.07257829000534,348.3947840946151,189.29562051971257,353.396015230391,260.5048849532098,365.72667679296535,262.3415939351963,398.9102975713632
78.4812941311293,95.69751531958185,149.78337791721998,134.68272800781645,345.9538788116862,167.58895894776808,371.9712352533782,303.8136247623353
72.96287969996895,230.0735120675241,92.62459538146418,256.3331913871235,198.3208265708932,315.88693900777196,308.564562086111,345.7603877185452
44.61607465239812,225.9134690442037,178.89504521655007,259.9713515816334,181.3426230003594,316.29744825189493,244.67363436141162,390.0112822008379
381.66871772131987,3.7709400266327475,421.272643193916,114.57020068291722,457.02119360767534,312.91807192201003,458.9148729732438,414.9762053688927
111.3606992138435,74.89911604155088,255.8910906156898,204.56725041930378,273.515851306065,225.20206379678973,289.90975562930834,368.66653858757314
129.7796489946857,256.0077443817992,328.33143722733615,289.48412017161155,394.19163870102943,293.9849148760318,429.5692422814739,315.6347170286056
204.8227615496543,168.22163945020256,321.3569116518612,245.2306536093204,339.59925752011077,290.4274533762173,343.71534575523407,291.9739448830187
98.21916953817421,6.596567965134273,178.08902456664856,103.64107784664081,278.3598404101497,221.44805846274483,341.6282907709752,245.25940537061533
101.61066452362473,65.66308798067945,292.1908050011139,219.08294488131554,313.6198852286345,301.8206057654192,319.3085497668734,365.67203712001
38.38463360924065,135.64979971434855,163.11531311765646,192.14935272599652,247.64932503154284,281.22829608656326,276.7009150311203,325.8168080955176
50.02920851164691,114.1688907878321,451.24845729266735,191.5368930990557,504.37588851477847,472.5915211533054,626.9671580897661,509.7647739075393
277.25732805226886,180.46108761827503,287.53743290107616,279.7151298128638,353.1980472601576,310.24428389118304,362.9143928982669,369.13792849053266
178.12995446732597,122.65474841748446,326.03689310941155,295.20678370260345,463.3488364588333,325.8934469723626,505.95938686783387,339.3900904299302
174.58371014390693,167.8720226804775,218.34342799006038,245.6417245692417,258.31570960982225,268.2627960218898,357.9880960484167,299.8441876133101
133.5938926359391,291.1885420550933,345.1926911459503,316.8517065013751,406.48670996431395,323.89535069175724,433.94638301888307,324.3195037954117
150.98826057943396,176.60562805664563,172.77033027086654,216.791974464632,230.67279782777703,275.87759143112953,255.2439651071804,298.95096618381615
87.842420451527,143.94168106668997,231.92526163680714,186.6190912816006,244.8344869456966,206.33722578308934,335.9576856200625,264.16416178310703
70.99706148735544,362.72723081311324,232.47776712651395,401.30285495212564,309.42669637083463,464.37253513115996,337.26469087893463,504.1484422481252
374.985927983345,112.49214615644824,458.11692290696703,142.69906517115825,470.5830637014928,177.54300452757803,532.0818186431965,223.1961282609448
37.89971880426697,185.0008856749862,76.79741794747393,258.295777592325,282.9505896598893,372.42239876033113,399.000491680814,391.06071138057735
124.75846628354046,124.19752263266795,182.16867015006554,266.4037644491687,325.1791491363648,353.2020916127645,343.6403066419403,394.5266159500592
186.26690873991365,270.98772801092355,269.66982955020757,288.3932896513688,383.20532270749277,405.51134964369845,454.57467079951846,444.5023930107371
157.55730718452796,328.5905465885532,158.21859241300126,375.26868414726306,320.70591714256074,467.46430453668967,326.6753820728529,475.18002314591934
136.22474581450825,78.49863859226383,184.3308842811538,345.9922965849032,322.6170756208287,456.8642907101342,349.0180252850918,513.5155090214959
182.54913111763443,191.55275650861532,259.24793449326603,211.7335019912188,308.8242313127132,214.05012219614477,429.5692422814739,278.4973288696799
200.19646022664023,100.98026064773335,219.55735434986678,292.1422055483013,228.2832572292993,358.14291215470257,436.46815919433794,382.59533207389376
93.22699944994517,269.91775840215365,299.65602949108916,308.44420393563695,361.0432476235133,337.0446514363139,372.5540852402999,362.493691812811
217.97039841614176,180.23065039481537,221.49490093689948,239.42670205410056,336.34965581939076,262.0911175432736,340.7652428974985,345.9969892205204
147.8211756438368,166.62809851226191,323.3147191381132,194.92563344453384,348.05934370650596,205.59760327827587,389.3354606683009,223.22688434043988
338.9453123466958,165.47094012090983,362.92309919005277,297.051465761429,381.6517246632048,326.89383734537404,392.72104436483636,429.6198367324929
243.42194155178868,260.84870357776435,257.3016962538434,267.344359926803,263.5621897946138,351.45461621942945,322.39514763273576,410.29784698640054
267.85729744382127,261.6740909145379,379.2209773032092,316.5272486010649,403.548828945363,480.7963197248793,499.2928333219544,483.88604050355804
169.0155771557769,349.60586983763017,227.04149082110644,351.69160267305534,391.70320520265574,396.84452354826414,430.68656668288406,446.97653548695416
145.65507742271083,49.0934941993135,160.7138462398714,119.58083714779721,183.3370254850899,122.60573506442678,267.7933564452665,161.07454327472797
144.26444140723265,137.97548252368057,205.07267636027018,138.10920711496482,357.9673071078875,169.60564610053513,437.9719087597677,286.27848358984966
210.6102796077087,139.8920538141784,211.61205014745312,255.78772360035177,370.7731180360118,334.35097413972215,386.83103491657266,382.50123482482763
189.11134518225495,361.93727510147653,191.0218043455688,380.29026415109524,309.612333985768,414.4235151417273,323.02822714812163,494.5078994527312
92.70100577404082,185.79476250295886,261.3189281958572,197.41586957416706,291.90722014692676,402.43778089074107,292.68250637070537,418.94156653302787
230.22688981843848,207.0747416859345,271.2319405585573,380.3360540294174,271.3462744705174,425.441939716194,363.9621568609656,487.54951789257717
62.62979722175902,198.74391909134505,127.18723694650616,455.04241773359854,160.88928686469646,560.9342702073019,294.2590687004292,574.975071535759
49.015051202173815,20.330338369851255,78.198601474541,82.94884413566828,81.24060359707579,199.69027820101914,94.21636671253935,249.86580916254798
360.0274960764023,290.3352657876631,383.2912726524643,306.90553039643925,392.62067061985834,372.94976883797796,470.2089243411698,464.9823255296179
374.14561002882897,333.4946811833623,416.5489657854802,459.8987077149856,473.76193944577363,473.09910932108846,548.4940046469095,479.047007847916
48.3855515421926,85.64267121392592,96.17499681616492,141.1879339881785,169.02630581957945,170.87016535445935,193.7315648128677,204.2900481766497
303.5533025022757,108.13480074709125,303.91076840633264,145.8280111269358,339.6375076066935,273.3459727373285,357.73634770931267,353.396015230391
252.4873557905929,260.8078348460364,273.75051718923953,294.78526359485073,309.93324524160727,313.4973675250236,315.4403818794625,326.6935193645113
67.96414800100027,186.28772981711032,209.9828825414263,262.61036564521265,268.59312517789436,318.22847999025794,284.03664332653216,442.7079503209676
109.73206571734728,76.09000531339403,116.4840992676887,124.57488599860007,267.7745189977568,176.25314850731928,295.95982368033714,293.51185588194795
131.19557800409248,27.932355655828303,268.66064833125915,130.10282417848924,371.4748738032804,153.79927328715854,433.22071874767767,217.89252998378473
177.99564548258726,207.10418265707997,268.8935864843654,365.56040221749134,325.4761222847747,398.5835340612437,354.68489214107035,540.4296277854935
63.154900140214366,244.72173130903008,74.2884857947808,247.46336215414777,360.86120023624625,249.13863198343915,491.12563611746197,252.91522017878953
62.532799556851835,205.681784976572,130.0654530461101,288.9660927916026,170.38239333186024,295.35028641518744,273.6583553108963,313.53426948225325
327.59000125443924,74.93619515480297,330.5146286636797,79.94692376675587,439.76388397815924,166.4546537535276,524.67144564077,211.5009015991288
136.563087307571,280.28708634949345,163.6989710225516,401.73925166228224,292.8732866837931,476.1169298118291,361.2513277437307,602.8251348923123
73.17382537172355,217.68375065337474,76.71824911281594,308.2841355406291,91.68288736927637,396.93230989178585,97.50106098697519,457.45888494412225
192.85944004769567,167.80806562624315,340.3581791748504,198.88797291637093,417.63022210069175,329.28974091728895,434.1820853342097,352.12742318362376
107.86373679227258,160.95040080820033,187.02911157542923,187.92213444903805,228.42610724645445,206.96620263112902,230.2101213357474,217.99950197801343
172.6147423613493,125.28167404603288,228.08079756134134,170.48274798299073,265.1512784494024,180.31018755891074,334.47613693369044,294.24351735071536
254.73472652828275,161.1458083658833,259.7067045091558,274.279664913912,386.2039890777518,311.5122489034247,442.5358327646818,343.01193861633504
296.09742381169974,228.04612074189782,345.4828208403095,259.76219372299624,394.2578650735069,299.44304173002257,468.47924454130947,434.36483942933984
132.49937466455088,65.51532514138533,181.06616849920576,205.08156565202876,237.08671768410963,247.76422122846307,283.18454474463147,262.6951594973841
106.3236254581426,119.45864923282872,226.748840057073,159.15556964171293,265.57267038132375,228.26206540749843,317.6270305212929,251.13352586671488
357.8902880040259,123.72073352829852,361.9485785802987,361.80442773445685,367.40788998059486,364.4868814861749,436.0679243038031,368.3148298395722
103.6043662398454,108.66329686981899,138.17015344489621,240.58254596737572,152.9714284019696,277.71572279844986,301.9883336413973,277.7712284876448
208.89377799822103,117.81863958995714,404.02286053010846,244.21778644533453,442.1016079235895,302.41401251016947,459.9121416018858,467.4295160605293
77.49748201895675,189.41180841861532,279.817906098374,356.3690492174035,326.97182490049323,480.73637696560706,345.92477966414606,630.9564899723512
198.48420054621272,346.54228033036617,202.67010303335556,558.8531427756923,302.455665853488,571.8140516459729,325.14529211197834,670.4288500056792
82.78466022490103,225.7810240877732,149.82259743275424,238.85342952608562,356.5668615375566,258.90873640421097,394.9731447940906,363.8262929109696
114.82571481128274,397.4155293489535,295.84064301363185,402.45738498312886,323.7509428036601,479.7519999787207,335.10567052830294,521.7791137832248
96.55926564121108,293.8800300064481,170.3592026700933,330.53371205028174,196.7133010261434,341.84927469957864,199.93988951034706,354.235049027036
40.51546180536346,271.9060658740952,81.92165894231499,482.6268020867269,159.59572193398773,550.1475326093806,182.67985024000163,558.1257275854109
66.82624930654521,210.89275554489865,189.3355190568396,278.13126766080126,327.46163928827536,363.7118633831661,460.04506712871637,383.0750962451906
130.0589100472528,262.61036564521265,381.559938622923,401.47590615339703,438.38801495913344,448.1204413670433,480.9245814944771,550.640636361625
360.33324232194633,73.07157670954598,397.9248975003249,310.5133206595385,445.52616024149995,325.9817015455867,458.72573050640347,336.6911698641929
105.697023902763,196.1820622199234,286.02576165979883,216.1234771894803,417.9096807892058,351.1450517328172,448.7761980204286,377.30975300631326
127.72826548240434,101.52502031369417,148.79292429263674,356.10688133488617,212.97126226019654,443.2020511048639,315.88502429173866,451.37332639768823
65.09666368382796,171.90909282108376,96.81730730674873,211.17855954374227,142.5413150694192,321.0848326038449,208.65502069269397,324.04424985860993
70.03373176804249,147.20353473763896,215.9704591354645,192.1858007160259,291.26275443474833,238.8361087889215,319.49940809585945,257.4695808200156
149.78337791721998,2.5749112724189795,180.61277100388654,144.1947504075352,238.60075321444424,305.6619120401205,341.7102448355642,399.1647763856157
57.1011867187117,93.59932874155126,247.39064569348017,145.43196518011996,300.2006832071702,223.05721865898514,321.3742716922835,296.68097724881926
77.09255228528322,105.6364399300062,161.7907135684679,107.48763738231106,337.1038687995903,213.0473489538,370.7731180360118,381.7157442456723
190.4590213255914,174.4205796347578,410.16624366643885,281.12729027810815,607.2537753733317,315.08123314752714,616.5211273061442,376.18780598671304
100.02700657011692,129.3144350400372,231.60517431556747,230.5992310930239,376.4563161237293,240.74361682528632,481.9031375642781,344.9526189227306
203.17376402556013,124.62677945272894,230.2101213357474,266.5342419411519,333.4600866078949,282.379218960153,338.02381872227943,478.3032034012182
92.2953963437784,32.47794272307388,526.604564940977,56.25754975749563,587.7557958324315,196.02950514584808,642.5153080135048,229.04951148096418
63.3839756907367,164.71473517262686,136.14341542407138,174.3972845601968,269.5912196134052,176.87546832003028,280.6861687976231,247.43218957270705
137.4987861456075,324.5371689744053,183.99892995016012,333.8789281558928,206.16022831982664,413.9413110777337,230.35771186626658,432.44694958743287
223.57518475655027,128.9858267515708,325.20621768492276,187.7683212687039,364.58572582248866,324.2089165134317,474.6550483335973,341.0035126148012
45.72307208630916,250.889135028018,152.64762301937412,260.18050750575094,215.41151216997062,456.6268442504389,315.13331207407464,496.97652677188256
61.95634290064702,125.72975265247167,161.3915141649559,251.75567549023853,356.01105091531804,255.04245204911612,484.8583030014907,472.1538705646372
96.40230038399923,65.30209360186596,159.881372583859,70.62723705138133,227.80456344129246,163.5143967130171,308.2042532921643,274.79630736138796
135.53817914500758,122.62088510634985,180.0025149039429,286.3124105129045,238.2134702936727,315.68707680695684,249.24135747298575,529.5924506627422
101.62030369283737,283.60539750533775,110.8524597660956,303.2098413494414,228.08079756134134,325.5150687125765,282.1834156586104,351.2730922409445
89.28643509171098,311.84096430978377,275.65903373533985,352.8724371298342,315.1952682588578,425.1298581830451,472.11058344973225,448.8775319050602
94.28179599734004,113.98169020581683,215.52940322836608,148.0721781807934,348.75155125450675,159.4161111196503,365.5694337563994,165.31546466500308
253.403172042945,80.1372494828826,257.96642555619417,254.09525233091665,301.9044010328347,317.7713655112379,485.3354225890773,346.2750160974122
228.50414863562992,151.28677321125357,248.04334366939455,179.90099310908172,505.93541714783476,238.35611978162248,551.6816487605464,393.50827998902855
320.6120012796785,90.08107019124942,330.85924723435784,246.23783725958336,556.7168037710622,384.2197330134662,578.7569931627072,421.62059556176916
165.23975709938247,90.9283663812282,260.91914470331807,149.55824464616109,371.6016102670734,202.53592545031634,448.89587654708635,215.02070574363108
22.13163870968829,216.99288416238304,103.52696965617668,296.5297706136201,174.32824706124066,361.31008021939704,192.1262344411056,414.6669625204691
22.13163870968829,84.45255349629846,95.27800930640466,93.59932874155126,195.79658182383622,275.41849913620234,196.09212540702546,295.4003920800528
130.1515603155114,309.14709403234525,400.03973562896203,314.9954509154292,421.957862634688,470.1070457803013,438.1974926322657,490.04615505332765
77.6414312650861,219.85510304315747,155.82288418969395,274.34280464214174,201.25545134317605,283.8938576672915,246.08420930631402,288.5871670029839
265.649764690184,187.4253260352761,282.061439817417,245.16765818761994,330.8763789953433,247.76422122846307,379.73175034389845,408.7462558333636
333.43338294894596,129.17084994250283,411.6858990904153,243.52729035002292,443.3135329093943,347.3885852927925,456.0953060875227,397.41578463350197
299.9279848518288,200.99126013234908,360.0274960764023,227.60798533779078,378.0129645150585,234.96241537646426,511.12067764152533,326.13750369782537
127.42712395921349,387.34860998929577,344.55801352033774,399.0484909996518,380.932074050588,478.9586078930613,495.25573365759203,518.6328373480632
83.63043778715145,62.10734532591457,110.33331490210094,242.51382287991504,139.08486073254468,291.22832771422964,139.17227447825906,356.51169630214383
148.71284063585728,245.26332731837994,163.7145987482494,396.079071399918,180.0379492696326,566.9274106369508,276.7075421317306,597.1699779390152
234.19850047066046,145.97001256123932,255.7300801277909,169.47310744602356,330.6640017165074,279.4643229605619,366.0481815041071,322.28086868273965
336.82064581180276,175.56629047553696,394.0728581911985,278.99495470935113,427.784450917147,298.63022389560837,432.04730765349694,311.47973726063987
98.53265813467189,58.297060625079496,417.60931368741717,190.03633553788111,418.7747746633538,240.3586067828125,443.1729003396217,322.3031894738527
194.40760221227023,117.49437515869425,420.64076235406503,184.16168657628992,465.7433856605184,269.9408523619409,567.4972731354184,372.9529869774552
137.67421183879918,229.17451731976428,356.24893889711257,239.18153232465153,388.2124605129335,433.3347998534362,431.9895900102585,471.95448382761947
181.762888460489,48.710252112997814,360.20545218574654,256.4767417966461,445.95623673198196,307.586257028172,575.0750083314127,334.72146324839457
32.627136865115496,233.67965634459333,182.62693412419713,471.8801107029066,212.08334982586902,588.2408977603031,322.8323462255053,616.3906545280794
223.50507438506983,76.33541055495772,350.85418227767855,145.88892042060488,362.21489254771654,243.32511909262413,447.646449200628,260.5745331383791
125.11695848303104,240.65632102960285,235.24686244118018,392.16564489201755,321.12017989700325,434.7084300838691,348.76823069559936,460.6535435895256
359.878932453548,150.90662609766412,379.00443133486385,212.98915750306512,430.60666975626367,251.91760966563194,436.4565330869499,330.94810546737943
135.4503150358722,87.91339583775333,148.31110737552154,225.79312472751306,200.27049689920625,279.4471837845759,338.82749846617196,307.60748471893237
391.9960675847263,102.26416426523284,423.4984089668203,255.48613706528286,519.4184368853058,293.0566628530873,523.7463143798412,328.8270363065397
84.1219914138637,176.7936899578983,280.6861687976231,271.7488415333401,304.60646611643335,367.3957995547808,314.80035380817264,416.6909860754132
213.14777324830487,318.4641036127211,400.6939747596921,328.9203231596524,433.1522093220741,365.8591011392636,590.1032244920569,385.5396393761631
49.345922342250894,217.55632657902052,70.57776191573122,282.1935805410717,85.09246255977865,299.53186781679614,159.9598422310902,339.16976058332625
87.2774442481425,113.72864228147515,223.09403417660565,260.84870357776435,311.90625290583426,378.3539513108131,332.0232665444047,461.74607974569676
219.3024368943061,198.88797291637093,231.98445824291684,274.8906017626172,375.8559220908415,281.221480311432,473.6905105118581,348.10620009181525
201.4223045912636,178.07659902916848,213.5186919739162,303.8519862255271,354.41775968303733,379.80198850256846,463.4773072528301,423.00419833098385
242.69791437032998,191.33486811424152,392.72999099756186,348.47453634293043,399.3059780581709,379.47195567341794,402.3018997373411,413.7261896990415
193.7077265161065,145.6475922076647,209.89834085006137,211.5009015991288,267.97300284338826,222.1808856769434,283.66686282380914,232.8197349982534
68.3034888106414,58.53877202622902,246.8473892320925,204.28090808416715,261.0196298162007,231.98289012472512,261.3192010907004,256.8647187279093
137.82452048648867,245.06648886542118,192.0799691991587,350.2707949336616,226.47986173521684,404.8541402332911,259.39929700712236,448.8775319050602
41.75649716821279,210.94693276412096,168.84791982808895,264.4963519540635,328.78084574521114,279.3044316487103,394.63888751021045,299.07369126786824
163.2008008209707,245.26332731837994,275.5204597961672,360.8316787678007,363.25232310247844,406.3333844710973,363.46683004924756,406.83075681880337
155.12138294715612,183.31924812477118,351.9272994787027,289.70707936463214,530.3355229756762,348.2593044951747,543.4062637934244,358.8898920380335
247.9828131677603,248.09073664812001,332.51542935866905,278.1071828366842,403.46295256045335,524.125776343061,481.61858155112895,592.3154636067432
100.61141646462103,216.89467336951182,101.7449657459171,267.344359926803,277.5422009903117,337.31152041419045,408.9536614774148,430.7622299536218
125.23103784733773,298.7556519449008,377.6691116391133,361.670099933289,542.1270556210833,414.14775764857137,566.1863597608732,417.2565963648279
111.41747878785633,221.16667196225146,261.0209160314265,321.1489754849585,265.0349133520687,349.14174064892296,270.506349162384,365.06399416731847
141.73342660222474,216.06900574051872,184.19253271577105,304.92571537897544,362.21489254771654,359.64472636714265,362.6305641030732,363.8218315185253
289.6634435430101,219.41584365530784,310.9781951669245,251.3239680528789,384.38946954088635,278.0013826293764,539.2280997610173,425.82039948092023
238.49596154273416,29.361465254620423,322.5710511907167,271.13893237992346,327.6153775645974,337.6248048911345,389.9619480567368,571.5087223833023
28.465560694362154,120.6622416519452,146.10269085593563,231.93876988387342,331.50233934901235,240.18498213401395,342.03595600359813,299.619293327644
96.48818052014431,169.85268857936128,173.86926986087835,339.62722222983393,196.59192526015337,356.41589697720934,272.0099907359107,357.94795845760785
122.17372706698625,56.91063882114029,232.19586063421363,170.3259524691989,279.62766479554665,298.8949996444254,482.92284388246003,386.59203343576695
48.02415928586255,72.6946019403348,147.48664944159685,91.67972436807864,201.4605245648138,149.3521153094689,368.71047839827196,224.14627190378542
147.51001963140308,252.67119798300848,239.38005322923885,282.18486761170533,247.59314020763878,424.2541508323794,264.44371001100995,476.6231995002494
67.89426389682303,158.50635575832743,70.57776191573122,411.798638025026,106.46171952085493,494.86761784503597,151.53987777235142,520.5022783457335
55.38372543172371,19.98213485692485,172.12991734713373,83.82521668690087,214.43938438135604,104.79754848514625,254.28110057580065,190.70115120750677
63.34558039709996,137.67912846702177,147.66384826442018,170.23845032317934,149.07788883496244,202.90020214139895,322.58594451177527,248.18213601483598
52.07505604439244,148.58750281352403,73.04202061205942,202.6471484066683,136.39415940647513,312.4675548112477,237.35728967419078,352.14330634855355
157.82971652806376,58.47118858538318,344.4935248021046,238.91793895286324,406.6603375048647,284.2927915615386,425.94580728724435,384.380782833939
271.2725998377157,94.25676541248802,340.0231971913704,362.4262467620186,358.0118958099892,450.59800734980905,410.2423326065689,479.2031281871805
158.83867414906416,185.25618139237642,343.5457452007961,236.0088208570739,374.1386362033119,271.1062972563169,428.55630360033894,334.726223498222
42.04694946486289,141.09200046085127,198.56832528292782,187.2861879980083,407.70860083444614,238.81575368052717,417.74860457158996,266.7038998938257
62.85423071645131,163.01226747317915,63.911084104245155,181.99496006217228,94.1720909422601,206.33722578308934,183.61724077347964,335.30534125090907
24.427485642311925,194.7703580274415,161.46493354883245,302.9111086898315,218.12902466939312,408.40246521950166,268.4838425502684,445.48048123652717
318.84465506536844,163.51553397482897,498.9991940987017,245.11899037860243,586.7247567345065,280.4271769185478,609.2376181071086,319.04069611956675
141.0084458910916,196.17180695117463,172.12991734713373,349.5526682619674,232.24836441321892,569.3457397895537,241.05171624630876,641.3047643546986
