nn_1_nm,sim_nn_1_nm,nn_2_nm,sim_nn_2_nm,nn_3_nm,sim_nn_3_nm,nn_4_nm,sim_nn_4_nm
51.96836460990136,74.93870747854666,282.590798509411,265.814667412752,292.53132426078304,553.2746842270295,429.59980639777814,576.7211218574781
331.587803920551,149.15225433889742,458.82371864941825,236.847625681495,538.4998274416446,259.1100935620178,552.9287701474618,310.3141135127389
203.51642323884064,146.00922950447605,206.9616665286548,226.5432303586967,221.4174941357807,438.9467332232075,395.9817245575477,500.1974766528046
796.7226388862246,277.50712748295723,835.4566045628254,512.300133900307,1057.066638080253,607.4248963811959,1092.695753479234,625.3548563169634
150.86598135890787,36.86673923369155,246.60235914215258,151.68342141421184,256.0226053932491,480.018951077113,340.235172569114,482.06101299958755
469.7836246835765,527.3025634293865,673.7206363735277,534.6928901817428,719.693695038417,696.5113073258522,1068.241003421475,763.2129391984902
462.2145548803026,67.43219117547734,535.7311509501939,112.3571332932819,661.8639353575271,118.9010142608549,690.1259500870713,131.95793717116194
162.01509830998225,36.86673923369155,284.57429670846017,161.80608835998234,306.5124474710998,462.79214972738123,354.33028211687747,516.0741230460187
241.37912320855585,77.13945119512383,274.8465678253738,656.6216706170327,657.0717783749881,714.0757666859635,770.6742823900038,759.3878743211575
130.33041822623588,253.9642934330449,253.6611429815536,432.07548322485803,257.82301494499546,560.2177309576527,338.6518288416466,660.5392105968983
292.19935443048126,366.72562955363713,293.542159471418,543.7404612857083,365.6468003835039,584.1496504884697,443.0831564462233,603.4323382307151
174.8181914460267,40.889487295812515,404.0669546588503,340.97065176664887,418.33475834994204,403.0618197414474,485.18459714326013,410.8816723579308
87.91109708519716,306.8132474172248,176.4705917425546,312.7112129343807,308.50490485753176,391.189015457688,474.4361575467217,442.3277543105676
150.02860901461725,434.0895149014072,207.7726998869046,450.9813572378905,225.16930889466167,506.67567782974965,268.3604490335464,517.5623011060931
313.9435410616812,199.9410989250345,391.2808261552387,292.0968073013504,474.3145857076473,322.73473169937176,474.3523192020976,419.90398805434677
149.88103724382904,297.0894402995386,266.86225069254095,303.34001798425845,475.18172064145085,305.548341331183,559.0902191421106,431.2629795350489
231.3158594780368,112.3571332932819,351.8366620643149,159.96901853857892,412.7610411225519,209.09384109787166,504.98805086361307,228.54371731182417
144.5700666568585,133.92933544888464,202.5991422262356,301.647976152122,315.893012527728,303.7943096392988,539.0360372009499,420.06961073107794
297.61726609184575,449.45834752881797,318.2482772361017,471.31930606194794,318.9785021070756,546.1045203943345,470.1010245511878,670.9086651258068
353.86365091233887,581.9294633381205,362.3209892223206,807.4984012812143,637.3361409006094,831.9930762217157,680.3595161449047,878.522369285784
231.06822689627148,201.1483706119202,404.0945271087047,299.2169827845263,761.7965692517103,310.09996434406395,783.7488704895172,386.4653865252761
279.9235172378516,110.90354372291205,293.21948307221754,140.58159580515198,318.1964704629483,175.21461390574544,392.60268905797085,445.7373173928642
327.6109366069625,372.78217124671147,357.9708393929424,397.5387357103324,745.2449537099667,710.6317119404688,802.0531386586239,712.3924698351581
348.5252933264885,211.3807543564264,382.92803994913265,260.2445932422576,478.03393432767814,260.4616133149472,589.3539983642784,276.0697104973365
98.27571331358797,416.53677716733836,184.1296755405509,539.2149849602831,390.8616903684016,587.0850414104663,486.4788106415646,624.8687940359542
92.21934629600287,128.03923949047595,384.755823225602,419.3057802495293,437.85311510062644,459.3336490404863,751.7291736246644,475.121386366974
391.02822061671435,177.22045754326385,497.2188406283971,226.77643582681014,561.663358504571,276.4595000101255,611.8404966112272,478.37981555792214
438.75549436069605,318.92218115266013,581.2683167362139,320.0200575262628,650.1525306836376,561.8109230906283,651.2886944549942,562.4269602046179
153.32549095021477,321.21824176021465,211.05752793920777,386.29991864617307,261.1707094055864,464.77329927672076,369.8348659751547,678.6655776453556
146.99994828619384,59.155373634225185,247.72420646164213,215.08634500995296,282.10300697934684,307.9109443231203,348.31345273460266,314.6434873414394
158.6563628496036,164.87400233606766,203.28177075639186,381.52922394563524,421.15624278643423,388.12977035415173,447.98681236736144,389.76833244790123
124.69750348340001,521.17445682092,286.13043943487463,565.401892987956,385.17050277035446,630.9918884534139,395.9155807999952,701.8949647722709
255.5281037352619,65.34567061423283,543.5942463265831,67.43219117547734,676.1238709825469,78.51217379507946,719.1428079633652,159.96901853857892
209.93964274727398,184.79560582691218,298.51206147553927,237.41397095178723,576.0776482430654,357.42193057478863,843.3114975730512,395.9557717201355
349.04047066583286,210.53058687907026,375.4429131297998,310.1446006254431,495.51076240562236,328.71310212693163,653.0919726323139,385.67394721521254
63.197079556963416,294.72232910118805,372.8133246142303,303.1778855264504,467.6991313745919,431.3138833651309,701.027380587679,432.3438725819787
100.55086671007754,356.0479356199384,329.36425234873184,480.12341574523543,436.6185589584652,594.3125631339234,558.377866827406,670.4441460893665
448.55524848799786,143.84559920602655,470.49871476073326,180.85456849168347,545.5441773558443,355.2757415390132,634.9729726117902,368.58301039211284
157.326051553179,191.6077849494768,639.4294595208281,275.6476450333166,799.103039014384,502.3037727290402,802.3581575691541,514.2714393178798
349.05423258895706,471.1385677613654,452.30244155892314,546.3409323443063,487.17369106533584,572.4220764282351,545.2909805029157,604.5929766713922
93.03744567265457,400.71157305302046,125.01126437749521,414.8709654256639,132.15111167874142,463.1424356708152,194.0901017452387,507.9367753647525
476.2484133311448,181.1435894405158,610.8698094364687,207.70898184077328,626.8797922430322,306.5590139139737,656.9929632471697,537.9945543552161
192.35980849904556,460.47549983138987,267.3937779504447,464.14396521618175,270.0552255676645,489.32996050404995,417.0002416325176,600.2374618463075
232.47633535017584,69.87879017512898,330.993626230023,96.27694804997194,364.0299826070557,335.55592242081497,387.29938072479376,672.2519743387201
329.28247950005795,388.6289918509482,374.9814238249533,472.9485477500361,530.4338983997914,502.5620602212788,641.8936114765321,511.5735969628487
319.66391337189214,126.01780210422993,652.144690921996,382.0366660805619,777.2971972447803,445.39901787577946,785.7289157062548,593.4242960626699
110.89969960548655,674.4771744266434,340.5741015267141,683.5406165474593,458.10171621663903,776.4865015747534,527.1049887705631,937.3743544808892
174.55418379683533,149.78455193664877,413.9331359669233,265.18564489934954,422.7292519360358,295.89326043785167,580.8603098306404,416.8413548399813
213.61805457699836,453.1687554792605,304.77918200746245,620.9717895605879,388.9130800545067,669.5636479753172,461.58766896186404,824.945544940634
76.35438348359108,234.37345436427424,173.64418014249648,384.3811522172444,197.8670133451577,420.67751780862454,259.1145306765273,442.64252722736524
121.12809043917,104.61159208297671,215.5035988770971,251.83624319670415,228.96796880719154,307.9109443231203,230.41370453802674,320.83291916198846
231.03143639016588,95.63165246356236,309.9331365350616,205.58194369557503,383.4408194188401,292.0220809974572,577.1009742242967,414.05232879584753
91.99682834315101,170.13719928098436,363.99094098448234,243.97247721609713,516.9805268890717,354.2125650768327,546.9388094994267,459.923313475129
659.4266628730975,343.0769542127266,818.3862466773646,346.2187052783211,850.8379889456709,389.63616014426293,886.9454841942318,399.752537044124
200.32901306005286,268.14291494800426,328.88362086128967,678.4810965629716,534.4947159023163,704.6246624581523,588.9583972001199,718.3201105275796
482.9767846301387,113.80907911382532,571.1705516598041,223.39507992611098,621.0533410842127,442.294289461379,621.891730724135,490.36215641956005
173.64418014249648,468.99715492519397,197.15848061414178,572.6918347715082,202.29883948505375,644.016546697502,269.6837907402409,702.3785378180153
146.03591536106123,235.72449324709913,185.28080314075507,336.0641704307824,233.55393470220443,355.8992605677332,317.4902576976566,404.81225455707784
198.75878340845924,201.09188045707793,394.5738003310589,266.05546871423013,441.31079853044054,555.566109814333,531.6864441996686,584.2857286741764
185.93221322291467,516.1444748393905,274.9765561914608,605.4224018898376,387.4201905909107,668.7064041413934,501.40006519380285,682.2460315869631
184.51267603449983,412.9595461514423,236.66704366986642,430.15916752060025,298.34761380780054,500.59214414962605,299.3956685651089,533.880483575351
170.52431610091085,72.47627398168622,400.978489680279,246.3209199466563,503.842701608884,319.37780303154597,518.9242310659566,497.59447358243995
309.60671063156667,155.75670302562702,329.0491020176119,219.828381963951,337.43502291813184,396.8397071615963,377.8470923358298,448.2827764128999
180.27573297774717,170.10423731209036,205.1493514063264,225.5440725638904,254.66186233346548,240.6133190685263,352.19095814969626,402.9134133958675
37.05514602749872,325.14189630223603,212.4903935432924,379.323891549651,229.57916378850751,518.0055598484317,274.0422697060928,555.6636169007458
347.3659569536081,234.7213871455091,428.6117438553723,260.62034885373197,528.419409979291,262.7302308539246,695.8753039344444,437.4233675045553
75.43349807842709,128.60092734025028,182.53067997256235,347.41518129904824,232.69111864735783,448.72849784868964,329.83143309236647,511.1997380568785
115.1298493417962,301.27402672017774,265.8615745889377,331.49351476717317,274.2656045621674,620.5459250210313,428.7824569053606,638.2387063662497
186.2920556818303,78.51217379507946,339.6802432527604,96.63007020419042,397.3102905788,118.9010142608549,619.0621235808525,228.54371731182417
203.87313788057648,277.2254195354788,404.3843488385992,324.3301927792996,481.195595924539,482.0795974714481,487.0012478580778,531.7226698746014
158.72526500890012,187.34409332425273,507.8028360764381,355.02990591643885,690.0228330234571,460.7031229709253,706.133058112022,461.7319416601236
98.2936693077139,350.42639674245993,143.80325943377963,367.0815629454513,175.37759829373994,378.5505126237813,235.19197515765612,464.35055554486985
297.4688634131307,148.17099324908105,314.122663392689,309.3426670167917,349.4282577993678,404.1797342918746,456.7536058633233,418.33700322335096
224.94086739196743,381.0181628309638,230.19094761673685,445.0895863532897,381.8416462749449,512.9631192346667,382.99887892396555,541.6794362255698
403.77231194474894,451.0462632186035,530.0884179717176,458.44025649819713,565.2107130613691,580.5232368953543,591.7700039970094,595.8304233830352
422.3799431421376,269.19804609202595,434.81298968169307,425.0507740966639,516.7490107738463,468.7108525962315,671.3851278436636,572.9305274853788
174.84485532770108,155.89124947769406,459.26235417957537,379.60759850690334,551.3688998750791,474.645416924545,708.713740528377,482.0986661394793
373.0109681066226,256.50608484212563,427.8161808418761,401.46679264323535,451.3019082515037,421.7516941183081,513.2840510344495,445.0127734088764
113.27788003239182,78.48042421646832,139.45809314138228,243.0583517226853,252.26312211987872,266.163917573344,283.00900828905134,433.20949119659446
336.6217210651775,240.42012393529762,479.8938293711892,260.87299390936175,530.0381606156553,491.06456414900356,607.5977015100268,588.410279535653
82.05931115259197,37.618764878910305,218.1857173252035,322.37794363190176,298.6916730485636,391.02883577590785,324.4784268199938,547.7038068309125
193.807398668133,191.72265034506708,391.0300823055084,416.1506125849709,476.9546407363371,455.3457447951389,665.6714467492409,487.3838534675005
125.83039503470812,91.75419657575341,173.77107864193025,150.9583077161376,309.04126026949706,337.37088716451984,346.2455991984279,428.93177712772683
146.50177079452078,381.836158202312,294.72036449289726,561.8893385161414,372.0344591885375,639.512466705563,379.48423523507006,647.7454216751009
341.34850916177925,126.01780210422993,447.56319510505966,403.10019829634126,517.7924495467327,507.54578774872334,556.0361483074081,633.4341805518744
261.84672484238257,174.7670771419397,415.7268234115386,212.40545120585793,433.9869810793893,266.4937215167763,605.3450583164591,401.35042749120595
305.7238473003109,465.96259449651706,517.9177682530311,503.77572666244515,539.7827568150248,619.1319784946076,695.0352188634122,638.3743097294663
84.34173199513218,151.08845190539628,297.4688634131307,193.6248418110457,392.90296107953804,356.32747245964146,481.4885371496233,392.37479611065686
372.69189935163297,513.2809354669228,397.08537848631227,537.6854380264975,413.5012512156514,578.5429723884389,450.83109176533117,596.1984916214753
155.30370291868022,73.92474316668742,353.76404210705545,164.7074924983569,382.06183328485616,630.076037247405,416.9371643757948,814.9316157584412
274.35123433813334,425.6638776702861,356.4019450602608,435.8854957897187,402.7213419696904,467.38216033599355,538.1229864338269,522.9941580835631
183.258178403998,271.21208490579727,243.1800192160979,343.44596494686454,396.7713678205373,358.33307882383065,610.9175173734645,368.58301039211284
256.36175110397426,223.39148748639747,335.67703285997965,248.47124428036213,393.39620617814984,348.45712019817086,433.5828664708011,389.76833244790123
121.1119664437457,62.72095648829633,169.20191731629006,216.26266337001772,348.88594693564903,266.9622168608715,433.77483443403804,365.5779486237196
368.38485373144516,166.92392649060034,737.456507617708,438.7429549965882,815.8960042126839,467.2277261511121,827.154085719271,678.0367781885525
190.10786298536945,43.11211323396144,405.43565100521755,175.45304404342104,496.5326890689472,193.16410244305655,542.2001618731867,197.68320840977123
238.73046315347977,326.5443103607831,331.4090738517025,667.2273033758097,463.64298995837504,689.3032667821567,472.51850860359235,702.9492597296287
266.71903439221,372.78217124671147,336.425591430777,492.9542071227981,472.6868131754275,731.1307408785077,498.5968083955681,800.8533844218191
415.68694019222215,259.5979891723017,750.990270006311,266.7728976532113,977.5357723366043,394.3499424417731,990.875395340041,441.98783878795365
179.90409224295516,59.155373634225185,368.8990386424716,232.75671422688671,458.6618030534618,251.83624319670415,511.4407460159444,308.6175628699377
433.95368086656515,253.39298092988068,475.26892618482054,319.65437661821545,525.6689475901486,396.8299522313034,721.554351153473,517.1850297916776
110.42653190330246,193.34721859707662,348.052808385943,535.056843944101,437.85311510062644,553.1432609294385,557.3075795255295,562.1362625086942
119.25806775509649,351.825619390354,303.4139974560135,560.810246129419,316.49920713392055,563.7325962428614,492.6203068124757,608.2836565319052
288.3637929867727,125.82342218099139,356.3719871529592,286.1887181403584,500.51042982580594,307.8820740442858,610.9535788924936,319.819530011277
291.4413838345468,148.62178522196555,356.5997259436318,206.1526974928309,461.2245044279057,238.88421743461043,643.2201116091466,322.5187860163464
183.29290477335678,191.6077849494768,402.7543905992224,315.7414052761047,406.9489013286319,511.38105762822664,407.45642063193753,516.5847591862403
268.197144737343,347.5717691427814,313.6371242206917,388.5730868237431,384.6806424207728,544.0670532787713,393.8667660188692,565.0539870514642
244.83145140863468,166.92392649060034,391.02822061671435,510.2475352200897,486.92967198605777,563.622906935525,573.0596194643554,577.5378232555025
542.9191483013067,654.9609494422258,610.5252788648576,713.7508156427152,623.0999359381475,922.9853451686082,682.0273447149275,924.3495161523456
662.550733653141,44.980001483611744,748.7246366078748,155.42378624328535,768.7674776555979,350.320628702247,780.1943472745326,377.4408893132853
351.7623508372943,145.12609267688418,376.9919095820933,563.1619490226263,463.45001599689607,572.0885836044026,549.4259040696702,610.1614018278173
206.92319984040913,390.9916877633974,216.98017748062603,616.1282442100937,307.7754503039853,721.0738602271027,386.74589943900884,785.8694389354393
136.81734055921044,215.96807135401107,217.66558146409915,277.0440986844747,563.1963317167821,414.0212423657666,633.7913522019325,536.774920005214
277.3330325648929,224.33512268310795,286.649394115099,360.1790335548725,294.7546540527689,432.39084721137016,540.0665116367221,439.3902740287923
349.74899927407927,66.1974743775436,359.42665924164805,250.81412832333973,480.7563496909043,292.61804086093946,539.2561966612465,411.4586527178811
275.014724165627,69.88545754414338,280.84636772956736,87.43289611484708,343.6867604767872,218.9354911462298,426.4015033490135,259.24465511211133
251.73548678284604,138.3837104543621,292.19935443048126,248.4487723816665,441.94466639424434,366.5256819276129,532.6118015366438,545.356960014253
99.21112711798796,264.2773236703768,493.98246844217107,271.3000986105191,607.1797934333562,359.38509679560286,642.1659871937163,412.24481958320894
186.35420180873265,134.0770455701431,467.6168341608468,148.20217781564182,470.0832424068594,393.17361937928416,511.56550662445807,491.7922432101062
189.38398271093018,222.3920951906934,528.5896223624769,261.8254549791934,646.3228682880213,271.96271911252995,653.7375069749717,310.28661943479165
113.19283916281513,66.59525023595576,171.06347754155655,131.8320614467297,334.31221474700914,294.93479590373846,399.0207697740472,317.67049688694965
106.67824389074738,305.154866423617,280.84636772956736,427.52069485551795,623.2527307161971,566.3175315099403,630.6391957007983,579.6293726204602
239.77841102005343,469.4362589966615,528.9247330976427,504.3016835938052,600.948507749991,641.4245391888585,721.4694812108446,677.2420600732953
223.32078901195112,269.98776627682776,329.3231734680294,406.79442143105115,489.32018911160566,476.08220850074326,523.4628974362957,501.4104257783879
117.51111254497516,280.7178746663597,256.58992106121565,313.1087666818086,364.13451266778867,467.0440195628306,424.8769505903141,484.69332345074383
505.12131363890876,210.3643648219096,541.6941419404459,223.9429486553627,725.5946088855435,291.673666422372,778.6672314176019,370.3958635752448
545.3671186559335,245.43679468372017,553.7777515758904,246.3209199466563,569.7353942876001,517.3942471612149,582.1176812975052,519.195325517521
405.26450925816255,71.81362151219203,499.6405011784849,327.1806447918554,537.3138916014806,403.38587834872624,548.3276476696817,406.00975425019385
276.1221724206612,407.81142226833504,287.72847339090754,469.3101797472555,320.3020917405404,498.52914218301527,386.38364577141175,592.7077173885658
91.42887740021206,219.09706194931738,265.4471395831166,327.6032982951835,309.9308215661303,545.6366726601902,365.4880336430038,552.8910940995441
209.90364166063313,296.21110381931766,274.9765561914608,367.75434150782655,298.428017271134,403.2351064531451,395.5920076585987,525.5124029250866
240.14435078508413,129.12963101818605,257.61005755639746,219.09706194931738,338.0264797208559,358.2328059794331,339.2097777259701,373.33358415682926
232.69111864735783,65.79868478645385,253.1827076055214,151.02381237585845,274.941129780467,373.4175539257219,283.0373179184921,377.0941089783926
75.69773991804064,381.79069407533893,166.13852830050175,408.49967198982733,184.93175050466735,443.12418451626644,228.74304162431966,498.8942701873244
141.07801198003304,171.98072389199788,285.8125108319127,279.9049248135079,309.04126026949706,486.0609757987338,350.1425774882179,501.39467269749997
183.04091422515168,304.2060400020879,233.9594088418651,325.4009178161361,300.4498776481612,399.6187900777764,335.918340240076,650.2938216987641
88.59342258725708,489.32996050404995,156.2667907909282,494.9923999448798,201.86609968012655,528.6490776194252,242.17768568335293,548.1310540423447
293.00700762765126,64.57665048900893,378.11831613467695,329.5703748107512,470.09625578492756,346.72722710297626,523.5169237955046,584.9322153901757
441.20720053901874,322.5112200502352,496.5326890689472,406.6850579910541,599.9260958485941,416.08049344360137,638.9997439238091,512.0771845370876
301.75059654378657,209.53766542072972,448.55524848799786,318.8417317181069,492.37269793694713,332.44932936111184,608.4390757488706,379.81937471343605
277.39429621045304,285.6818011150195,306.7442396208484,304.01623776620323,394.5738003310589,320.74028986683857,439.61432734831675,405.3706246670258
190.02200367521618,224.927010645082,193.7757690698639,312.6973417853593,291.07454622827885,318.75759193668824,603.1534933295768,322.0265267255747
125.16732280458342,242.75399297153103,229.3081065614466,320.2297507924293,526.1962193076463,381.53895615364974,539.321461338285,399.28807469204247
377.111806988655,120.92027038833282,402.5914022540943,229.0098639345039,628.0861588908638,374.49668150997974,637.7570438052074,418.06033021612546
139.83244413580766,318.0910626816583,344.7060021945525,426.6891166045895,372.58210998798876,485.3081003900121,493.568176461397,496.8838558107946
310.92617195431325,419.3057802495293,340.7585759152182,468.3948009782262,602.9381648224881,494.83948285621466,608.3832697581645,640.6582809323281
33.96949288622811,349.2842830208917,76.34658912782582,360.5487374140381,348.5857137137076,418.9308018375877,462.4786590004711,451.88144472673423
266.71903439221,182.0456442335016,293.72065084445427,275.49449444508474,399.15940271110156,304.47153062330835,432.92259111000067,411.9444258841003
148.31260672562695,234.1109160119883,156.14157055103928,254.8454487066581,238.5064775956011,285.63715783465466,259.00555455983874,309.03562893624087
288.66750193293154,334.7007393199202,293.8556049555945,594.881055149463,305.40233086078825,843.5328270375632,313.20679149396574,903.1414668792414
178.78295862976685,412.4450882510134,233.51914996564602,430.917712140672,235.27147241464564,619.0553509109454,300.73185128097936,686.1722926829744
464.63865370526,712.6089263567895,467.480264170399,719.9488660386706,556.1871631444149,742.8151623983488,727.1589911121602,744.6348272769708
383.70895874771395,44.66681564654126,390.8616903684016,468.5369775624557,434.96835844231003,515.8387469411269,479.04328417730545,519.6025240522598
187.84786233474242,305.62736230632436,239.38989171401028,545.1885573794481,317.3678709937828,586.450936475929,463.64298995837504,610.3192671611124
269.0871211071833,454.97543442524784,372.4237413958139,494.39850849175394,391.25308087821725,655.196595036744,778.1885632777451,674.6555281106098
78.81584803460089,24.23817623172928,100.3422389608147,307.61829106423755,127.57128257539344,525.7869991894681,145.99908483674207,552.1929510034361
157.33962675948072,320.58279156253076,253.46942215544448,471.16725247657945,371.75979060142254,528.4985549922915,465.88605508029605,549.5652267859364
554.8796332468642,403.10019829634126,599.1354848432729,445.39901787577946,750.7327246144724,497.4929648721174,856.3768427508942,536.79655389446
161.59003072672022,272.541655925723,447.9597690655908,320.2297507924293,647.428018904069,546.029426750032,689.300455787064,608.7841549380214
239.43773096951747,74.63660064285723,509.8782016062949,182.2226630518005,602.2057465079155,187.39749141737946,610.2198642113544,430.5922158286531
81.60698497808814,217.86723651259015,278.88987139174674,293.9120255497618,416.105178389131,321.8073312157484,546.6192715640339,388.11648934171075
320.66176046082785,152.73872527792562,357.20060284544707,413.33509250105743,453.7471727670756,432.56813582965765,469.31225082197045,473.2503640726531
100.91581876050061,116.62596948489305,329.44964002398837,252.14109089043296,337.17469161082306,451.61664925385395,352.5262917286216,512.5953277235323
186.73178238890563,156.429136655736,279.21606893783974,213.8860162412776,390.27915216924833,369.29625354931096,484.9021280193549,385.3815903855687
172.37107691585544,509.9054920903362,295.16021969598853,634.3790114754105,299.36794418047424,715.9750095292251,566.3233287269171,767.2799420297931
158.85981307897265,328.6174877979161,510.36204122090646,513.4452534155921,656.2025812940025,515.4787592144879,678.1504605255988,524.9937318912737
142.75330726854898,198.27816227737463,450.4151515312284,401.19342785305474,458.04030059515003,607.172817683152,483.48564992018584,829.780382977522
349.23821801683584,115.74849065760954,359.11507506915007,243.57956156043304,544.9184395074545,254.89623610422123,710.4973542821425,276.31437829960396
323.7021542083248,256.8102021119524,472.8107589272758,282.22216010465917,486.5636080281758,340.1393709392982,557.5941751479372,480.6334162044447
43.245995842452245,126.16590172717503,220.5753131092107,269.03144000229827,262.05213809768134,633.0080630676013,306.40418111906155,673.7909796203639
196.05559883455612,156.67301978721648,298.9432205319875,197.68320840977123,311.9214728546538,266.84054125195297,385.49037524073407,326.71828153319194
323.75167473026664,519.5550842639499,407.626449342281,584.8215655358769,424.8769505903141,637.3527510284538,487.8345162316775,740.2841647285911
333.9093625106861,80.0373363636237,445.6701224894107,238.70528424440556,452.8343136930937,308.9862580935949,460.2816530957113,378.58848523422967
85.57518365095919,280.01554967170284,319.3441797702587,533.7040753829691,496.64339214491577,565.6761870681514,540.4122686884066,600.1883351964398
386.8252133367773,82.31318351939015,403.9781238122545,245.5057757574709,592.2118841788762,258.34712756828276,599.7916016283052,266.56217986524604
256.9648578455201,95.20918653565326,301.30235583870916,206.11000203006682,409.7992408953401,371.89323706074305,469.0925028711733,438.8031383672169
638.9843577365813,243.22173758547194,701.0830615867133,371.6208835538472,736.4625784169306,543.301002276616,811.7296952352912,551.4973479918771
158.98146333723855,309.34069534942614,415.7447312621409,375.6273631416634,495.71360411499944,524.9937318912737,500.62229727765066,634.0942056583566
173.73096515054223,161.99943306933508,293.51183708416494,389.7356001256623,394.1923531622736,626.5252692900319,598.4910176294014,691.562439906031
313.15829045948544,113.65758158233822,471.36222009313417,270.6648351205602,549.6780397512525,341.6479693153968,577.3244745926772,359.9372556107579
374.45815044997,187.6358160183961,427.9339957804304,198.18865902954983,435.9274892798811,479.68438322838296,511.098254109608,584.2963592777386
97.42598800415873,227.25138362303343,209.6930879904376,251.2184869243389,330.3717694402496,321.03375165433545,464.61609803397994,396.1792332581048
268.9215307062143,172.613409701261,365.65099178851085,209.42250853082635,549.5569914812011,234.2432836255129,574.3802399437095,437.0971614744079
386.1831466386655,174.10243199810427,436.2906466903339,343.3699200886697,517.05721134952,379.32309199341455,715.3990823616473,446.2799736875906
241.93300113983022,138.1598064064074,327.5979986410641,147.2278696394131,428.6949922382969,182.5750103504622,430.8295539540958,465.25877889168964
372.315845517661,173.2570213426055,441.8917055359886,234.29933392733372,478.03393432767814,264.3170620844605,572.7385462309838,279.97303843949953
187.91681151186012,344.580429007163,662.4176099104894,399.4383245231992,732.7452328273636,483.4975366095188,733.1995851585592,543.9436134876992
178.64847310922102,355.86270439599355,637.4211552479184,369.2427791663044,656.2025812940025,425.7846445987572,670.1847015289875,478.37981555792214
240.84774128160274,168.4407791050937,446.5930082747658,435.5517636460203,463.6642155696169,455.28774715509144,480.835739453146,550.8298799839009
237.95055899614485,386.29991864617307,365.05353172967006,408.2385724372659,390.5591739645223,548.616047916855,419.3402700149087,662.1020194449696
168.55469781847538,124.43233999381738,738.17390077177,150.0958310209196,771.4483717865976,341.7893265381615,799.8689434127222,358.85503641754747
102.77560120440128,378.4711383710306,213.2262298009887,396.5694234235287,357.853545376972,433.45732679667594,396.767051364454,546.1772887788328
218.76752352190974,238.80892153273862,257.48250919932633,560.5499921937037,444.2759274059748,564.8457996798339,518.9912798124069,586.2851041730507
953.8464913841594,197.77597504445347,960.9475392056842,489.54162559367904,1002.5942250500964,505.60156705446855,1065.7982760896296,581.4268980500046
223.8881922163673,154.71552050432862,381.19032289319074,229.2389010040189,535.6933193353734,319.4371426602304,729.6662395170025,459.31282349855223
282.11506705560527,248.8924483695521,365.31211655484935,371.55905642769807,566.3233287269171,383.800429210628,610.8698094364687,581.6575442298765
227.41655957018,222.97520050379302,267.7291764618404,359.15971087828166,325.2124382703521,379.2179574573723,434.45621118993705,468.7777195407276
172.98935962892045,63.21741132574674,233.82878243363928,129.58309424936704,264.63603244843944,222.35025175674383,295.7676327477846,352.4466540770157
238.25070414693113,160.4350990366611,397.2425007073224,185.155815075845,637.924713052681,231.2700252372372,638.2523570824571,335.461488222726
209.53129052021077,412.26569309006527,354.2370824565047,442.64252722736524,440.86736222167883,608.3793382726485,491.4805974578197,655.8013654716428
87.22677400100162,137.1109936039644,374.41129598187285,212.7149042630344,430.1430835682948,299.1956242138147,441.4124669790431,436.1751008146271
321.75311621581596,337.2110081617129,341.49789822088195,341.3662544069804,403.2432693837263,362.8558345185725,472.555059590511,675.8853389117368
174.84485532770108,198.01972216856853,345.71757736088426,349.9696106082419,445.27566277203925,443.8117850679671,613.6286287918824,658.1894017645385
244.44513182997258,84.66314140358489,291.07454622827885,210.84075995085234,353.8689607700795,304.6107290345303,411.10002514621647,349.8382950813944
266.7327098466763,136.32343821026342,396.9356535774261,291.673666422372,413.1386536115466,489.71497708654596,464.8231903173693,509.5685226331778
122.32897249180071,358.67467868198133,322.6673492637942,477.59708325066373,371.64648905743877,560.3093662950826,388.30417616373364,592.6335375753097
120.37488932550008,432.07548322485803,246.19196747676546,471.53104855469246,340.80312685778745,488.1052253590659,394.95538917327656,556.57291831475
227.51827692536972,144.32694073084193,545.0701484761345,504.240510975831,601.0026686282862,516.05151734057,607.1425521826433,567.6016255781777
104.79791953897148,324.79064282256115,239.35407204884,390.13609518543336,291.26926439011015,468.9250255063918,384.4920765152301,495.78901479725704
191.6865037386757,90.98288727436017,399.02812266237595,710.604362621148,418.0622644566265,745.4228609495256,453.79896678547925,827.457988584305
126.0661549186477,312.7046741548085,177.52550846017823,483.4975366095188,196.99908660012423,484.00442585157697,628.4875264878029,546.9286955959008
148.88516788959214,191.4143864969692,175.71944974171896,388.31378792128913,222.10853281788414,395.2707974314549,305.83137296610664,498.5747932917943
186.57189070283135,122.84395090143036,296.0935629676138,572.9305274853788,486.5747083257153,615.2386492747955,487.8740584298534,681.226022369223
370.93608998568084,204.14396441149162,528.4352682748681,292.0220809974572,561.008006368954,374.6085869212657,574.1715284594528,428.519833398571
208.95440252162498,127.05350288304754,221.94579446634862,278.92927188016535,247.97800958289378,329.38574867045025,330.0014833178196,381.6087005306095
702.9569200992307,30.680342402350544,811.1396142459081,409.5760658626152,841.8864350361323,465.4705103719552,989.1538615212997,477.69472274532535
254.58152808006656,83.80026457422642,354.48184101479603,203.92375112252532,385.49037524073407,291.14951545015845,387.267117975305,586.7062708350969
87.3783424059662,328.03253591298494,115.43421352268588,370.1848781475445,169.28006687701708,523.690773976493,241.875218570707,543.1605357530464
432.0249301031748,66.56573608364539,499.96932989301996,182.2226630518005,527.9009797772596,206.62287718726145,700.2575866663151,357.53191665007597
213.3500744017404,200.31773996146327,278.0510067470471,221.00197620158232,362.38845999365407,345.43705166030753,367.58892227238596,505.68302496703274
208.5648604043681,443.8436607537488,265.632030149419,475.8744299147192,266.9808282233173,476.4521365430977,268.2490158090862,500.991762892591
261.8779565019752,284.17137958814,612.3010890912659,716.8188320302953,688.0946577400547,973.8366425985032,698.659288024785,1075.3266659886328
217.8637875007506,312.3463862200775,228.72464747793086,366.6370988600516,241.2190480377855,459.22626397737326,256.29998764723393,499.30995823132054
87.91109708519716,105.68715537060095,175.9322848798778,174.7670771419397,395.8003495422374,259.89981768545755,447.1300619964859,298.58398439027167
175.30524431940927,59.425939873778574,214.0365490284411,396.1792332581048,270.0427245279855,403.2683930898654,355.0170290028771,521.8482890786386
129.0558499105308,209.3249472438089,447.36226056900364,266.1036951671074,457.5197969652237,327.91836263895595,695.4377259203667,345.43705166030753
156.23129440452377,59.872409645104476,211.72994942734624,348.9802676454691,266.7327098466763,400.2121096277083,372.79300580517213,470.1502296095045
54.803486060693984,61.84195451444266,323.57753732339137,201.6218274101147,573.5502177268781,264.951170033113,609.2679907242483,384.76729593173457
185.38905028599584,226.99999583653727,189.86652928686686,394.9271488083201,332.3134699805559,425.1905324734596,344.9241652352156,475.476708282015
349.04047066583286,59.77325755951945,519.4507092729184,160.4350990366611,523.0251604428655,171.17085860464087,525.7207456816037,258.52117030516507
218.09447946911678,158.6549596829741,312.11828622518414,419.1403810205077,459.28963037254886,524.7819440870472,485.18459714326013,548.1310540423447
85.55752636633694,173.5103756785041,189.92948637601864,428.92269455697186,303.1548419475658,608.8741960353987,309.7983649610109,753.8493606165288
73.44165598602312,174.86480186070082,373.2258003068076,257.8660626300626,399.24402259168727,257.99914451657605,402.95130170829106,458.5692038457782
230.9198376490769,113.65758158233822,373.54854775390737,280.2093930202464,380.0445327759659,330.077239780053,393.21650012051896,339.32772894586896
165.06936402399373,233.7395599177011,512.8278080535542,251.6479959680341,577.8239641550414,270.6648351205602,580.2540778822366,330.077239780053
504.3912507162597,174.77271708365635,549.8719620530105,218.5691205143807,635.7438578379331,270.53269189588883,690.068605998206,326.37944169189115
455.8302880878487,450.9996775519378,499.744615508446,524.7126809679241,632.8594036808247,525.4200058135132,716.734940365087,626.6268998040001
377.11611690557544,159.60713945179677,393.08155499291485,223.04720744502396,424.80604163217293,316.9078793842125,428.17457326790446,362.2499640070604
222.10853281788414,223.39148748639747,255.45466536263754,450.96554201883794,258.9226440993247,466.0721040775992,431.11446511727024,471.2211363083815
446.7598057914314,280.0551563700588,528.3105294082728,324.1778782404504,546.3009127156203,355.52572167883454,587.5100585663151,385.1415322486801
144.5700666568585,99.42423458325517,346.6039969008483,211.6727892587354,404.4848743274722,244.48034430931386,567.8809147307705,264.593653504021
310.8008147988765,250.39938129179598,315.95037488827865,299.7616899822637,329.36425234873184,310.28661943479165,381.79690151135514,321.4320501132915
622.0637438456837,166.61895472879704,737.3892998667814,324.58732293628265,999.1089945827173,330.3280844264363,1058.748552826336,466.7248134914843
394.1269187457367,330.44280095797205,409.5986876155885,357.53191665007597,462.64070140839556,423.8988594562308,487.17508703388967,430.5922158286531
371.2944759833721,108.35494525848952,500.12774071092775,288.94683054665785,581.9842522801159,329.5703748107512,586.4029947397416,360.7107965605165
220.55994989203012,467.58377162694796,318.9543790059869,471.74350876654023,356.5987518734656,490.7008141495969,452.28462383088834,492.7755021130366
373.88229738015895,257.7637275787558,405.40247554115206,267.4739130950474,516.9314426126507,312.3634860940449,561.7837374091099,390.4179198729675
118.45291971762501,105.21355643001807,123.31649768395553,408.44129329353,215.40504210321163,435.8854957897187,281.54776256452936,601.7942361873075
73.33447135800583,249.54699237427832,124.17233354863058,351.4618750030631,163.4806060919034,438.1991612518294,186.23773168017888,523.554400650381
249.93945078695018,225.14696477893003,465.88605508029605,229.71915483584706,497.42033991306914,311.05569091082754,506.5923685570715,481.7315891317555
125.05394045747126,116.23571599544549,157.09274176789884,123.98583625529533,249.3194303030567,384.8301659406481,339.1480417075294,392.3167406028891
341.01861987631423,334.9404398943689,432.6533580630017,478.9595535559868,436.6532267738077,516.531478148432,579.2221431834267,576.3340337180063
77.53128656402535,394.0499710777546,482.9811191922876,506.59067171039254,522.5461603008156,567.1775587176237,534.9970759127348,664.5907391132234
177.62839318475625,279.2568132371583,289.5968713718884,479.44022421086476,345.0891210053741,588.410279535653,418.0786264502163,598.7635259930288
222.56942895651625,38.44652201109272,308.3234009433192,183.64292076635968,598.169116047172,389.5997235883127,599.676832497286,426.90576029941445
223.6096257484639,153.65399420918118,225.60171975661132,236.3230794295726,337.94794061750355,439.0625891430419,414.6032940859207,475.80446453131333
458.10171621663903,242.64530088110433,480.835739453146,256.35531102845266,512.9254730129974,525.6492369003772,568.3215560782019,608.229120778571
204.8623624335681,46.699709947631085,588.8847534703922,394.58917323886703,632.0335326347388,421.25111658305224,678.6681697627743,532.2104779053973
169.93699581575305,262.65395645706474,274.41121199367984,337.37088716451984,433.5828664708011,366.82353550493053,445.27566277203925,429.0369299708022
282.2254259586801,151.21905463807374,354.33028211687747,230.8559538198882,375.1129349411837,335.4084846806096,396.2484492824988,368.5305807322406
231.6720854461578,193.34721859707662,534.0649391007614,396.0793680606642,547.867967346358,578.235330068896,558.6246281588269,595.1892810277872
130.22959018656712,262.5832564153322,530.4443390475241,374.00739046518714,580.5178082446846,532.6037379115974,682.1797439493513,545.8873710919928
215.4377054820625,394.3776877648484,506.49779986666414,458.40042931045474,509.08640742340646,562.3639489600251,534.2061911874202,596.2674702928718
222.7433100887747,139.9417756215551,317.1527011856427,366.4602176884979,444.2759274059748,377.9138522004259,479.84443400754026,380.0231495560253
345.71757736088426,316.1048846533067,350.8537809663726,423.6607158693415,459.26235417957537,477.4215379319928,527.8861195210584,524.7819440870472
239.43773096951747,122.32212038360183,422.1776211221099,445.0895863532897,426.49502843194125,489.3962533348016,564.524942542162,607.3044696131391
231.9285784257887,401.4396828282891,370.222854283656,485.67660427051027,408.96960159008023,602.0398985684918,644.86024426218,700.373971933054
179.75334934474645,603.1933350012864,376.74193515008744,619.7763720754464,658.240665291922,634.2985459988613,661.316724660573,635.4580322618434
192.35980849904556,106.24472371537857,283.382209383025,246.21904699148214,360.2107008294704,435.2240364215744,401.4086054088637,507.94035582208744
166.18511910209028,220.14437343512935,229.3081065614466,308.74181657513924,347.22895887277593,309.93485200392735,475.6643495909753,393.7479047635697
184.1296755405509,190.77861364263205,263.07092185096553,372.43287623537833,338.89760771785956,396.8299522313034,366.93401166477827,472.27658374912005
371.4871171852484,241.46031603687115,423.01578783481455,500.8653600919829,499.7943098214662,634.7676431536469,519.8566606010431,642.690540050581
73.33447135800583,367.8630217777078,100.31294002430909,518.2528107458998,135.7854334325077,708.2278919548351,247.30150240609476,715.1507597346658
119.9264962141996,126.16590172717503,188.9068934021563,190.64507566599707,426.8509396862239,576.1803645148614,488.46895924121435,697.2710756898316
284.8663220939343,251.34428327461777,385.5637558583675,493.5591334221997,388.08957400070017,722.5422156993613,493.6164454829249,740.699572225269
412.31711838251414,80.14080607277695,541.0254854362355,424.89015843614555,759.8111273519063,569.8390235477439,771.6456070020116,581.8498681666243
264.7505341226444,135.2110959591265,305.7089094522286,201.6218274101147,342.8124981785392,263.2978897912226,452.15010909673964,308.9313333677265
175.51875739777398,44.980001483611744,222.23014438432946,200.19544993980927,289.4667986892219,349.19641949526067,293.5259467485968,356.4958903261706
120.14727937482161,175.17705205995125,286.9751164246784,453.1687554792605,297.0827129199688,493.15141360778006,483.16951274545545,696.6067670575518
232.7456626812303,241.20251202140602,386.69240988141706,297.40955845061075,461.5424575037708,396.0616857434061,491.5093279097835,407.6416289051716
148.88516788959214,82.28053828823437,225.3133535774896,333.0376052228655,258.9226440993247,333.55325847144496,312.1903980635831,498.0077451527499
225.5002149082863,326.3215395928031,624.7739255785405,476.9202382742605,751.4256123890437,487.4786572700289,1078.0352413087626,528.7285876706661
316.67833264096834,266.9919232077196,345.1674419294267,284.7926490701206,349.4282577993678,308.94409828281107,418.8154275125025,376.0378680739373
148.95434420885775,203.92375112252532,187.5363131624395,262.85753399189133,331.7101839943111,492.37288285179636,571.8164667970505,513.1025314236996
153.2491519548445,112.08570520104979,164.70723892207107,304.47153062330835,219.07226873884463,422.841530122827,314.40775436062313,486.27826738780897
102.15747350619293,74.16185617157069,196.1495407884256,150.28613893001716,212.295103267699,201.4436069696313,372.63637780512255,301.49296521130816
440.63183194567165,64.36885082626554,493.59262739872787,189.44880838055053,539.7066038428342,221.7182011831181,595.4268225797259,457.69571356304766
345.8815244351363,276.9359042835239,442.82082052037754,388.04862823958666,554.8796332468642,414.29392837328237,598.575500711959,616.6189177081229
295.81176070707164,264.2773236703768,316.0774439734141,314.41163971599116,344.18841087121984,373.4175539257219,362.83918940172106,439.2063713934954
304.77528090879787,442.6680136160483,375.9072404091866,451.76038837116397,645.125224445392,502.12530061320047,645.2485231000085,542.236253354958
256.5912497173216,127.1458812412633,425.06952216633545,307.3928401552421,471.2256807676171,321.9521272086724,476.4591572816477,353.8276512774472
313.9435410616812,349.5866651686195,346.13514835990463,635.3754164868208,621.846863522127,665.8328529150328,662.2961166074734,708.4584920886
243.62661856790265,452.48179963154587,297.81649965024485,565.1875846495828,344.6514239352718,663.9626856760107,378.3998767662716,775.2933007868658
329.09907035557694,38.611790245418305,437.91106626992433,402.0077920646915,539.8453536081979,555.9623579992383,551.1915782475177,564.3849850578625
125.16732280458342,546.0076926291881,166.18511910209028,551.7539480650285,462.6312520300249,598.7574045701459,508.3574099952944,604.052021631627
190.94587328478147,114.4373940963776,203.38664015895583,300.1755762696951,272.7517814417721,410.5704435886738,322.6742154731153,414.4304196134252
230.01723979276753,164.18178677017934,264.3166670456396,287.58943579187866,551.1283726446374,337.4576074280946,581.9305729852589,366.3056287248131
196.84999024243217,26.982653566305437,327.2963474152306,162.3041286533329,460.74546590273485,284.64351512012877,507.32861051644477,538.5526554549239
403.8684270053267,402.62088329857033,509.0484324001108,493.5591334221997,584.4902349155363,522.064056900525,828.010545678853,730.3338738947755
243.24855834096098,215.08634500995296,295.81176070707164,232.75671422688671,463.3043732128053,414.2539994460094,497.86662295488316,447.9150543578595
258.40434617560703,122.9274981428803,388.6184700712424,134.2688304237668,579.7240309955988,154.17647693700061,599.2305275294037,370.14775541168206
298.9272535746643,271.95502975077886,456.1747697994516,557.5815658647522,461.5424575037708,608.244815888876,667.4811978961324,744.180377043965
239.1523459071774,166.5667598090085,341.3118130878313,199.65795894605597,500.16926509679894,209.41668001513105,506.15995529056806,411.7864442201983
243.5403417246106,81.96382094338867,395.4278980773312,92.31735686153579,455.87679807870643,219.88350441463044,712.7349057717553,385.75179677692415
286.0285344678347,184.68750142489202,346.2020205476566,353.19117468435894,347.92442570531455,426.9470951252251,364.7156955163978,588.510172162225
290.8542739266938,210.93683834336474,403.02682909451573,479.8952694294972,503.5529735117622,618.2135518192722,544.5456294440762,620.17559546806
241.42448677997274,206.44708337998034,338.0264797208559,230.02739366590671,456.87895008436203,343.21991246654915,534.8307531464918,463.708533496171
365.6468003835039,209.29626061375026,416.0370539976285,314.2753692338583,496.5500537003211,382.7864173541187,524.426877764357,429.68265266521263
539.1704625874967,174.75126028797075,581.6298988061955,395.4027605800726,701.0830615867133,520.1759975411568,763.8019036684166,568.8900574808764
131.77781342675166,377.9141965548769,455.7978208508701,412.26569309006527,539.3755101497767,596.0873988134737,554.38831348549,637.4630580433645
304.6780121944558,351.04564913724687,518.5628702562474,389.99583422804886,673.3334223944072,579.5024614557789,680.7285407877539,592.3989639835244
411.78408673318864,251.17379134818447,453.8574067752584,272.8796219768224,561.042008664922,445.3211555968869,598.9407886339797,461.65393028576864
196.99908660012423,491.09646169675915,250.7254499804884,547.5683386745037,337.319503881691,580.3862790359325,573.3430857992662,626.7161158388648
281.97213231427384,26.982653566305437,371.37043865505274,183.20406327238544,483.70988592192367,268.66684512266477,559.434541645758,513.2836971684682
412.3998746658005,331.0143650220137,423.53136833545483,335.46559307636466,464.47204277620125,350.0263765248596,495.9822445601787,372.14199185620555
363.05180920672296,93.64205879038475,373.9994371762217,292.0968073013504,515.3783507286616,348.7236943027849,709.1373625446944,425.55630568986555
358.22526059523216,338.88774506427717,411.83446725446186,358.00200509885207,412.82448586934623,480.5349903108964,493.1635961359597,554.5854437338585
237.95905565920646,269.58893097950715,500.12774071092775,323.93365607550953,524.7109981987458,358.422841525879,622.7678406456381,471.31930606194794
145.2905391724175,248.07159473344092,148.2799752296764,259.1100935620178,369.69508715144497,404.1353509411041,387.9027966706004,408.8440040670682
319.1318123002599,307.58965759531617,390.63694697885705,442.5681107052885,525.6445223815889,476.54844753618084,526.0189060515422,510.1976108409804
479.6223370647749,346.28746472685924,647.4566973431504,435.6259306211578,657.0717783749881,618.6572148378112,669.4462909684526,630.6381943722231
281.3210497393566,369.26237186914676,481.8299571552385,522.2161221045982,543.1894317931238,561.5192822033623,544.3459747946778,595.5475529406276
406.2571772883722,376.26372872920757,544.8375338517808,516.1444748393905,573.3011738332859,548.8067227687623,601.8759002758995,551.4047066499111
186.91647019355386,483.4698331296984,451.68377705845825,594.881055149463,503.7263415438605,621.6549365449268,510.12205825845126,739.734105502334
320.41745742885723,162.90330899539714,332.76175842724507,230.62412571121808,392.4665539135869,326.3215395928031,440.2871777330653,480.8787167911192
294.7168800085265,235.30598325932985,382.57371310895604,272.5105908550244,404.2863590878807,345.02676482671774,425.6693570116699,349.8382950813944
153.12190635997405,156.429136655736,180.83659312766622,227.71593125923636,199.83220212378393,271.5421899995487,280.3857512734888,321.4365548344698
197.8670133451577,168.4407791050937,269.8144625493022,271.47407334628446,289.5986082735248,358.33307882383065,383.1628509020368,406.5073491503796
253.40730691041853,271.96271911252995,266.0538634067502,360.6206620297498,409.7669864833164,495.78220467088227,625.854661504907,532.7220839601038
107.93170907804483,118.30385890858975,255.73131081513552,310.1729699768511,309.8129794330497,321.16287468884155,485.1355571840266,424.5362821250932
265.06869165054786,68.13322215389192,387.0407644612299,372.14199185620555,562.2934842505695,394.91839167822974,656.3936981080415,536.7067650098578
166.8567699636562,118.34373680881154,259.21805743581115,294.87173598959646,310.89576507464903,409.0210146382099,314.2500858353304,444.40716497655546
289.2951846927624,393.14181851869006,319.1318123002599,470.703188245321,439.4805008806807,527.1359549816531,484.72424476935083,593.3390926571575
66.43043570699876,202.99778732807056,259.3411317473606,472.00877309567437,537.1048792438714,713.557678919718,647.0352392070687,728.4030606851088
126.28572555888566,105.90825320167465,169.56476562037133,199.65795894605597,286.79662870688065,271.96761565716787,325.2608771808731,442.8771829502358
85.55752636633694,349.48778954678147,199.4289338535647,350.09607844885585,248.76974754499017,427.9734769371245,307.7457062098306,472.27658374912005
183.44786127408526,386.48229832860176,289.88788688564875,575.8525388873596,515.4557644374795,587.2734806643849,580.3502531693007,614.7379404854324
455.7373308357095,82.06864298249575,598.4643904526966,96.27694804997194,656.6804830719841,282.84211582345614,731.6791292466181,662.1178200189468
150.23525581021266,131.84644680997775,215.53712069736906,385.24800740765824,377.97852300615824,587.771725371845,407.5137432509393,663.1853886271535
87.49735354448964,248.52044111424232,260.69669144678505,284.7926490701206,436.2488827168815,316.06329179688385,640.1103315757276,370.14775541168206
259.6510079698964,356.06337128772503,528.419409979291,409.3933885769736,602.3689771118654,489.62934930086294,668.5398917513024,536.5537895374658
481.80259196843747,260.949407212099,545.6053373521925,342.50603001107936,655.4781047556572,468.7506977734762,668.0805648424018,494.6517099674553
425.927199344402,131.2394357370789,536.672751353639,293.62236614624675,558.2791336269305,317.9237049588795,598.9407886339797,337.26397706427485
251.1314850969372,134.18778576224216,280.3192315140193,264.24475833464857,354.0191611272413,343.50377417126396,459.4926709739723,364.6565981740764
237.95905565920646,174.25982450019575,319.3157115863222,354.6778342627654,415.6629583214865,485.9671538124712,524.5450240328482,561.1947514454853
261.1621566249865,82.51316452692642,426.08306650203997,336.4468072908354,454.47139484112125,752.4952147981664,474.55257686542353,792.9032160213023
584.0380806349431,82.35379318872582,613.9283891412736,241.85534406398583,678.4149246925049,343.50377417126396,679.0180995645065,497.041872536476
441.3344150336936,69.31996160532871,447.36226056900364,400.6921728095496,551.3012900340422,607.1938958338693,554.8909519026602,644.6021649505473
240.84774128160274,152.76188188812228,374.6265695710657,332.6147088008636,490.17354139777575,434.4849980796435,512.9254730129974,529.6749478761856
66.71474385713333,308.9494080907356,387.2913561919057,439.324194411886,498.42476580036396,443.8117850679671,569.7738185198549,464.990763616501
178.09592907490466,253.34641184073098,287.81775450979217,419.173326910919,557.9984970709877,438.0442465107327,607.1425521826433,546.5056850071738
119.25806775509649,172.7063417929074,224.3270576733027,231.4171643209566,293.91659276021613,334.18418626438717,388.85660160333055,463.578947786845
270.94862089404427,102.70541101129663,333.84053667493885,321.4320501132915,375.74820628505046,359.9167514796559,403.8615769683186,480.1421493737674
246.63519673656864,466.21337892058335,267.4094490736764,492.2242605414254,346.2663431077027,588.4498196035372,489.13224842723355,591.6609787813119
94.48352024542451,327.2670711313312,169.63497371906686,398.0095243545167,263.5411396971656,430.42420831259506,411.8044526807609,546.0076926291881
183.39667461409763,305.3830273356661,341.1427993999183,364.68947794991294,353.70362334892997,555.2187186466418,385.53311331100485,589.585158680772
281.8435273709406,242.450742747397,651.9753027806173,287.7870603884157,658.3531475757355,395.2849730135006,658.987555481898,417.57024101567356
141.76842864461233,274.55448728537095,297.07863183633276,320.8608100566195,310.4465271959805,322.51343311840384,352.19095814969626,380.46059108497883
332.9379053420828,369.40605122136213,512.508282247311,484.3575689220148,715.3990823616473,565.0880522692157,768.5053951307392,586.0635811906667
170.79082564799327,198.35960975242,355.14154044470473,276.48557474162783,442.82082052037754,461.80769779531386,503.85253107846916,489.8501334739698
98.90447869282087,207.91750452794398,165.51463824511072,668.4640903669053,399.30909015130015,681.440093023077,460.25102216701873,698.5017942380895
180.87767576070883,176.65118915683598,230.65980179608368,236.10065920676146,277.71871006698484,257.5382846141381,313.1261244120336,329.38574867045025
209.68884282497416,367.17283716269765,264.4310260343242,640.3923728584463,270.0427245279855,672.4986553508753,277.9194267937267,717.7045888309484
371.6683142138934,209.17518615035226,388.6184700712424,306.1708133480146,520.7836436564897,398.44901408632546,639.5521503702375,413.1515898860049
120.50678597617139,257.75260362940026,189.92948637601864,267.25328351553065,198.22495454143726,273.8229080129971,199.4289338535647,319.02604805325495
112.49745562195466,469.8942254895765,124.68716428711595,475.0566317207043,433.5818365976722,561.411790548651,535.7188976798211,650.0099441826067
171.67928349904386,547.2053082484995,285.4171052691422,638.3622412735446,545.9506611291857,661.1754431525495,692.5490714939787,787.7579167642946
387.00660801760074,162.90330899539714,431.7313443062405,185.64163901449425,443.130555020562,487.4786572700289,492.95136560117265,523.3185766013861
171.98926463270627,200.93864312471788,175.69910745648002,366.7783457732306,210.1098395918856,413.5066414818389,215.5035988770971,488.28111359784725
490.86554308520243,249.24425069304934,728.2458478155742,320.0437882340015,778.4603768274894,357.368828481933,1045.7728627612473,470.6418504608146
218.76752352190974,200.3645117780649,317.1527011856427,212.9962529270488,339.6232055785159,316.6532632369879,478.59169212433403,475.79525033237985
189.73484718014632,166.3995062700431,211.05752793920777,466.7462748922862,350.01457572077913,512.6590451778111,395.9786547950834,696.3347965302436
322.9977117321073,252.14109089043296,327.4388000875895,278.5653335896201,341.4517892639943,336.63927177442883,409.7222729013419,413.7601268468195
71.91389476556411,485.30336358247047,191.56062598380527,492.0644693868892,384.0370746646708,564.471398992788,474.32131335473673,586.2676263868775
347.28323263665277,174.86480186070082,364.2632547880135,261.3859354045333,506.5923685570715,358.9511723204246,561.7029630870302,436.29791361144294
299.01858021475,91.26735360053222,338.8353067088101,339.32772894586896,417.91206796931,408.9761863728003,431.65439230014226,432.3141387114986
180.80693616912328,545.0993952626402,464.7215644543254,579.6220750192783,474.2517626929939,584.9426794875081,547.6110488389811,793.7131064667996
265.59536103335455,377.4917709473383,339.8597577992752,391.7500250207631,404.67591246082424,478.13159499750174,503.5846518761729,557.7264747931672
242.83840044633098,184.327638531829,294.8442986428684,543.0353431621701,384.8912651641892,594.1132981390459,387.0567938092052,668.9169499107467
517.5555009663419,295.13704292752533,521.0691411105568,643.7032749960399,678.6681697627743,779.9581541693269,849.8612791998959,830.5750719413512
104.6165844667308,314.0130161437128,258.92463733672355,478.287471072002,324.15573960884626,506.04758159215714,426.9783886293831,574.4981086814187
345.8815244351363,193.6248418110457,355.14154044470473,208.0956823186893,517.8563173942563,256.1399429355048,624.8057944671098,343.45209435810995
378.5915223381163,255.7242351286377,495.51076240562236,342.2290302424731,562.219292853093,374.49668150997974,579.0821710932431,387.20394705779296
73.76264104116667,230.4327966039134,260.1866245380457,285.2544072235174,296.2951153427758,355.2196744635002,443.81345552248655,470.5059057396221
511.26833287601977,19.063419685721783,641.8019470799123,599.6825952239691,682.0273447149275,718.0684668087794,696.4253720023197,752.8513066167471
82.58282714058927,144.32694073084193,141.30804000515505,475.121386366974,264.4310260343242,599.2690765926827,292.4858392440155,625.0774253486312
214.76429227635904,140.08368987712683,382.59460140324114,315.8245372593222,417.37184364778335,378.58848523422967,451.298560110307,383.7636367938344
193.7757690698639,142.90373244893703,353.8689607700795,298.2317877681694,368.91664205402014,370.1848781475445,514.5722865914533,430.56545479972044
243.24855834096098,441.2773136652775,307.46946512801827,563.1619490226263,344.18841087121984,575.7134209447394,452.90525372038945,589.2390356362184
239.4638960940988,265.65484589691744,372.4649293022588,379.8771481974278,477.26141094010757,390.62832707149096,521.3775745776375,545.356960014253
323.21671235703866,306.72543037119743,349.8235125777204,318.3585393438989,405.8037137616777,431.7939060554236,424.66943019757196,464.4829546501477
582.6410462636566,687.0667613190132,617.5867973979675,700.0281161083693,632.7486052074183,783.3785220981723,669.3682117547577,955.2328852173385
383.9218694618101,148.8015514187385,647.2749073932861,149.78455193664877,666.3284010693578,160.778435207274,757.3836190153626,267.09572941650157
325.0626234132846,95.0914157596891,371.25838921753376,168.147351666529,394.96822737006903,366.4290719216877,481.69685882442525,502.05042305900923
230.80433123987183,182.39789791872832,301.62988442979866,221.7023116529657,416.5612899679891,384.56363881217504,553.2964196419276,423.7505533270731
239.08109652438847,353.4880448863334,387.4905908439026,358.57268758817605,404.34603284229104,384.232759981622,444.7015024750214,468.7506977734762
194.3967868133468,637.3703474730398,593.4346268490815,737.1208237356506,667.5346404312894,792.0935451839762,690.5318933669848,798.5032954502672
115.3389734661698,107.71732566851176,600.0393411479887,126.54500494770423,683.527636866742,185.11746372548538,1037.836756312998,281.94445001853416
196.3752281083281,224.96219531838264,246.60235914215258,477.86845815285574,250.78240451671132,499.5255748567227,462.66823980578687,500.9282373762524
302.3196637933971,107.6808331390654,487.5058625220898,137.69893062183675,523.8483088703392,227.85806897917374,678.9781474898341,836.502223984677
327.0824274162945,78.48042421646832,402.157683996954,183.34097184182642,454.46283656803604,319.4644390338567,488.9850222015162,498.8502516619533
124.69750348340001,105.19814817619013,275.6258655227668,336.2716969083815,283.05367626209767,344.6352079823271,291.335949662415,354.4069645363871
162.83532117023756,265.814667412752,203.851865724724,279.5433639464116,279.651517905518,300.42057142753487,550.3605518292856,393.3367917216646
193.10875266502086,177.83949201143008,267.3929666814577,473.91262055967024,269.5810890341735,666.8583526563491,352.10653716504385,752.5588660925706
113.25579289246625,437.3179721699758,337.6325771887084,460.8619398765407,414.0505257873547,546.5666471633208,619.036188427077,687.0667613190132
138.38445290398306,209.29626061375026,184.93175050466735,219.90019594819609,335.74797494674164,222.0965909118148,338.308007419179,439.74940525983243
190.10786298536945,134.18778576224216,256.0654832329234,159.76328939908962,352.11277571270097,241.85534406398583,435.965490775459,310.98887364535415
136.97305582530996,481.7710015787448,366.8596768082352,517.3942471612149,458.1116298747537,599.9981839636573,486.7717728930619,624.8817020214824
131.36392303653494,227.68068050976896,346.6580373600856,307.69733083227896,347.81624713742787,326.40156377965343,483.1244162198108,421.22927586866905
165.2559558493095,35.6253954147486,297.9903581888385,192.54938542754488,401.9136334675315,344.6175601872456,458.7602890591778,401.3415715855641
112.49745562195466,121.38170469162807,203.82050142771135,202.7628802078998,426.1078164298454,338.1020174674197,450.43102329829793,339.0936630370662
284.8881084153397,299.58115574544934,505.12131363890876,352.9327593487315,666.4576241181824,383.88544610049036,691.8817211213445,559.3809246421214
724.386514589201,101.71861645634205,784.1988807098252,293.22737843773365,802.150252201863,489.54162559367904,806.048840007563,712.8519746857346
385.83988855117724,266.05546871423013,534.6682999675302,398.30358124366563,577.6002405776053,444.55044062134004,620.0811279591256,542.3227640373183
115.82582544766015,342.05192458300957,590.3526826969985,545.4285904433617,726.3625607183501,552.329647076517,746.5114463625814,559.6098504674907
242.5627713568202,70.57700573144403,263.1442371633515,179.94230511164884,536.8321919453587,331.7181653970679,543.1894317931238,409.8343457965005
218.03453082011058,47.07171419360699,662.0795134017808,98.20220029940717,763.6222132701065,135.8212777802708,782.571157001197,238.76104362367482
104.79791953897148,405.4260916363274,231.4657199163133,420.06961073107794,286.4261696197932,431.5669089307929,398.6455652477739,450.1547833169665
213.82385730075438,125.44714341904316,237.3059675872062,320.0200575262628,342.9885008919596,356.97267178166175,423.99812902725824,510.3334015768727
79.87796182970222,288.06870356582033,340.5885133082063,782.7714709796832,369.8524805172912,961.9489405003482,427.34623075714285,997.8969227020194
152.7479599841803,59.872409645104476,460.50598835173264,330.3606681475604,500.62229727765066,355.7979216472657,509.4996761239334,410.3833647198114
164.22309040764114,88.12907275939143,402.844490368422,146.13062308572532,465.27205271847987,299.58115574544934,470.1036670902696,545.7195830379262
397.2425007073224,251.19543572325074,482.9231360855251,289.7339807504522,520.6317715178819,343.042616261462,572.4699303989786,416.04270069489024
250.24086054233933,316.1582212536444,293.21948307221754,400.71157305302046,392.9237302791091,486.0609757987338,593.0566716411863,507.0541162155942
433.39987909100176,349.3273263169449,453.95453288173996,379.77545386793065,680.6328337585774,414.5870025135457,685.2908703839156,414.58751334694233
89.01838850856375,93.02026139924209,124.95634783146559,145.80023464733117,167.0388830341583,215.34716849087107,197.49864819029185,396.5694234235287
468.68585048642734,276.07369842074155,510.29796123294875,462.61897314449374,600.9939739187494,528.5631523543441,1028.47314940494,539.8363977665315
201.8029394487861,318.3585393438989,300.84528163901626,350.3534215112469,379.33188089572207,462.5490261551309,411.3367656706967,512.9177007684498
112.56002433658729,88.92951714729185,256.36175110397426,268.20771855400545,274.41121199367984,308.36979346673365,509.62759625827067,352.98000231068437
62.63134738135366,105.8845947579763,344.81625856303026,359.56041413091145,365.1639610623547,360.2401650687798,426.8509396862239,377.9138522004259
98.27571331358797,274.55448728537095,263.07092185096553,287.47631023531903,452.4382365129733,291.74154217511546,479.04328417730545,434.78596617854333
187.55792595438112,318.8818581577783,231.53156752580202,394.9271488083201,273.60972461193063,422.4364962977337,293.5850489454251,441.9605655597617
299.4555362177905,302.12381889420976,324.02236441870184,308.81966915626447,327.9021726488353,503.0620816791865,332.66121972580623,681.79482708065
302.5146007988824,114.56764175816033,333.66031152491587,539.5678002782748,334.92311946001,810.4834239364914,340.5885133082063,830.5750719413512
329.09907035557694,372.1343244109373,431.7214995456687,432.00251181357805,564.5940506950382,508.05350261655656,659.1756241130458,643.1849634053631
470.6970162688391,147.8659711381929,502.59762541859953,327.91655711793567,507.1324139201051,340.3924032839583,536.2151133369518,510.58112676684544
218.07727329463108,240.6133190685263,296.32198840375077,272.18459544942573,353.96856970702294,331.7420813272405,412.6773542977987,398.2709173660634
126.28572555888566,21.327517878757572,179.47139763598278,325.4009178161361,287.68623691794545,476.1560937847177,291.5508904797065,503.47097235740296
84.0484570850384,83.21181469101562,148.40128971136357,243.57956156043304,246.00498810455284,303.5693268536711,374.6207295584299,345.1503816178938
67.33740198072903,97.67422195457794,695.8745317254073,397.0157920206001,740.3057495062724,463.7480244336995,779.3734705815905,467.6768626201511
83.96647829970904,224.20206263507163,309.79245658662444,457.52307609734595,414.8267350549276,492.41995750103536,502.3974005803187,592.0975707375926
86.66959213721958,395.9557717201355,241.93300113983022,459.22626397737326,312.64583579470786,485.5238493023686,378.8633214083641,507.1074622945488
121.41602606895772,258.052611625903,225.18640353139423,296.21274893235426,343.87312476267954,355.8289396625796,589.749922081189,401.0705653757861
365.123221667371,325.5591260323135,374.94857068555257,785.7101409832582,596.5931568151266,871.8712360318411,641.8019470799123,902.0035086784163
84.0484570850384,629.2943391748266,119.53633704723775,645.9092589095728,185.34055654621847,724.5299587903622,293.0021798195038,819.9677038428355
299.91196435494936,143.9885004662846,328.6831945301783,198.59303660556378,357.8582004843915,267.6330745506115,442.6339485991317,317.67049688694965
242.21018585141545,193.4304362125656,529.0886108874809,310.82806337145223,533.6194879616955,424.75405915574413,608.0041005112936,433.68889835470725
321.73732518631783,177.3989283543421,393.44937589405384,308.1205739826067,516.5104558719704,508.52692235342715,729.3944550867025,555.5007281232396
219.57983695249294,329.40913579761065,313.45020507549594,469.2842734867553,351.8099971748803,511.1970786291085,432.4862949314795,522.9889339670674
113.77758535689686,197.2247162158497,207.48485292306725,292.6795889438365,274.5544675214801,410.9968182376934,456.54064742471354,437.0971614744079
143.84094655018197,280.1794548457984,226.90433963717487,433.3365196498359,247.81947911709136,468.7108525962315,279.9602368963867,477.14716504417254
273.58868891488726,288.44764059924995,298.3171190499609,299.3985962835623,300.0314927485572,397.0157920206001,317.24189597502254,400.10026063020473
229.67008732479584,82.77078014539794,421.8378072153057,147.54775623576202,559.4563111702337,185.11746372548538,589.804720622106,285.43581643760774
39.818057663290396,159.4030126488097,171.83933840170917,219.23117590813692,206.12242621890593,471.5287924158079,207.13593505356968,592.5221429280133
191.22361626934028,292.33186913173165,223.8942506978932,382.52169028999805,248.80230640510655,633.375509394539,400.32141533349807,638.3622412735446
288.62996638225906,330.44280095797205,417.561931901796,522.2161221045982,419.28092804264134,528.3312880725875,713.845696249532,540.2601221678184
203.3571841058906,74.93870747854666,322.14256001640354,279.5433639464116,377.01805908473324,578.1468243345477,480.2600843261136,633.3397084204897
255.1455139522108,173.26189235304452,310.2462151214288,471.39105196418916,345.46758121099106,504.92349942122326,357.0953607404392,628.2585038058213
78.26248700042724,190.64507566599707,98.2936693077139,269.03144000229827,184.9819340626035,584.3876929136596,239.68632500040164,629.3861893926033
316.1758879448816,253.9865357540433,414.0439772614128,272.2440565865199,529.8148799089524,359.38509679560286,561.008006368954,377.0941089783926
185.80995941340558,191.72265034506708,224.63622072484048,330.93823073969213,433.13807332638316,530.4014344970657,604.5819893416647,550.4826079139764
113.72386442194305,76.0119911477597,183.4733307342771,420.7228730318054,218.17634588302153,553.4368144197118,443.793305612168,675.1774419064145
413.40969435499903,105.83670901540246,499.77480544362413,368.4658918721947,557.967781783604,435.3917097458319,712.6982024003826,446.3556584464528
131.64254945464188,110.00172124754111,151.05105213981113,276.4595000101255,415.68944832823826,360.5487374140381,582.0667888177501,369.2427791663044
366.88431068769995,354.20632551876247,552.0079829910045,380.67388035851906,611.7941970213686,383.5553004879994,649.1225286324999,414.80804298282015
155.30370291868022,82.28053828823437,374.440134246445,297.3579288353289,377.97852300615824,309.25243977098063,527.4750234287019,515.3645672678583
268.5598594297776,119.54357852210643,343.97147298562777,439.324194411886,407.45366247431747,638.5573571329247,575.962180536036,654.4679746969442
59.11967505468398,196.4467573871849,275.085291156223,268.2379066881376,309.8129794330497,401.26445065715615,378.4090883678685,434.73469151032594
41.9301896624492,509.5015075082187,485.44143666489725,521.2779106465453,586.8160971288207,581.005738344531,588.7558907589549,712.681398569284
169.9192046356518,191.33696701572103,356.95613268756694,308.9313333677265,386.82018842707555,347.7170858284565,445.83884794212713,454.6918440960606
349.5874072456363,361.6280719053111,613.0127294628657,503.0274501359362,645.7266762311876,870.7779125577308,672.5430568403513,970.0197562400364
115.3389734661698,248.14633199370587,676.8441774339425,399.28807469204247,680.6548855275698,444.7114334617036,1103.5133549690388,514.0919460001135
231.44479987696977,363.41318138811357,267.67352755794394,636.2760775481665,472.55607426143825,670.6937498596653,539.5422700366576,732.6276728701147
679.0180995645065,301.1416802547408,720.7349292644218,330.53197938760826,729.3944550867025,339.6683715267709,746.8324928361268,348.92535108555126
77.75819724869535,240.42012393529762,108.22567726098288,306.66708078342486,204.51430851483283,511.9919538722245,288.6426974201112,608.244815888876
195.98715102544247,170.72622990882667,449.2518876429503,219.23117590813692,482.9990160500543,592.0384200066302,536.9359064251292,599.9981839636573
129.84759076959537,102.56185854997038,259.7392371217192,123.00951640698241,475.18723726341364,561.917938735452,612.2558811921813,619.665102904401
139.73326228576408,291.8285018989441,199.18866517146833,427.64502691940766,287.68623691794545,472.00877309567437,325.2608771808731,543.16341547931
297.61726609184575,348.5916461682581,338.9930928050727,387.16020016635224,570.024246934904,497.6797637787901,591.0893287162793,575.4536315565543
366.2999486846648,207.80263557931744,439.2820678226958,286.32692326739505,458.04030059515003,434.0895149014072,480.7563496909043,473.459860103468
99.92700208898832,184.327638531829,208.8669342689581,609.8063440515299,241.95816080605013,645.6612091891687,246.19196747676546,659.4807775702965
165.08621234018443,341.3662544069804,505.8529995206177,519.4462159066768,508.35632149420303,625.8411296434981,912.1022501196758,676.9694630851332
68.91002608462341,147.35350514552422,103.68386784896138,540.9568158575153,192.57325003290805,687.8525276103018,222.23014438432946,691.3892520702206
76.34658912782582,63.21741132574674,101.9379092211576,191.7497638615528,410.34154866239527,272.73492966568307,420.7467536337275,330.0971620387425
143.2646745941927,288.06870356582033,283.9813599019592,732.9393567663656,288.5212242175287,818.4433727069462,433.0351049850141,821.3492800510197
308.030532614028,55.14468110240614,419.8032123106306,227.02446505603842,567.0700215425003,259.53386137962787,581.9305729852589,294.60326647732944
365.31211655484935,114.8003861917912,593.1137508445211,127.10603811227011,596.3667539947998,529.2316573649096,626.8797922430322,579.3793438419334
478.37160803855915,211.76083052985692,863.4271620014312,467.0440195628306,969.2272314023714,499.07249904865,990.7868841898201,514.6707971229206
110.48349460195301,213.1789495647546,213.2262298009887,434.1305383991484,501.94741997135174,508.60929391765455,504.2710098456635,519.2186577052139
243.56651193232355,115.70242079516166,298.17236533842384,240.59335680398763,404.0669546588503,344.4633828794707,489.32018911160566,360.5643559031392
661.8639353575271,305.0912043125181,670.5379607443939,384.1840720240463,688.0244719445587,398.09435801195895,891.880087563282,405.3706246670258
103.11378270708913,104.61159208297671,305.8533320611939,308.77194021730594,369.81678168642225,336.8028057637841,379.1370845046074,362.47781900807337
168.90947127983875,248.8924483695521,222.98030776709786,402.4546332784537,234.94167230734203,570.3712929248619,376.9919095820933,604.8520748886585
495.7971704341095,285.6818011150195,512.7927153262805,349.02645475186097,515.8264401220544,412.4891102879931,748.4524132655217,451.27893903901673
218.4986560696872,413.93637321912036,358.280347765537,454.2732985263504,412.6773542977987,517.1850297916776,474.218412101403,559.1552493434102
195.538506691493,574.9569900719307,303.1089014497625,599.0307729101734,478.31632443482437,602.517997150243,484.72424476935083,615.8062907971625
158.81078302768242,286.9497617583598,187.55792595438112,584.9236190650481,193.56261891102065,679.9441673336569,368.02068962797483,777.9637002297769
191.05834346926667,114.18341689030716,406.7109190373232,409.0210146382099,541.0254854362355,497.7464592960324,569.3188664054453,582.7403059517488
157.33962675948072,83.80026457422642,357.5366074223169,262.85753399189133,374.6265695710657,267.261219735675,501.68224356347525,649.4942124785239
374.555933707008,66.4828600057549,402.96382974808745,227.24962237538801,716.3190441430747,354.7315367106389,756.0360317573537,378.4736430885758
183.29290477335678,349.3318307224421,323.99655440466967,384.784592843684,471.36222009313417,507.7037122297783,501.80176333386794,551.0313683025544
179.10135941127663,423.53246069716033,268.3340249991756,450.4650458146554,493.948509799011,463.708533496171,532.1563912655126,465.6781737962446
515.4714247297347,307.5075118620954,524.6122906669218,362.65063454686003,545.023502257318,496.23053651965887,572.021473623717,580.6353159599806
199.42376699121849,338.0698086390984,250.63885196456334,459.6988303826648,614.8748866873635,488.7485670914786,684.0129714897855,560.6262875142044
220.73210472135764,62.975737890451164,251.46376019617125,284.0834123055678,288.1146850329935,585.3535411919187,367.9319867628685,591.3835913616508
220.13059480034065,87.83318074717222,323.3153081704487,93.02026139924209,335.29764661377493,153.73562545379784,346.6580373600856,433.45732679667594
81.60698497808814,303.99387358020954,349.53736619341055,306.575940671908,494.9127994005777,316.9078793842125,578.9304734065096,333.3657549262893
49.474525212358785,214.95870966837083,183.4733307342771,249.74787683524116,258.60856366497563,331.5534540411312,375.74820628505046,362.11329532484956
265.06869165054786,145.64469611123056,455.84772343725353,354.60405638251456,549.2089873346615,380.2590556618768,596.7370807152543,440.92395016587705
109.76784898828522,414.05232879584753,116.15163631558957,483.50482342486833,388.9130800545067,549.2008802980167,452.93920558671846,568.0084802143541
427.90578891472626,115.74849065760954,699.589114088639,235.72449324709913,817.2390226660954,313.82083693597497,831.9335307143559,345.1503816178938
341.532935829737,289.2854542459619,469.135083968974,302.05481483761287,532.7282010078109,365.77199881963975,628.3654200391001,592.3214695420651
208.2628953029772,196.97151192160138,342.2789389828158,346.7729152388268,611.5461074358666,358.3143761034896,639.3335941147109,572.0885836044026
150.1169778021533,370.80332915221635,301.40764471851134,389.32099975035595,395.5920076585987,518.8537629608077,410.977581849915,582.5171911345
187.6923011417309,211.1518727854636,290.2878070077018,438.71310127175053,423.53136833545483,531.5370281330119,458.41021825182327,685.3289072676777
375.9072404091866,398.30358124366563,557.3075795255295,538.8064508549015,569.4802152715544,566.7833358785106,597.4016842105324,584.2857286741764
239.58893515316154,448.349609688974,386.0241268392612,460.96088331402353,414.0613937114242,480.06936504133984,524.6122906669218,648.4617099758219
210.64766646216708,506.49076611758477,219.88966430461087,512.227021971237,345.9520087905737,526.8799967851817,375.01034073680785,544.657876357242
261.65640262156415,251.78745706699505,773.0961174395572,323.944806921296,777.3405604759844,533.4536189082928,835.4566045628254,631.1251187464749
250.30152280135985,277.27864814870054,364.13451266778867,723.4507135954659,399.76140420911145,725.5373246063509,404.1808075661582,739.9225400144218
85.71039059902286,279.5269386747,146.7812232317485,279.7078207382782,191.04999363750767,381.12282801625946,436.588007605703,697.6425572883101
99.9126501100073,286.8421376086428,284.25821221315607,417.27168927593175,430.2185667005639,448.7926658626576,498.8739874678257,458.307290886742
135.5937745362527,70.48671409754154,222.14066248097134,401.90284350056993,293.44966691364743,523.9431047354816,514.0589519418273,528.3534713683085
112.22257623531063,269.58893097950715,320.8045967736737,296.091933972888,416.39224934969803,327.92942707947344,647.2714108221911,345.2643383104512
122.99914786205046,314.88690967120795,222.14066248097134,405.94611261408284,297.6926213512831,428.519833398571,438.5861337253108,468.56096233155546
252.1168820029049,358.68448012506104,279.80102808227645,411.1774047102068,454.474913992792,452.72411713120573,537.280815930795,540.0585850041829
150.2355339838643,220.86210674324417,429.2190241287539,516.8253442100198,500.327541587695,520.5910636724353,652.5542769245668,556.6367254300892
304.7259784027994,391.00010614830023,381.70181442921444,570.5898485803182,406.6035682566966,770.918908408874,423.73233524903793,920.1576901265325
250.87027148055003,258.74220517188894,312.57050181446374,402.6120877813275,433.39987909100176,424.4126449699203,458.3216356430155,477.69405172328976
228.39631533124748,303.2880856410442,353.92840207674044,322.8355402766313,383.7256534951598,364.2614971960378,394.4152461408079,423.8933923556262
438.45100080076185,175.67006973118546,452.15010909673964,189.44880838055053,457.5140615752093,372.78681740309867,479.146064146294,386.2646056047906
344.67853156917954,207.70898184077328,366.66317673638406,275.08927249056325,508.262320727673,333.9668730627476,531.6864441996686,561.6716268966064
106.19142459949852,506.3838406629849,158.08929905210076,556.5094323805889,249.3194303030567,561.9622200716922,280.0886949282214,567.5785211619966
137.09318134806603,114.18341689030716,338.02856859195094,294.87173598959646,448.47920345206626,385.2905557391612,480.356282661664,573.064162272178
323.90485155554774,502.30225751036676,640.9770564417664,568.8171262306473,794.289898485089,621.4249892883831,797.7826240624532,708.5567797386184
129.618907022246,175.79926395608376,184.0701505055753,316.31125488418627,224.4685173146699,514.5459906565573,292.0018469476866,595.4259538636153
113.72386442194305,228.24843507700257,258.60856366497563,301.31788418199915,276.88430825542497,307.0357089258942,403.8615769683186,365.18718886394646
209.32478429136088,97.67422195457794,230.03321399741185,299.3985962835623,335.67552522476404,437.98985963695236,379.33188089572207,486.3446327081894
96.60846271131436,405.5390839172269,385.4436901368466,587.0850414104663,483.8634392671854,589.7783800281729,577.0574480998641,610.0408156231849
90.76561694617372,145.0174292920983,183.79784735532917,254.3145031640637,235.49131831661393,316.6532632369879,281.5496671114274,329.57462916131584
74.32986111409186,209.61193993543583,173.8104558489068,269.0482152840787,333.5512080937216,303.53005819951943,351.6278450281047,572.1582143349724
209.99956734602938,218.85338167694624,323.9850272189864,450.28278294149516,404.3843488385992,509.6942786474881,468.2214721194278,532.6131627345674
336.6217210651775,394.58917323886703,395.88690293499235,421.5631072759419,505.94400653496507,541.1890871149783,615.9878618822275,573.7858412569129
71.91389476556411,273.9749908243954,260.77535199553563,312.6395908126309,397.11779011458543,391.1474198474232,412.3304697457065,401.0705653757861
379.7048116653211,434.98948766541736,678.6803926277163,503.11748123103473,871.6646668942841,519.971131890257,879.4116778211996,576.245169538503
99.22629843728235,109.7536005079773,274.3853466279904,178.4730698756193,319.143939223615,438.3395246889121,388.39946709689605,622.4605516693849
129.84759076959537,81.07880442627909,224.02793808999814,204.1213529261978,520.6059714690283,306.464768926147,533.0172053980042,499.8213101478649
132.77229882535747,257.91195017833365,160.58355880438566,283.91259547622195,190.4615616309066,300.11862907795256,251.06170453346277,311.3858976601315
277.33072296408545,357.06722381729213,302.35842136888897,442.58027577459717,322.9977117321073,617.5359701243636,411.83446725446186,661.7135578798479
190.96439696934235,143.11840334169324,228.2576682683858,329.78653851005146,350.04222031290624,375.16197845297256,362.83918940172106,390.62832707149096
398.40276572670564,453.43800872201604,409.685404588082,605.2127307235113,450.1023048933724,610.0964013735849,481.1697835453055,690.8469155051265
328.6831945301783,75.85633163865056,346.48771934578735,548.747072122547,547.6580606619183,577.4283570385481,557.8323669906579,668.5261035014458
190.41893088511998,211.1518727854636,228.81230722611184,473.62144337870456,449.0906962055401,501.8742497762848,456.0245038856932,573.178572052011
147.42767295004566,267.8665386266479,196.23052876567155,284.68846966702716,412.1325332660989,343.7813822998408,447.24203232498826,349.19641949526067
175.74823141572216,76.90331391677854,381.9684281841225,214.36063372031492,408.90608303134934,396.16071865597996,445.1843949715556,460.2087433114953
358.782010129539,95.63165246356236,516.2874270101088,204.14396441149162,517.4408090126078,206.17960929776706,579.9239920547099,405.94611261408284
210.4903862515081,110.59499208201035,271.077953726387,423.6607158693415,280.3857512734888,538.898213466375,385.2924712868744,567.6215195134209
556.3791608622741,97.6861844668019,671.4835257451144,205.45409937588622,686.1981536934389,435.7568993477783,697.6842816231739,483.9885757812816
166.87718907414856,264.6222965929654,269.78613793958345,305.62736230632436,610.2700839650156,617.5359701243636,764.9119237538723,638.0118183762434
304.74229720742204,206.26616743726743,528.8455511526649,305.0912043125181,548.6268924821874,320.74028986683857,556.301632433364,440.4641436326253
66.43043570699876,129.86508594034802,192.9138779133304,572.7504416294931,480.356282661664,590.9434019991625,611.4004230597152,622.0617003067372
265.6487691153232,180.17137156546036,428.16914923984274,224.45046431702218,443.19847270809885,324.6222041986197,488.621792999779,579.8443100285735
85.12933013375137,221.4402015810549,220.73210472135764,306.47744968863657,322.2039630082275,489.62934930086294,378.11831613467695,556.3581984363658
69.87929873625431,152.76188188812228,272.7517814417721,405.51132400625113,288.350810015533,581.9694366934817,437.19295996740436,622.8551640525344
312.6084969935366,284.61271177118215,424.2012203102734,433.3365196498359,449.856633757884,587.5854203038405,666.5227868406666,662.7380048867504
302.16272756748793,201.09188045707793,376.02456031425794,444.55044062134004,403.2432693837263,444.8635202096606,546.020613729388,635.1202830664249
202.28181342696368,82.31318351939015,203.851865724724,297.60271926453026,360.68956533573277,305.97049755484,479.8938293711892,313.17769312897195
223.8881922163673,243.43899622147993,337.9867701669583,269.9546874406588,549.6436555595416,298.0589194418173,702.2929183979272,362.3953808508732
144.43365042369737,363.1881715288337,308.3510395232383,542.6819219396211,340.69311131207365,601.358705075165,372.0344591885375,602.8624058486945
208.2628953029772,569.579508445295,507.77164922190246,628.833361570004,685.0597382596367,642.3379508310493,793.7411466803401,653.0823329514167
227.4367798186195,59.77325755951945,342.77014315849465,115.17971993393888,610.7304219328952,185.155815075845,637.9679049930477,198.76211805876207
208.5648604043681,301.9198355743674,261.8700487828037,320.9631252297341,414.2280220985609,355.7979216472657,458.75904849354464,400.2121096277083
305.9063346839716,228.97876168665903,644.0787055735909,359.53835378344166,708.6230247898878,520.7174574455954,752.3847366812809,717.2030551436784
431.84784949011106,266.6989379186563,456.5861988556374,327.97281381281385,579.4029745764237,345.0562193405063,653.2698766376168,473.9974795335598
435.1405744790307,161.26122927425484,517.9855145822914,186.50949002666184,529.3983473769968,270.8250117592889,539.9672539500939,278.0173311627412
107.38267508238602,221.40238164225417,406.2083970616839,312.049859361742,407.77887901086183,563.382247022603,539.2561966612465,591.95419953654
143.43477171603834,330.70296449858506,154.07736635569537,448.9101061023584,240.66286909892685,454.10758866658927,280.1448428117707,579.6293726204602
175.30524431940927,188.4924793059832,357.440185560774,453.6093884127862,417.0164947014622,479.53903729820706,432.38012950164597,479.5713753612659
217.72927304569967,166.84934726648163,294.81253089699436,433.50048080391787,353.56164537732263,522.728141302179,373.62236781009375,599.4508680027345
254.29023138131237,302.851448252036,373.1483587228692,342.05192458300957,416.39224934969803,360.7107965605165,417.76250035188116,470.04953004952847
217.95033610432208,476.9379968490637,243.5782437029906,561.5741369011761,434.946587030481,577.5398776249615,530.6126760665016,595.3414612196444
495.21069133118294,143.29574434136632,550.025555723483,405.654251790621,590.6063178145314,408.1253851024207,601.8136985226296,486.59954773815383
427.8130295751181,88.86968168636915,681.9643886019544,126.71419268879811,798.7440736690523,329.9756563840267,923.557634546406,386.9149909276676
271.00727541566573,224.18798597376065,569.155698753231,419.5601342498416,624.2489578418915,651.227028552856,821.9319497891463,720.1576672281616
144.43365042369737,277.58847725349375,165.02868474414313,441.77989967500116,371.61867496521137,560.2851671045202,372.1683703086287,681.7898246634232
180.36632201502823,535.1657726591922,208.97160503871976,584.7446446785162,244.09127293160665,617.3039108220959,253.88725025671317,645.4103711181662
229.33208387178337,356.120962373771,367.67117136023353,441.5421884723778,453.9165648298273,535.9326835576636,494.7287165471422,634.2356298388268
148.7008559095436,160.3019632832613,327.9021726488353,429.661099321726,364.7250467929845,468.21529381093137,372.48208918900986,501.1528572032502
231.44479987696977,339.8251360547927,317.7296664093156,368.9759297543196,414.3836777917932,405.4260916363274,702.8232345563221,509.82329558619557
106.3786970003938,349.5866651686195,134.36766478074532,385.7207395702862,357.853545376972,470.3837315041302,422.7059721462995,630.7582577412667
347.7644012935036,464.4628054807348,359.11507506915007,510.6470828623927,501.49861700200535,519.019703496513,776.6764526048015,530.718411780822
165.02868474414313,534.8946663457143,244.97798850438676,560.2038940059213,308.3510395232383,652.7653784305103,313.6371242206917,656.0046715615547
131.01305224427887,452.6854816570614,193.10875266502086,588.1105951737317,257.82301494499546,755.3103148988283,302.11716852250606,769.6279101631395
192.80962861477883,57.88919354457923,308.7051959899841,109.39160227947468,418.0786264502163,220.0213775008639,521.7018259795142,325.4206662069901
348.36141568315753,99.68715846304896,363.8904246938181,446.0167021396122,387.412427027597,497.59447358243995,481.0443299991361,522.6022451171
100.31294002430909,339.3036682120092,146.4973725564318,677.3309737754922,163.4806060919034,683.5406165474593,345.88264138508345,702.0865893326971
223.95852652324413,262.06497329199317,239.68085890574915,287.19674921709645,299.2712407219162,369.48002224856566,420.9441362541422,428.6824415115789
157.4961360900081,319.8655993352503,434.45621118993705,469.8942254895765,443.5208741627837,488.5578618181916,565.558823592334,497.6716352106736
81.67903595104211,191.4256596089884,153.7165270358125,199.78370630135092,359.7218413426212,271.90329578631577,410.660856764187,322.98201802330294
304.77528090879787,494.7828146140232,428.600742553281,597.0282403749097,493.82572578889796,611.4626632004814,569.4802152715544,660.6216494418774
323.05235567279306,240.13839534889777,334.2036297118597,368.17447495377917,359.0477616522513,394.0499710777546,515.152290200701,622.7891290441519
308.50490485753176,449.66488728627064,373.85508918173645,498.0077451527499,395.8003495422374,499.5988163327853,568.6127549768515,530.9521783606742
149.88103724382904,290.3248061254801,373.3275019227709,408.68593469505214,482.048283860809,632.013166437836,547.7360652043509,718.1607691223477
93.4596592634587,112.0076567076255,212.79357757348166,274.5983322903472,224.4685173146699,283.02146172941065,234.60463596026534,400.3483138100783
93.4596592634587,208.48717333361094,121.45886150514022,248.52044111424232,292.0018469476866,266.9919232077196,324.4978710044269,558.9568324814236
225.5002149082863,406.81583569009047,788.902955987054,540.9568158575153,837.7635030467966,645.4103711181662,1301.9439468241933,938.3851817083084
244.78387728753628,207.91750452794398,293.542159471418,812.6905857737783,416.0370539976285,850.1858888721154,585.1818541762,887.696471850133
469.0308797234419,176.6278740468778,533.3355183550811,294.99918380455597,546.4078090165793,362.67168717057024,606.504587100097,399.90939859274545
151.56066300156684,161.36512786289708,214.9625999262805,358.3143761034896,288.66750193293154,587.9528756671226,312.4046215531658,644.4951654988873
526.3149058803831,136.58072503075732,544.49372492113,197.80243394246932,607.9770664176868,229.2610731733827,690.2742648918959,266.9788516939916
113.7486977234985,193.89454974693314,307.19138620423183,462.6760182211799,444.1592606901581,508.2384104280268,520.9988220956061,532.2078052941177
85.38451769578879,156.63088966714335,123.29377717808859,405.0883688489063,124.98424392917876,487.52101162286914,278.77930926632735,585.8883833463171
195.05142089471042,38.22994453086031,351.91535192064157,230.02739366590671,465.74923173031505,423.53246069716033,543.6107070754454,481.71656906164645
276.2668616408257,210.40728910283042,310.3010990963165,289.1925627259746,417.561931901796,643.6255238348149,638.2523570824571,721.7552363494959
368.56998015968964,158.03766142916317,496.91841783770724,168.3115353332429,667.9902215492278,231.5486780430999,690.1259500870713,238.4137559203909
121.91019933666513,153.61582156762577,234.29738133409134,246.21904699148214,283.3221357981459,264.38516624556735,329.44964002398837,572.9757981892969
320.117086606672,88.86968168636915,462.98874660165745,213.78578947717097,499.8455314674192,359.4282839215031,595.9848416211652,395.9609413150371
341.9447968634153,126.54026219535109,453.5757326737331,511.5735969628487,481.80259196843747,574.0784534983306,561.4113880853893,646.7978002680121
239.77841102005343,282.0715050915339,398.9690946996152,349.5533120208943,482.0397669634452,459.1316008562781,634.2677478682612,472.0395708974472
245.1157191715874,254.85655577660498,258.92463733672355,889.1413217070741,361.8343402426858,930.7322719068605,439.1410748212721,1040.8453430957452
109.69809374482067,333.48435346675325,121.12809043917,577.1069581083452,171.98926463270627,653.88679605866,319.61291370053385,786.168375374352
247.76899983370018,280.81412512751166,289.7952592166,427.0803113116483,313.20679149396574,488.7763881453791,389.99584101380333,526.0053452178462
352.45007558432195,360.2401650687798,353.1421065658232,425.14008085709094,408.96960159008023,463.8066737838961,694.36943656134,552.3310572520817
189.72373183471547,226.9363793840713,375.14352668314723,355.2757415390132,544.49372492113,368.3264697665473,701.5714857956676,424.6556124663913
75.04259629383147,33.83568420668835,128.93689960032393,147.00270346537346,322.3262002224288,429.354174749746,357.6484636059263,477.039543325735
558.6246281588269,106.24472371537857,628.0861588908638,153.61582156762577,638.9530836644664,417.80143582289605,650.2257372595311,521.4415579451927
157.87504082879,178.50561170777294,304.0845483941516,294.66719056900683,530.3435064517087,294.80571771515247,623.474491961688,353.8276512774472
169.99348046430367,118.38212991579259,201.75022789452677,343.5370650722857,453.76907225307576,362.8693573116553,701.5477014779981,412.60790187351466
339.2097777259701,272.70207365867907,370.6673070600679,517.893391649925,452.4813067739505,589.263276604295,557.3310210444969,603.9648644370643
165.61993476340066,278.1096981753594,234.94167230734203,425.2166049934653,351.7623508372943,487.2942126254157,384.26930130464837,543.0353431621701
194.0160316127231,283.6615059666009,673.8989917517509,433.89267664664897,859.7240794116079,440.5869690989097,870.1533589846138,441.6608346026892
469.0161335032676,161.1492086275426,537.5295862062356,174.39842896040284,592.8118649668495,309.04953316543356,605.9930479554135,310.3229951163603
292.35713777335616,90.1756208538228,404.24258649315726,165.4799498645575,414.65194088963045,225.79360750243157,415.68944832823826,280.57242151917177
443.130555020562,485.7054545932517,480.1353692296089,521.3768978110697,584.1387167940527,561.6716268966064,674.5468611482312,584.9322153901757
459.1407672233679,206.26616743726743,469.45136921945056,388.6097882759281,488.13915739125076,398.09435801195895,534.4392192799451,526.9806963741315
227.35330894237038,335.8365565812311,287.81775450979217,425.7880270389528,517.730650194401,539.5772862424266,695.2719203389507,764.591675446505
136.06704796446772,145.10160456346796,238.8834508187756,154.4703028964982,265.11012482005196,176.51702019275578,452.2266303443072,244.48034430931386
59.21290744992835,90.70790439064277,406.54655526771376,220.14437343512935,406.93257932855056,504.32200959754323,441.1336702250812,515.1182263610647
165.26570716204992,61.88396548934503,239.08109652438847,86.0037983140747,426.0432889929448,314.2263302318958,472.56223346887776,317.2311316966866
195.538506691493,329.5065124247066,289.2951846927624,378.19924575254174,390.63694697885705,471.60762104546313,452.0683708662474,501.39467269749997
426.2206097141845,124.58193546439261,445.59353378513345,338.9477281452168,571.8164667970505,359.664322130442,586.8160971288207,423.3088607679813
207.33063226133854,98.20220029940717,219.65797580163647,126.85081740753337,238.49406345609341,147.19995039321597,404.211527914201,148.7848693571165
381.2356039853664,333.48435346675325,405.3498000419345,580.5232368953543,591.1980073651563,635.4580322618434,633.7025609984914,808.2320057337952
150.9273539109959,450.43727087590355,287.4418287019665,537.6154911266669,334.11039736321436,574.1981667904022,420.90599291889004,574.9300337459744
291.86740281073315,88.0885461328473,524.4751379431647,246.60791674563765,533.563232603137,431.4616529423578,599.49752913038,448.8032768630078
107.27070364828921,781.216837455888,376.9846804708003,782.7714709796832,585.1422469393015,836.4128007690796,621.0976112514799,864.4932858099479
248.24199468662528,88.42498265508118,257.61005755639746,152.20451088176966,394.54864636429585,173.75822151681052,456.87895008436203,252.86052117251575
295.1776175946488,134.25194488084415,358.782010129539,209.57284077525406,385.4436901368466,403.0293394872257,440.82801401430606,591.4733596906982
229.65353070732957,204.62800380140777,367.2229756844424,205.45409937588622,456.22986203922295,309.06604822282776,492.6203068124757,514.2039364606497
121.68144448614756,87.83318074717222,179.61065581333472,145.80023464733117,262.6391707364014,223.14710873712943,444.8859243556254,378.4711383710306
77.5787603986655,159.4030126488097,428.6949922382969,170.72622990882667,434.84453759504413,481.7710015787448,475.1422273296455,618.1708563518372
513.3769753561639,311.3329707482366,541.0928416784775,511.50149790026194,642.3367462293356,535.0379052407526,683.3545717480824,668.1198408183383
223.32078901195112,140.1943248699817,497.409482163925,264.5537555071876,533.4630748119239,324.8674547444658,575.809107821216,444.0038086491877
149.94046686830438,211.76083052985692,253.8741333679033,280.7178746663597,301.30235583870916,512.5593002163688,366.2587426581669,593.7261151844942
169.6850588984605,130.44570481411643,176.05323684383873,446.0754459675192,265.4471395831166,460.1886896086005,266.14078178124635,528.4411140525549
122.65725765768036,224.87461370210727,293.306399249972,278.92927188016535,467.6991313745919,322.4048662579543,472.63238564394163,347.0907491630075
205.5831928283047,268.14291494800426,316.5375311083566,460.96088331402353,423.73233524903793,618.3174745322699,555.9549487236725,655.2700594882608
256.0226053932491,227.22717738113954,276.6007639914383,297.44747479555144,413.6250822838901,306.01524655891785,462.66823980578687,581.8565687329655
427.7030505363401,294.60326647732944,497.239379004089,296.4864734940545,543.6106214771304,300.7658224581438,712.7281299266294,339.41663637105245
84.34085363874571,235.7877473772249,158.51159427063894,358.5176554235006,225.23724065005385,378.5505126237813,384.8912651641892,391.1404066547215
120.9247494787599,97.25679160706217,126.89433805385657,319.02604805325495,186.23773168017888,322.310724637992,250.51545338661558,347.01244546604505
177.9840380419017,155.67674031788874,458.6618030534618,569.7688846844369,511.0592376483875,571.0143668646514,684.5828767858676,581.4117820292993
177.21126272751124,357.06722381729213,238.06101874765648,440.5869690989097,295.7000145900565,500.78973353952836,385.5637558583675,583.8706938017789
145.59206436856851,107.43397365128347,255.68741370542196,312.4271847039806,356.3719871529592,395.63208356069157,590.4123652898041,437.5774509420469
170.85253804122266,354.5106903988257,346.0267439827967,413.5066414818389,572.9216434082698,422.56228613767075,728.2589254174015,484.6139536952408
193.807398668133,246.4590976423823,480.53118917063085,459.8818610979246,529.2221447022487,465.7512289222908,567.4166090802962,583.4485674662159
372.6906264404235,275.40518701590725,423.98190507586753,512.5925071118779,428.0466091893761,609.4687615467383,472.1632677951488,625.0027160321577
154.2478025587714,57.482942318048124,209.80229139707566,300.7658224581438,664.5046247624265,309.58088053902674,748.6967514223852,390.01897384002206
146.8504407671245,303.5038873645585,280.0418510240725,401.19342785305474,660.4129773818906,543.2925060608799,748.7246366078748,566.9440421115819
139.43582422411237,128.27996318839453,287.46911960055854,352.8473676531348,310.89576507464903,357.47033330547595,389.9131869741974,390.13609518543336
218.0658319742326,74.61815390019405,398.9105062302575,255.62470429617235,414.0439772614128,259.53386137962787,573.617671227967,259.85495785442043
377.1687546706831,94.66907700835854,399.14258623687425,299.4138998260405,400.1113320112792,451.07314048810434,448.6986784206676,462.86651259531385
323.99655440466967,210.84075995085234,325.7875127637629,254.59430066799644,407.45642063193753,295.41280861164984,417.9610891747069,402.3521584115656
253.96474214156402,216.80113312478514,442.4685584028499,302.4164555415337,461.52103402208087,416.23037939474267,499.5145901304091,430.2869975224844
556.1871631444149,156.63088966714335,581.6298988061955,280.7995507235327,716.1749043980356,528.9382991188917,752.2817150046687,580.1864594156342
223.0856857148032,135.8212777802708,608.8109666346536,148.7848693571165,796.873511412467,181.8001052986821,814.1975219769281,209.0536879030593
249.48627927308118,172.3654014751996,579.0260441905988,463.7212327530408,611.9484449894827,502.23748028037903,790.522104110084,518.2337825201473
170.21525314476398,172.3654014751996,342.24510415150155,357.47128914479856,377.9647035149263,444.14620449717233,408.9476907762546,648.0379950720531
158.72526500890012,87.43289611484708,525.9195902641771,122.01568533806028,646.9275411763396,184.5671338974955,757.504296514522,272.85493425420617
260.1770482263583,207.36185410849208,260.23615684920827,334.8221666198206,306.2072105860584,397.4987283952793,556.0160757321223,706.4708224172483
133.2298829305678,187.6358160183961,146.8504407671245,382.1327821386228,749.9109161825432,592.7077173885658,766.0164835852568,667.3118893211818
120.9247494787599,425.7880270389528,185.63768064377857,460.3701682559854,210.89624072654362,661.0425287080111,247.30150240609476,782.6762132075439
105.28499208007003,322.8355402766313,371.28691431359107,323.1759922897478,546.4040610969967,447.2208517406279,685.8910140755795,479.0380836925854
219.1289249572469,370.29559757148195,351.8366620643149,410.5704435886738,473.43222571296513,444.40716497655546,594.694853398395,524.1358591543571
93.32871041364606,102.91236673767017,161.71480233850403,593.3601241364486,285.19016123741653,593.6143886215181,342.02097419628126,674.4771744266434
307.9431660385603,21.327517878757572,607.4734291249382,304.2060400020879,731.3132842561329,486.28251592577317,748.5839553221895,488.9720206624891
341.49789822088195,144.9994685801622,549.5569914812011,303.1731346370055,555.8817706852994,457.02045658243276,639.532107965633,463.972904592744
333.61908377147046,352.6371631801567,508.384770684243,473.91262055967024,558.6756579307018,566.9440421115819,586.6914178887041,780.7256887283418
169.9192046356518,55.41674674725966,230.78334953871178,282.5560597756502,412.1325332660989,357.64839740766956,415.1689093237774,543.3164738230827
131.64254945464188,559.3809246421214,278.9703762982928,562.1597430107523,292.35713777335616,604.2296929165858,470.4610569020019,662.6214251042582
319.6811277246716,75.54199396758416,465.14882822335096,343.0472718721642,473.36535881095546,364.2096780120767,500.84757673215705,451.3395608682234
298.6916730485636,314.73445106236966,331.72539314665204,374.2585624349261,358.2606649755173,540.3153433353197,514.6856129065027,555.9623579992383
280.3192315140193,276.0317323682666,329.81262361187333,366.6486413630348,527.8843761352302,383.7636367938344,531.5256981044231,501.40237196652674
285.25660243282624,98.61184418228018,320.66176046082785,146.07481799909058,373.7956723068582,269.38705096432443,420.8242126770487,487.2632820155082
492.1472357487928,302.50899166499056,546.4040610969967,314.05440042383657,549.8719620530105,632.7273263116185,608.0041005112936,655.135139981823
414.2192731093797,295.2394148354765,438.75549436069605,359.600654444466,583.471633184552,360.8500691970897,725.9169649320844,399.80173272777404
112.91989117434,561.917938735452,181.45777676596217,577.6275403554777,185.34055654621847,599.3791813454676,246.00498810455284,640.2541261350407
208.95440252162498,357.64839740766956,216.35646281187135,379.2749737363257,300.374130170309,407.88332473948253,347.60816398235636,409.5760658626152
179.93817692316065,224.21560305826569,309.9331365350616,386.0870290197884,330.993626230023,422.3660525840987,355.74849697066384,466.21337892058335
475.26892618482054,245.31936995736325,489.5035802803883,342.0051098977949,565.0333623440522,423.3088607679813,605.2254215888233,440.07787618624997
162.01509830998225,58.36550410215299,268.0937639487094,134.2688304237668,282.2254259586801,204.52746013463346,412.1380086113933,370.59789653727023
341.46881178095776,354.5035257003421,386.9247075207872,543.16341547931,466.9397266599103,567.9768490103553,469.74090286699953,589.3221659791878
405.86501361035704,226.44331541275292,443.850068355635,346.85880444378034,576.727660178488,595.9684928112913,588.6499770423345,622.0090096901461
396.2484492824988,203.90623565082356,456.438147982249,310.0213576200946,520.3030038273654,463.0957389019661,607.1949973299088,519.8529394648651
104.6165844667308,67.0737324984433,284.3261227633832,207.09941792494158,361.8343402426858,337.0416029579639,408.6320166706232,388.4399908346613
98.75373982032,233.63205310682514,276.9341570950539,330.84662547065045,391.2808261552387,389.53449423132315,432.92259111000067,421.22927586866905
124.68716428711595,305.6537539955619,203.82050142771135,356.3838437145289,545.3918152699367,394.3776877648484,580.3502531693007,454.197899042967
137.37579780292668,77.44005960559076,158.73484033785846,426.6347102300104,184.99728964687634,429.1920962267961,336.2903146766784,450.9996775519378
374.555933707008,218.85338167694624,547.9086000864812,352.31841209824637,576.1856737052427,405.6413413028986,664.5617064076748,435.35891736812954
96.26349554200752,187.27818387687856,434.52224257696906,225.31768987301152,472.51563317388036,304.6107290345303,539.4174317102439,326.94458683669916
307.9431660385603,98.15600733682098,476.866300627825,176.6765854926452,478.42493677236274,379.56124897779495,493.1657106278036,436.1751008146271
82.5756708897698,210.40728910283042,191.26978816766956,237.36384522060467,268.8792626189142,853.6765229828526,322.6673492637942,860.9320307944714
131.71080163546833,178.50561170777294,160.58355880438566,366.6486413630348,196.23610583815199,367.17047532609524,312.4046215531658,458.40042931045474
134.90379129131676,363.9828760341413,294.6789776442824,561.8893385161414,547.7568991626923,568.2444166505773,706.7450949940495,622.0253434802964
108.42441289681716,184.45993964002383,371.11186992873,259.3678069731002,405.8037137616777,330.3280844264363,417.54488017791704,420.9683240261856
524.6781201661344,337.8594539981209,559.4563111702337,467.1496118113564,585.9011110851196,494.9923999448798,603.9087050603963,604.9804314128459
240.2954663307076,178.74186040277118,396.404169623289,237.41397095178723,773.3200476442836,324.15718156212586,805.0896512557255,345.53698531805793
231.9285784257887,103.95022956314142,350.424493015989,385.20183310808625,352.45007558432195,424.9578756143245,590.6027854688479,439.3902740287923
522.5461603008156,226.99999583653727,583.6508058943521,270.3751129211525,698.3305219335266,422.4364962977337,800.000108222136,580.7105321346837
112.22658371390752,265.0084315068039,263.01643788970347,279.5269386747,563.8354308356829,528.7285876706661,581.1455447318675,538.223811876309
261.65640262156415,291.53760180943095,518.0430647198351,357.50135828675536,685.2908703839156,432.71072649786737,986.6282393100984,438.1608901176252
98.75373982032,484.4169276516526,225.49738767038735,496.8443122661808,420.9441362541422,543.7299579875028,446.59641336253424,559.8694336207602
155.81118975657716,191.92221229012586,277.5878621175889,320.4017686414666,496.8352150581524,367.12541149502624,516.9314426126507,393.61743524119527
148.6886253341697,159.22215321393057,270.8477373841219,245.43565576941714,344.4808634934383,391.6925631295892,348.41864335208334,414.4927148902657
126.63341837497418,333.4920723323268,197.30468879519677,352.28861924078524,299.19520176815615,508.3354933739435,308.1623725403599,584.4509064013865
133.83427239621685,156.0414535304279,350.43011604514595,391.3046426798186,427.344823357555,578.7759413256724,523.8239909395413,588.9609100863323
863.4271620014312,200.93864312471788,963.0619412721596,253.94205420364017,988.5611244903579,422.56228613767075,994.5889617073411,659.9368316409714
191.61781155016436,237.36539842256428,232.50031340158534,331.2697857298264,463.99017015024634,439.6384607618508,482.8360019204238,623.4287272912688
234.74162404458508,201.0866149143698,515.6926902966337,532.7460672604777,685.8175645650949,543.3940380520156,754.0256605524636,580.0140003901383
257.68592445178797,237.34615030599505,321.9735477675779,329.78653851005146,419.8761633575898,379.8771481974278,454.19154798937984,437.43314405491174
340.51164625592094,293.4785511196064,420.8242126770487,326.50906097967817,427.7394856818464,365.56968821654857,457.4999511462672,421.3828219991335
430.1430835682948,323.9993137193745,480.1214037569558,370.29559757148195,690.7707401578278,567.0238873354073,811.7018025391726,644.7236835052836
264.14273513080286,143.29574434136632,283.9257485785902,411.68176046762966,298.6841849381925,452.9800140536508,378.5915223381163,478.2649549792266
268.0239785884493,275.89603726049205,359.26109384651147,520.2504464548599,485.61038247227236,603.7309448468457,514.1845573484649,791.6329452099586
383.79587263301335,481.71302030495707,517.730650194401,520.961695423017,605.2254215888233,535.2250208478146,744.8498476776181,674.652868683006
466.54785408558433,166.61895472879704,613.0127294628657,227.66786525680968,765.9224478397499,259.3678069731002,827.154085719271,338.4331704238575
305.1183263575074,247.9937528521869,527.0707135864405,456.6820800879545,599.2305275294037,490.27083284998173,621.6608365109366,511.5430974028302
119.9264962141996,53.774594480727885,199.84458126622064,311.3858976601315,365.1639610623547,403.40530205460425,421.5418468469823,429.49624965744306
548.4040833507058,350.4986645152171,550.2855737499024,438.7429549965882,562.796491318442,439.13578155038095,591.8857839557169,577.5378232555025
284.8881084153397,421.8922057354631,447.56319510505966,513.3876235419419,474.09649074128845,528.4761599687461,641.9240861635437,529.3168563590347
243.3323263659715,246.62416014101856,302.16272756748793,289.9345156657404,499.01480543253706,413.1022897121744,673.4945619677321,646.1726464745457
241.88739477105867,424.18345067323946,366.66317673638406,437.23506853170574,575.0047502523923,442.0946119638331,673.014648577078,509.9630793031978
406.7109190373232,91.26735360053222,467.9736846944519,280.2093930202464,577.0930257569919,359.9372556107579,692.5270039949819,382.4872692607402
221.07683547052682,234.1109160119883,292.2046681369556,321.0866534751367,321.28201160051583,456.35785173560424,366.2119566211972,507.87801764989877
158.85981307897265,308.1845315851341,556.2061443260867,364.2328845061389,670.1847015289875,524.2396132803775,808.7614508135114,567.7570457621607
156.92895792022745,197.337316363787,174.85469070154227,245.43565576941714,275.13837379919846,280.0492962865625,304.4499848856596,490.74478870091093
258.3450868397473,375.16197845297256,553.3285078411467,395.9085093956302,578.7391328790432,507.65057585000403,681.9643886019544,566.0803803186157
227.21654074372933,284.68846966702716,298.7055178957217,296.8663445953351,335.20187590143354,350.320628702247,561.6148235985556,356.4958903261706
164.5542643314038,300.85846724792424,174.71004634138416,354.5106903988257,213.3500744017404,480.49278165516273,387.0511037022212,604.2867023622881
186.91674685721205,188.9345880688519,332.66121972580623,276.07369842074155,621.6685557214787,490.5156612598012,623.2736867658531,516.8253442100198
580.6909893664855,384.58980474452756,665.8977368542264,386.93041861083583,751.8097928155921,453.0665315281164,767.6668506863849,560.6262875142044
209.32478429136088,61.23486986940298,238.00933973743736,269.0482152840787,265.5355066170689,400.5494343609157,368.94427099142496,481.4739613653467
214.32812912669294,159.44096401520218,317.3678709937828,204.5069607194885,466.1076923934023,251.05293305456877,467.22964405066955,268.07006829264793
482.543432349212,103.95022956314142,580.5178082446846,352.10739851754914,582.6351819142228,428.9113428209929,594.9908102035704,493.5372071227983
165.56601703092593,139.95254166573815,339.5867730206839,320.4003367805833,363.88045501895397,391.189015457688,603.144902875892,541.1055244619224
471.74089796086173,368.40359620700303,603.144902875892,420.2507772431051,650.6894893666599,481.4739613653467,693.0296031183715,515.524820465309
234.89286364058822,515.692229762897,337.5462894645197,533.4303715789696,360.89083809291014,560.3183157090667,430.1445121113017,639.2332858137756
227.21654074372933,287.47631023531903,305.34417625578413,324.1193453484505,399.69412024562513,380.46059108497883,429.43826341111935,381.52922394563524
219.57983695249294,181.1435894405158,225.30007614315585,275.08927249056325,426.1139550370566,363.1881715288337,509.4858144460572,485.2881341918511
140.49276798701183,147.35350514552422,224.94532004711286,406.81583569009047,278.2680158012337,584.7446446785162,308.715332501746,772.900407112033
112.84605803462497,367.6623761890555,259.00555455983874,392.2171098119057,282.160583166179,409.0677645651571,316.77721957547107,420.91143114566745
112.56002433658729,180.85456849168347,169.93699581575305,226.9363793840713,335.67703285997965,277.4739092169886,540.1033247069201,451.72372320366094
186.7201493792699,274.37379598805506,317.9074136453089,395.2849730135006,359.26109384651147,421.40548174296777,368.94427099142496,439.67272301537076
260.0539091378459,336.4468072908354,321.0259315932956,358.58122617893076,348.85689698325604,515.8387469411269,371.4871171852484,560.4147642482708
80.50989079280598,69.89978790223871,183.258178403998,207.5173116167134,443.72550332345764,336.39508264987376,507.5426294358578,651.7279821335558
99.49577757775927,251.78745706699505,176.29421109037318,464.1741523644007,217.68815600206594,543.4383968126857,443.64135841103223,713.2669071585947
222.020159582365,441.6608346026892,297.0827129199688,500.78973353952836,334.55278828426907,598.5144383406812,354.2534154367239,831.327493136758
320.91479794217736,380.9334792699871,372.58210998798876,393.5618160611369,421.3758864635405,509.88328831324344,470.93839048586307,598.3908641726564
253.88493315170564,110.00172124754111,316.0774439734141,177.22045754326385,463.3043732128053,355.86270439599355,577.4937318733109,375.48676645655934
192.31109071430868,271.0321355922479,282.5696956412442,463.87814779786856,339.5867730206839,477.5484084430814,693.0296031183715,505.4350617685048
452.4382365129733,646.9780672403552,498.51266078137775,728.8442880635719,564.5052554434498,814.2828244834304,653.8464279318761,814.9316157584412
255.50347808651227,246.4590976423823,265.59536103335455,296.4092734846111,317.95122308331116,438.0442465107327,501.75483961173643,488.62057653642375
325.2118956581813,134.23311541324085,601.1636891022473,178.10833570173946,624.7739255785405,376.24641611311085,625.0302269501724,527.2284418225349
116.23239687871869,153.1111330569522,200.16541235744526,235.37904187308536,247.72420646164213,242.09319683749712,341.5046541095404,584.6810668300205
249.41687243973217,69.87879017512898,412.29619101737796,82.06864298249575,440.82801401430606,266.3225701067417,517.4408090126078,645.63857436806
147.3176600615589,408.9761863728003,534.1748448229677,420.4918336398713,577.9093222981597,449.96668136021964,596.7297627903336,452.4450789997545
345.9345349013982,207.1930684862251,389.7296385223255,283.02146172941065,412.3987305292364,287.14395854003413,435.19326248410954,328.9905921840255
139.99623164619126,460.0598356504653,294.0372656453394,613.9114783521211,345.1674419294267,628.099991150102,361.6058105043399,637.4557080885637
510.7032187090143,107.89219104788211,555.3259532916089,363.27443301403287,579.385817443025,464.528637772971,712.5260664576817,636.3290765586582
261.24844722245894,273.0697466183565,546.1745470045987,483.9685505197124,606.2167725256763,509.98407036359214,614.411496048964,641.1945857250865
104.41830567351943,75.54199396758416,221.30217573097985,288.8809920101397,251.1314850969372,312.06517938318075,440.98174660795837,380.06779038597637
255.7458678036911,205.64433324416746,411.10002514621647,278.6269218934614,496.24192085239775,520.2504464548599,514.5722865914533,566.3187440832611
306.14648649132135,124.08519930416806,426.5779007790136,325.4206662069901,589.22705889479,335.44407823015496,646.3228682880213,347.5946075007749
259.04753482403305,238.8871631884503,478.3042193601484,355.42024019022034,510.7186643176531,397.4008430802362,527.2500295275418,446.7322330979093
243.58173944632694,124.43233999381738,386.8120694967397,266.4365615751475,407.82072953634656,354.7315367106389,411.2820138804587,357.64209225389175
383.79587263301335,272.70207365867907,557.9866945548429,378.5131125032679,584.6238809152876,385.61098282693365,618.1215156484392,489.71497708654596
176.56586363680316,55.14468110240614,250.88182811955411,238.9189619290571,952.6688724443213,255.62470429617235,977.4706608949243,347.84976753804517
509.8738946417078,260.95265412114526,527.550665167567,382.52169028999805,586.2398826036855,391.00010614830023,591.8600589447657,661.1754431525495
320.3098308491466,495.99307902687605,348.8316361738093,658.2516916979304,406.33014609380035,696.3347965302436,436.588007605703,796.6808314183746
299.19520176815615,189.51013191521196,324.19166612125224,395.4027605800726,352.0119030681953,479.5429587516964,411.18056915240373,503.19396676592766
168.04029523188925,283.53140717018505,171.06347754155655,379.75604879377835,208.97160503871976,395.28937217663645,229.09688030958944,528.855482783412
146.2959863729122,221.51741963662957,327.4388000875895,529.6749478761856,649.8722547991355,599.910152698021,651.0230824334894,622.8551640525344
51.69009917686495,148.17099324908105,256.29998764723393,251.4071897429379,270.412483437539,470.81046051211973,347.9538513604608,505.2908556039191
287.2662949879482,236.74241321353003,332.243315542319,452.51143248610794,356.24612875114747,463.69138545031103,374.41129598187285,554.5810731130366
534.5552387547327,128.60092734025028,542.5657021843585,324.3104037181209,677.7082220852599,371.81670133409085,686.6093747227233,638.1017890255353
387.6222757480087,327.18357223195966,605.5895255188433,350.0263765248596,653.5778406875398,394.91839167822974,660.0566308864094,461.54682335021585
361.44980587750825,449.75198818818944,388.92639221627536,507.4906855366294,474.5223373890597,546.9286955959008,562.219292853093,566.3219355048158
106.67824389074738,444.2871546370329,275.014724165627,464.528637772971,574.168704582486,562.8692573230649,598.604295147311,675.1774419064145
133.83199515968283,291.70901894562087,227.11050372396232,320.9631252297341,234.89286364058822,410.3833647198114,311.9214728546538,411.0295345068383
188.40189282374124,139.34449697086157,527.8861195210584,234.8310421389919,548.475342939399,377.9315940892439,716.3190441430747,398.26119666321324
409.3400647127939,295.13704292752533,452.93920558671846,603.2120407286264,502.9248869677854,625.9077010998586,543.920105180065,697.4390471723498
347.05082099799404,100.08221688405058,447.1300619964859,109.84066670222987,468.1759239007291,236.847625681495,527.6164196859276,286.35299961701287
174.55418379683533,351.2306126685003,533.9016025272232,388.11648934171075,588.3090786710934,406.0229536789022,644.9231044399505,451.0623142839738
241.20391286924456,334.9793726507815,313.9362222715322,335.07461466611977,370.004856344657,603.6431960313843,414.10901706377604,615.9474971705008
96.60274245488971,276.9359042835239,124.16676447444078,309.15647037769145,172.98935962892045,372.9223377668971,408.8059282067035,507.3501011822395
242.29558513046655,294.0086283014092,491.45438796151257,314.0454433578513,542.361215671702,343.5133125912022,556.8431303473619,475.3760586731524
39.9778285100302,372.9223377668971,185.80995941340558,390.34446250960355,513.0343157816568,512.1607739812025,526.087748138126,616.6189177081229
183.4983903533614,75.63849328668728,379.9153455106551,98.61184418228018,425.05145160969244,367.3506276774529,546.787753030606,585.2922415674691
244.7405796118024,101.9635347230719,293.306399249972,105.88273570427341,336.06079669301715,386.4211091795722,355.3452046006472,491.99467133065633
190.94587328478147,155.42378624328535,233.4293441694862,200.19544993980927,283.59734366266207,364.29794405907813,288.350810015533,388.18291706145135
42.09815635192107,463.69138545031103,174.07119674770243,484.82674203611197,198.76814505639868,526.9527003682176,228.0247380165799,578.248225121583
264.3166670456396,337.43969735799016,494.14273863105257,346.49207008926754,684.2583406055456,347.7944575731082,690.2581506748897,349.0380063447934
383.9218694618101,79.20798430096748,497.2188406283971,177.48334145177074,573.0596194643554,658.697155667343,727.9982103336139,672.3321801618465
150.1169778021533,209.32784251274268,209.89242550056687,328.8426874797806,298.428017271134,363.6825907240347,348.41864335208334,451.0894634724657
177.4107724304924,196.15768372115758,330.6610723124945,397.4987283952793,348.5881908068879,668.4929046015312,385.9351360661266,713.3233896120894
498.1570428025277,77.44005960559076,570.7203499578077,372.0991195378361,588.3652993050115,377.11191537416386,715.9109535714067,525.4200058135132
113.27788003239182,364.9959947604554,161.6145472957055,492.4532422575145,186.37875356229623,622.1976086453992,191.07908743759293,632.1432382633251
107.27070364828921,272.541655925723,402.03277543490316,381.53895615364974,508.579486215607,446.95878505818666,622.623029757808,618.3887376618434
323.05235567279306,469.16596249111126,472.9165067049822,471.39458341429383,580.4694592012742,488.28568502463634,592.7441227640479,488.62057653642375
163.52122226542707,152.73872527792562,265.6640355692482,341.9511143962429,294.72036449289726,351.0850604944149,305.83137296610664,429.1029430457062
409.00719046124794,218.27956406478492,510.40631695073705,258.90914921683213,639.9585608344,367.95869815219993,868.3854330964018,418.19682709436796
221.4174941357807,212.27590154428103,353.25800676219853,280.43606996810684,365.88129529623205,440.0540793647509,378.14188682052014,523.5100377137799
141.07801198003304,294.45993701259954,150.47698600539837,409.8343457965005,173.77107864193025,470.2663149899083,382.33866796968545,521.4812922757784
186.83049150465644,192.99384636807278,204.55296955076022,219.4804769829642,335.64760500534356,419.86130925198063,538.662434315915,536.0888881782438
453.8574067752584,368.5630548915789,473.2150912483386,551.4973479918771,493.81544538755605,733.9323545077723,558.2791336269305,794.7138636711854
609.2679907242483,300.85846724792424,612.6586910469894,484.6139536952408,661.696686132824,487.0698676739821,707.5817523010384,488.28111359784725
145.22964890788188,382.69366115889494,285.4171052691422,398.2615695945947,581.2683167362139,525.5603097152309,583.471633184552,528.4411140525549
75.06189968872019,297.4342569087416,191.07908743759293,429.4278642475745,221.82733482357077,448.7926658626576,283.00900828905134,553.4788570172348
195.59002383018225,176.28856096619586,229.96341899115492,346.7328533477542,323.3153081704487,458.44025649819713,512.0363969756619,555.0640922949822
522.9932957325757,242.75399297153103,652.1304687734441,248.14633199370587,726.2622272227651,407.81142226833504,825.3115731817667,490.55111628187245
252.94838826137845,97.25679160706217,406.9489013286319,267.25328351553065,417.9610891747069,353.4344860635735,506.1056771138736,364.012075266812
238.49167588887673,310.3229951163603,272.01074695517104,358.67467868198133,288.91918196205404,439.6128597082854,336.92573374373137,471.3337992016023
326.44851616345704,593.1149561594291,611.5461074358666,704.8327731993224,685.0597382596367,710.8257887450067,767.5315513957694,727.7060174452309
349.23821801683584,144.9994685801622,403.8848310113191,339.65386132939506,501.49861700200535,385.5783010910984,610.9323031531873,565.2703699028541
186.83049150465644,222.1883621786039,270.40308338089136,333.9887128444144,390.7288144557847,433.6407414501158,662.0362964959629,475.80446453131333
240.81213339150548,260.305751508911,312.08926250462093,308.9862580935949,448.7916699134151,312.4271847039806,566.1068101656086,315.8245372593222
78.79196970400247,253.6540147561654,146.43559067324585,324.1778782404504,304.0389383224408,373.5369311156838,369.8679030199245,399.86075100254493
337.9867701669583,323.9993137193745,381.19032289319074,354.1143285480966,626.5422733133407,519.3043512629528,674.1589979717608,572.9475720437617
493.81544538755605,157.43786468749101,516.2874270101088,472.7417497626067,536.672751353639,540.3705238277519,637.4101791852286,639.2796882871412
140.49276798701183,226.44331541275292,251.17800586428285,559.58634221289,288.6426974201112,602.290465393491,290.0546293157824,713.3289263431554
225.36931654160966,92.31735686153579,250.63885196456334,98.32335819544707,517.7740696909626,248.8674738715833,538.2514511391912,369.4007107466489
240.7370002265698,347.1563535810599,363.7502631992111,374.75125398233837,462.35841085357004,625.5786311754184,520.8032080988994,631.9525727732437
232.7456626812303,377.46439695377137,456.1747697994516,671.4862829456376,493.3571100477486,698.5584793729814,612.8469393759509,752.9980910023644
285.19016123741653,61.88396548934503,290.60050717955824,140.44416209736323,296.2439589249972,280.6178820280543,567.0736301624845,357.6677121824661
316.0766504196307,116.48118549397745,371.64648905743877,232.1877454918982,397.08537848631227,338.1020174674197,451.5233425165234,389.439094085625
353.1421065658232,454.0087082660503,678.1240365462515,457.4023316735959,701.027380587679,519.1341824082212,718.7250416172186,785.982059592039
215.53712069736906,488.7451180602187,247.14980956391156,494.83948285621466,360.2107008294704,546.1045203943345,386.6900439048575,600.5446325752329
379.1370845046074,126.15205367288421,419.6216562674748,299.28256383695674,443.479545158598,452.73067266673485,521.6576111398608,497.1920678197407
353.6264213035606,477.48206650576697,482.0397669634452,511.54468024417343,490.9486990270044,556.4631522419494,497.97077993291845,561.2322427105954
334.92490118105957,366.82353550493053,408.0972706477732,373.6636034866428,727.1275180616831,469.0201688197836,739.1721448184616,515.524820465309
141.96044917198228,333.99737469127325,200.65160858557007,358.8780750506934,225.57879419939178,376.3531507690316,403.1821526568555,424.5362821250932
277.99299982665224,87.43649038868175,359.7218413426212,317.34006499090884,362.73054184404333,473.4461287885917,387.28924105799257,480.06936504133984
555.8356478273495,280.885053245173,578.7391328790432,356.34270144944935,594.0205776166906,376.0378680739373,618.2539010609225,398.4929316557175
210.3138284595665,221.96165586841767,347.22895887277593,258.0777785309717,492.5230182045336,371.6208835538472,508.3574099952944,381.31530448895643
127.60522165709608,357.47128914479856,142.74821715572594,485.34895023324754,242.92836654441902,502.23748028037903,290.79364808390613,532.7789696745394
246.53927986879995,414.5870025135457,348.8316361738093,487.0102776348978,392.9882059702266,548.5786417515989,470.93839048586307,562.3748335511773
89.80383720772366,312.049859361742,233.47422257385514,326.52740539794945,294.81253089699436,363.27443301403287,300.65604603240223,532.7243962398035
252.94838826137845,357.6457003162373,325.7875127637629,384.65683796222345,465.0730299841291,503.77572666244515,548.8523981511828,506.19030105774317
176.18665484607078,85.80454171567554,185.38905028599584,165.4799498645575,264.01213869923873,259.35129607532116,320.51295444418673,304.8783630044109
250.77240692704456,241.20251202140602,282.10300697934684,431.2629795350489,341.5046541095404,434.25766877346325,530.6510433681741,471.92746906818167
197.11676263498137,140.1943248699817,240.70683623388925,313.7557080823148,520.835636176986,361.96559547146927,545.2909805029157,444.33644148141093
291.86740281073315,283.6615059666009,312.55045732660153,467.4431872086091,332.02303070694376,543.3940380520156,702.7019154555808,549.6188638291196
467.0272907848891,166.8921836212052,608.8109666346536,238.63751284801737,709.2283139270703,385.67394721521254,877.1995970467602,405.44135171558935
141.96044917198228,163.02790227332284,261.1183548415903,254.39502415986698,265.7143706615349,279.9169114352874,342.55196199051875,310.5914403055017
338.6518288416466,208.40264567973458,440.593544950401,243.52818392807941,461.34136872914695,508.05350261655656,501.5982329072703,528.8925501632492
216.35646281187135,176.27398700285215,292.4858392440155,218.27956406478492,300.6017462576659,250.28848742846972,397.8145426265995,250.95019174267085
143.53389723666234,176.4262078705698,383.71715088303154,315.4110005273589,413.40969435499903,319.46808084991227,545.1643041301255,539.9257204485424
129.26217267952984,312.8893544907032,259.11370106903473,414.34852117214825,264.64975108296505,476.5071721038482,325.9526566279706,495.85429405280775
222.7433100887747,149.81246218457093,399.76140420911145,222.46056710984925,477.45571682682055,306.7643523622146,478.59169212433403,331.4054891416243
310.8463756948508,174.57562545205712,436.6532267738077,255.4405013405962,464.63865370526,294.17896933919786,716.1749043980356,383.2994739824891
191.56062598380527,113.82648586509468,260.77535199553563,416.04270069489024,353.66120205159683,427.2601518663603,562.0140550299251,455.8139685597667
427.9002826784517,209.17518615035226,486.92967198605777,222.58926365230144,499.34484656304426,323.8958222533724,505.64816760401675,375.1190775334725
400.1747472109272,297.0894402995386,495.7971704341095,397.0277839610097,557.2238602159164,419.79904060831956,567.0700215425003,486.4358487377317
177.14549030207155,363.6825907240347,318.1740771201679,495.85429405280775,457.76316294867706,505.20991161178665,458.1077559918244,544.7301362587234
214.76429227635904,322.95819833932194,262.02605252181945,483.52546056395573,477.86040502473054,488.4378995190416,504.5006619724065,497.034885692128
267.4094490736764,195.84380939356586,292.9767183529129,599.8088983279238,511.85235548023854,782.8025505773913,534.9835893337486,829.9688016170624
373.7368093691093,196.15768372115758,381.28248519068103,207.36185410849208,493.1657106278036,524.0257560226581,653.5277359689435,653.2684366343311
113.19283916281513,38.22994453086031,168.04029523188925,206.44708337998034,253.88725025671317,450.4650458146554,364.0227466261916,487.19338235387096
236.6878474175996,38.611790245418305,249.5162388108296,366.48344472899316,253.61709756542098,540.3153433353197,359.5955039435991,562.5970166385589
113.25579289246625,141.5020660206205,267.260569494841,158.64735501421663,492.7389085329425,220.2370586348358,508.3332969903952,268.2379066881376
246.50389367118078,220.86210674324417,317.42659466633995,539.8363977665315,370.40379559836884,586.8550064786597,483.362146420887,608.0709709111942
237.3059675872062,258.0603405133261,285.21168723812553,380.9334792699871,298.6907845468305,401.90284350056993,386.3649938113445,432.4113775960791
59.11967505468398,205.68996211134666,234.24543960742957,329.57462916131584,255.73131081513552,428.90551662312475,399.51130517726585,470.4886205943848
391.25308087821725,183.87712322204817,450.7303927445727,212.773618136857,592.650850557449,618.8681867403197,638.9997439238091,753.6305158704216
149.6940644404295,303.2229135841028,321.73732518631783,312.06517938318075,371.80033852257156,332.8438548373857,511.4407460159444,343.0472718721642
120.96441634297223,472.8222253008936,188.53408540787493,716.8188320302953,228.0247380165799,728.9145096311903,366.8699568196332,793.8417958812985
113.7234637108897,387.0021598257467,115.7133817046795,684.8294341316258,222.72839887746557,685.3583492744708,235.07756317023208,754.1212429914111
491.13776376856794,145.12609267688418,561.2165719238284,441.2773136652775,634.0276983914084,658.5333384078672,688.9609155706518,660.5263248648359
103.19808080389974,252.56062928505568,539.8453536081979,411.6466209788663,545.454195894218,471.21440861760544,659.1756241130458,523.3801722128551
261.87138693590225,394.91324342266273,301.62988442979866,490.582398154447,454.9756869692975,712.6240614979392,481.99700619428245,714.1084875896802
205.30027984449677,118.34373680881154,312.4454600770479,385.2905557391612,553.6857990072069,497.7464592960324,601.6954600010249,524.8621686191359
270.88528879551774,191.4143864969692,317.9680982209469,330.38448600669705,337.94940066797295,403.8093066311458,534.8933535451503,423.35664384639404
348.3188882910258,221.8495985412172,353.86365091233887,251.11051015030392,437.89022560136533,379.2248953929698,449.5615971057334,407.1601144621606
165.06936402399373,295.2394148354765,347.93147736462595,450.90778248545524,471.5504344303172,464.77329927672076,556.301632433364,548.616047916855
419.28092804264134,245.31936995736325,590.8397998289507,310.51951077222424,637.9091251415838,330.3606681475604,704.1461442390128,348.9802676454691
231.6343278752191,280.33531694892014,403.37334591701693,345.14314704996497,489.8819251710817,436.5207216441612,537.6614615384601,572.6918347715082
128.15021071553156,368.40359620700303,153.99748823011615,570.4573894946134,166.78794518833186,677.1126502709758,221.9656085964291,705.4298727178199
200.65160858557007,356.120962373771,218.51368042530632,404.8806361561634,302.8904527049878,591.0002247407461,342.55196199051875,632.0655191289945
165.51463824511072,318.66569768275735,205.5453334345035,389.63616014426293,333.66031152491587,397.25168379880324,369.8524805172912,522.9889339670674
150.89823623737823,181.3475132699117,268.9869562978845,361.17595688841385,357.0953607404392,943.9744928354677,374.62560136716337,950.1452938411306
309.296728962558,335.46559307636466,453.99470892311456,375.99511519454194,583.7930354341061,379.23241315222646,584.9993694501518,473.96475558364153
263.01643788970347,73.70647510379759,314.70114651560345,127.10603811227011,374.61317483549556,454.25084035134944,395.5907806269738,571.9148138588598
474.2644571396777,159.22215321393057,697.3790684064138,280.0492962865625,764.8310638876366,341.38182149340247,774.0473001137085,348.4484768425402
396.6872319900008,177.48334145177074,427.79587662250725,248.01906835248474,476.4279100989164,511.1998504577334,501.1937867504339,524.1292529775776
167.89436879752736,62.72095648829633,353.56164537732263,205.82697364097197,391.00752813113144,221.99098040152194,411.2679843504536,423.86132051499
386.8252133367773,566.7950890019637,411.43040147630524,724.0651237911046,511.79996493286336,726.3806574944437,777.9708360925521,763.4428220953814
104.00031608714997,390.0972261632012,124.16676447444078,462.2399979242772,233.82878243363928,541.9752254728545,351.9942209344084,638.2079073393337
202.9840838374539,683.4312844117849,281.10768692680034,715.715381368413,346.5975009626706,783.0640872542433,378.1570894693515,906.5803203443388
112.18383754305316,384.83567057321835,118.45291971762501,472.8222253008936,241.48348115477566,514.7431502934601,365.8402083644747,533.7040753829691
306.096413369115,93.27979407942249,316.5375311083566,170.08647120486114,450.27370349332654,391.56733973892386,471.99120718576467,535.1606803513173
273.6397398180349,42.92200034654755,372.666781331042,132.74075498322276,452.8491076022565,160.45840736275971,488.72259990281947,338.6933102632365
271.00727541566573,198.18865902954983,637.4211552479184,295.086465589472,697.5517416957214,382.1327821386228,760.2951167810722,467.38216033599355
156.20037747823795,65.34455275657666,332.342601896063,131.8320614467297,367.33845604104874,230.3785841049275,440.6528168570015,258.34712756828276
109.09792469945015,173.15078065075113,219.01463252699668,322.95819833932194,261.80067001069983,431.1947189546646,263.13202798016573,471.6939439366602
253.50298434000177,264.5537555071876,566.6346483044053,361.96559547146927,629.1556903862038,418.4893931218767,757.9816512949116,439.131603866599
186.91647019355386,125.44714341904316,347.0323046333234,273.1184050143811,439.4204700111223,318.92218115266013,534.5514743575336,385.19666961354307
243.0368060107467,98.12058325043668,335.84470604390697,464.35055554486985,378.8633214083641,649.9008088494655,381.8416462749449,771.3754979619911
146.50177079452078,224.7302543436282,242.68606069248972,296.79794316979354,368.29047996826336,345.9789797470932,371.0912354370406,661.1874363912162
47.958879295231384,270.70245948852175,486.53627982031543,450.50825170450304,495.5233631717676,477.05016772174685,544.2555959602614,643.4381551535397
105.64253388944918,242.97211307344512,366.2877610953816,280.63888501141736,402.844490368422,386.74124164628626,463.80825567019934,406.34827422230603
462.6312520300249,289.9345156657404,514.1766884473718,479.26795236800774,580.956638016058,492.29777415097044,613.5766080153397,530.782936813753
47.958879295231384,309.4711441747344,511.5224383639093,442.3939487572007,534.8960904377461,445.19014476266113,558.0003562951233,486.0983445327593
327.0250484759914,306.9018159863326,520.835636176986,379.39300464847395,579.7514865620903,397.6395975049052,583.8146740928121,403.4913385125667
353.26500772014543,397.69600777047964,431.7214995456687,401.74792460463925,553.6857990072069,513.342468533725,701.5714857956676,600.9171806818701
165.61993476340066,173.9260401362073,168.90947127983875,200.9919720638599,227.09644951104391,246.60791674563765,463.45001599689607,508.8630381298314
208.97363803584602,142.83180936312718,409.685404588082,266.035044792685,412.1593016761574,275.3627147351793,481.8561733048941,305.548341331183
328.463567910064,291.95023058266577,375.25056366165677,449.75198818818944,394.96822737006903,590.9059187411095,634.5559026587875,699.1134637920959
186.11829670960122,349.89894924476124,231.4657199163133,413.7601268468195,239.35407204884,432.8356312919185,270.1909174909814,451.61664925385395
136.81734055921044,179.29378099956412,347.0734024348518,376.26372872920757,542.1850368710493,381.31530448895643,551.2389811710227,488.7485670914786
342.1215235380165,212.72915559001393,393.5658727875155,302.13969865961815,442.59400448578987,385.6167540691291,468.2528128930644,427.4394578258756
116.23239687871869,324.1060063967551,146.99994828619384,569.8212690296276,250.77240692704456,605.6509442225349,282.0089581942418,737.0758994504004
278.2839807899516,143.74241456358453,304.00282072301394,259.89981768545755,463.8095919752989,329.08496440250724,584.1387167940527,371.6490875666704
156.23129440452377,640.8378859946976,172.24831021443387,962.8142583273956,236.6004943040269,1166.9140469475938,411.2820138804587,1243.3332455394414
289.97724692391523,224.8234536756321,405.31130708754296,432.00251181357805,421.6161070731075,460.92287612475604,429.1204085643463,528.8925501632492
482.78445352458914,143.74241456358453,535.3812122802451,269.59055202268394,567.2640542076492,298.58398439027167,634.2418326381141,389.168139409978
99.33104931822584,246.94828541244237,269.1809317208939,296.091933972888,430.2541653791788,323.93365607550953,489.23709867155,445.3869249656885
412.29619101737796,118.93747599841736,450.71477921358456,141.78605469220415,481.84454108128546,152.20451088176966,504.15774121157904,187.95829241044808
123.65566328006598,236.22135603288373,221.30217573097985,303.5911149757201,236.6878474175996,319.8655993352503,250.89724747071148,365.0365361584029
106.92842506091638,296.98843656715746,146.24807663175739,479.5429587516964,356.5987518734656,514.6707971229206,381.54537337551545,601.3445650685957
228.72476577879365,307.61829106423755,249.3523829841455,329.59358548337474,489.1975831115281,369.40605122136213,520.1770894947441,491.23744397748357
359.84061467995537,42.64633980177138,563.9892746277026,414.2539994460094,754.3780726972149,484.69606441229837,795.4229083425007,555.9894311604575
101.6555470119067,271.95502975077886,225.74830821214695,387.21981669088194,235.19197515765612,472.40019007866647,273.19539819774457,827.2130486763153
90.30029702732939,377.11191537416386,224.17966683369312,387.0021598257467,593.1137508445211,426.6347102300104,668.2892599281655,531.7393249877481
103.68386784896138,167.66341550005123,130.15600582215802,204.1213529261978,164.4968828528873,264.0924525161102,175.51875739777398,462.1810044000146
467.480264170399,346.7729152388268,504.3912507162597,459.485112831711,529.0886108874809,587.9528756671226,550.3451106255552,592.3546225763653
351.4795565722382,205.68996211134666,789.046849682205,344.3920763680409,887.156101734829,443.24704329395723,950.4652462102554,444.6135451567945
89.90555396826933,214.02821887202614,231.69790682167132,303.55474004201534,250.16611144268117,308.69572363955984,280.5706691619381,445.3842515889775
143.66051147261942,225.5440725638904,207.04249811872052,248.6008952938725,277.33072296408545,331.7420813272405,358.22526059523216,340.4033528055463
164.22309040764114,109.17573744329745,342.02097419628126,122.85671609038658,382.470946665395,455.75717976126174,447.00501453259176,469.04808772378783
154.15239812876553,120.68721092041694,267.3937779504447,169.62748615066033,283.382209383025,175.45304404342104,391.00752813113144,225.79294151029788
294.40410345636036,207.09941792494158,766.1839994981143,231.31843488714927,787.5047380676993,333.3657549262893,791.9047635993417,503.89299324784076
323.6817845808959,266.3225701067417,416.4216091839002,282.84211582345614,422.06140463101207,335.55592242081497,422.7544753119245,381.0181628309638
253.88493315170564,293.63148366352755,432.52305406034185,358.00200509885207,457.8914930065275,373.10740935396416,481.53502755419913,565.4490598053856
349.37773462493885,87.43649038868175,388.97945983003126,361.44523525529377,390.26574183497706,448.349609688974,450.4151515312284,545.670564476549
99.01740236651636,383.5553004879994,254.14441282279856,490.81172807178194,364.21549970273156,556.1307786240162,393.374478920373,608.9422956449437
164.15790318743413,335.600274074277,298.8474550301122,384.8301659406481,315.048504224876,416.78283411010347,324.2193791262213,514.7431502934601
127.60522165709608,305.2782093930429,227.89845321560213,318.0878429806108,322.5411996977298,323.99519359603454,353.1045777015975,493.71098108053604
311.7864906414046,156.1101710046299,405.26450925816255,326.40156377965343,596.1035845798709,388.08251394630895,621.358408426396,389.53449423132315
177.21126272751124,227.68068050976896,284.8663220939343,388.08251394630895,397.18992882056676,454.33487663069576,420.5444652805647,618.1348854137334
229.42869270457496,201.9318195138704,414.8267350549276,227.24962237538801,428.16914923984274,264.35996431744144,463.3937408785109,392.2171098119057
153.98039212750467,210.77287042024014,199.75161844909647,221.7182011831181,443.81345552248655,386.2646056047906,452.3257119606412,532.6478269215183
121.16848455668885,193.44685399740254,256.45353374187937,219.4804769829642,305.0211599042035,412.9595461514423,406.83128745637094,490.266676840316
356.0369914447917,121.4365495098827,454.474913992792,439.596075119763,615.4337371402661,530.6656832440634,644.08799485524,560.5897110851654
183.04091422515168,295.19028732671904,218.21376867852308,365.96961812920114,402.95130170829106,372.83835380465774,415.05140924564654,413.9668963096427
96.86891763018244,257.10532850236615,177.72781909681746,301.49296521130816,192.84700960126577,369.4981154066444,227.5791742238908,432.71072649786737
358.5090162846855,438.2421005142054,770.4747822245528,589.9406352615475,859.6822185142146,608.8741960353987,867.1514819017688,740.699572225269
152.5837972024422,322.0265267255747,162.8649817021101,326.4386338391869,183.97753517798358,549.1230873968675,205.97852852443881,550.6081140188263
147.54378347824857,75.5104266239747,691.1862558157266,355.52572167883454,734.6074184738548,485.9671538124712,773.0484428238882,536.3196669282471
345.3309972660425,170.83030560495843,535.7253666430005,268.07006829264793,551.6982404195886,329.63349213777775,551.8878351760858,347.5946075007749
121.16848455668885,74.9330777064772,135.35553666930366,131.03454038567682,200.04411062853612,303.2229135841028,352.03648855787327,380.06779038597637
366.1109984073571,173.15078065075113,367.2229756844424,432.5747418692678,483.2582152505139,437.37848198883574,520.9237298256122,442.5681107052885
270.71812108369915,125.45627951158683,312.55045732660153,354.49233599922945,524.4751379431647,394.0704221848016,565.558823592334,561.2219286893945
274.9727775629793,82.35379318872582,369.274233075884,159.76328939908962,608.2222264679689,264.24475833464857,638.5796973971914,430.6966761707651
120.96441634297223,162.29827991307437,192.29662148915978,254.8454487066581,233.2707613383414,321.0866534751367,264.77083885927914,324.93994247562637
242.6527485118375,282.0715050915339,369.2348701721279,331.8074869858012,404.67591246082424,354.3703768187859,505.08678350934997,546.6843672339148
177.14549030207155,314.3733601004437,396.873331125834,517.1367477074144,431.12815843768834,574.0903361497668,437.23096267792425,580.0140003901383
384.6690739004653,224.54086969354734,439.8128976331143,401.57127705419634,572.4699303989786,476.4521365430977,676.082163597104,656.0046715615547
191.61781155016436,280.81412512751166,216.92456942537126,408.10698370514655,318.455174882551,469.78940652870426,406.2943479122257,534.7627539275323
396.0427399609798,96.55024660505785,412.2239927323317,194.9563244351561,585.9011110851196,370.3958635752448,652.8977840849176,486.966210962268
123.92225207101438,81.17610752150709,319.1074586398442,200.31773996146327,444.88695658916595,327.91836263895595,536.9980648467224,405.036767673031
246.50389367118078,345.11052899816036,255.50347808651227,399.6187900777764,363.58498458477305,488.9720206624891,370.237820881604,500.991762892591
314.6284693041792,351.4803839150183,448.47920345206626,410.724008565995,496.64339214491577,530.5174409731301,557.613978605858,544.86763927926
346.54039385967917,330.0971620387425,364.0760015702162,365.07467939234937,515.4557644374795,414.01584945476174,524.6944745169412,436.09643346843154
245.93834437954558,284.0834123055678,250.89724747071148,333.85647191748694,253.61709756542098,587.3778860708471,292.30679525823535,640.0175307344064
184.17127672855537,265.90577222890056,442.82779528398873,470.9606429156307,451.91959122338403,499.9270888562805,497.0769941968367,622.2738597196379
106.19142459949852,292.86172280561993,157.09274176789884,458.2862219013958,190.64905326526846,533.657109813163,231.8824816124816,589.9252441382931
270.8477373841219,198.78138395906666,331.6723710513447,408.9130123980549,418.7667883888177,418.4893931218767,450.5833441493264,422.59650841572983
115.82582544766015,107.31586486882216,475.0841205644409,384.232759981622,754.8380343511503,482.06563500656733,814.7944428717014,639.2796882871412
306.14648649132135,279.4128823141167,353.6265661503776,451.1353292684058,456.5861988556374,627.6383289010489,528.5896223624769,631.9525727732437
240.7370002265698,292.74227685905635,362.0503876736218,465.88328251782457,388.85660160333055,589.3221659791878,458.9582996934995,613.3175976701186
177.9840380419017,316.493700186644,522.7761299752693,560.3183157090667,622.8468436693862,632.1432382633251,677.1930438398948,640.3923728584463
107.32084690144646,472.40019007866647,119.79446944496972,486.9551761289409,262.3073020173517,510.1976108409804,345.8043345312765,599.2759951708605
133.2781178442647,134.5380147947122,254.61174327596476,385.7207395702862,367.5315371369693,430.56545479972044,492.567964845715,458.8473852248571
207.33063226133854,234.2432836255129,404.8103466607993,320.58279156253076,420.6094613617522,406.03938362147136,479.84443400754026,423.0292523024351
570.5964433031928,176.1786539406304,584.6721461960121,218.51608391325115,599.4968114977765,326.50906097967817,616.6485359467803,517.1103729574498
154.56917714712242,110.09220178989463,445.83884794212713,297.44747479555144,480.73563816996165,602.9207341080171,486.9233542736647,666.1320643508744
129.0558499105308,215.9423215315825,441.3344150336936,337.1970849980287,501.339895540853,412.4450882510134,591.7700039970094,553.3347131829223
234.27733150531685,390.20595663077296,398.9105062302575,503.19396676592766,506.92282926787453,520.1759975411568,679.2963869519776,545.7211204894861
92.1908765620378,178.66890095071523,180.79468937916516,618.0810421258714,297.81649965024485,627.0580339549094,346.5975009626706,632.1203992777894
437.89022560136533,86.55770720243548,448.3310790611055,459.3060617072238,472.8016511025478,539.0732589439252,669.6343881078798,544.0634390069122
90.7957860640356,209.7446902146727,126.0661549186477,452.72411713120573,250.7254499804884,496.8236688145413,749.653046254811,565.2062846270608
422.55611423773763,307.0382144575994,491.8567963433021,403.1683892555386,596.7513811506086,484.2575074821635,680.8222801415179,584.617670708259
133.115482397572,59.41188444340698,204.55296955076022,84.84967919734088,270.40308338089136,254.65471252752585,711.6780011276289,352.31841209824637
149.97795796524235,150.0958310209196,154.82548036784505,195.04853633774718,328.51224838522023,266.4365615751475,361.412110840869,344.9260519661732
384.55665008552995,158.49797231294556,446.20900525645214,159.60713945179677,496.00819902840317,312.20300935423234,634.4337569744933,315.80516745017377
113.67180599184809,284.17137958814,115.43599257114904,689.701570618348,201.86609968012655,728.9145096311903,243.35565956522078,804.6856037302679
230.80433123987183,482.0795974714481,261.87138693590225,599.3849188327938,323.1626846946107,601.0988220895775,341.1090245933091,667.1693494981068
232.47633535017584,180.36371079207797,355.74849697066384,372.1051095060563,449.3167338582998,392.52515228799376,471.0718525241292,460.57862850039635
98.25426906808607,229.71915483584706,299.2712407219162,257.5562544683505,319.3157115863222,304.06983819662145,386.9247075207872,328.4789779906912
512.3021550794766,232.3192674660081,517.937767058354,261.6215407952597,664.5617064076748,526.6602394478239,812.8658569330928,543.1145620927825
157.87504082879,209.7446902146727,372.81704581916847,442.6680136160483,415.9438868473727,592.3214695420651,475.7558405705971,593.0011231818328
437.19295996740436,205.82697364097197,452.11886108337853,266.9622168608715,463.1136003113533,367.02861425754276,494.11199287959056,373.16914149981193
375.4429131297998,228.97876168665903,525.7207456816037,483.96498580781076,589.1291487684913,505.60156705446855,613.0442294634458,701.0370600491011
305.7238473003109,57.85975558685932,545.9506611291857,295.6614537717701,692.1207990054273,351.9973142013996,694.0574080646835,535.3107474430833
84.34173199513218,212.68194539852752,314.122663392689,389.5997235883127,476.6008267888708,410.7680536822036,490.8954535817904,505.22304282302173
89.90555396826933,150.28613893001716,143.39751542452998,191.1210892811841,242.94880472720416,216.62973480042882,367.3453965259343,257.10532850236615
340.7794578703211,293.92655741035423,404.5919221787275,427.10010863533364,493.74822563437124,444.7696110885504,580.0161361786999,541.3905024987426
309.22717183453346,421.9531162722786,353.1921214076041,424.41513765815625,415.8561996078204,425.55630568986555,425.72001944227065,515.7676251720451
237.7101377986891,105.68715537060095,303.1089014497625,212.40545120585793,452.0683708662474,329.08496440250724,479.3532672857867,362.47781900807337
82.58282714058927,158.6549596829741,212.98431758905852,355.4529698879018,277.9194267937267,460.47549983138987,300.374130170309,528.6490776194252
338.8353067088101,278.1096981753594,572.1665742215375,456.8223975012222,630.6392107385534,594.1132981390459,641.1526540792396,668.8248596429236
141.46985310204806,374.0165129188527,259.11370106903473,394.64378966028,355.15984985531486,447.2208517406279,373.54854775390737,620.4279122454534
197.42506291094264,62.975737890451164,285.25660243282624,333.85647191748694,309.60671063156667,522.4321685948596,335.3968580787667,618.2217134084426
48.41379671478275,310.82806337145223,121.1119664437457,336.0870372442747,283.5845462718489,342.9015713462878,517.5160427623966,505.4350617685048
396.404169623289,126.71419268879811,616.5291842684522,213.78578947717097,828.2504717061458,292.7998587202297,900.7198925481906,318.0910626816583
210.98043192227695,122.85671609038658,262.21922209299004,125.86642782982648,292.151264388831,467.5998756852136,511.1097949626567,515.8135031974616
141.30804000515505,74.63660064285723,209.68884282497416,186.21871789661978,212.98431758905852,206.62287718726145,214.0365490284411,498.2134448228997
131.36392303653494,497.034885692128,335.29764661377493,574.9300337459744,359.16895781215754,626.7893245444511,475.9175873485969,651.1232997400796
197.44764813471448,361.49333777354957,320.3095771622153,365.18718886394646,434.84453759504413,427.64502691940766,497.9413489336662,591.8868892368874
321.1268383342373,346.7872178337066,374.94857068555257,674.3605246374524,381.024856029456,688.1992729141605,416.105178389131,704.6100969308092
212.92638752739302,101.88291693157701,255.9957768118033,110.90354372291205,287.6269748088233,283.82344235513034,446.67203917571305,410.68508837422684
225.60171975661132,145.64469611123056,336.073354210137,246.86406718620862,449.124515181682,394.3499424417731,488.0892234321959,455.495780672352
240.52339679939024,227.66786525680968,348.14192892993356,324.58732293628265,729.3534647940277,377.9141965548769,766.0242439111872,399.7598306783012
170.52431610091085,203.90623565082356,465.5114215623169,225.3426355751658,487.5218407059051,322.73473169937176,625.6048393384845,325.67073358836245
485.5690075944943,99.68715846304896,530.1513389953162,432.4709899257001,709.1273339464449,527.7721361328631,722.527723415974,549.4581747989374
243.82302541962085,273.32388744106004,283.9813599019592,292.86172280561993,300.7330852661401,577.2720134307413,320.51295444418673,616.4382967591918
155.485189101519,202.6106156646878,240.76062965265345,455.45661629732035,316.3191051202627,480.2758063281469,426.6723265020182,555.8514820700582
125.2839043173543,99.64097734535302,280.5706691619381,155.75670302562702,367.3453965259343,423.1156631396948,367.98095531542907,465.41787968080064
390.67180782380416,237.36384522060467,422.9202068560888,289.1925627259746,441.4124669790431,715.715381368413,464.92921582651866,834.3428129465066
230.58821443220472,464.71316262844334,231.06822689627148,563.9732086969557,614.4703233425308,614.5094019823828,638.9843577365813,632.7022378018601
337.94940066797295,73.92474316668742,350.98137296976375,238.57184760728495,372.3717266777856,703.9055119648674,655.7168411918641,814.2828244834304
66.05283197455648,291.5419165084027,213.89645994897356,343.5370650722857,220.17308535666078,430.2869975224844,264.2423855656249,574.7759506254852
114.84544274240913,203.84480335077387,602.8947535086853,288.5670392739617,612.3010890912659,444.2823146562778,675.0094759961686,599.236100461284
300.84528163901626,486.5073071048315,335.67552522476404,519.195325517521,357.6336342404787,525.3304163341596,434.37693054218244,557.0084416099879
341.01861987631423,138.7848460656434,358.9814496736453,151.8121247685784,496.8352150581524,255.49157558999093,554.8909519026602,490.0182759207452
252.62991573509981,187.5123267888788,276.27583929208794,358.6287356229204,442.4685584028499,367.75434150782655,581.8384255047275,444.2823146562778
141.76842864461233,322.98201802330294,268.34789729270284,365.86421583812773,314.963789026739,366.853495987212,315.68297366331694,489.4116787027821
323.44301851333745,198.16005119426782,327.0824274162945,292.6185337019505,399.24402259168727,322.4048662579543,418.04702694335435,358.8780750506934
224.17733627289098,80.14080607277695,463.0562225469339,487.65878216060577,483.70988592192367,532.8514191157752,486.59735630827817,567.9727302581543
318.8094395423212,187.19863990491842,346.50645773383934,243.97247721609713,389.17025895362957,375.03370162549993,484.45796626911994,595.9684928112913
267.260569494841,224.8234536756321,337.6325771887084,275.46993461644,380.6433906076642,583.4242720508947,508.21495958212023,643.1849634053631
423.22642094273783,175.83309462025844,435.7112294557131,650.0099441826067,569.3188664054453,736.3041895787328,611.9484449894827,754.5204958352285
149.27531004594334,457.61090324409605,391.5870224896386,542.3741344666332,395.1174356026897,605.8604109782252,447.5236065212777,667.1882747983066
121.53874189417077,69.88545754414338,261.6254124833848,122.01568533806028,292.1112780079243,275.73144585081576,309.9308215661303,306.4364341142886
205.1493514063264,224.20206263507163,238.0145244130721,382.3583908863448,385.34468292827165,449.97891231967196,439.4204700111223,537.3771767382451
262.02605252181945,221.40238164225417,292.87613940223457,462.6760182211799,349.68971438908983,527.1620117248119,451.298560110307,532.7243962398035
121.68144448614756,300.9636776399369,202.32663303761223,457.84962030143015,294.18310624215064,489.1370581280862,534.5759648876558,582.4221332248801
183.39667461409763,425.10553239876066,343.6867604767872,469.78940652870426,442.13050416097997,488.7763881453791,465.4084196828282,539.5678002782748
555.3034611593293,203.760274542127,574.6177241847896,279.97303843949953,628.971125969836,312.8923863873825,667.639875945426,409.1646954667314
496.91841783770724,253.87941661835882,535.7311509501939,511.5430974028302,717.9568696286667,520.4638547296565,728.6059771555357,539.5486968129258
101.6555470119067,221.62556524315076,247.81947911709136,324.6222041986197,250.9135372178642,394.7845107188957,275.2862104442641,592.0975707375926
359.82127062610834,369.1910757062636,516.7490107738463,382.69366115889494,590.6414821803135,584.1799647888853,672.8281113881794,682.9625156763391
155.71046433320367,107.31586486882216,169.6850588984605,358.57268758817605,207.72828131157652,384.4526481306289,266.61622313960623,540.3705238277519
120.59581460784936,131.84644680997775,221.63899056201342,323.42440928095846,309.22717183453346,548.943258772766,416.6776661470024,617.1978597255348
86.72902302387939,468.52367154442805,153.7165270358125,486.5799652658638,302.7527201620072,495.2103826878387,362.73054184404333,831.8267001045332
150.23525581021266,266.8604859798816,247.14980956391156,287.6706761352106,353.76404210705545,305.6096073723422,361.6058105043399,312.74446531432295
309.11728210528906,90.98288727436017,422.89299178162736,762.4239291068062,613.1691209067643,802.968792746148,668.9563038727941,849.2596208732961
245.1157191715874,294.75471676261594,380.6895016092333,390.0972261632012,412.3998746658005,454.61148680039906,426.9783886293831,462.6036878355217
487.3798916719842,165.95450562739717,663.4188164956691,204.02674383450858,680.6548855275698,258.74220517188894,683.527636866742,386.0870290197884
148.95434420885775,333.60620775327686,223.70005269332933,378.0580633909037,298.4759472818592,480.30783832774495,500.94349786874403,642.8190514502168
431.9693903023839,194.45032318890858,457.09952016811997,378.19924575254174,569.4667475598454,414.8709654256639,662.3195961420455,502.93109433998774
201.17329732059727,560.6738121729213,364.24493034580576,768.8505782501131,593.2463760913254,773.3063506693419,611.4574597839023,816.136126344571
355.08463647674455,110.09220178989463,413.59348649049093,227.22717738113954,576.7301357106533,522.1960800322847,709.8756580679637,736.47037012381
434.37693054218244,176.27398700285215,471.74891534081854,258.90914921683213,661.4677535454721,276.62936260544893,668.7177574437085,320.7073648026157
100.00193801429185,20.98836619940394,106.3786970003938,123.00951640698241,396.767051364454,532.514227427871,439.3763526322068,605.4818299486612
331.587803920551,58.27734272230629,338.7632605276601,113.75185416400927,360.2257912164577,187.23457104495228,377.9647035149263,270.53269189588883
89.65688680986263,199.78370630135092,165.44377848758168,335.6395370633169,193.3421562907686,356.6160303565646,278.46640230597745,366.853495987212
87.07574766810443,226.32848395746763,177.39611791863294,251.66656383903796,312.1903980635831,394.64378966028,371.0912354370406,414.4164102266473
402.5914022540943,268.66684512266477,483.20108837520564,284.64351512012877,705.9612134685532,318.6162538997509,771.5486553023917,523.2047384173877
425.5832933067946,262.6251483104549,475.0841205644409,537.7326556111071,546.9388094994267,581.9294633381205,590.3526826969985,592.3989639835244
202.9840838374539,125.9696883258706,371.699309319357,129.58309424936704,386.24732194084925,191.7497638615528,471.01909783650746,243.43899622147993
239.2935802894394,384.1840720240463,359.7191697608115,583.3103876112168,503.842701608884,605.8604109782252,521.5283486551277,617.9881318529685
117.51111254497516,119.54357852210643,237.47617140039472,464.990763616501,250.30152280135985,658.1894017645385,489.3013692903697,665.847858264345
372.315845517661,130.28592048097008,382.92803994913265,169.27663188942947,605.3450583164591,421.8922057354631,639.1758166792747,444.1775849455187
223.6096257484639,331.49351476717317,271.16454592400845,444.3107794821908,449.124515181682,449.8716525807191,461.34136872914695,483.9885757812816
284.57429670846017,104.91543876985509,347.4397099870358,302.22098980980354,412.1380086113933,321.0615535614293,475.34753608760343,347.1335171074743
175.71944974171896,219.05977751168086,255.45466536263754,341.9511143962429,265.6640355692482,473.2503640726531,321.8800811808093,512.8030441682617
240.2879159136541,201.98805073946346,242.17768568335293,354.29169166023013,269.5949802752835,440.92395016587705,369.74595623280766,507.68029066654935
137.52718265515833,400.007946176472,294.98809737681165,419.5601342498416,492.52689785261975,444.7114334617036,501.1937867504339,490.55111628187245
242.21018585141545,331.4054891416243,360.85779049615303,364.65452049251735,447.5236065212777,398.0213839859044,634.545628686167,476.4622322322237
242.70898698252654,162.8886914246166,357.2945411481859,492.0644693868892,365.25335920310755,500.22717042518616,384.3681787447617,693.9040510916536
180.80693616912328,75.63849328668728,488.9669719665851,146.07481799909058,654.1076644740982,396.87331910463564,655.4859001826283,625.4170597560845
323.90485155554774,88.0885461328473,341.9447968634153,173.9260401362073,608.8068010261771,346.74201408951683,655.4781047556572,506.3038369639882
184.0701505055753,201.0866149143698,255.58899440613712,433.89267664664897,273.4869867341792,549.6188638291196,403.39013124939555,583.8706938017789
348.5252933264885,374.67423966998206,419.37012219819616,499.8488472312358,448.4454014764212,579.3404200392653,539.9057910436238,595.9746082484523
290.0435899739826,126.54500494770423,468.02887048549957,202.91084967395642,615.3028321167218,285.43581643760774,618.6087341822988,305.6096073723422
66.71474385713333,411.6466209788663,435.7535743616606,580.166008125282,452.99226713706673,587.0277588949727,520.7164744392662,716.3971252671465
218.03453082011058,444.0099480609016,613.2532965218046,506.09657733877646,695.5940717587963,506.3838406629849,756.2529599672068,511.8254928161896
218.07727329463108,351.4803839150183,350.43011604514595,487.66778349595586,390.4532473028458,504.7059547122763,399.1573722987787,520.585003463598
436.7586585346287,93.7713282264687,474.61070139341604,168.147351666529,545.1757671104926,534.4926030224366,613.261089201225,597.1779132899238
588.3652993050115,193.3660210572493,678.5211117456683,283.00460532243045,757.8746626798213,287.91016124178765,785.5805321726438,506.2615892128372
260.81271939735853,47.615480310852696,443.36485417767767,164.4820864242647,445.3874956263875,251.05293305456877,603.7666399852527,321.71383078623114
188.9068934021563,184.5671338974955,199.84458126622064,259.24465511211133,476.70287693128984,306.4364341142886,520.0663351823322,349.83039400114376
240.52339679939024,253.18397637268407,498.43859885772196,428.8674067326117,528.0097073028387,458.8158606639577,797.4049361186139,671.3621192643986
136.09019184872562,290.3248061254801,410.86398905756744,500.05592711299596,510.22271945046447,506.2610718277681,596.9014729304732,732.0469357098116
286.8007570712004,39.364680136710035,369.69508715144497,273.8229080129971,396.6241743095293,322.310724637992,425.08832211298727,353.4344860635735
389.1541945930455,280.7995507235327,404.09038133641815,405.0883688489063,454.45902049920863,518.0055598484317,462.20406600111505,643.1284124902638
144.78128014608563,411.1774047102068,380.6433906076642,446.91455007634914,404.24258649315726,527.2284418225349,508.3332969903952,581.9310536539315
214.13507862965264,267.58855763887277,228.81230722611184,416.0641015757755,550.1575856097974,554.8434730889647,670.7737956246879,561.6452394225157
337.4613147889971,197.12206124975918,433.6047465669949,256.50608484212563,433.6723314434967,302.39399582657745,662.550733653141,414.4304196134252
305.34165781303,55.38716105818359,506.49779986666414,198.59303660556378,620.9311278165294,288.46245718435074,673.09873280878,293.9120255497618
117.5307415457649,314.0454433578513,489.5035802803883,456.34669209813535,561.4113880853893,457.0419127076609,749.2130754834976,536.7595950464298
211.75866559351107,421.25111658305224,242.6331647480751,438.546899572227,307.7754503039853,472.71581171833697,459.5431570693233,479.16092102703385
351.56026700258326,96.49736598805924,396.5635051975111,265.74581324781957,453.3811236772613,287.91016124178765,516.6064482621032,563.5486927744962
343.97147298562777,256.04617224819145,521.0691411105568,324.4110647764617,544.8902221960595,362.8920924734379,598.7686852954238,389.7968277951496
455.7373308357095,36.87962643645957,556.0381834941574,338.6116110646218,586.0225096794364,398.0213839859044,625.2882983642082,441.1640254816708
255.84599041835025,317.9237049588795,337.4613147889971,387.0982684322827,368.1478866127428,459.8818610979246,464.9744021304029,518.5892716013005
428.41506314730617,201.6036022031137,535.6933193353734,340.16141495699316,632.8594036808247,494.7828146140232,749.5122754471535,566.2066792790803
568.8317803133693,274.7118592791878,624.8057944671098,282.05032541311033,673.9104547291107,312.3463862200775,675.88704912021,474.7649448997429
259.04753482403305,161.99943306933508,305.73241220682803,515.8765797028199,352.6170334872009,774.6594431468369,441.29529900155813,788.454886479304
113.93126612785267,410.724008565995,601.5596525349039,455.19371536054996,666.3284010693578,525.4559889289966,712.2522832517915,530.6656832440634
164.66806524271374,116.26301820727379,187.5363131624395,270.8250117592889,223.70005269332933,295.9632652027033,426.2206097141845,478.7646919710611
445.08221866920934,312.7046741548085,491.50343390195303,358.32174424355674,532.7282010078109,391.28194709571113,841.1446879807903,501.1528572032502
206.93686184087935,185.72707584619934,296.0935629676138,215.13054780578673,348.7914805492046,280.9744262802841,421.2064193204517,295.19028732671904
207.04249811872052,79.06540088961513,220.92545489094516,397.69600777047964,234.07783279847123,444.7398793603778,308.60903703051275,568.370722129962
142.74821715572594,287.8111250817291,227.89845321560213,495.42334118768065,307.0617554159292,538.0934209393702,311.5602194551736,653.8646268186425
310.55933192693226,713.7508156427152,346.14762046392406,718.7564897995023,393.8816347994583,799.6394344275653,474.60358918194027,835.1543125905815
158.98146333723855,155.30185108508724,316.34628820058964,303.99387358020954,440.32406588300347,312.20300935423234,465.0730299841291,362.2499640070604
319.66391337189214,446.31457505385,335.2895128313076,473.10790322598564,487.5058625220898,511.47942626660347,704.5321672641413,525.0734748320025
147.42767295004566,512.049540532689,296.36645169689723,526.7713038275269,393.39620617814984,587.8552995365801,394.1083554103458,658.8249483575755
153.99748823011615,147.8596082462059,235.9962010587103,338.6229475421698,248.94359879923363,532.3907089737911,269.5656159738773,541.6794362255698
366.2877610953816,350.2661250656718,405.3498000419345,442.97665087808156,465.27205271847987,446.31422187327405,467.7910724490607,492.9542071227981
82.20200745995638,346.5077353278569,180.7461820854255,403.38587834872624,267.5124219813325,423.1156631396948,567.2640542076492,452.0699599404672
387.2913561919057,217.86723651259015,435.7535743616606,267.6330745506115,449.8674982388165,276.17586002477117,497.97077993291845,288.46245718435074
186.55219953268227,403.1683892555386,196.93997341772348,458.8158606639577,300.8878441633016,633.4341805518744,373.7628012970742,638.8822720593956
287.72847339090754,413.65271625514436,366.0206483551256,574.5729978726486,379.52941236281464,603.6821567128337,396.0427399609798,632.7022378018601
146.2959863729122,94.16080111196187,341.4517892639943,359.7560854054696,594.6649100625045,379.77545386793065,641.9342697965753,619.7932313105742
183.74397870075006,164.9772479897775,426.3510914614685,253.41439414329093,481.19332131570394,287.53329935264526,588.099810359359,393.49521299645545
224.48100284786528,57.88919354457923,313.5633749476656,133.68388301794948,481.94862154285795,188.6762919104595,487.8740584298534,329.63349213777775
272.10785815703815,144.97231823922164,286.0285344678347,193.4534781845536,294.34930458075115,267.1950623099194,330.50875000827614,422.42456359849194
153.32549095021477,83.21181469101562,265.90098067873373,231.52520444968778,327.9759970951755,276.31437829960396,350.01457572077913,359.8520669634203
166.38674711683313,156.0571319908346,242.03045970867885,349.91790175698685,342.59101852702736,660.4329060622758,389.42855412618405,660.9156177406677
164.5542643314038,517.0176409876021,297.14041394593374,651.1500385761292,322.14256001640354,675.8853389117368,345.6748694698014,707.3747035161159
293.44966691364743,324.16459939054937,297.6926213512831,446.31422187327405,340.18809459431264,455.81924082658014,569.9218726752154,470.6464419333341
524.426877764357,64.36885082626554,644.0300318580989,175.67006973118546,696.0803499063112,210.77287042024014,754.3780726972149,465.91444190707625
255.46893567123223,370.70142599215563,335.918340240076,441.9605655597617,461.5077179757581,510.2192261642372,472.02200849373963,580.7105321346837
213.61805457699836,184.35112244497668,447.7680420988457,192.54938542754488,450.71477921358456,214.84629707494227,483.8634392671854,348.95370258457103
217.66558146409915,86.55770720243548,347.0734024348518,392.0352613585392,424.5449218293726,469.04808772378783,545.1643041301255,490.36215641956005
395.6051262220059,230.9158505281142,425.7707780314665,255.49206111337503,454.0448064953078,312.6973417853593,473.06423046566346,314.2263302318958
448.18496879840075,201.9318195138704,666.4504242628299,327.6427855064483,678.6803926277163,378.4696815789767,745.6403410501998,420.91143114566745
250.24086054233933,363.3591833206911,279.9235172378516,561.6906398633288,459.2170729589691,679.4774652029613,584.7241287491196,703.9230450853318
137.09318134806603,162.3041286533329,314.6284693041792,183.20406327238544,475.1135393935265,318.6162538997509,548.3276476696817,510.21665979477206
104.15245021703609,410.89850613411994,199.75161844909647,442.8771829502358,260.1866245380457,558.7865049655878,287.0797053549604,618.4495007590859
387.393864042285,275.7907268591913,403.8848310113191,441.76363852887545,516.6881983365871,556.5094323805889,581.8070652452899,766.9638059662001
215.58680301209606,311.48940213272357,257.93627793081225,429.1029430457062,373.3890752582188,439.131603866599,378.2014152328716,512.8030441682617
203.87313788057648,39.32224486292012,304.4243319205801,221.7023116529657,323.9850272189864,263.6312836955323,533.6653160649339,266.3250585312154
167.0388830341583,479.1896303799166,221.94579446634862,525.1082485442626,255.8674470100037,625.8259978400132,270.0411877369518,641.906871052563
187.10408090445918,91.01986841867351,272.65504526047715,382.3583908863448,405.35202231427064,445.7235666744917,473.3132367069457,490.57125449790243
147.27527137142437,226.77643582681014,181.17857005865343,375.48676645655934,304.27848130000854,406.06763948234993,443.42878630155997,427.32734124438855
254.92844000775295,362.8558345185725,295.7000145900565,507.6186514371071,381.9115815417172,519.4462159066768,420.5444652805647,731.2607769715279
121.45886150514022,241.77295249846568,212.79357757348166,439.89329563861804,255.1455139522108,514.2814532313265,268.9869562978845,553.0346119800012
150.89823623737823,229.35318647521026,310.2462151214288,252.56062928505568,341.50188035317836,498.1971965770406,461.53806193482575,580.166008125282
445.08221866920934,239.41556561788914,469.135083968974,275.6476450333166,633.7536750972555,315.7414052761047,733.8264983805882,337.4576074280946
41.9301896624492,44.33559219789836,459.74265771124215,307.0357089258942,556.8046659110728,476.1065689345005,594.2386942527108,656.2002199164892
92.1908765620378,301.2192920072662,139.09544913353858,393.6683348058369,353.70362334892997,450.43727087590355,378.1570894693515,528.6542855003468
394.1269187457367,221.83993268937766,515.6176642722265,259.0948072540227,589.804720622106,356.34270144944935,607.5771725193135,528.2037665727862
272.44434747607943,168.61908949482591,320.8045967736737,316.1048846533067,408.2134720116089,424.32276971719153,689.0332005287647,462.6036878355217
137.37579780292668,39.364680136710035,155.19544792274777,257.75260362940026,236.83003190582698,347.01244546604505,266.68884700043117,369.0672813677404
143.2950183070579,460.3701682559854,406.9382869062972,660.5086423237962,476.9546407363371,850.8103386464612,596.1035845798709,851.3386690292149
187.6923011417309,208.37674060424675,242.5406954877253,294.41699587818493,406.69904481872516,363.55852696193153,439.87070024560575,368.4658918721947
119.28353907178064,88.12907275939143,150.02860901461725,183.77243652168679,215.06716641108616,383.88544610049036,365.94689456225353,507.1107185189452
231.0959880226715,362.65063454686003,242.92836654441902,370.6562126362775,307.0617554159292,449.54567653946145,353.1045777015975,450.96554201883794
229.01629392634467,308.1205739826067,386.3649938113445,354.37613071401614,595.2193704502639,381.87024647945697,638.5493399544825,542.8338883618453
531.3684616940352,437.94196039530414,580.7213890667975,528.5631523543441,669.2466205017447,614.8546580915189,703.1385006301642,663.9626856760107
504.7723790998868,352.28861924078524,511.1097949626567,452.5257941363464,544.5456294440762,476.3536186924033,596.7976610662096,602.8233543410822
169.88588063567605,76.21482831546717,319.43700155437887,506.4807111098457,472.8107589272758,558.9370721196943,482.78445352458914,569.579508445295
258.40434617560703,141.5020660206205,432.52305406034185,227.2114345448138,621.6608365109366,244.3725315734321,622.2363193965357,309.4711441747344
239.3754599742584,61.23486986940298,367.5539294874092,303.53005819951943,413.9331359669233,420.2507772431051,431.88472413881925,453.55623120785606
215.04600781915713,337.2110081617129,523.5169237955046,397.5387357103324,556.0381834941574,507.6186514371071,581.3021917424409,517.0176409876021
109.86768784023012,138.1598064064074,225.17643148210456,229.38476714759938,311.92171289938784,283.3891856460985,318.36246926629764,405.8588729996409
178.64847310922102,247.9937528521869,510.36204122090646,351.40763427085705,556.2061443260867,403.8093066311458,610.8125618152523,450.7501830130039
84.17010696836057,265.90577222890056,95.08406711808829,466.63714458274626,233.55393470220443,517.8343101156747,233.7896064390705,601.5815204284465
204.09138080558003,84.66314140358489,275.6249759517098,225.31768987301152,398.22307170618205,295.41280861164984,425.05145160969244,326.3526141770308
329.4916842723191,231.8685027638839,576.7301357106533,349.89744671173,618.2658986528414,379.75604879377835,725.7664662772853,424.18345067323946
135.9228768576751,354.1143285480966,242.70898698252654,608.2836565319052,417.0868208510877,617.1437861842535,620.3667278858762,644.7236835052836
470.6970162688391,238.8871631884503,684.7904978863727,402.08107627013237,794.5758232162548,432.4461119684837,801.304785957923,446.7569460740497
175.99196549842472,146.13062308572532,381.28248519068103,183.77243652168679,469.1947001287778,352.9327593487315,635.0554014605639,553.9321062346895
176.4215909906455,296.79794316979354,222.7461624055677,356.2246863682284,304.7259784027994,480.12341574523543,342.24510415150155,520.9614428810092
390.297781854978,280.43606996810684,440.03939727096804,405.5390839172269,488.9839822337309,477.1561077203241,534.4037211196671,665.5556142602842
328.8098888710971,137.09417428274725,349.9987544307867,194.13256272948092,350.1481000051996,200.96819838007391,386.74699511279624,214.27697474138012
304.0845483941516,411.6968993114741,415.9438868473727,427.52069485551795,733.8822905021821,429.8351161723896,738.6715407812276,445.3842515889775
99.33104931822584,32.29358531505384,199.62692492725483,370.9030085015326,431.14829368459533,419.38555952617793,529.5699263497524,636.3599119071782
228.72464747793086,404.8806361561634,334.2036297118597,616.8148719661182,349.6692891854813,749.6830906566362,357.0951436973629,831.0179735790092
478.37160803855915,76.0119911477597,988.5611244903579,448.593586582928,1001.776318451175,477.5484084430814,1352.5137929230518,680.0904481755595
363.04065487923873,286.8421376086428,462.2145548803026,289.79889277748873,597.3091672104953,297.4342569087416,662.0642888304258,428.93177712772683
175.99196549842472,207.5173116167134,373.7368093691093,274.66017981971834,478.42493677236274,428.7668965305797,604.8241143891587,604.6203113586412
449.0906962055401,248.7957544883077,457.33039642255414,382.1477926355871,522.3917284678352,480.0264797946401,539.3917373712558,505.2573449068747
491.13776376856794,175.79926395608376,549.4259040696702,198.28796208820233,791.5564294655484,338.9592885199462,830.565916046782,428.3961675840404
77.5787603986655,187.27818387687856,406.33014609380035,389.6415359170574,430.8295539540958,456.5551574954611,511.77408757550876,496.8033154206135
292.151264388831,476.59078362404483,500.7272488766972,564.0488631281296,502.77382532396,664.2851626798713,504.7723790998868,808.1489657609483
162.83532117023756,137.69893062183675,360.68956533573277,229.37922842744837,432.4531922964475,331.4417600734382,536.9983024032755,946.0579890098911
98.90447869282087,346.85880444378034,205.5453334345035,559.58634221289,334.92311946001,708.1053137078482,526.2173735659916,826.0598455955163
281.6262445399575,210.53058687907026,653.8092584054021,308.08486787898397,699.589114088639,457.26143645705326,738.4303970333044,462.7943349356964
268.3340249991756,175.53827201994955,342.7377171195211,436.43854927605656,415.187801966402,511.8561630498777,422.7075035939422,531.9686486804043
184.17127672855537,222.97520050379302,389.7296385223255,509.27485829696064,446.21614394443293,531.0855885906549,468.43747793919744,582.5125537921783
378.4090883678685,139.9417756215551,399.51130517726585,240.77878065723854,611.501403069535,309.46827394374986,620.066629755033,312.6285243684153
74.32986111409186,349.02645475186097,99.59849250378036,394.91324342266273,309.7434867257642,500.06675236674783,338.08155627376095,549.3610956142445
201.6274050762666,222.0965909118148,459.7351780262392,328.7155001985872,476.7262402288519,400.44611055779814,518.3083379542206,429.68265266521263
263.99735360725685,263.26184319947464,441.4914551261756,378.70401528817064,591.8600589447657,430.15916752060025,650.1525306836376,490.266676840316
134.0531586029824,45.3054212476509,468.69929598310836,234.7213871455091,543.2836046926018,305.4256114789893,635.2362076230969,310.6081030138455
163.52122226542707,162.29827991307437,340.0152665532502,249.31006086908306,340.69311131207365,309.03562893624087,414.35399064458477,365.11682906898517
196.1495407884256,19.063419685721783,211.2924751030793,580.6900884582673,212.99017198720858,728.8239911989499,238.1338904415534,757.2091192057744
142.5273057495778,87.68947398667098,250.97719465410648,196.3180826121171,402.01500257461197,402.73163620702366,432.08670463973965,431.3921277779904
197.42506291094264,122.80443278367265,251.4225687162395,157.04018264938944,329.0491020176119,354.57312820359925,342.6898787336879,406.16368441847777
359.16895781215754,73.81213953510226,483.68526998430946,132.21355953050693,487.88640114114213,245.1161968671902,489.81453400828565,267.09572941650157
230.58821443220472,428.6461398503034,387.4905908439026,441.4515171089815,404.0945271087047,551.7903446019054,588.9154938074219,585.0603896867951
100.55086671007754,312.8893544907032,381.79690151135514,328.8426874797806,409.84928609129435,478.54973396775927,495.2492071096005,505.20991161178665
268.6083878284803,143.84432438378514,279.80102808227645,469.2842734867553,350.09107518567504,517.122781420373,395.6051262220059,674.2435805150037
310.10842235877107,92.23900573358782,325.55846734271256,279.027305885135,627.5508040228425,345.14314704996497,628.3654200391001,397.0600604371433
143.66051147261942,69.1777370351776,220.92545489094516,240.72761056715427,302.35842136888897,266.9788516939916,312.53436723506815,375.59711941902196
682.7851342378301,109.86586012194789,709.2637108530671,359.4282839215031,713.7793849850601,386.9149909276676,824.0042728684108,426.2662637044618
278.88987139174674,209.74482216464725,286.9751164246784,252.4802139827905,321.1268383342373,396.0793680606642,349.53736619341055,464.4829546501477
114.52747431763045,54.80715679328743,401.50450335114584,122.80443278367265,587.1051181688737,280.57242151917177,618.2658986528414,304.8783630044109
334.0391682617982,306.9061799229536,468.86644270688566,436.0508407177376,508.0525368296299,441.61205218097564,572.1589886624419,540.2601221678184
408.0972706477732,212.27590154428103,473.0351503265437,245.22493936617485,505.8529995206177,390.24072994744404,546.6927078636731,477.1561077203241
111.19176817319503,553.0518161222227,260.0539091378459,648.4617099758219,385.7569084553516,729.1289083226546,411.9411628133141,767.479553699555
220.79312978274714,477.93342857387313,299.01858021475,592.5555591146767,314.29629230129746,639.512466705563,397.4911120791186,708.2499700719516
307.05640902477967,369.48002224856566,397.761891965248,432.9077320375816,401.20682941829693,473.9974795335598,411.9411628133141,480.377381622425
357.6850908994945,209.61193993543583,429.91626575962835,400.5494343609157,477.74557384407126,453.55623120785606,514.8718824647065,645.4258154583296
260.0300124993695,476.1721750470786,323.51826135444907,565.0880522692157,376.2681228719557,568.4375886440562,377.7161637311647,598.0495020899641
337.17469161082306,288.09607430712646,347.1857400141061,372.36181098824466,371.75979060142254,435.7568993477783,422.1151273946482,521.0060076244489
216.92456942537126,193.4304362125656,232.50031340158534,271.0321355922479,325.4420942681585,342.9015713462878,364.21549970273156,517.6179281223853
179.10135941127663,286.9497617583598,342.7377171195211,431.6121743201111,344.9312086664453,490.53171436351425,428.12027280883746,590.4179684462888
270.412483437539,227.2325405466159,279.26043845574054,269.2314243762,319.2009011687873,315.9586230885781,359.0477616522513,321.7098148528276
132.15111167874142,468.52367154442805,156.45496452153867,492.6090430905234,189.90218287517246,811.969109365366,324.18699379029,866.1655454463561
95.1307024504829,168.04533286986677,462.93740737318586,330.3476738407103,519.3450475698053,399.80173272777404,598.4147261637534,404.81225455707784
305.34165781303,248.6008952938725,625.3005678348519,260.62034885373197,663.4188164956691,297.36869317889676,791.3012294144542,310.6081030138455
225.57879419939178,294.99918380455597,261.1183548415903,368.52518336281753,302.8904527049878,371.7751444528619,323.1604599029776,476.2142560551876
161.04083906968748,452.48179963154587,219.69348163521246,529.2846423391816,493.4210094162527,544.4676888505844,513.9722034774862,552.153030200929
179.61065581333472,387.16020016635224,294.18310624215064,534.7237001512831,329.0527871987685,548.9687849060819,358.20217561996026,599.903081455752
92.00668815290575,112.0076567076255,187.84786233474242,353.64307853596176,467.22964405066955,381.6266067594509,472.51850860359235,388.4409522088116
383.86290047281864,249.74787683524116,461.2245044279057,317.34006499090884,531.2164968150224,361.44523525529377,625.5535232825564,464.25798343519597
161.54692637107414,87.54988307979062,293.379049685756,150.20003394658372,307.48394324427693,160.45840736275971,387.31346365599944,213.7056743114149
128.15021071553156,66.1974743775436,202.02246668626375,268.5395054575367,229.78499568763388,357.7947566477698,235.9962010587103,391.06047594752334
428.6117438553723,233.137525152243,429.4001060146,261.0240366426154,767.8089324844143,405.4450863884099,769.7620930738022,413.12730989337285
256.92018490303474,329.2206394003011,579.2137558715768,405.8588729996409,582.6351819142228,413.1516214443653,730.0783312432777,465.25877889168964
75.69773991804064,428.243001478714,138.38445290398306,471.16725247657945,198.41693892944684,499.80169014716984,211.2587814269886,548.7398142579792
102.64644585186753,224.87461370210727,178.42959398610586,229.03351976587928,267.7291764618404,257.5382846141381,438.71499710478537,333.99737469127325
239.58893515316154,216.77036846818856,360.1364444163019,385.02560839014455,397.20670421630683,478.57441296535785,485.5690075944943,489.49227714102267
164.56448346319831,265.0084315068039,228.7306634054229,381.12282801625946,355.8226786855408,480.8787167911192,390.6275741066484,546.3235028662948
190.96439696934235,151.1246493136951,263.7689773034529,495.1379638548802,296.30488187418626,510.6381114145286,331.4800148640216,566.3219355048158
410.19881641280125,71.37636417241055,436.4855294077709,429.95435881950857,446.944625845721,550.5272250618513,492.52689785261975,562.0467871841327
165.27107197506442,261.0916431432813,332.342601896063,281.80776282715476,344.9241652352156,367.1953967955498,424.82684679973505,462.2065833903327
323.7576709748443,164.9772479897775,334.11039736321436,406.2728504881237,365.16375944861426,415.79600193284483,368.77492505161194,423.8734726977391
220.78069229270773,267.9504476663655,239.6944636179234,357.47033330547595,243.82302541962085,495.78901479725704,288.5212242175287,574.8599517008685
109.86768784023012,305.154866423617,117.46885281157013,454.10758866658927,219.01463252699668,479.53903729820706,222.49235032313356,627.146133898521
304.4243319205801,139.95254166573815,468.2214721194278,182.59217464717926,504.82383856766893,434.4114620472883,534.6682999675302,498.571376754103
364.40251420763497,19.74196613038238,450.00491743800023,388.31378792128913,459.26041496745074,423.35664384639404,467.95077842521926,479.9692233602775
132.77151230101776,197.77597504445347,477.26141094010757,293.22737843773365,684.2200738224321,388.24420461280863,764.8634401050323,701.0370600491011
222.98030776709786,82.51316452692642,227.09644951104391,358.58122617893076,384.26930130464837,812.1436054531134,599.9675704955055,853.7885450876937
88.47006576688906,15.302435559422323,215.04783800412594,414.60410651790767,293.5850489454251,477.4642199041571,294.34930458075115,537.0313270475826
268.197144737343,93.7713282264687,396.6872319900008,95.0914157596891,453.02479744490216,451.9107598205542,492.02102528079104,542.3227640373183
163.57415608910492,72.97439718698105,238.8834508187756,222.46056710984925,239.6944636179234,293.4785511196064,371.75523880870537,472.4464390211588
304.0389383224408,128.27996318839453,337.4789520725236,267.9504476663655,371.273241424007,370.58110660381504,371.86379685925186,468.9250255063918
348.7305659074437,98.14860081290556,350.09107518567504,350.2661250656718,454.0448064953078,455.81924082658014,600.4638251472236,653.5925488845526
145.23746575133487,130.83421020796428,292.99563721563743,164.06406477871104,365.65099178851085,172.7063417929074,427.9339957804304,346.19893591809046
118.759820842002,489.07124426710976,254.77625826986016,646.5608941148336,342.6898787336879,696.756938804891,377.8470923358298,750.1438433981699
180.27573297774717,63.818618086990604,297.07863183633276,121.91587778612111,315.68297366331694,197.4081214072392,371.76849250383225,592.130322191396
267.2922269448341,158.19647979184467,381.6680353923174,269.98776627682776,543.7570880708593,368.17447495377917,567.5883710334435,432.3438725819787
254.61174327596476,212.58375292001173,265.1415530596133,379.05229705529587,274.2656045621674,561.5926034614787,357.05231215230043,575.7134209447394
93.03744567265457,142.90373244893703,156.45496452153867,328.03253591298494,168.57460506661454,429.60964051968534,218.0343176799283,483.97037281071056
310.59974365936586,122.84395090143036,596.0236379612099,576.1803645148614,733.8489238986425,583.0180017746617,767.0347014721244,644.53275445801
155.0476168390767,213.1789495647546,422.88929403867024,430.26807553795777,543.7570880708593,438.2421005142054,563.7554115143529,642.6349767913624
79.78083435027857,336.210355019212,145.986615455468,676.1351881851964,191.04999363750767,787.7579167642946,300.3828126026073,793.4105236317596
406.04352646205484,197.3352056392401,471.59115775890257,330.21368095632124,568.8317803133693,345.53698531805793,668.9563038727941,429.98884607774954
283.5560982521305,249.33510195333585,356.53730168144995,479.44022421086476,379.9118599516062,511.8561630498777,422.4451801077655,593.06165118402
474.2644571396777,102.91236673767017,751.7291736246644,499.9103539257303,828.8125575345788,506.4807111098457,1093.827144022692,631.9308549598277
230.01723979276753,374.0741137737982,419.8032123106306,412.1905542104509,494.14273863105257,467.5998756852136,510.96703250812647,535.6371979257982
281.6262445399575,261.6215407952597,427.90578891472626,358.5871566429548,579.5309712645347,367.6385621120054,696.5303349377801,420.129057677608
500.94349786874403,91.01986841867351,604.4228838045739,423.3888259719684,605.6093545344576,449.97891231967196,625.4359035640832,521.8483127085509
119.7337262069558,130.83421020796428,172.49691225198313,165.89097521295304,232.30919956521726,231.4171643209566,285.2148740719079,233.7395599177011
43.995311840806906,170.3460845501966,264.0235140775402,488.6634974461895,321.1125095308434,499.82956886192613,464.2815261496157,503.0274501359362
168.15389278986092,74.16185617157069,219.88966430461087,207.01435277018936,346.2394364109372,216.62973480042882,442.53213015717137,303.0867381073578
229.82276326706244,333.4276273742678,245.93834437954558,356.4582660745254,249.5162388108296,428.6550131860506,421.0292651517649,439.8097178833889
251.4225687162395,68.93956197731526,335.3968580787667,235.30598325932985,469.31225082197045,257.9345358370583,537.5082271581401,315.4110005273589
167.89057128810893,331.2697857298264,315.203871153627,336.63927177442883,388.92639221627536,453.5135983117736,416.5750382860249,505.9421193132293
217.95033610432208,287.3473524889022,218.232722476638,304.1693850000349,319.1074586398442,322.8877502150207,321.0131999810815,393.7479047635697
180.83659312766622,192.99384636807278,243.6612455260109,193.44685399740254,318.44309227735664,426.9470951252251,386.44054964505534,556.5905796372957
86.66959213721958,339.3036682120092,247.35552718018292,358.5871566429548,327.5979986410641,472.4898080441377,335.84470604390697,526.6602394478239
252.69865280599646,68.13322215389192,324.4784268199938,327.18357223195966,333.2201957559155,331.0143650220137,396.38468987516876,537.1578517710578
689.5775319732107,293.7248981314117,691.5025096513816,491.3740647821763,768.7674776555979,611.118462971017,804.3605227773352,611.4108842136657
154.15239812876553,325.14189630223603,308.6443699402004,640.5984783148704,394.4152461408079,643.1284124902638,401.4086054088637,662.571814246178
267.1153510520606,202.71825530239772,270.0552255676645,449.90662451198557,342.49344832996553,484.0531998007983,411.2679843504536,542.5852210803288
306.5044122022365,205.64433324416746,376.9846804708003,352.7898432027356,402.03277543490316,374.4636336471313,581.8384255047275,488.24423046631927
269.9518266145578,87.93340176214016,277.5878621175889,92.07780136941047,561.7837374091099,168.3115353332429,583.3621833164266,371.9007864664307
37.07936786720975,68.34551507762627,78.84624235220008,531.9712580950658,101.85329980669991,583.0180017746617,115.29692231228675,602.992796080363
202.99003951064955,176.28856096619586,222.66579439741096,187.11786919975359,291.2190606240704,451.0462632186035,425.06952216633545,731.3245857435166
190.57845594200913,136.58072503075732,250.78240451671132,309.190083679699,340.235172569114,363.97786715432017,413.6250822838901,375.59711941902196
161.04083906968748,113.82883860322193,334.66736233145963,327.97281381281385,378.0935543572991,541.7964875127473,502.2061254765224,559.8442794701319
130.33041822623588,125.45627951158683,131.01305224427887,341.892296240589,269.5810890341735,448.74675253586673,279.8439861285805,657.26597717822
188.40189282374124,429.0809831848867,350.8537809663726,444.8635202096606,696.4047989982503,600.5079890322869,699.1890270339206,630.9043463988415
333.61908377147046,321.03375165433545,389.99584101380333,382.74299503698194,481.1280054963708,403.2683930898654,581.0509101908787,437.2714289827433
113.93126612785267,350.4986645152171,590.6282554945594,467.2277261511121,598.4910176294014,484.4169276516526,669.1192147031618,510.2475352200897
213.24434943069832,293.7248981314117,302.35879110344047,352.5023662522852,359.25006850962814,500.9282373762524,416.6776661470024,525.5124029250866
337.3140990634848,200.9919720638599,442.53213015717137,346.74201408951683,446.883749082741,431.4616529423578,476.0535289065668,593.0917492611273
469.45136921945056,144.0753638766924,648.6991874825333,375.35596562840317,673.6900501679145,453.2689244474104,674.4186744810711,522.3965169611689
561.4138554936337,109.86586012194789,626.5554794092858,437.43253046362827,680.2449059451292,452.51143248610794,736.9164124652021,478.65246880412974
113.09922460840912,124.47668400697097,354.4989361898523,138.7848460656434,389.8667373255494,261.01087290356327,537.7938465162265,488.24423046631927
155.71046433320367,136.32343821026342,163.5342592339284,210.3643648219096,266.14078178124635,403.7788562453294,284.76495906863533,486.966210962268
166.87718907414856,59.425939873778574,402.6408896557937,437.2714289827433,734.6074184738548,454.6289940346208,742.7826689967384,560.5897110851654
111.09533819083799,324.1193453484505,299.91196435494936,418.49627902115043,494.3356458069721,456.44302767722496,523.9646406469581,467.91799546545764
156.68634829785805,208.48717333361094,189.43614165132183,396.19346254700963,237.87951463757128,456.99774242550825,293.0760835653142,520.5910636724353
238.5442814916501,213.48353914778514,289.7952592166,273.0697466183565,405.25048774487857,443.50252177599486,436.99647935545886,519.6598450041871
240.2954663307076,376.2993621756354,533.8797801590504,400.55258551071205,616.5291842684522,459.3572188921546,755.7999193508801,517.9135737371445
41.99576089134334,283.53140717018505,368.89706606759864,415.63928787908463,824.4992464719036,432.75788085968856,946.5452102177854,494.7785741509644
108.67338024762466,72.97439718698105,152.15824768579563,149.81246218457093,177.72781909681746,365.56968821654857,213.2957839096303,415.8631924218719
312.4454600770479,168.04533286986677,517.5479280431463,359.600654444466,546.5958233160052,439.7854822587033,739.1721448184616,450.90778248545524
289.4561439802292,155.69503485624554,469.0308797234419,338.1696404299907,515.6926902966337,498.8229442251219,563.7554115143529,547.4480420738219
58.57676426238726,106.16949942283915,224.82504768038535,242.6612716083479,339.6802432527604,294.8171742190943,425.7986551170565,354.9191782717402
213.82385730075438,209.32784251274268,383.71715088303154,318.22876565882086,436.57923810542167,478.54973396775927,514.7272939406586,544.7301362587234
167.89057128810893,44.66681564654126,225.16930889466167,423.88171146179434,264.14273513080286,492.23779999209387,361.44980587750825,560.4147642482708
224.94086739196743,92.11254705291098,344.7060021945525,288.09607430712646,374.98920936781303,498.0031136000076,398.2327240937152,514.2039364606497
361.412110840869,105.90825320167465,458.2585255827637,209.41668001513105,496.4024486960784,334.64308102972836,554.492639001334,410.89850613411994
236.83003190582698,292.61804086093946,343.90210808796746,315.4760412092676,360.6333689667633,357.7947566477698,387.8537477534942,427.0380528652106
240.70683623388925,425.2166049934653,246.33670365077762,488.1052253590659,487.17369106533584,488.4868605120772,579.7514865620903,560.2177309576527
408.2134720116089,285.2069195437072,538.9566940368904,365.861949850332,662.4983646811219,444.7398793603778,669.9423847909309,600.9171806818701
165.32686652287978,94.16080111196187,254.29023138131237,414.58751334694233,405.3624331567214,445.3868541404172,435.4914820428671,575.1453931764676
81.2433534791557,118.93747599841736,122.55608042428173,146.05988034438712,426.0432889929448,173.75822151681052,462.6036175347248,220.66904293634343
373.7176757180437,269.19804609202595,687.9490305013425,280.1794548457984,722.9203647836672,479.5157725972952,751.2399452074924,602.992796080363
474.2517626929939,470.5059057396221,480.87068490583897,490.1659106399933,526.425607740345,500.6315920812725,547.3032872895998,505.1376154887111
133.2781178442647,463.5991129767169,265.1415530596133,583.4951411392768,297.93442665219686,676.3057934205987,460.6808012193375,745.6342694444817
365.123221667371,113.82648586509468,412.3304697457065,343.042616261462,474.32131335473673,475.3834047616036,480.10031332287446,532.769317738583
238.5442814916501,196.95263234918565,247.76899983370018,231.8478997204253,305.40233086078825,320.8608100566195,379.155418726755,326.99729324695704
115.43599257114904,197.2247162158497,128.9768725565596,269.403756034362,176.30981243503427,322.057003288691,222.53701550783396,442.0082125903256
363.45350492472545,344.5954037695791,363.99094098448234,449.25249561441365,365.88129529623205,517.5051083187963,574.8566113780971,598.7635259930288
115.09763870916441,622.4763472427156,206.33490306269118,622.7420207791242,219.54275524091932,633.8316245792779,261.9623422186609,656.764872604618
422.5402585418065,251.65681742946347,486.5636080281758,599.4508680027345,643.8758133804432,626.4377036387883,688.6072602593259,653.2041392597035
342.2789389828158,395.28937217663645,507.77164922190246,415.63928787908463,751.245622063162,515.5861141086237,816.553064295344,527.1620117248119
310.92617195431325,280.01554967170284,426.1139550370566,347.5081054675185,432.4862949314795,384.83567057321835,575.809107821216,617.4821321890173
190.75258758108737,72.47627398168622,353.6264213035606,245.43679468372017,444.1592606901581,297.32968485974317,535.7253666430005,486.5073071048315
304.280405832738,704.6100969308092,357.9708393929424,815.2711969466194,464.61609803397994,924.2484020910657,482.68251382915355,1035.2033925593425
190.34367737260996,42.80825738662292,558.1176127853497,218.51608391325115,583.0275393260765,378.74940821022756,589.3413125637568,446.6791326528546
151.05105213981113,250.63859096834307,278.9703762982928,339.8251360547927,566.6946159979713,355.6378303050501,693.8212038059656,535.7735680284385
277.14898162805605,359.41034387852665,289.6767349292269,412.43452174392854,310.8008147988765,473.09235346936424,380.48827264935096,515.8342307465148
133.83427239621685,454.0087082660503,304.31342755815604,659.3284036182704,466.5830869481443,734.5443027863852,516.999718737375,860.189059522455
261.4524658618167,141.78605469220415,399.02812266237595,220.66904293634343,497.8724501627989,291.79645193234836,657.7001061981082,327.4548908322633
267.5124219813325,346.7872178337066,294.23498286081536,384.54616822030687,299.5030720732582,397.8302821658324,595.1833386727744,638.9095776076357
223.0856857148032,173.5103756785041,467.0272907848891,379.4399222898098,934.9541887192919,676.7264480660488,967.3931091440013,725.9995898597195
216.75792231078145,382.77501597988316,249.3523829841455,581.1268303780417,462.37188102605586,597.8641937391911,498.17932423371803,611.4626632004814
372.1683703086287,176.602528265321,374.55756194428034,397.6395975049052,384.6806424207728,493.3113586668638,444.0522464628184,558.2344649335237
206.92319984040913,107.43397365128347,211.75866559351107,329.27465459357603,412.90983862404113,486.3854944461629,420.07856361865043,518.3397576726443
434.81298968169307,198.01972216856853,588.2086804045199,496.1067618581456,679.6967874040607,546.9980642190899,682.3760702840921,640.28482961664
250.84242576063744,33.83568420668835,261.8700487828037,178.00193359757958,268.2490158090862,444.3335913132992,496.48645077188746,455.9084460226084
237.7101377986891,266.7728976532113,431.9693903023839,444.3335913132992,465.02868707449727,477.039543325735,472.3284748935543,513.4443900691192
188.14204536728897,354.29169166023013,347.28323263665277,451.1353292684058,369.81678168642225,491.23744397748357,419.6216562674748,505.97382059941486
253.55866057123464,187.5123267888788,283.3221357981459,288.5670392739617,317.9948661710172,394.39436431954795,402.157683996954,403.2351064531451
441.20720053901874,182.51165860026143,450.7303927445727,249.54699237427832,699.9631214414699,458.4243277271365,728.6296667022945,511.38105762822664
399.15940271110156,175.53827201994955,472.6868131754275,398.2304659787433,567.8416939792029,441.27738446083976,609.3188646767114,593.06165118402
134.0531586029824,199.1959327302199,479.43040030180833,431.83202565020855,530.4338983997914,451.07314048810434,540.4122686884066,484.2575074821635
404.3141495055627,63.818618086990604,426.7546798153268,183.80118062612001,617.9052102100646,219.9281534224497,678.528921558724,540.0616754891604
124.17233354863058,275.7907268591913,135.7854334325077,512.1607739812025,146.4973725564318,539.8379025951032,283.9033227478186,564.4797218310406
112.22658371390752,124.17544913591044,374.61317483549556,384.6450115495078,568.6127549768515,399.40955192280387,622.2359829345803,436.977345976481
177.8323645919518,221.51741963662957,197.15848061414178,332.6147088008636,282.6061295622338,405.51132400625113,348.5881908068879,547.5976855071293
252.88448228416704,158.21969777563524,292.9767183529129,289.6187269100501,346.2663431077027,349.2842830208917,413.2816192830948,506.09657733877646
278.01953032693865,217.26366168365104,281.3210497393566,267.4739130950474,410.86398905756744,367.4118584749613,459.99727867427737,522.6799192030226
500.55760356595533,229.2389010040189,653.5778406875398,330.5391817183762,655.9269194176836,362.9332383356148,668.021110506653,408.4025943401326
101.05745248518336,441.76363852887545,120.59581460784936,539.8379025951032,302.35879110344047,542.7046782162336,353.1921214076041,663.3064522954569
592.979623985112,139.2725994003471,712.5591139256405,170.08647120486114,833.7382588982045,286.1909915796197,836.7593174201452,542.1161490601503
304.6780121944558,495.2103826878387,524.8926210832968,648.6638370152964,567.6174318262953,690.0608175306514,585.8004977576828,703.7602945814598
100.14049137620802,325.2321400682031,146.43559067324585,438.75249408401794,262.8004718443603,514.8344811398983,312.059817257666,534.7691932883607
231.6343278752191,124.94506088178478,386.67614678434336,288.44764059924995,470.0832424068594,437.98985963695236,579.1741279666156,485.67660427051027
82.79846288522755,418.48603960729855,294.92397357408214,663.9115164878872,432.08670463973965,673.0552603396161,468.7658366476828,771.9297062688627
89.65688680986263,321.7098148528276,144.4882651730358,366.72562955363713,194.75142292390527,400.44611055779814,243.50041854712813,433.2919386208292
120.50678597617139,137.96210589223116,156.92895792022745,539.5486968129258,190.94421549024295,552.5019935461797,193.12902283958468,564.5185652794441
251.73548678284604,179.47100108984435,443.0831564462233,275.9523943815719,496.5500537003211,286.887983626565,654.7914216050386,547.4967592024665
266.0538634067502,183.07489662097743,388.8560006832154,402.47634748514804,406.72212451069464,473.96475558364153,536.9359064251292,778.184377586737
286.13043943487463,309.15647037769145,303.25546273312153,388.04862823958666,410.49464536550823,572.4544643936886,582.2186136682277,629.5175135729314
402.96382974808745,397.63409482913266,464.0085240469036,488.4324082372384,576.1856737052427,523.4016800653201,673.1823546552138,614.7379404854324
135.38468360066025,147.90304946903896,289.5968713718884,155.3596172512887,441.94466639424434,161.1492086275426,611.9299986250528,391.1404066547215
148.2799752296764,338.3322509545803,239.6280331756713,491.5408403356326,258.5392552113776,573.6543955064438,383.27887496190186,583.802729786582
118.759820842002,231.9867223121341,171.35750777501516,374.5047499447336,379.37571623114445,548.943258772766,435.74980718710043,566.7833358785106
276.27583929208794,395.4905601456878,306.5044122022365,507.0541162155942,520.8682165109542,708.1715864254254,640.6213802391605,843.7975564843036
302.3196637933971,197.31853627817475,335.2895128313076,344.3920763680409,652.144690921996,352.10739851754914,669.5100335542271,385.20183310808625
83.91405740020679,155.67674031788874,301.4521420892754,532.6695081342338,322.27326900834873,656.6589809376601,378.0116999177745,713.4463008836709
180.7461820854255,298.0589194418173,262.9074485618677,354.53713329957236,299.5030720732582,468.55027133419253,476.2484133311448,518.3653533332855
293.9136213889405,236.3230794295726,305.1183263575074,269.38705096432443,510.5549915247709,367.3506276774529,532.4425343916821,374.4505860660715
283.28534408081606,305.3830273356661,439.87070024560575,380.5193386690715,495.9822445601787,434.3613330874289,524.1373537822087,583.2059235376596
133.2298829305678,408.53560766034985,280.0418510240725,497.6797637787901,652.1470250733577,534.7237001512831,758.3620285211102,579.9061994374233
202.02246668626375,50.57004710331282,288.1146850329935,130.74563641663934,323.865726717088,384.784592843684,379.952683298168,407.1601144621606
120.37488932550008,217.24595593068355,208.8669342689581,238.63751284801737,308.2869982361851,301.37730037986506,320.41745742885723,310.1446006254431
118.33366268164112,157.9410728310757,200.04411062853612,217.4761804933125,242.92686987058553,334.12480872938477,289.6767349292269,575.4525618185453
352.3159493069427,320.1296555368125,444.8839085663022,367.11917850108694,718.7129292794631,427.0673793321932,725.5193591623475,464.98312574849217
137.76998508463623,146.00922950447605,183.49096414896727,368.14288089362987,211.2587814269886,486.86426154406763,228.74304162431966,573.3353940228968
119.14075871080573,202.50603190586256,271.2103439206247,224.39096677129558,504.2232432692109,225.14987834241265,720.9941092931541,309.56215024025886
518.0430647198351,164.7074924983569,622.0637438456837,238.57184760728495,777.3405604759844,466.5334819341538,858.179225432963,748.1950737395413
89.7972985571579,190.9436370217388,209.93964274727398,278.0173311627412,371.37043865505274,404.2905781324171,767.7648110811663,478.7646919710611
158.30741004194977,347.7170858284565,281.12437270848454,353.74006080110615,281.847241530115,493.15141360778006,304.6609967096749,538.6710979654687
105.28499208007003,218.30150292031064,387.8364613645834,245.22493936617485,587.7494345800287,418.660432680494,615.9968037059516,440.0540793647509
172.60528376430415,202.74007328607468,242.5406954877253,439.6384607618508,290.2878070077018,481.4364941835548,331.4090738517025,603.5630135229976
331.33512242459847,272.9385462784934,422.9363042087821,315.59708256870977,510.2399343062081,333.0211176318664,585.401283919487,354.37613071401614
207.71399413848124,265.74581324781957,239.68632500040164,346.6197956722753,253.1827076055214,460.0598356504653,293.795281011788,506.2615892128372
342.77014315849465,384.54616822030687,454.67541948713455,556.1958297318048,477.92100298258987,674.3605246374524,547.867967346358,821.8943796241466
179.47139763598278,38.31182506824973,199.18866517146833,242.97211307344512,286.79662870688065,287.419955835767,321.7390299703407,406.8106119415755
314.1278331684468,294.72232910118805,466.07149476921535,434.1810085637059,552.9214059634913,583.7475864137084,586.0225096794364,590.7349547189319
113.09922460840912,454.3456327650691,311.3926647752647,503.230244729986,435.9274892798811,665.847858264345,466.2454480367914,761.4276952272119
271.2103439206247,326.37944169189115,389.7366775578591,488.31932631896484,690.2421813989796,499.27748703046893,751.5346924822139,514.5792432274776
166.17811885532956,309.06604822282776,193.34825237147362,464.71061436022416,263.00260507441527,498.0031136000076,383.0472939853555,504.06667746624015
348.14192892993356,197.31853627817475,528.0097073028387,428.9113428209929,583.7600472240379,499.3632522061714,693.0822999822758,501.75679412543957
81.12452399327171,511.47942626660347,199.83220212378393,522.4321685948596,246.63594859671915,585.3535411919187,318.44309227735664,810.6506918097522
179.72872064766779,147.00270346537346,273.58868891488726,178.00193359757958,292.87613940223457,392.74816053714954,372.2896608807665,500.8653600919829
148.6886253341697,295.06040853541674,209.89242550056687,548.311169847838,301.40764471851134,564.1518007957708,331.6723710513447,613.0287605892639
108.42441289681716,20.98836619940394,323.21671235703866,102.56185854997038,383.7666755921788,542.9160481137269,432.2416617436606,607.6204208703202
85.57518365095919,449.07038444727965,367.5098031764169,471.1385677613654,468.69929598310836,508.90401382108905,479.43040030180833,579.7232948838604
274.8487809617252,156.1101710046299,472.8016511025478,233.63205310682514,600.9939739187494,307.69733083227896,701.8472837207445,454.33487663069576
174.44401169918325,429.0809831848867,351.91535192064157,439.93693573459745,372.81704581916847,639.7815538241022,412.3987305292364,675.0666766948478
429.59980639777814,129.86508594034802,445.3013905666893,585.9031344282191,471.4452754306479,592.9952419420584,485.1355571840266,619.3206949981177
577.0930257569919,88.42498265508118,644.0300318580989,146.05988034438712,669.4462909684526,187.95829241044808,795.4229083425007,327.4548908322633
145.4389320764869,140.31344407364634,263.1442371633515,479.5643419694796,460.2816530957113,510.5935874628867,553.9106856001782,588.8295811021626
197.07569141435033,441.5421884723778,352.6170334872009,522.6799192030226,381.6680353923174,549.9161811075608,527.2500295275418,617.5238592459831
149.6940644404295,201.6828143057868,368.8990386424716,231.46133298602211,393.44937589405384,443.9289487262842,489.8650406711371,473.0158101413632
239.2935802894394,321.0765127545661,400.978489680279,363.5745148341578,465.5114215623169,491.99467133065633,547.0641093865077,521.3120478252763
99.01740236651636,118.38212991579259,155.42136260350657,291.5419165084027,369.31602964213624,302.4164555415337,455.6424080962819,337.3922867344515
361.08757012737595,308.81966915626447,380.4519426302495,348.68695055944585,549.2254636278168,422.84962922174816,570.6392988758869,544.044322793969
384.3681787447617,289.7339807504522,542.1850368710493,383.58322865272,563.1963317167821,419.79904060831956,569.2425855613778,475.3834047616036
110.42653190330246,296.21110381931766,292.5994783894201,352.5023662522852,384.755823225602,512.875951640139,662.1701701823085,555.8252002389446
139.27055911597847,454.67987868647486,202.99003951064955,554.5854274468539,321.26638495165327,828.3958052054852,342.1215235380165,967.8049769692984
318.0185688093311,313.90577736897365,388.71388738855933,367.1953967955498,458.82371864941825,403.07552269574353,481.63205709707256,460.50506684143136
230.37297659047178,146.60222572684668,273.6397398180349,230.4327966039134,376.3592649081502,397.5152745101775,385.0916151290309,429.19799303238284
177.39611791863294,164.06406477871104,227.75595499506284,165.89097521295304,242.68606069248972,251.6479959680341,330.6610723124945,334.18418626438717
143.53389723666234,191.1210892811841,424.5449218293726,201.4436069696313,499.77480544362413,207.01435277018936,514.7272939406586,248.07159473344092
279.7006225394587,197.12206124975918,298.47471388419814,218.77570479433282,436.2488827168815,300.1755762696951,523.6104605681161,386.2266336907279
260.8673978493501,386.2266336907279,277.49366882967024,460.2087433114953,297.75487642737653,535.208731458635,311.9502897383045,538.7385574997617
130.9825228794991,283.91259547622195,196.84999024243217,480.1946737926089,416.75126440146477,502.3253159516335,425.7986551170565,531.6134166654449
490.86554308520243,310.98887364535415,550.025555723483,343.93789242203997,748.8388014439307,364.6565981740764,817.4188961313656,430.6966761707651
193.12902283958468,144.3362358256733,198.22495454143726,252.4802139827905,248.76974754499017,431.7939060554236,303.1548419475658,508.52692235342715
318.8094395423212,253.9642934330449,637.5125481313823,456.8223975012222,699.4363527625943,487.2942126254157,707.9775342600255,564.9348959515742
294.5146010649667,175.21461390574544,476.4279100989164,283.82344235513034,481.52593980865663,304.4239468305017,492.02102528079104,488.4868605120772
235.3091807982659,151.1246493136951,264.0235140775402,363.3735148111671,367.1762485860794,417.43079201947654,448.7916699134151,461.63574737713503
154.2478025587714,193.4534781845536,345.77563993784923,336.49992985829334,661.696686132824,338.4919167564483,694.1289432790838,451.55145717283006
200.16541235744526,472.67021696303374,282.0089581942418,517.5623011060931,348.31345273460266,545.0504662139501,530.6510433681741,553.2664085432828
183.49096414896727,92.23900573358782,204.41682185684425,333.77423516667227,324.02236441870184,387.8810781376067,364.09061092474474,436.5207216441612
515.6176642722265,127.78516531149543,542.9296947790008,633.0327163984779,649.1996514176637,662.9668164423507,671.3414022097282,724.7744897296068
506.92282926787453,166.6468508226058,593.8132717256119,289.76064433188964,656.6163944246292,407.6416289051716,775.7901505140771,432.75788085968856
102.77560120440128,173.63651320214487,110.48349460195301,515.0307956408977,422.7059721462995,523.690773976493,439.3763526322068,561.0758379746287
184.24576938978413,277.27864814870054,247.35552718018292,449.1131688291803,312.64583579470786,480.5548148496563,320.91479794217736,867.778594534213
343.6569790960427,354.20632551876247,570.727149681001,440.1583965004798,709.5765387404136,458.1561846939129,818.6068436808937,560.4366228241184
226.4587816477028,393.14181851869006,303.8100547678788,430.26807553795777,390.0705407738282,508.60929391765455,562.6156441830784,574.388716826773
224.17733627289098,62.84240349778575,315.42583569784074,130.28592048097008,485.9604318300864,336.2716969083815,564.0508704032925,406.83375209205843
145.2905391724175,509.9630793031978,258.5392552113776,517.3395470048163,286.8007570712004,531.1592061879257,482.7808645505735,555.8514820700582
147.3176600615589,344.580429007163,468.96376482317373,391.28194709571113,484.2587490381416,439.8334240018082,589.749922081189,468.21529381093137
371.90537489601786,135.2110959591265,422.67933295572544,191.33696701572103,645.3196178861502,264.951170033113,645.9641187489976,317.72357629977233
165.24365699620475,212.68194539852752,257.13719523229423,426.90576029941445,545.023502257318,460.8568789002641,604.0506280401362,587.7957759701833
439.8128976331143,87.54988307979062,454.44262824110615,100.93831905817625,520.6317715178819,132.74075498322276,723.9372388301878,206.42259666563825
238.06101874765648,318.349700965473,329.32863063807235,322.5112200502352,381.9115815417172,352.8473676531348,397.18992882056676,370.58110660381504
244.78387728753628,356.32747245964146,508.2109424902321,364.4954597440146,523.8483088703392,403.0667364764785,651.0933084557058,414.8801527229546
174.7679313608868,224.7302543436282,184.99728964687634,466.63490204979456,266.68884700043117,520.9614428810092,343.18282921106885,563.0467891083483
435.7112294557131,137.1109936039644,607.8721456635451,290.0623880763157,731.6151252725583,413.28392896168396,764.1183663893739,484.6841170550757
384.6690739004653,129.03718407839716,454.44262824110615,225.79294151029788,559.3701759210591,258.9465784433131,686.8998913107052,279.9169114352874
241.20391286924456,406.06763948234993,269.9984365560828,451.24184687193963,331.28697110249647,483.4698331296984,426.7165542372203,598.4201185863095
274.35123433813334,249.7204730607685,290.6865458636563,314.73112669404475,382.8067718711209,513.4155809533572,395.03900010114404,587.4009782655443
229.82276326706244,147.54775623576202,255.58899440613712,211.31149162685435,292.30679525823535,253.6540147561654,322.6742154731153,281.94445001853416
296.56169632829454,295.6614537717701,376.3533273991832,319.07120480344304,426.7546798153268,435.86192118640713,584.4902349155363,562.039601591295
154.56917714712242,209.3249472438089,380.7504808877962,211.6727892587354,503.6990536184895,283.8038310700367,623.1297248618486,350.7034730249047
89.7972985571579,387.21981669088194,281.97213231427384,486.9551761289409,298.51206147553927,557.5815658647522,687.7150417208873,606.5051077957635
257.48250919932633,309.8507814735167,339.6232055785159,386.93041861083583,646.7566333392807,548.4242446860562,699.8605919363582,601.9698157709385
260.81271939735853,408.10698370514655,265.12641179479436,472.6378854564327,386.4315606056496,572.0935372461887,420.46841500793295,608.207156235574
590.6282554945594,127.29731226372611,591.9814566760111,266.8604859798816,601.5596525349039,343.0769542127266,647.2749073932861,397.25168379880324
178.42959398610586,296.1209013027712,218.88505065867844,402.73163620702366,274.90745803094734,474.65194475226815,338.0153865478887,592.5555591146767
217.32073244974276,105.83670901540246,293.51183708416494,294.41699587818493,368.0577254392284,370.15440902828897,500.55760356595533,380.55359007620984
347.3659569536081,124.94506088178478,429.4001060146,400.10026063020473,572.3706087962369,432.4709899257001,684.4109896628264,446.0167021396122
169.99348046430367,295.4834941773347,327.27924090609554,337.8594539981209,337.4789520725236,351.9973142013996,630.9285901051411,510.21665979477206
246.63519673656864,196.21094155590913,500.6364951798722,286.37080759821157,511.85235548023854,517.2012091523392,527.4161476336401,526.1120060503588
81.67903595104211,151.01947127339898,86.72902302387939,324.3301927792996,379.30862161508475,394.7938761222583,387.28924105799257,465.6318186072104
122.05597924606381,301.27402672017774,186.55219953268227,444.3107794821908,280.0886949282214,577.1069581083452,298.0174057512305,754.6271716449445
153.13449685828658,235.37904187308536,230.19094761673685,360.5283660190008,335.45898347860555,386.6798546903257,374.98920936781303,599.1179767419038
381.2918161979138,223.8202821364867,459.99727867427737,333.5105687586553,478.6743692993949,466.7462748922862,481.8299571552385,487.66778349595586
415.68694019222215,199.63761677796523,827.0240872278938,343.7939363907495,840.4880395759634,367.91211856332075,842.3256823028513,423.76851856716013
114.84544274240913,335.07461466611977,573.4025427984144,454.31164631208924,684.704184620719,471.39105196418916,698.659288024785,569.6360452133968
250.84242576063744,228.84865212345701,259.7281417427727,242.6612716083479,265.632030149419,263.45097235647694,333.5512080937216,528.0200985487558
234.57084961621104,194.9563244351561,433.95368086656515,223.9429486553627,608.8068010261771,252.74241315148532,735.4380748097449,403.7788562453294
194.21463907724547,321.0765127545661,272.9247013702117,347.5717691427814,330.0014833178196,531.7393249877481,400.98124831961775,557.4509613901954
191.71632513442495,453.9453726113008,290.42043199744194,574.6497995103033,306.0694400310199,676.9419729740164,462.5402384878016,771.4374885192549
181.17857005865343,164.87400233606766,290.0435899739826,248.47124428036213,327.6271617553068,386.83494044112314,481.5977544695371,471.2211363083815
124.33245237862451,167.57410395993335,125.49474434103166,184.85622945111353,211.28753978793648,416.7276055610828,356.53730168144995,476.08220850074326
108.18928751156484,203.09380424890134,137.7211930573468,354.6778342627654,249.76186300557146,627.5733645792208,346.14762046392406,815.5042967180557
371.80033852257156,231.46133298602211,512.6022585685731,350.2096831278433,516.5104558719704,392.02149823181804,687.2667235673966,576.3340337180063
316.1758879448816,198.27816227737463,391.47149252118163,543.2925060608799,528.4352682748681,788.6511799971953,573.617671227967,850.0936257605083
293.4581594221468,563.8060368744568,354.32096092271433,912.9278043182301,489.20646787799234,962.8142583273956,526.8564836139861,967.8538538254483
258.3450868397473,250.63859096834307,427.8130295751181,293.2675876231841,774.7423624917313,498.57592633388816,800.7088461474224,509.82329558619557
327.0250484759914,351.0233691599099,387.0407644612299,574.0784534983306,455.84772343725353,580.6900884582673,475.18723726341364,599.6825952239691
218.21936813987855,206.11000203006682,242.92686987058553,262.2678798249995,352.03648855787327,301.0776759403336,371.2944759833721,587.3778860708471
469.90904275683965,109.7536005079773,480.87068490583897,220.39268724929104,516.6881983365871,536.5690435141524,606.08837921808,541.4188049561625
109.69809374482067,238.80892153273862,210.1098395918856,438.0897592163635,230.41370453802674,619.3118754207259,363.9828437226369,663.4127968331118
186.57189070283135,113.38995171528155,313.5633749476656,528.9382991188917,421.2064193204517,590.2072056687514,499.31053390679494,600.7597707290835
242.6527485118375,96.96150326627641,317.95122308331116,158.7710367772926,333.88354925158205,218.0079840196027,339.8597577992752,246.32325728788942
548.4040833507058,240.14209707115305,591.8859164360854,286.37080759821157,595.0270324243792,510.58112676684544,651.8597393278283,515.2315400566821
179.90409224295516,737.650602299037,385.12001987562,837.3864787383235,489.8650406711371,901.5907082434115,511.0592376483875,939.7549376933005
433.5818365976722,202.71825530239772,450.43102329829793,441.9590327632719,545.3918152699367,579.7243405121209,551.1915782475177,614.724728662429
171.04029175901672,24.23817623172928,249.76186300557146,329.59358548337474,345.70703098804995,538.8017149451204,438.727741650426,553.1167262849674
87.22677400100162,105.19814817619013,287.2662949879482,265.84270439156666,395.5120148315689,322.3153224527101,464.92921582651866,358.04178908281085
329.0197404454526,240.45995663183663,343.84155741465094,296.4745402432503,644.9087750205107,349.79733181044827,689.4761732021138,399.42599935459765
222.12390779083765,123.76669374464169,369.6049542863618,142.0032817619769,462.93740737318586,287.53329935264526,728.2589254174015,423.8734726977391
37.07936786720975,23.29818455572302,114.47988389677849,281.80776282715476,126.33493422152114,360.48989876633425,127.422788542897,395.28009016174417
91.99682834315101,358.422841525879,363.45350492472545,373.3347940319734,447.3466162691433,404.3987715580864,468.65914907290795,444.14620449717233
194.3967868133468,509.1952343520819,494.81305589442826,551.4047066499111,534.4392192799451,618.2135518192722,564.3240082577728,688.2994194663403
122.99914786205046,276.95146889558686,135.5937745362527,324.16459939054937,340.18809459431264,395.28009016174417,497.7187363354556,414.7296568059874
283.49462765420884,267.47973243057464,284.25821221315607,312.9603893796305,349.8235125777204,691.4898689088539,371.11186992873,913.5796920964867
259.6510079698964,115.6074583052958,548.475342939399,308.1845315851341,680.2629805804426,490.53171436351425,695.8753039344444,550.6081140188263
126.93337804809684,208.62266826693772,352.841506611321,407.94191715618297,533.3355183550811,522.728141302179,670.2832629126491,561.2219286893945
376.3533273991832,462.2399979242772,404.3141495055627,464.14396521618175,528.1267078158795,600.1244116279438,627.6106119482791,655.402980703518
125.2839043173543,449.22748719857884,398.37813628132915,544.044322793969,487.14691528466744,836.4332944743227,488.19194993473167,862.1449057485047
130.15600582215802,127.29731226372611,192.57325003290805,317.1827070599387,220.36071018880588,318.66569768275735,285.2148740719079,399.752537044124
380.4519426302495,169.71095618386482,398.97661815766486,213.8860162412776,414.892820614362,227.71593125923636,456.22986203922295,258.8879433245087
101.44065502205815,342.50603001107936,411.43040147630524,402.62386050734426,599.7916016283052,487.0698676739821,648.0485444968974,568.0268507273753
44.8859633654739,348.4484768425402,287.6269748088233,395.62104270010184,408.8173181397327,438.1991612518294,503.6620204558496,502.25987647860023
381.23078990947386,299.4138998260405,381.2918161979138,304.06983819662145,556.8401281535309,348.591117088223,564.5052554434498,441.7867685323893
239.1523459071774,283.77384514518127,402.12447462165164,377.66282918618464,409.00719046124794,447.84943565387005,541.3981968976836,558.6100852389027
129.26217267952984,233.137525152243,141.46985310204806,251.87698005759043,343.41135050420223,287.86954504332795,369.3394156577333,496.15775942188293
224.48100284786528,334.8221666198206,499.31053390679494,476.59078362404483,645.5256691271055,524.0257560226581,647.9766613350052,698.4221467388322
291.478666302516,202.50603190586256,396.31853437939543,279.36619816834343,433.13807332638316,281.3176370856222,478.1512185501135,418.63839798739
181.3921033351877,55.59740387285198,218.1857173252035,252.44001078699236,325.7217718667321,451.62184754877075,331.72539314665204,528.561380774853
453.64883524469377,285.53810070021734,579.601806118387,520.585003463598,608.3183968610688,582.7312779592133,689.7351797427891,646.3342718998961
209.37384268944726,347.1563535810599,259.1145306765273,534.8946663457143,300.3828126026073,610.597369564981,305.3532717036088,653.5925488845526
114.79884685635173,386.48229832860176,279.21606893783974,397.63409482913266,371.2483265941914,739.0057961862311,497.0987228454309,742.6982787352091
260.29285659118506,330.62132058033774,264.8508445174657,381.59603010864953,336.073354210137,413.59668922404103,337.94794061750355,533.4536189082928
349.61539326741104,140.31344407364634,425.78146985627177,384.67535891224423,484.9021280193549,396.32337841349425,522.2761909044167,626.3392377498299
193.29192906398004,96.55024660505785,244.97798850438676,252.74241315148532,371.61867496521137,453.7371326397008,481.52593980865663,530.7410675701357
166.67989010657524,179.47100108984435,318.16491817228825,340.1241392655728,571.7871635275789,446.8975004635473,680.3595161449047,526.6681333364138
351.4795565722382,67.99116417935188,621.2025532772992,269.2314243762,687.7902574383677,303.4087217161778,825.1711278698585,500.0074348557516
99.21112711798796,130.4513454517962,509.08640742340646,300.42057142753487,564.4531255493232,302.13969865961815,626.3265557184151,553.2746842270295
383.4326089888472,94.17164178477246,483.48564992018584,282.22216010465917,530.3480816606858,384.67535891224423,556.7309467330429,479.5643419694796
133.115482397572,324.79064282256115,335.64760500534356,424.75405915574413,390.7288144557847,517.6179281223853,793.6897472951018,633.2102250483689
190.06941719376795,192.9565128865197,364.3034374864064,400.007946176472,429.2190241287539,514.0919460001135,452.4642283384499,609.4196699447124
299.5349698495115,400.2999327095652,420.5734841834308,586.416829185309,424.95807802673755,690.6302598805172,437.33155657389767,702.5381440930765
112.84605803462497,164.4820864242647,148.31260672562695,170.4452653384448,211.5523600346044,259.97376173724547,310.2710199765281,309.56698581636425
218.232722476638,291.70901894562087,243.5782437029906,299.2169827845263,444.88695658916595,310.45303137563684,495.65130877150796,432.98277909609567
164.63609064205008,279.4128823141167,165.5168155507991,374.75125398233837,241.95816080605013,620.8360867120713,314.963789026739,644.9329023717427
174.44401169918325,104.24694291877259,195.05142089471042,115.17971993393888,345.9345349013982,171.17085860464087,475.7558405705971,231.2700252372372
304.00282072301394,335.8365565812311,382.7425718449014,429.0314295466966,500.52161879452484,661.0425287080111,559.9066900544915,675.6850402996989
98.25426906808607,601.2419293976122,223.95852652324413,643.6255238348149,341.46881178095776,669.8784034409024,409.9660664661972,683.4312844117849
72.88420640053,19.74196613038238,360.2257912164577,395.2707974314549,388.71388738855933,437.79892063656746,441.68474164663394,499.70417892652006
358.5090162846855,229.12836720314957,512.3021550794766,380.61625869787065,685.8175645650949,422.0288361501366,909.1039994500176,477.99242704003683
226.05143882175693,125.82342218099139,299.1663998647633,242.09772018748177,366.8596768082352,276.11158663894383,383.7956515230423,379.2179574573723
341.3118130878313,104.91543876985509,349.47996968111727,218.9354911462298,441.32732962764385,272.85493425420617,476.4656525580467,275.73144585081576
227.8869341548052,341.9528816511213,317.42659466633995,363.3591833206911,387.393864042285,497.6507299047566,454.13590213343986,536.868065947926
275.2862104442641,142.75114117431698,309.79245658662444,201.6036022031137,344.7588163441831,610.0964013735849,365.73155062266534,660.6216494418774
245.83238811498782,488.5053793055805,414.6487428414369,491.0341884064114,452.8343136930937,504.92349942122326,472.55607426143825,586.2676263868775
245.7741973708794,299.7616899822637,257.93627793081225,328.4958743371564,366.88431068769995,429.0314295466966,422.7544753119245,466.20298647342844
386.69240988141706,334.7007393199202,493.3571100477486,651.1211809128017,618.1215156484392,774.9893212213966,628.1585487136394,835.4774168173109
115.09763870916441,293.63148366352755,131.43737011894927,450.98957866850685,133.30534660784986,480.25429307058903,184.75541470710232,480.5349903108964
196.05559883455612,240.92226608311233,227.11050372396232,338.91632518053586,301.72319101405697,542.3741344666332,337.5462894645197,767.2329301175463
370.93608998568084,234.50232159254452,391.47149252118163,286.35299961701287,624.1262661990348,303.0867381073578,714.5902324224427,310.3141135127389
323.7576709748443,153.13959051848238,494.49023747398604,273.1716431937974,602.4929619038599,358.1813726110858,661.3747538452811,455.56376447978045
235.73654068147655,419.14533205598093,239.3754599742584,464.05218095099684,340.7241044438714,552.3310572520817,533.0172053980042,568.5569501167819
301.3533143715601,134.5380147947122,319.43700155437887,298.2317877681694,323.7021542083248,429.60964051968534,643.8758133804432,470.3837315041302
310.10842235877107,182.46205136618153,443.4227824265992,271.90329578631577,446.3749999932927,319.05793016592787,567.1765237053785,335.6395370633169
282.7212457695536,50.57004710331282,283.28534408081606,179.16371735532678,422.88929403867024,349.3318307224421,637.6905513296538,379.2248953929698
168.55469781847538,231.52520444968778,766.2929319849696,303.5693268536711,863.8239523349138,349.61993197375375,885.1340247140358,355.8992605677332
252.62991573509981,308.9246410874267,253.96474214156402,443.9289487262842,520.8682165109542,671.4207804310125,693.2232554344362,712.2775064991389
164.15790318743413,208.66481800546998,265.4100225276388,406.2728504881237,406.9513482280561,452.6854816570614,465.40295892197895,452.94021805436125
413.59348649049093,419.42474707853626,561.8661832185259,439.596075119763,633.9445194305924,466.4345149267063,634.4337569744933,485.24444679655574
112.22257623531063,267.8665386266479,272.44434747607943,296.8663445953351,417.76250035188116,394.75190353334506,620.231087714019,432.8356312919185
179.93817692316065,497.50142830169756,231.03143639016588,560.7858536001967,510.66173297941026,570.2184417477985,513.0371267085205,671.9257845159555
101.05745248518336,148.147938859622,213.24434943069832,277.20118160800865,221.63899056201342,283.524335952983,353.0451631521665,396.5102449752644
394.54864636429585,234.37345436427424,395.4052818632119,291.9672842921758,401.9282353490987,312.7112129343807,534.8307531464918,489.0624416016129
229.96341899115492,382.74299503698194,420.87022561337466,525.3304163341596,483.68526998430946,546.6797186194842,484.1050083268569,570.2859297598139
170.21525314476398,231.8478997204253,176.4215909906455,322.7551393924883,390.58212791434636,387.9425927417599,391.0729603335612,550.638321509009
216.44713736495822,13.879386474471575,230.37297659047178,263.6312836955323,417.59897547213285,302.9532070248849,452.8491076022565,476.04655502564765
102.64644585186753,211.3807543564264,218.88505065867844,227.93348049909818,227.41655957018,343.8253808238514,433.7577739157083,409.10617511983276
175.9322848798778,245.1856165248638,176.4705917425546,441.98783878795365,297.9903581888385,455.495780672352,373.85508918173645,557.3163256676063
242.6331647480751,145.0174292920983,363.04065487923873,200.3645117780649,386.74589943900884,245.864259942158,412.90983862404113,360.1790335548725
83.91405740020679,105.28520461447937,255.75971298405415,128.9625319921174,367.4384002316401,250.7231540881279,387.1669307626899,437.3179721699758
376.74193515008744,84.07074111917179,534.8515613141716,227.25138362303343,678.1695684786764,525.4559889289966,794.1184775974634,544.86763927926
269.0871211071833,524.523331044981,488.9227365949725,573.259300979199,526.3149058803831,651.9903600624274,592.650850557449,707.525959790996
356.20169787718777,122.9274981428803,434.1569251170932,204.52746013463346,534.5759648876558,248.6469569299152,598.2895667093538,279.175772243615
349.5874072456363,231.9867223121341,466.54785408558433,323.42440928095846,527.0546470167981,385.24800740765824,727.5524626851318,486.7770586545531
409.68144720923954,357.7981478251691,488.9839822337309,359.53835378344166,610.7304219328952,483.96498580781076,622.9665653081411,554.6187500522913
82.05931115259197,134.54711339677257,181.3921033351877,251.11051015030392,257.06279733970206,263.215782215524,333.2201957559155,422.59650841572983
201.9593620183101,240.15590568252708,308.3816983230418,402.27199680064894,367.26829504737475,600.521597844854,506.0474364345895,611.9681294277952
175.74823141572216,57.482942318048124,341.1090245933091,331.0137092991928,410.8254211631785,339.41663637105245,416.5612899679891,384.15521317654446
226.73341726065811,224.85468178445453,527.8841588732043,250.47710995711577,536.9983024032755,280.83435062485614,550.3605518292856,323.9796909578483
277.6304927811344,339.65386132939506,313.0741303855631,457.02045658243276,369.82536260682696,469.02720197134863,381.54537337551545,520.2659992183903
73.76264104116667,67.99116417935188,287.0797053549604,227.2325405466159,343.2681830820473,335.43700623696,482.0921280981365,433.2919386208292
199.42376699121849,267.58855763887277,225.36931654160966,364.29794405907813,499.34484656304426,436.1171578614656,649.6900404994882,460.7500234799539
78.79196970400247,280.5592549800929,100.14049137620802,327.92942707947344,291.55719346975053,404.3987715580864,371.86379685925186,546.6696356246891
281.38261193685804,66.4828600057549,468.96376482317373,264.35996431744144,572.7385462309838,344.9260519661732,596.7297627903336,357.64209225389175
401.6120152092646,446.6088296743636,581.3021917424409,532.2078052941177,646.4857135167136,574.8599517008685,649.1417730024754,610.2058633506603
359.84061467995537,201.5121360225096,388.26932390152444,229.12836720314957,981.9475226892123,470.3362271939325,1050.471522018738,626.2567417095172
186.91674685721205,34.87724717424811,299.4555362177905,463.7480244336995,503.7004289100411,504.3016835938052,506.2774275380165,515.9113517434679
225.18640353139423,425.4028345517785,313.66319272652595,447.83095580626093,484.7688716985408,468.81830255248866,635.57747057306,505.22304282302173
103.11378270708913,115.70242079516166,389.23160457079786,162.36981845425228,443.479545158598,348.53172141963074,471.477436174051,435.9783296531978
128.9768725565596,368.5630548915789,181.44395998828026,554.5768846031575,244.36165446496946,570.2859297598139,349.9279218398129,686.3720951800067
163.57415608910492,330.38448600669705,220.78069229270773,450.7501830130039,265.11012482005196,479.9692233602775,334.53015581112265,498.5747932917943
137.33758401326975,199.1959327302199,235.73654068147655,307.0382144575994,367.5539294874092,594.784979099032,428.0466091893761,631.4076393511574
142.88455739766223,446.95878505818666,244.09127293160665,498.52914218301527,311.6537145849282,553.2664085432828,358.58562302378067,592.3356848596529
267.34614765633677,346.7259278316999,383.27887496190186,389.7356001256623,420.0454853897622,429.6938906636566,440.54653535116387,464.5923033153172
158.6563628496036,154.71552050432862,266.43496283951976,301.37730037986506,310.5226694431335,308.08486787898397,352.11277571270097,328.71310212693163
171.94551194512596,91.75419657575341,395.88690293499235,224.9427135865247,607.5977015100268,429.0369299708022,708.923761152795,476.21467602384905
321.5796615346572,155.89124947769406,391.69159906883,319.83876528462633,547.3032872895998,348.53172141963074,547.6110488389811,463.88592001073016
306.096413369115,332.104454642038,456.10104697909753,357.0015660048424,466.26167044756346,590.4804920113119,515.4570055505952,626.3500970904976
267.1153510520606,173.70111570071123,321.9735477675779,180.17137156546036,341.1427993999183,221.62556524315076,389.83386102638474,492.41995750103536
142.88455739766223,202.74789227362243,180.36632201502823,245.94885801092238,229.09688030958944,414.0212423657666,246.0379178584964,519.5550842639499
277.71871006698484,330.84662547065045,320.117086606672,556.208629221938,412.85941381974584,707.8589120584215,421.09569149888137,733.3567156526292
111.19176817319503,355.8289396625796,274.941129780467,400.51154855935476,321.0259315932956,414.60410651790767,390.8306609777214,530.230413413407
257.13719523229423,432.4461119684837,389.4968389612138,546.286608894821,518.0509353629021,644.7192150130084,621.65987407758,648.9801663241936
95.1307024504829,365.77199881963975,369.6049542863618,402.6518441921622,428.3516099642237,442.3939487572007,642.126317001958,475.9868050901124
100.00335311713657,325.5591260323135,119.79446944496972,543.1145620927825,288.91918196205404,697.9868027160913,366.7271242127766,702.0865893326971
116.3968639332145,275.9523943815719,188.12144244647595,304.3463838122202,308.1623725403599,340.1241392655728,351.8538006010584,487.28334298420526
239.6280331756713,456.12613981409675,299.5349698495115,534.9997269546972,387.9027966706004,764.0309276926623,440.54653535116387,852.108836805396
288.1972253653164,75.5104266239747,331.4800148640216,280.0551563700588,422.89299178162736,475.79556635216403,481.53502755419913,561.1947514454853
368.38485373144516,133.88227368526273,402.12447462165164,187.9662026382523,510.40631695073705,279.36619816834343,563.7003343751213,309.56215024025886
298.9272535746643,105.8845947579763,449.9376662798195,309.46827394374986,491.5093279097835,340.8729939587107,507.1152240489907,366.4602176884979
105.64253388944918,497.5518103316106,467.7910724490607,512.049540532689,470.1036670902696,582.8218402512903,499.3988468136689,592.1196151364913
320.48379726765756,347.5081054675185,517.937767058354,565.6761870681514,547.9086000864812,594.4262758888542,581.6090704158191,652.5148735689653
245.83238811498782,272.8796219768224,333.9093625106861,363.41318138811357,378.667064149814,462.4857392312654,556.8401281535309,711.984282258999
366.8032424522211,51.83914022136639,691.2700379455126,297.3579288353289,797.6505203420171,333.55325847144496,857.2131698164544,499.5988163327853
303.66423936935075,116.26301820727379,481.1697835453055,161.26122927425484,537.1482671508355,244.3113985580445,640.5055921926372,404.2905781324171
176.18665484607078,222.1883621786039,300.7330852661401,451.92715048748136,311.16093854993227,524.6700638718489,324.8458114898824,645.7150920570417
156.2667907909282,323.944806921296,220.3186062322124,330.62132058033774,325.2431193338398,543.4383968126857,389.999288504968,615.583433560578
254.92844000775295,350.2096831278433,369.8348659751547,367.5918793479471,395.9786547950834,473.0158101413632,485.59674868854626,478.9595535559868
155.81118975657716,128.03923949047595,269.9518266145578,332.3307768341786,358.9814496736453,468.3948009782262,579.2221431834267,599.2690765926827
228.7306634054229,312.234794342582,283.0428440040457,357.3291926349039,388.05450826805173,431.6376384540395,477.4019719159585,492.23779999209387
265.4100225276388,242.64530088110433,324.2193791262213,403.6570731651239,338.06850856202,486.87615101232484,487.5963160750793,579.7737553033621
389.42855412618405,345.11052899816036,436.14783752673793,383.800429210628,460.11390388244604,416.5819236949698,489.63566116631085,577.3301471235013
189.73484718014632,249.28483490299993,261.1707094055864,360.03595452425935,327.9759970951755,414.80804298282015,338.39590733114517,558.4267115726396
117.68228989365532,57.85975558685932,223.8942506978932,295.4834941773347,267.3929666814577,319.07120480344304,302.11716852250606,564.7779208396117
129.618907022246,536.3476972926052,234.60463596026534,547.7038068309125,273.4869867341792,649.3492621921108,324.4978710044269,729.4894360227364
243.4127419608848,332.9627792848014,324.90573177869817,403.07552269574353,390.0181646183712,429.5557429175807,712.7604290421846,481.7514788941298
260.69669144678505,127.71773342738132,298.47471388419814,178.15695624501987,328.0683622021667,206.12539758993086,460.0043091966655,214.50176802355736
240.14435078508413,231.5486780430999,241.42448677997274,371.9007864664307,349.2146075586337,387.3086316709015,370.6673070600679,444.0099480609016
128.63935684601043,222.3920951906934,133.4250261331151,328.4958743371564,138.51086958640957,346.62661276500717,219.94726991499905,360.6206620297498
172.60528376430415,412.15907508154066,238.73046315347977,460.1886896086005,406.69904481872516,525.5603097152309,458.41021825182327,633.375509394539
356.4019450602608,364.73583395499145,408.3015541854295,372.8751058327006,512.7217332515902,427.0803113116483,537.581411022496,472.6378854564327
294.7423811459365,447.8625231187149,421.8378072153057,552.145134523211,536.235211586789,587.0277588949727,571.1705516598041,619.0623879164469
503.6620204558496,246.62416014101856,524.8926210832968,271.1802733146355,542.0151051896736,502.39048451944853,589.22705889479,504.460625926455
546.5958233160052,44.643481320819774,553.8507146294545,59.69057471404399,601.6954600010249,206.1526974928309,633.7573469568098,352.98000231068437
543.5942463265831,385.4594229839428,592.5474426657662,462.2065833903327,636.2151949370289,608.5963506263649,810.2934293447793,660.6989792418505
265.74865790969807,365.86421583812773,284.80533849467406,604.4428663647776,451.3376071427469,660.5086423237962,458.18602095125937,687.6459835934651
218.09447946911678,378.4696815789767,277.14898162805605,424.9872346370538,315.95037488827865,437.369880376478,409.84928609129435,450.3996430360839
88.47006576688906,69.57143871562731,163.6450155980708,269.96190782501,273.60972461193063,384.58980474452756,278.2680158012337,391.06047594752334
123.09781337153873,275.89603726049205,137.99471989577418,727.604911782064,406.1381869137811,737.0758994504004,499.67463879843785,750.9688773105692
396.8230115988149,259.3191190344048,455.87679807870643,428.19576214951,521.6922591822896,532.3907089737911,527.949905230135,557.9046240259113
75.04259629383147,285.82620409730833,179.45314501805956,435.86192118640713,372.7026589049765,490.57125449790243,395.11491801133997,521.8483127085509
438.727741650426,42.92200034654755,452.50855415984256,100.93831905817625,526.6124568415324,150.20003394658372,553.8507146294545,306.67988642765835
81.2433534791557,262.6251483104549,168.22117734890475,389.99583422804886,495.17302872641363,494.962348281866,527.0804267210012,567.8752340619216
152.36759000874284,249.24425069304934,260.29285659118506,524.7513986231919,379.56624277508587,562.0527014485916,400.3208193081322,565.6753545885357
611.501403069535,234.30077313567227,652.1304687734441,294.17896933919786,924.4628449476546,325.9200250665969,966.0066998534852,342.42833156354334
174.8181914460267,238.92240638961852,312.11828622518414,388.6865735469116,500.0445504769314,394.8254754837906,563.4852626324695,451.0623142839738
78.81584803460089,372.2166747794055,81.50439232250403,392.3167406028891,101.60667697075549,441.77989967500116,124.95634783146559,441.9590327632719
203.3571841058906,118.30385890858975,435.8367544162981,292.42953577780327,509.68337399398047,424.58091599948614,629.8365130200043,467.4897221644421
206.96630185941228,301.1416802547408,218.51368042530632,332.2880875333675,403.1821526568555,348.562014854498,403.3305696621961,379.56124897779495
88.63341594541124,92.11254705291098,101.8258365997592,372.36181098824466,124.98424392917876,516.8001371032168,328.5646022307796,518.970985141885
268.5598594297776,342.1313286754304,437.6772681641952,513.2809354669228,565.6601616732897,547.2515477108595,592.3177178010307,571.6704101590794
137.33758401326975,359.664322130442,340.7241044438714,386.4653865252761,503.28576992087693,399.56809964853187,507.08749670604544,400.4722742657388
252.88448228416704,96.49736598805924,288.056087425532,193.3660210572493,341.9261157833297,346.6197956722753,489.13224842723355,473.07369864337966
161.19469699447507,403.4913385125667,246.63594859671915,493.3113586668638,268.23663232755285,508.48332800995655,271.077953726387,522.6090797790023
191.26978816766956,142.75114117431698,215.98287305904088,340.16141495699316,262.3073020173517,556.001076835176,288.34702454946233,641.2850207848057
320.57098701730513,178.30301149364348,367.87626616745877,242.450742747397,426.6723265020182,442.5787946334413,429.91626575962835,450.3996430360839
187.91681151186012,245.1856165248638,731.9827081345594,246.86406718620862,754.9107568673664,259.5979891723017,755.478025128147,380.2590556618768
414.0505257873547,425.0507740966639,492.7389085329425,544.4676888505844,638.0275377799477,658.1010113583155,736.1189323789971,697.333334351467
165.32686652287978,262.2153162992266,292.99563721563743,279.9049248135079,308.2461902691248,372.0991195378361,373.1483587228692,429.1920962267961
448.18496879840075,195.04853633774718,517.9177682530311,335.652100114735,538.9566940368904,341.7893265381615,734.8385125531169,368.52136988144855
82.20200745995638,98.15600733682098,262.9074485618677,246.92962430003124,294.23498286081536,348.562014854498,535.3812122802451,425.6638776702861
101.59947428794541,142.63354791684853,260.23615684920827,209.42250853082635,273.8085919297523,322.057003288691,312.57050181446374,410.9968182376934
209.83759800590553,401.46679264323535,255.6744128272953,469.636464414061,474.00183239616507,473.17306689129373,589.7891153463353,480.30783832774495
687.2667235673966,254.89623610422123,852.7114108858523,313.82083693597497,905.3251569688994,394.72420534695493,933.4125370271718,463.9462139194327
225.30007614315585,178.10833570173946,351.8099971748803,298.0601378205626,455.7978208508701,463.5481388946408,535.0558466655566,556.4631522419494
236.89037891609138,285.2069195437072,274.0422697060928,498.5410517976545,307.84094208974744,513.342468533725,329.8308450526424,568.370722129962
53.51261342302483,55.41674674725966,331.64480990152515,244.33746961823425,431.7313443062405,407.88332473948253,641.8195676104615,505.31707577365665
164.56448346319831,302.10434920960273,268.3960322341736,447.46245869366226,269.35965631607075,455.87131551455093,274.3853466279904,630.4269259553196
371.25838921753376,148.20217781564182,383.73202332359483,213.97248231751115,579.2137558715768,289.473414374662,634.5559026587875,404.9951078242895
310.59974365936586,328.7106157992627,452.30244155892314,363.9828760341413,626.4510344301144,381.836158202312,644.08799485524,525.0734748320025
133.83199515968283,104.24694291877259,254.58152808006656,198.76211805876207,298.9432205319875,258.52117030516507,301.72319101405697,335.461488222726
208.97363803584602,291.95023058266577,213.1943717840311,504.59300139957276,375.2353619418877,507.4906855366294,390.59997968603307,759.7987296088958
201.8029394487861,127.05350288304754,230.03321399741185,236.10065920676146,238.00933973743736,347.0907491630075,317.9074136453089,372.49434517154566
307.46946512801827,224.33512268310795,483.91148788520195,310.09996434406395,497.86662295488316,310.45303137563684,504.4081501187083,383.1922422991951
250.3979695995117,535.3107474430833,271.9827658894521,564.7779208396117,272.80510307336596,622.7420207791242,282.590798509411,626.4561165045081
352.3159493069427,226.32848395746763,404.4196516606109,306.1708133480146,488.08784167459146,410.95484858848766,563.2472590813867,484.5339287589589
328.88362086128967,120.41511338373172,472.45327814556714,310.8775718540163,596.0236379612099,327.2670711313312,626.4510344301144,365.11682906898517
142.43392808916195,369.26237186914676,385.28153860626475,428.6461398503034,397.18302614071445,591.6546277652088,458.1461993840247,598.4065701418451
139.43582422411237,331.0053251160875,216.27699550362874,433.6407414501158,314.2500858353304,439.0625891430419,346.50645773383934,462.37016674862286
58.57676426238726,497.50142830169756,271.23524660570547,526.3718044924026,397.3102905788,539.6251145930198,405.37546600720293,667.1693494981068
74.18072806168404,333.4920723323268,158.51159427063894,351.3235732740091,171.9534897589123,576.7497278199038,405.36473217431666,652.3013496488267
274.90745803094734,202.99778732807056,351.56026700258326,291.8285018989441,433.7577739157083,634.1421516904343,438.71499710478537,795.911490067601
99.22629843728235,239.69435073263847,268.3960322341736,242.09319683749712,306.6343822642132,360.5283660190008,350.61161774725673,482.3312120937703
74.18072806168404,170.44048845072,84.34085363874571,314.05440042383657,181.41712413727907,364.73583395499145,387.0567938092052,608.207156235574
384.55665008552995,274.7118592791878,457.5197969652237,362.8693573116553,501.339895540853,366.6370988600516,650.1575010398924,425.1060373628299
349.2146075586337,68.39479732448055,371.90537489601786,188.77158732378928,452.4813067739505,303.5911149757201,536.6396217570348,304.1693850000349
215.8530104081772,320.4017686414666,379.7444215064687,341.0969365260448,496.1053717389365,506.697372225318,509.2067529469452,631.3219411005883
231.96553847689313,128.9625319921174,333.9334738890034,168.2918704745356,415.7268234115386,203.27865005378382,446.48824687768916,385.3438784156573
401.9282353490987,166.8921836212052,511.4299074836798,217.24595593068355,545.6053373521925,253.06998032363302,586.067365377504,408.4025943401326
542.361215671702,173.28252877748474,611.8369400170917,257.8660626300626,673.6085635985155,287.86954504332795,699.4363527625943,358.9511723204246
323.1626846946107,369.1910757062636,408.90608303134934,559.8874168703578,439.7689212148728,591.5090562472102,481.99700619428245,616.8717016146437
143.43477171603834,480.1421493737674,144.4882651730358,551.0920670333062,193.3421562907686,710.6251557182231,254.73740581363924,758.7610078940043
453.64883524469377,213.83736729174475,476.866300627825,299.28256383695674,542.9191483013067,362.1892304589169,604.8241143891587,377.93786189757327
230.9198376490769,196.23433917299926,232.6520034142474,401.57127705419634,264.7505341226444,443.8436607537488,443.268583280741,476.1560937847177
245.9825684328075,236.67550214969108,307.48394324427693,361.17595688841385,312.9239539080409,595.920857053438,318.1740771201679,689.1610647423176
116.15163631558957,109.17573744329745,221.2988888498909,125.86642782982648,404.4134639446159,392.0352613585392,409.3400647127939,459.3060617072238
304.31342755815604,178.74186040277118,427.344823357555,197.3352056392401,485.5146366601869,351.95465303440665,525.2015042781331,357.42193057478863
303.25546273312153,244.7869002648068,449.856633757884,449.1131688291803,515.0225713528778,677.3354437052853,562.0140550299251,706.5838940411688
167.8504433458637,198.6060288921524,274.8465678253738,410.8816723579308,479.6223370647749,432.5404084147258,945.639901460331,445.3869249656885
120.56221169821399,59.69057471404399,220.79312978274714,99.91204824559134,340.2032636503844,148.62178522196555,384.4920765152301,402.84777954020643
73.05310690877542,351.47503915601663,161.71480233850403,431.3921277779904,290.60050717955824,486.5799652658638,447.00501453259176,611.9092190506293
125.49474434103166,308.2012843442635,127.72125858031814,469.98524794710255,245.88115692623342,481.4364941835548,283.5560982521305,511.25601433979716
216.65978038201484,229.35318647521026,263.99735360725685,469.49680235495237,527.2400841443564,471.21440861760544,621.26371817032,520.307242141415
180.78532331405486,285.53810070021734,265.8615745889377,504.7059547122763,318.455174882551,589.0425441571734,325.4420942681585,598.2070354974928
242.29558513046655,148.147938859622,317.9680982209469,336.2800625852484,460.39013191619694,383.93469995382833,492.9295439464978,422.68804222268375
306.8264311059237,140.08368987712683,315.893012527728,238.70528424440556,404.4848743274722,260.305751508911,504.3286161978195,312.77227533706855
345.3309972660425,309.34069534942614,615.4428262824059,513.4452534155921,625.5335566900402,559.3942357909355,665.2009549515494,604.4428663647776
366.8032424522211,126.41866344642912,546.1852640031909,497.17901679749247,588.1578149936606,503.8431491246551,898.9195638730155,516.2386679627305
321.3467131977332,154.4703028964982,371.7005271040753,190.07317529440581,426.07458545662973,264.593653504021,503.96862876238475,304.3193155499408
272.65504526047715,121.38170469162807,304.74229720742204,186.55566855215952,364.7156955163978,218.15573591288262,454.9041151759626,232.1877454918982
168.57460506661454,150.30580390284746,230.5518725004173,297.98288020066065,239.51472453354708,303.7943096392988,324.99280796148275,329.3767210343855
288.1972253653164,553.9321062346895,309.11728210528906,642.2065500131297,457.8914930065275,670.8215304614877,618.8964909451623,738.6720713395226
137.52718265515833,321.1287010563415,406.60714494851425,448.8200791671728,410.19881641280125,457.5174752564419,420.5883447551112,476.6030773775148
284.80533849467406,51.83914022136639,338.0153865478887,309.25243977098063,396.2292103688431,333.0376052228655,440.5470041261219,449.66488728627064
216.98017748062603,151.33887531727703,417.8636982864643,249.7204730607685,420.07856361865043,457.84962030143015,459.5431570693233,502.05042305900923
285.2727769479133,116.48118549397745,424.2012203102734,218.15573591288262,555.296824643816,325.5234146141227,712.7281299266294,339.0936630370662
177.4107724304924,82.41792288761165,177.8323645919518,116.23571599544549,258.0646115066761,372.2166747794055,338.685015969322,416.78283411010347
599.0485294114404,355.63883367686606,604.725836312459,367.17283716269765,631.7048512484187,513.5645190006601,695.9951761221153,611.9681294277952
165.44377848758168,492.4532422575145,243.50041854712813,499.30995823132054,276.03895862067264,652.0393114982279,357.7942082323357,665.4286684615307
236.89037891609138,169.84978647296188,269.35965631607075,174.77271708365635,390.6275741066484,187.23457104495228,428.95679400572095,276.88649366744426
660.304172516783,390.20595663077296,688.0244719445587,560.6738121729213,950.4652462102554,803.9013584889251,960.8429920364456,845.7914627809363
216.65978038201484,377.14751934758635,320.3020917405404,379.39300464847395,412.93127609655016,386.74124164628626,441.4914551261756,450.51873949851637
357.6850908994945,133.92933544888464,462.98874660165745,229.7440874379673,534.4519187228776,297.98288020066065,692.3394986867438,304.9038911888499
168.15389278986092,183.07489662097743,375.01034073680785,219.47626975875053,446.883749082741,379.23241315222646,513.8702698802045,597.8641937391911
149.3290856781094,43.11211323396144,372.4649293022588,156.67301978721648,586.1244260189984,169.62748615066033,687.5501501641003,234.6339371131443
203.51642323884064,88.92951714729185,212.99017198720858,197.07739486575767,361.20943019794066,397.03350868926157,361.30327225620437,441.602474646854
234.74162404458508,398.39244557756615,289.4561439802292,587.4009782655443,691.1395265780986,590.666560381745,736.2960292585138,614.4023747496427
76.94437902090621,416.4898815292773,81.68238920049802,578.441398054552,176.29421109037318,691.7420428458283,308.60903703051275,731.8629049975974
153.22546848137677,556.0728169534689,204.15101799496765,556.3581984363658,254.78818780340367,625.9951802038269,319.1600734474504,700.9351575922253
108.67338024762466,127.78516531149543,200.94709625410374,599.1179767419038,258.91386908964137,600.6826986139037,282.73982587190255,657.5167937218522
256.0654832329234,249.93667423681433,263.83154870781476,352.4466540770157,266.43496283951976,369.3295592020118,350.68460757799295,380.07316965804654
295.7676327477846,544.1861318953268,463.7570598584859,549.9161811075608,483.38054120944633,616.8148719661182,546.5760044849793,651.0563622874009
281.6980824826317,303.5038873645585,320.48379726765756,607.172817683152,352.841506611321,780.7256887283418,546.4078090165793,788.6511799971953
410.73655750453764,176.602528265321,509.0484324001108,306.9018159863326,596.3184322167051,399.4057443622779,604.5452335265043,473.5345793489552
161.0556069552371,141.4622017094329,229.33208387178337,308.4048325444357,585.6812200892929,337.1970849980287,589.8472757207658,385.02560839014455
194.0901017452387,341.6479693153968,195.16680207448363,375.35941848389115,238.42411349956302,400.6921728095496,239.51472453354708,404.0922250843435
76.45250949164574,414.29392837328237,79.78083435027857,507.3501011822395,146.7812232317485,619.5508542995135,305.3532717036088,634.5330160249467
255.84599041835025,255.48235165814063,433.6047465669949,411.9444258841003,482.56371827222705,450.9813572378905,565.1667207365507,472.67021696303374
123.089379891205,182.46205136618153,183.79784735532917,191.4256596089884,184.9819340626035,356.6160303565646,265.58073991399664,461.4606795250656
201.75022789452677,126.54026219535109,327.27924090609554,388.6289918509482,537.280815930795,620.860442616658,648.2994573462108,636.0948816794505
167.89436879752736,76.21482831546717,257.68592445178797,487.932958178335,342.49344832996553,499.9103539257303,389.83386102638474,590.666560381745
310.8463756948508,220.2370586348358,424.66943019757196,227.2114345448138,432.2416617436606,378.7457257952753,432.6533580630017,443.7148046535353
482.4618974911073,266.0521207705587,552.5833098345486,287.9040360687612,592.979623985112,458.1561846939129,638.2953240070632,482.0845779052897
222.12390779083765,169.98770392491443,428.3516099642237,183.64292076635968,514.6856129065027,427.0380528652106,519.3450475698053,532.7220839601038
120.14727937482161,289.81504325360913,222.020159582365,304.5751658270745,356.75545979478306,418.4731458269593,366.93401166477827,442.0946119638331
72.67049192691061,224.981225353549,101.83934207503356,250.81412832333973,162.8649817021101,268.5395054575367,241.875218570707,269.96190782501
224.3270576733027,125.9696883258706,303.4139974560135,222.35025175674383,362.0503876736218,269.9546874406588,369.0878187683854,272.73492966568307
92.00668815290575,15.302435559422323,239.38989171401028,400.51154855935476,466.1076923934023,473.7813165972702,563.6028749378497,522.5815602415711
136.97305582530996,342.4664455974582,469.71360723633074,480.9926504524614,481.2545317505763,515.0307956408977,540.5297919150357,618.0810421258714
491.50343390195303,441.4515171089815,509.4119292931896,441.61205218097564,540.1282766878367,479.26795236800774,708.0528035532059,646.1726464745457
218.21376867852308,31.494006026931288,300.4498776481612,59.41188444340698,323.44301851333745,229.19614205839926,373.2258003068076,358.2328059794331
102.06960651954819,99.42423458325517,369.82536260682696,145.10160456346796,478.6445017597964,190.07317529440581,587.502622973328,283.8038310700367
102.27203469155242,335.8124966400529,224.8386884566143,338.88774506427717,331.28697110249647,373.10740935396416,414.10901706377604,643.8895415412928
398.9994725764031,346.7259278316999,432.81928934434256,373.07140393840865,473.9046774047358,532.6461715364038,518.0509353629021,561.3472624299073
137.7211930573468,343.7813822998408,171.04029175901672,394.75190353334506,245.32290953961703,540.8039422894136,310.55933192693226,598.3884981830398
373.57717638437884,398.4847364981971,782.4694842529037,435.2240364215744,883.6333087087461,448.2827764128999,1029.7393796575427,465.41787968080064
212.6010304850205,259.97376173724547,265.12641179479436,412.7088208829222,344.4808634934383,425.1905324734596,387.8007095829552,428.3372961314875
109.76784898828522,189.51013191521196,221.2988888498909,296.98843656715746,304.77918200746245,555.2187186466418,447.7680420988457,568.8900574808764
249.93945078695018,195.82666657623386,253.46942215544448,468.55027133419253,357.5366074223169,479.16384956234344,490.063705625732,537.7220387586163
427.92555830524907,174.75126028797075,508.35632149420303,459.9631124648668,531.4563960841915,503.7419981811936,535.9839031749347,545.7211204894861
100.00335311713657,145.5368012473096,107.32084690144646,161.45109978849015,238.49167588887673,218.0079840196027,288.34702454946233,378.16734809554265
189.37305492939646,330.5797743015172,272.80510307336596,333.38962981965255,387.65143911732423,499.82956886192613,398.40276572670564,500.1849454879571
167.03101054338686,306.5590139139737,170.99793365023092,333.9668730627476,209.6930879904376,380.4291455650652,357.0842808582622,429.95435881950857
96.26349554200752,278.6269218934614,429.9516736552045,352.7898432027356,545.406755114747,564.1700382900937,614.8564619964727,686.3720951800067
113.7486977234985,112.08570520104979,375.6301089224902,275.49449444508474,535.9033454144288,403.1239958510962,536.2151133369518,452.24103397629483
298.7055178957217,101.9635347230719,305.34417625578413,202.1256537557597,354.6048400388614,479.9941772396389,472.9165067049822,530.40644501241
298.88169453131303,197.3831223401307,496.00819902840317,398.6601734910235,637.8951037732813,442.3277543105676,722.3922927575774,489.0624416016129
256.92018490303474,263.26184319947464,383.73202332359483,397.9550160692004,530.4443390475241,419.86130925198063,570.5532969902903,490.3188093162038
405.5825350040597,141.4622017094329,565.2107130613691,215.9423215315825,633.9445194305924,442.8360260953333,703.3996542102967,478.57441296535785
129.3777666193659,238.46350883111467,182.53067997256235,308.7591816350908,293.83951206128194,360.5643559031392,347.8171381725645,391.3046426798186
87.49735354448964,124.36243743181434,328.0683622021667,345.6842620335562,523.6104605681161,429.4278642475745,553.3676144062179,453.7324947788304
215.58680301209606,132.16917700633442,245.7741973708794,352.6553307306124,255.80440216417844,636.7733330626976,323.6817845808959,664.2851626798713
155.485189101519,195.49787985439704,356.0272582520469,270.70245948852175,363.05180920672296,413.9668963096427,412.07494815105866,447.38509517709076
371.2104970146749,157.60294708559903,511.56550662445807,231.8685027638839,614.6586072600063,307.8820740442858,625.4259624742607,424.92946806686854
225.49738767038735,518.2337825201473,239.68085890574915,562.6705273409224,276.9341570950539,680.2922618541737,293.72065084445427,712.3876850230579
200.94709625410374,175.47095814030683,272.1450423945014,208.37674060424675,285.4576622851128,371.4299425133234,294.0372656453394,452.0927533589879
165.26570716204992,104.01806282711321,404.34603284229104,205.6078242113399,420.1853876143415,264.3170620844605,475.8511709674445,409.1646954667314
243.3323263659715,165.91015377210945,321.75311621581596,314.33158505341646,376.02456031425794,357.3291926349039,555.8817706852994,603.8623477752927
111.09533819083799,117.86630962501745,357.8582004843915,301.2192920072662,411.8044526807609,431.1947189546646,456.524919920809,437.37848198883574
251.07865684164852,197.337316363787,276.7528641380558,341.38182149340247,304.6609967096749,391.6925631295892,307.04676519353217,393.7865930062102
193.29192906398004,153.20706393094392,417.798914308259,219.88350441463044,506.55261831989,248.8674738715833,530.5881705291523,446.20234309351486
311.7864906414046,316.27107124646426,406.9382869062972,404.62464074656367,544.5591787783605,456.356735931903,554.3153953023406,464.56993083135626
212.80874719019272,224.01045066020512,388.97945983003126,231.3336637268646,431.14829368459533,331.5534540411312,483.362146420887,434.73469151032594
157.28764050980422,311.3329707482366,185.28080314075507,330.3476738407103,233.7896064390705,439.7854822587033,290.6865458636563,551.1474774163313
181.9418067585695,289.76064433188964,294.45388950573397,297.40955845061075,310.2710199765281,401.790308043722,316.77721957547107,471.92746906818167
292.2046681369556,227.93348049909818,350.1425774882179,260.4616133149472,416.63838860777935,273.3830592699058,474.51806439268734,481.45226942149156
411.7848839490525,73.52669862840935,518.5628702562474,287.19674921709645,549.8069150593846,472.3465621182748,567.6174318262953,494.39850849175394
438.21288517239,382.0366660805619,494.7188159562994,418.6869733345101,554.2463544749055,507.54578774872334,597.8849734216215,511.24957851868686
325.55846734271256,212.58375292001173,341.532935829737,423.1708872035207,567.1765237053785,526.706917651871,633.7536750972555,587.345813392573
123.3823358899761,338.50967954073593,255.68741370542196,353.64307853596176,533.563232603137,400.3483138100783,571.0169844997458,500.22717042518616
307.88411088016716,243.7243842029331,402.52840030285495,327.91655711793567,411.5798107814241,338.1696404299907,418.04352774340384,463.6034285119506
161.54692637107414,179.29378099956412,439.91484890933714,258.0777785309717,446.50708763901685,338.0698086390984,447.3982162997865,470.57234027534537
453.79896678547925,384.6450115495078,456.73764553055827,477.86845815285574,613.2532965218046,499.75712259730994,662.0795134017808,505.9635880476381
130.97940176164576,70.48671409754154,213.2957839096303,432.4113775960791,227.5791742238908,509.36574056169604,293.41954860699826,546.6981758510602
147.54378347824857,237.77419538817725,633.1997754034765,346.770760894828,646.9028271719515,363.3735148111671,758.6228592873039,498.57592633388816
270.94862089404427,160.3019632832613,517.05721134952,358.32174424355674,559.8432363873931,439.8334240018082,607.8898586227118,446.1033522716101
366.93682413416224,289.2854542459619,368.56998015968964,379.49803221441675,450.83109176533117,483.77628427432404,630.454570399013,613.2026570089133
166.17811885532956,258.99791152475194,323.1604599029776,363.16025894161936,359.14784557463906,394.7938761222583,413.0826189884384,531.7226698746014
277.99299982665224,131.03454038567682,302.7527201620072,167.7524758818414,379.30862161508475,288.8809920101397,410.660856764187,332.8438548373857
177.65793605907106,358.1813726110858,371.6683142138934,412.66469768013854,661.8379827658327,439.19490518883475,715.1880728262078,511.3031873331659
379.7444215064687,306.56211099000905,408.96226577760507,339.6683715267709,466.26167044756346,510.9690110910503,476.0535289065668,514.082709135947
121.53874189417077,170.3460845501966,213.89645994897356,361.6280719053111,265.7313552956454,608.697649620368,339.24241737850696,642.8039342011961
131.77781342675166,324.3104037181209,554.492639001334,424.9872346370538,577.1947874201194,448.72849784868964,636.241165530926,602.9560281626427
689.7867091120479,226.5432303586967,776.6728495860572,368.14288089362987,783.1491486464075,390.4365690724019,783.9704303976267,520.308040457959
101.83934207503356,184.6844325478999,170.03636642961604,589.0425441571734,183.97753517798358,646.3342718998961,231.53156752580202,658.2516916979304
177.04917942716943,223.8202821364867,243.5403417246106,346.94493969698334,602.7688200182349,471.5287924158079,620.2041450522242,512.6590451778111
299.1663998647633,151.01947127339898,353.6945447780952,277.2254195354788,378.247841302258,534.1121511107663,458.1116298747537,615.7608948900379
78.01871264515627,355.2196744635002,157.591028708166,429.19799303238284,164.70723892207107,562.4730256971525,242.03045970867885,620.8477985919981
276.654780417146,51.30595930352552,289.0103989827335,492.80619355452876,335.68859108525584,626.3500970904976,388.3875884250318,634.5330160249467
75.43349807842709,264.38516624556735,129.3777666193659,417.80143582289605,283.0373179184921,480.816011444188,302.359276159998,507.94035582208744
165.27664849470344,196.95263234918565,238.5064775956011,291.74154217511546,294.45388950573397,322.51343311840384,354.730626273603,322.7551393924883
125.83039503470812,177.83949201143008,150.47698600539837,352.6371631801567,246.20722576861954,691.5775573085642,285.8125108319127,750.5566611323154
261.24844722245894,398.6601734910235,359.42665924164805,404.6082490792954,407.77887901086183,420.67751780862454,500.9260074728754,453.9453726113008
347.81624713742787,182.0456442335016,392.60268905797085,255.48235165814063,392.9237302791091,452.24103397629483,425.72001944227065,486.27826738780897
178.09592907490466,664.2811068435087,227.35330894237038,732.5621691347567,545.4394119220293,769.8509627339278,583.7600472240379,806.7782476690708
55.49894233641297,248.7957544883077,119.7337262069558,411.7864442201983,140.58069901563334,451.0108367530631,202.253759981676,516.9106431607452
212.80874719019272,86.95510318229182,390.26574183497706,151.9115994121798,554.8047247625229,152.4255596063845,625.6545982074666,214.50176802355736
273.08002639687925,425.7846445987572,325.0626234132846,427.32734124438855,375.25056366165677,539.0406668114141,446.67203917571305,558.6416999489323
448.3310790611055,278.5802269621363,660.0543085649869,408.2385724372659,788.231483113807,566.6121282337203,795.0331284975575,567.5049632745292
453.95453288173996,440.460349468101,458.3216356430155,507.1518807165834,651.3659722340666,528.3953681966369,737.3892998667814,535.1606803513173
378.667064149814,198.26143256559058,381.23078990947386,204.02674383450858,445.6701224894107,224.21560305826569,536.8321919453587,379.850719567231
218.0658319742326,331.44611445789934,234.27733150531685,335.8124966400529,529.8148799089524,607.4248963811959,593.8132717256119,658.713029647399
226.4587816477028,170.10423731209036,354.32096092271433,340.4033528055463,444.34577859543055,376.2993621756354,515.4570055505952,398.2709173660634
212.92638752739302,180.36371079207797,273.08002639687925,277.3109812419975,396.87049225155715,295.06407039059854,408.8173181397327,308.69572363955984
122.65725765768036,108.35494525848952,355.3452046006472,302.851448252036,372.8133246142303,324.4444276883401,430.42240192615645,346.72722710297626
369.2348701721279,38.44652201109272,599.3470910114104,169.98770392491443,601.4683240947357,410.7680536822036,811.2455069484994,460.8568789002641
123.09781337153873,74.9330777064772,162.41014325966646,167.7524758818414,410.6019470643967,375.5115395813678,482.56371827222705,383.1922422991951
329.4916842723191,81.96382094338867,401.50450335114584,98.32335819544707,494.5024533165031,153.20706393094392,736.3207909264395,414.4164987860161
85.74350728271072,224.96219531838264,158.81078302768242,362.1900940117999,296.32198840375077,438.3395246889121,333.95093052593563,536.5690435141524
194.22232795317973,177.3409978088648,291.478666302516,253.18397637268407,347.0525839217605,481.7315891317555,444.7999484080777,497.1493988800323
89.67518295304212,360.03595452425935,240.66286909892685,380.67388035851906,300.0314927485572,420.7419764306386,362.0632733127897,490.81172807178194
285.2727769479133,126.15205367288421,427.7030505363401,213.83736729174475,659.011716581283,335.282268161984,666.5227868406666,384.76729593173457
97.71184631516304,42.80825738662292,405.40247554115206,176.1786539406304,453.9165648298273,404.84868118921963,493.8431864907347,421.3828219991335
319.3441797702587,96.96150326627641,367.5098031764169,145.5368012473096,374.9814238249533,170.87698077837968,557.613978605858,327.5546883674923
215.8530104081772,65.79868478645385,337.3140990634848,194.92932425998384,408.96226577760507,356.4452350266995,700.2965010894086,378.3121129070136
197.07569141435033,279.027305885135,267.2922269448341,280.33531694892014,305.73241220682803,333.77423516667227,548.3235852548006,669.121741682957
219.1289249572469,499.9270888562805,412.7610411225519,646.4515068456179,416.37239738589767,704.6093507867307,519.1272099833463,722.6563775578106
143.39751542452998,348.45712019817086,231.69790682167132,386.83494044112314,264.6505456549171,388.12977035415173,408.73343712047256,466.0721040775992
623.2736867658531,266.4937215167763,689.300455787064,269.59055202268394,732.142298170449,305.40386679075726,791.1663586629343,371.6490875666704
202.5991422262356,123.76669374464169,306.8264311059237,173.5609989030148,336.66387425899467,350.3534215112469,346.6039969008483,393.49521299645545
274.8487809617252,114.4373940963776,468.68585048642734,218.77570479433282,741.4934446050264,302.39399582657745,772.3709013533711,461.83475892999405
174.85469070154227,351.04564913724687,190.94421549024295,494.962348281866,251.8925107013884,537.7326556111071,285.5957976560473,762.3476499756098
85.26934984548446,113.68191455560836,469.06415424542314,113.80907911382532,544.2555959602614,332.8387871660347,579.6594328638114,516.1004035387517
302.9514542576773,169.77577070143897,372.3717266777856,237.77419538817725,544.2760996058704,461.63574737713503,603.6913057434122,576.8270570889413
81.68238920049802,176.51702019275578,127.46011578419838,304.3193155499408,217.68815600206594,309.07228264761596,234.07783279847123,335.652100114735
156.20037747823795,137.09417428274725,311.5602194551736,147.2286196452844,351.4706862113106,272.3890766609202,432.84329817840467,312.0690279906271
242.94880472720416,551.2932748433601,250.16611144268117,572.4544643936886,264.6505456549171,708.9750723322979,367.98095531542907,801.8626532186775
121.41602606895772,214.02821887202614,313.66319272652595,277.3109812419975,414.53471547426057,330.93823073969213,484.2587490381416,372.1051095060563
185.93221322291467,217.0537682251073,209.90364166063313,411.2313708534203,258.15647616375867,419.38555952617793,506.2742240913732,495.9176602255715
303.66423936935075,224.18798597376065,345.5641650561638,503.52100605933697,450.1023048933724,603.2120407286264,479.71568031931605,643.7032749960399
37.23631739843841,134.23311541324085,360.1364444163019,280.48489217049683,386.0241268392612,298.0601378205626,432.81928934434256,459.1316008562781
37.23631739843841,458.2862219013958,397.20670421630683,464.37092063558737,398.9994725764031,518.8537629608077,414.0613937114242,546.9980642190899
367.26829504737475,334.9404398943689,399.16007460948623,367.5918793479471,545.2644028665842,608.5762409756954,552.5833098345486,636.9621508490109
161.0556069552371,157.43786468749101,367.67117136023353,353.4880448863334,429.23883961696646,384.4526481306289,620.707714661098,482.06563500656733
139.45809314138228,161.36512786289708,160.98513946752865,196.97151192160138,161.6145472957055,459.485112831711,221.82733482357077,610.1614018278173
43.245995842452245,193.16410244305655,199.17241841984873,234.6339371131443,298.124598445906,254.7353440614582,324.54329645097783,316.56489830267145
101.59947428794541,124.36243743181434,250.87027148055003,268.50306754129025,306.2072105860584,373.6636034866428,373.0519981547489,466.3603209025099
317.9948661710172,287.14395854003413,322.27326900834873,334.9793726507815,367.4384002316401,427.5063228026822,379.155418726755,446.1625556004771
420.7467536337275,440.49421313916713,462.4786590004711,495.9176602255715,496.3751962822351,498.1971965770406,497.239379004089,523.3801722128551
143.59077435634958,165.95450562739717,240.81213339150548,198.26143256559058,464.2815261496157,393.9687653819319,472.7964680926588,415.99116337798085
137.00844012298478,214.24710908654907,550.3451106255552,598.865814904507,615.0235183047882,812.386364399163,635.7438578379331,819.1523726011128
396.9356535774261,289.51925249961164,507.1324139201051,292.7998587202297,520.9988220956061,329.9756563840267,541.5526255609684,395.62104270010184
108.45608941156897,240.15590568252708,142.5273057495778,374.00739046518714,415.4065070443166,395.0114065983476,468.7658366476828,562.0558411573372
390.297781854978,213.48353914778514,458.50280696934163,417.848286177245,466.30437729723417,458.16358860989294,517.3169946474763,460.2096573775219
432.16463907527316,124.83906697177939,459.1407672233679,132.21355953050693,587.0958920577326,148.8015514187385,620.6156266866307,206.01593464724436
121.91019933666513,155.30185108508724,253.55866057123464,158.49797231294556,277.98295806014676,223.04720744502396,352.5262917286216,306.575940671908
273.4904735822652,129.17167534666223,375.14352668314723,276.11158663894383,570.727149681001,296.4745402432503,744.5338197725904,298.0518896441372
258.15647616375867,106.16949942283915,387.4201905909107,263.45097235647694,453.9212096511867,297.04483268958984,460.74546590273485,349.4454166719509
102.06960651954819,363.16025894161936,277.6304927811344,601.0988220895775,527.2738621508961,602.519258652806,551.6005606443065,609.4508953900809
279.71594535485673,135.82672273827436,358.6114155588302,338.91632518053586,462.64070140839556,461.54682335021585,538.9814877537738,750.2727765363945
294.5146010649667,316.1582212536444,294.98809737681165,395.4905601456878,420.5883447551112,614.6177509748525,427.79587662250725,713.6361179510757
134.90379129131676,113.82883860322193,312.2726049399392,345.0562193405063,637.9906227687877,428.6824415115789,725.5946088855435,472.3465621182748
219.69348163521246,347.41518129904824,295.15262020910774,371.81670133409085,378.0935543572991,560.1685420325697,390.0705407738282,565.4490598053856
246.20722576861954,346.28746472685924,346.2455991984279,413.1516214443653,382.33866796968545,440.91183988487137,429.38287340930367,569.3498076863866
297.62332760961294,358.68448012506104,686.8998913107052,361.0996450180326,723.9372388301878,376.67706883376087,735.56923960478,446.91455007634914
451.3235922190317,76.90331391677854,480.44541276182446,170.11007090806828,503.7004289100411,328.9905921840255,585.6433311445248,442.62146785967826
355.08463647674455,137.96210589223116,446.20900525645214,490.27083284998173,561.8661832185259,605.7957996952415,766.2929319849696,642.9548705453366
202.28181342696368,219.47626975875053,279.651517905518,375.99511519454194,432.4531922964475,382.77501597988316,530.0381606156553,402.47634748514804
161.22038922027596,214.84629707494227,193.34825237147362,289.81504325360913,281.12437270848454,349.79733181044827,359.14784557463906,385.3440667279108
221.9656085964291,141.91874363264594,222.57513721726778,204.95080052110197,229.78499568763388,208.0956823186893,322.2039630082275,392.37479611065686
190.06941719376795,155.3596172512887,330.93297101955267,174.39842896040284,426.3510914614685,235.7877473772249,488.61221792526817,252.4448536087786
579.601806118387,262.5832564153322,637.6333778538203,286.32692326739505,679.1043835904983,389.51162978094516,731.3132842561329,506.67567782974965
311.3926647752647,158.2885887162795,354.4989361898523,255.81766379201062,416.08532595107056,267.06260599350793,472.555059590511,327.1806447918554
146.24807663175739,271.1802733146355,220.55994989203012,386.5814907831867,232.86221070476833,413.1022897121744,348.36141568315753,419.2071265044057
127.72125858031814,408.68593469505214,211.28753978793648,418.49627902115043,306.39490940487286,506.2610718277681,333.48707181359265,580.4302935472656
255.7458678036911,127.66825504891415,309.05651140522957,144.97231823922164,527.8841588732043,336.49992985829334,597.9580079020822,429.9958866917245
210.3138284595665,116.62596948489305,348.5036217400552,278.5653335896201,475.6643495909753,349.89894924476124,641.0724105206584,587.1974326069068
381.2356039853664,195.49787985439704,404.3196208412459,280.9744262802841,449.8745418907023,372.83835380465774,461.0067068518185,396.94672818914046
153.80459431179352,169.77577070143897,164.96191299743637,346.770760894828,390.0181646183712,417.43079201947654,558.0003562951233,495.1379638548802
85.12933013375137,330.08610799716575,251.46376019617125,476.03260629573487,293.00700762765126,476.2142560551876,404.84344319877886,701.7397899121103
295.15262020910774,264.6222965929654,303.8100547678788,442.58027577459717,444.34577859543055,504.73196156633605,450.27370349332654,545.1885573794481
92.21934629600287,54.8038525677499,292.5994783894201,214.27697474138012,348.052808385943,257.8235063181668,828.8125575345788,312.0690279906271
374.0463798318388,241.77295249846568,437.6772681641952,273.1716431937974,563.3892715376343,336.93088492043006,591.0893287162793,412.66469768013854
314.40775436062313,77.13945119512383,369.4737987417086,637.0075234656385,373.7176757180437,654.6230964980924,470.9987172064908,721.5840287583042
191.6865037386757,192.08097297639023,404.48066468991993,248.4487723816665,456.73764553055827,304.04431572734825,497.8724501627989,499.0601717030209
348.5036217400552,154.7174815721306,492.5230182045336,212.7149042630344,539.5344032459631,290.0623880763157,613.5766080153397,520.7025225834607
268.0937639487094,105.88273570427341,306.5124474710998,202.1256537557597,347.4397099870358,333.93707426798545,359.7191697608115,521.3120478252763
340.6515906804695,223.617475280228,414.2192731093797,372.3667235344784,672.5430568403513,413.4121491832888,699.6455667365543,505.8373224926914
404.4134639446159,107.6808331390654,506.3530022467959,123.04107409693661,584.8476145781383,229.37922842744837,628.4875264878029,812.718620852549
296.56169632829454,104.01806282711321,403.8684270053267,114.84641901542972,528.1267078158795,234.29933392733372,715.4778642366641,312.8923863873825
325.2118956581813,117.41757513803338,741.3250203296019,507.9165590729407,751.4256123890437,514.2017059499931,769.0756877832927,553.0346119800012
122.32897249180071,312.9603893796305,268.8792626189142,473.48768626081727,314.9676532324421,663.5554283721876,437.0320266130896,877.5806159427215
119.14075871080573,271.6212832016554,389.7366775578591,295.086465589472,415.187801966402,428.19576214951,605.84671910266,479.68438322838296
230.2594096372745,156.5544480339075,335.45898347860555,431.3138833651309,347.0323046333234,535.2250208478146,457.4038046225184,590.7349547189319
338.9930928050727,166.6468508226058,470.1010245511878,396.0616857434061,564.5323668457021,401.790308043722,641.2058579465244,446.6088296743636
371.767233840101,413.65271625514436,475.34753608760343,480.49278165516273,487.53761916165166,563.9732086969557,500.2186090707599,569.8359290936982
147.24203901961744,199.63761677796523,156.68634829785805,234.8310421389919,191.99702316137765,256.0229025357235,204.51430851483283,329.3767210343855
243.0368060107467,373.6974412799846,416.03332342553045,476.1569156443973,460.86679798469555,493.3923908011377,463.1845838210288,515.3607335550862
443.850068355635,121.4365495098827,535.5413618943652,419.42474707853626,646.6073065129806,575.8617737600711,678.1695684786764,671.4862829456376
637.8951037732813,370.6562126362775,737.0471707732213,379.4399222898098,802.492572953128,428.92269455697186,849.3866909650343,496.23053651965887
202.32663303761223,301.9198355743674,262.6391707364014,322.5187860163464,356.20169787718777,411.0295345068383,358.20217561996026,470.6821970132131
89.67518295304212,303.5764702830543,154.07736635569537,305.6537539955619,284.9622877923089,307.3928401552421,317.24189597502254,314.3733601004437
168.5096245734628,313.90577736897365,318.2482772361017,474.7133298890402,407.45366247431747,520.0334876513778,544.8902221960595,590.423463915247
252.69865280599646,109.84066670222987,434.946587030481,207.8917739659438,535.5733117743245,330.17900201868036,544.3955744179258,341.85647202965805
126.89433805385657,195.3881102020908,185.63768064377857,266.163917573344,313.1240162594273,319.4644390338567,332.69071152617556,369.21636746190416
308.7051959899841,28.89262378547012,357.2945411481859,315.59708256870977,417.0868208510877,327.62374080005196,501.46365772628775,503.11748123103473
114.79884685635173,124.17544913591044,390.27915216924833,452.98683266576563,464.37897688618034,481.3749808763237,484.1777229758563,491.3740647821763
444.8839085663022,184.45993964002383,476.24928223934995,280.6178820280543,488.08784167459146,317.2311316966866,579.1518189752737,334.27721220085385
157.4961360900081,221.83993268937766,325.2124382703521,280.885053245173,430.1445121113017,308.94409828281107,473.3909434225987,437.8931476816969
353.0451631521665,593.381322810799,389.89005748201487,625.3162073190583,457.09952016811997,702.4658557224609,457.72854617330427,715.5595337027543
139.09544913353858,36.87962643645957,180.79468937916516,306.7643523622146,281.10768692680034,364.65452049251735,385.53311331100485,415.8631924218719
267.67352755794394,336.39508264987376,309.3466173961031,352.0923192893035,414.3836777917932,358.6287356229204,414.6487428414369,427.10010863533364
518.5603294918666,51.233710963973536,586.7420024467408,188.51304584156762,595.169812165965,500.59214414962605,694.4428738018108,632.3227310569097
205.5831928283047,95.20918653565326,392.51732728568055,301.0776759403336,409.38065267498615,343.93789242203997,505.4903863113009,450.63778625854735
103.60670330855474,333.7764967385529,228.44533472433224,348.7903562484094,229.7217364295554,391.85009965606554,285.5957976560473,400.904046796296
226.22710307924513,370.9030085015326,358.84332833628065,382.64237483365616,446.48824687768916,762.5297425120591,474.09649074128845,790.1382446864538
132.77151230101776,69.1777370351776,521.3775745776375,197.80243394246932,641.80680672277,207.3941697404817,696.8369208020349,309.190083679699
249.48627927308118,304.3463838122202,423.22642094273783,464.71316262844334,764.1183663893739,526.6681333364138,810.3219010022794,547.4967592024665
106.92842506091638,208.05173864655112,232.86221070476833,212.97827706329792,313.0741303855631,282.49015008898505,363.8904246938181,359.41034387852665
335.98720908016367,261.5505820680785,456.438147982249,379.323891549651,512.7927153262805,431.59876251484627,580.2231889082817,464.05218095099684
476.4656525580467,115.6074583052958,710.2986556344747,364.2328845061389,792.8864247834216,431.6121743201111,793.8528421928656,530.7410675701357
212.6010304850205,396.8397071615963,349.3086835882916,438.28858033886803,386.4315606056496,551.1893280147702,443.36485417767767,574.034606038796
226.90433963717487,307.5075118620954,265.6487691153232,356.28518562231153,365.73155062266534,375.64264275121707,370.72642285686766,434.4114620472883
79.87796182970222,276.0697104973365,302.5146007988824,343.8253808238514,378.0116999177745,396.5102449752644,405.72790877457794,416.53677716733836
91.42887740021206,437.43314405491174,176.05323684383873,480.0264797946401,261.6254124833848,516.9106431607452,328.98737211572666,547.4892001104142
75.23075946429525,456.12613981409675,133.4250261331151,600.1883351964398,145.99908483674207,741.0109810651452,173.56257540814778,793.8417958812985
530.1513389953162,47.07171419360699,982.2683629240091,126.85081740753337,1011.1740132185622,181.8001052986821,1012.1886321203218,250.28848742846972
405.5825350040597,324.1060063967551,690.2581506748897,509.1952343520819,846.0881230114792,620.17559546806,862.5611059448802,727.604911782064
575.0047502523923,259.85495785442043,614.9987318243892,283.77384514518127,638.2953240070632,293.48117489448566,731.1702375833785,480.2758063281469
302.55628876277086,127.66825504891415,318.16491817228825,267.1950623099194,348.3188882910258,324.93994247562637,362.3209892223206,424.43980818548164
408.11227902467556,184.68750142489202,487.5963160750793,187.71436681416017,543.108942871724,430.43323884213294,556.6988107887419,556.5905796372957
215.04600781915713,288.2660154664616,401.6120152092646,293.62236614624675,625.2882983642082,356.78500324924215,634.3337030085551,419.173326910919
288.2301878563204,74.61815390019405,289.88788688564875,227.02446505603842,306.39490940487286,238.9189619290571,364.0760015702162,293.48117489448566
621.59594938296,225.3426355751658,695.4655592660384,310.0213576200946,718.7134550396135,430.6990635665329,756.9189314709874,455.71513053717814
48.41379671478275,438.9467332232075,169.20191731629006,486.86426154406763,275.08383857629974,520.308040457959,550.471354640538,574.6497995103033
200.32901306005286,441.8979878741921,357.93890079316844,480.6334162044447,406.93257932855056,495.81422605206706,472.45327814556714,525.9449608095475
226.73341726065811,378.74940821022756,309.05651140522957,404.84868118921963,496.24192085239775,467.1496118113564,607.343478204883,488.95944767123245
135.9228768576751,478.849937186469,365.25335920310755,504.59300139957276,541.876508547317,513.5883480922802,638.0275377799477,622.6869382651865
308.3816983230418,273.32388744106004,316.2332541092422,328.57511204585126,332.243315542319,533.657109813163,399.16007460948623,560.2851671045202
258.4089107739035,228.84865212345701,394.1083554103458,297.04483268958984,519.8882364642894,354.9191782717402,560.7117268270082,514.2264748969998
101.44065502205815,208.40264567973458,511.79996493286336,372.1343244109373,669.0334819907692,379.9295020418957,670.6502259237121,564.5056532778244
94.48352024542451,251.84090326275498,170.46957608645104,420.6178888400711,172.82961102418307,502.4155105808735,402.39499105592967,595.1235828927264
275.08383857629974,128.72708073691905,283.5845462718489,202.74789227362243,348.88594693564903,215.96807135401107,350.424493015989,637.3527510284538
145.4389320764869,212.95073521587224,242.5627713568202,354.2125650768327,604.2889400926456,375.03370162549993,669.2555008424093,622.0090096901461
267.34614765633677,392.74816053714954,422.5402585418065,429.354174749746,560.4193810157739,455.9084460226084,602.2706711098718,540.0616754891604
331.64480990152515,44.643481320819774,353.99869169710354,99.91204824559134,382.7425718449014,238.88421743461043,492.95136560117265,308.36979346673365
291.2746940407282,466.23234132084934,400.3867920605413,486.0154394989708,592.4716386346357,538.8450885008376,633.3923126623977,539.7492994271549
328.463567910064,85.80454171567554,602.1438662810525,90.1756208538228,694.2663267539062,258.4031715879216,695.9698798181098,310.99181765335004
172.24831021443387,367.91211856332075,211.72994942734624,371.6527920760406,218.57592083507163,557.0391061898475,243.58173944632694,575.8525388873596
104.41830567351943,294.8171742190943,123.65566328006598,349.4454166719509,337.6152002971481,447.8625231187149,354.0191611272413,528.0200985487558
347.7644012935036,217.07284179283263,544.9184395074545,388.3355771305693,756.5116829632248,422.5210244591918,806.3261114559683,469.91869694983177
77.59061784950023,326.5443103607831,184.51267603449983,348.5916461682581,462.63947702104724,548.9687849060819,465.95447692536436,752.5148214713221
211.2924751030793,156.5544480339075,212.295103267699,303.1778855264504,311.5558726871174,434.1810085637059,421.1841708244407,659.1981773790466
660.304172516783,150.30580390284746,698.288520829688,229.7440874379673,703.8019504873773,256.0229025357235,725.5589067933995,301.647976152122
329.78942939268194,129.12963101818605,389.55774427376326,229.19614205839926,537.0697285525268,244.40586367804175,576.3538247955221,254.65471252752585
227.4367798186195,178.4730698756193,410.73655750453764,220.39268724929104,454.67541948713455,362.1900940117999,589.9715788125726,536.2558496179582
294.8442986428684,234.30077313567227,406.2039950058443,245.22663554062962,569.9586751967016,276.48557474162783,587.4616065154819,361.903644070685
51.96836460990136,349.3273263169449,241.3324516571796,487.0102776348978,250.3979695995117,640.7511297312412,387.65143911732423,658.8569504466134
112.18383754305316,351.825619390354,215.40504210321163,456.59572872216603,294.7168800085265,473.17306689129373,336.11793902963325,663.3143207151909
197.44764813471448,158.19647979184467,300.65604603240223,240.13839534889777,390.44621570602675,406.79442143105115,406.143632896358,506.59067171039254
174.7679313608868,87.93340176214016,263.83154870781476,93.13026944530627,336.2903146766784,158.03766142916317,438.80454797194193,387.3086316709015
151.11830899078166,208.66481800546998,493.82572578889796,434.98948766541736,546.1852640031909,471.8289371768855,597.4016842105324,497.68034991222964
308.030532614028,227.37357409317823,400.1747472109272,379.05229705529587,473.55665236173314,423.1708872035207,510.96703250812647,460.4885620545023
114.52747431763045,254.85655577660498,473.55665236173314,699.7029270787182,494.5024533165031,789.7915986731439,557.2238602159164,901.9489227792778
402.7543905992224,217.26366168365104,447.59244627403706,226.6234414409601,501.80176333386794,312.3634860940449,549.6780397512525,406.50221882791897
209.83759800590553,346.4980970907564,374.6364759391538,498.8229442251219,516.4391824446938,580.4302935472656,531.9463741182949,718.1607691223477
96.60274245488971,150.9583077161376,104.00031608714997,224.9427135865247,264.63603244843944,262.65395645706474,312.20415527456714,289.79889277748873
206.9616665286548,350.041384146141,353.25800676219853,712.6089263567895,361.20943019794066,833.4032509251252,468.65914907290795,840.0343085221707
77.59061784950023,32.29358531505384,236.66704366986642,382.64237483365616,470.05872376874396,411.2313708534203,518.5603294918666,628.1602263055374
128.63935684601043,253.94205420364017,194.21463907724547,366.7783457732306,239.34859428493723,464.3408830092407,247.97800958289378,542.4387825244071
195.59002383018225,422.84962922174816,220.13059480034065,449.22748719857884,359.25006850962814,573.4738642147859,420.87022561337466,627.5962262754773
89.80383720772366,198.28796208820233,208.95651116642983,316.31125488418627,217.72927304569967,322.74104262695766,383.7256534951598,403.5565494047047
346.13514835990463,391.02883577590785,474.3145857076473,420.7228730318054,539.8577835135953,425.75874479025265,540.0379544151697,448.593586582928
373.9994371762217,378.0580633909037,420.1853876143415,415.9137035777205,581.74861222557,421.7516941183081,598.662560662322,463.16535856981795
186.7201493792699,560.6053784430225,265.5355066170689,829.1228820650496,268.0239785884493,879.5077938134584,348.09090770358193,892.6064173122168
346.54039385967917,300.80225105595093,367.58892227238596,584.6617407368643,437.33155657389767,689.6328708510747,464.4814612804877,744.1366260689059
348.7914805492046,158.7710367772926,372.6906264404235,161.45109978849015,448.16109525783355,170.87698077837968,511.5072888201862,219.81806865220847
165.24365699620475,54.80715679328743,389.4968389612138,157.04018264938944,572.021473623717,225.79360750243157,745.3811622849971,258.4031715879216
39.9778285100302,201.5121360225096,224.63622072484048,380.61625869787065,490.59565299691917,637.3703474730398,494.1933207284753,658.2913476485854
289.0103989827335,282.98024292139206,350.4942526697329,355.63883367686606,401.2010346090515,395.0114065983476,422.9202068560888,402.27199680064894
209.53129052021077,218.30150292031064,306.6343822642132,234.63270938608332,388.39946709689605,390.24072994744404,410.2665202504244,523.5100377137799
176.30981243503427,321.29789743826666,181.44395998828026,480.816011444188,226.05143882175693,490.5156612598012,243.35565956522078,654.9609494422258
87.0316375304662,151.02381237585845,240.76062965265345,194.92932425998384,320.57098701730513,271.3000986105191,356.0272582520469,272.2440565865199
97.71184631516304,419.90398805434677,373.88229738015895,424.41513765815625,401.3403115595242,507.99740033279164,494.7287165471422,536.79655389446
204.8623624335681,120.41511338373172,517.5555009663419,249.31006086908306,764.0369511962368,285.63715783465466,792.8843371817807,351.84762058153717
84.17010696836057,129.07060838784443,178.11854225455357,152.4255596063845,230.65980179608368,178.15695624501987,301.84825192987915,209.53766542072972
269.78613793958345,591.8632597360806,402.6408896557937,632.6090356063066,633.1997754034765,689.8031964128188,662.4731690078402,765.8824107146095
356.5997259436318,66.56573608364539,554.3153953023406,186.21871789661978,621.358408426396,187.39749141737946,625.5535232825564,423.8988594562308
108.45608941156897,176.6765854926452,250.97719465410648,246.92962430003124,454.8377632134647,330.53197938760826,520.3641951868071,332.2880875333675
391.69159906883,336.210355019212,469.90904275683965,446.0754459675192,526.425607740345,547.2053082484995,712.5961575174892,576.4253385407926
205.30027984449677,351.40763427085705,353.26500772014543,394.77628271900915,517.5479280431463,456.6820800879545,705.0698924201636,490.3382596537763
118.33366268164112,149.1100675527004,135.35553666930366,267.06260599350793,218.21936813987855,484.06597232581026,256.45353374187937,485.55165325659027
229.67008732479584,198.16005119426782,482.9767846301387,360.3749566697169,524.6781201661344,375.96990522842447,536.235211586789,470.4979424185072
343.84155741465094,191.6837847473152,380.6895016092333,317.6653786794127,439.1410748212721,451.89433250749147,461.94083260009035,454.65970826132514
129.35051246306827,228.24843507700257,507.1152240489907,290.6002121502093,653.7468297807536,361.49333777354957,681.6655536286082,465.88328251782457
107.93170907804483,158.64735501421663,234.24543960742957,196.4467573871849,275.085291156223,244.3725315734321,445.3013905666893,378.7457257952753
69.87929873625431,516.531478148432,203.38664015895583,551.2795549512156,233.4293441694862,636.9621508490109,463.1136003113533,814.0074242024182
200.68443055012773,266.0521207705587,600.948507749991,286.1431807492535,627.2837436271519,415.99116337798085,634.2677478682612,440.1583965004798
81.66773362570657,388.6097882759281,391.5870224896386,440.4641436326253,458.09331482815884,597.390923102961,487.2678211407817,609.7926451771639
255.6744128272953,560.6053784430225,374.0463798318388,563.8060368744568,374.6364759391538,587.1810785873429,723.0601131816412,663.9104989106664
40.15477764523072,200.17136149051382,141.65565363053983,326.3989678035047,229.7217364295554,345.59795184419016,372.36977025842384,356.4582660745254
40.15477764523072,101.88291693157701,130.41389315974885,140.58159580515198,228.44533472433224,304.4239468305017,336.4857741452247,469.16596249111126
207.4456542475237,261.5505820680785,522.9932957325757,419.14533205598093,569.155698753231,450.51873949851637,839.6199568197485,454.7550507483676
72.64814531060608,222.58926365230144,116.3968639332145,279.175772243615,197.30468879519677,320.0437882340015,298.34761380780054,388.5723395364123
222.7461624055677,309.8507814735167,381.70181442921444,343.44596494686454,390.58212791434636,602.7443234179117,441.68474164663394,610.5085210190289
174.12747328113028,195.82666657623386,249.12573751862766,354.53713329957236,257.06279733970206,469.49680235495237,274.5544675214801,598.7976078156826
129.28637951049433,239.41556561788914,349.47996968111727,366.3056287248131,500.16926509679894,514.2714393178798,696.5303349377801,516.5847591862403
436.2906466903339,295.06040853541674,534.9970759127348,621.9669343983823,570.083579020617,653.8094207594813,573.1738641422165,721.7915448544808
153.2491519548445,166.84934726648163,157.591028708166,548.6872783231812,235.58315871452388,647.5165506686394,369.4737987417086,661.882181781469
85.38451769578879,147.2278696394131,88.63341594541124,205.39631792039592,154.2675106292207,283.3891856460985,353.61756553670796,452.4450789997545
243.31879404085547,61.84195451444266,339.1480417075294,263.2978897912226,354.48184101479603,317.72357629977233,449.3167338582998,335.282268161984
326.44851616345704,294.80571771515247,539.9057910436238,321.9521272086724,639.3335941147109,373.960070923664,751.245622063162,467.4431872086091
182.03524300482457,211.63279402870978,224.8386884566143,371.55905642769807,370.004856344657,402.4546332784537,426.7165542372203,416.5819236949698
153.13449685828658,159.44096401520218,230.2594096372745,170.83030560495843,348.85689698325604,276.8696505961968,382.99887892396555,309.56698581636425
192.80962861477883,171.98072389199788,345.0891210053741,262.2153162992266,501.46365772628775,329.5065124247066,502.9248869677854,463.1424356708152
253.8741333679033,442.6426774300372,256.9648578455201,453.32513931516354,403.7794296586648,478.13159499750174,512.4606548807518,731.8285539725729
321.5796615346572,366.48344472899316,381.9684281841225,374.2585624349261,410.8254211631785,402.0077920646915,464.7215644543254,487.8213213127316
317.7296664093156,207.3941697404817,539.5422700366576,229.2610731733827,725.9492171674718,240.72761056715427,728.2458478155742,363.97786715432017
272.7523531948114,411.4968072192939,482.27639423923046,510.0478332222588,558.4492904795534,515.5458646355399,605.84671910266,594.3125631339234
312.059817257666,214.95870966837083,371.7005271040753,224.01045066020512,405.9445892233197,389.8566099153415,414.235568723903,464.25798343519597
252.1168820029049,113.68191455560836,268.6083878284803,219.45792767021965,356.0369914447917,223.39507992611098,425.7707780314665,523.6813703426733
487.3798916719842,307.0807597705091,600.0393411479887,385.3438784156573,625.3005678348519,510.9411203260107,673.09873280878,545.5585288241505
303.2720313524656,272.18459544942573,570.7247752664547,342.2052630092682,768.8971415763548,365.0365361584029,827.9584768151691,376.71363933184483
229.65353070732957,81.07880442627909,293.91659276021613,264.0924525161102,316.49920713392055,384.1484233286345,363.7502631992111,468.5555043092534
76.94437902090621,54.8038525677499,99.49577757775927,194.13256272948092,127.46011578419838,204.5596013710627,360.86509005328236,272.3890766609202
209.80229139707566,378.30870868454014,345.77563993784923,424.89015843614555,602.1438662810525,487.65878216060577,796.6170112663146,501.45447053160467
500.84757673215705,306.01524655891785,510.79732721661554,439.0433367018692,587.9621874481682,447.80108953519783,600.9067960753462,521.9124909730485
313.15829045948544,276.0317323682666,447.59244627403706,405.62386606379835,659.2096595584549,503.0620816791865,686.3137063550138,542.0474687114289
366.1109984073571,144.0753638766924,570.6392988758869,262.1053349897063,666.1916490006919,385.61098282693365,719.693695038417,507.37424353190323
332.8057213865343,258.0603405133261,345.6748694698014,509.88328831324344,377.01805908473324,523.9431047354816,387.0511037022212,579.6302871565581
76.35438348359108,303.4087217161778,202.29883948505375,315.9586230885781,209.37384268944726,335.43700623696,269.8144625493022,484.3575689220148
406.60714494851425,252.44001078699236,436.4855294077709,257.71226762453995,543.882295050527,418.28144096750293,809.2838504733169,436.977345976481
348.5857137137076,202.74007328607468,349.3331493144572,237.36539842256428,410.34154866239527,453.5135983117736,543.6106214771304,552.1348442471518
99.59849250378036,195.3881102020908,173.8104558489068,433.20949119659446,266.9808282233173,498.8502516619533,374.969708880021,560.4366228241184
293.9136213889405,353.4548841241571,401.3403115595242,475.058301471332,493.8431864907347,501.75679412543957,527.0707135864405,561.8494412745496
422.1776211221099,259.3191190344048,485.61038247227236,271.6212832016554,509.8782016062949,338.6229475421698,543.6452395659024,474.29741554988163
233.9594088418651,130.44570481411643,255.46893567123223,398.2615695945947,324.89084745422394,412.15907508154066,340.5741015267141,559.8874168703578
102.43533820642938,191.6837847473152,444.4127399105257,282.1904699372682,486.7469266646561,459.9631124648668,504.3984760270727,630.6354196074174
246.0379178584964,156.0571319908346,272.81799382220845,223.8940894528833,279.7471805009754,563.3840298500857,358.58562302378067,585.6355503853932
192.31109071430868,186.55566855215952,224.01847160725967,202.7628802078998,363.88045501895397,325.5234146141227,852.3806410495445,389.439094085625
310.3010990963165,271.12008181225764,491.53248655341184,503.0866274470141,637.924713052681,575.9628676341127,713.845696249532,576.7497278199038
165.56601703092593,33.186460818537405,224.01847160725967,479.16092102703385,282.5696956412442,532.2104779053973,746.3833814883743,541.1890871149783
459.43746320774255,224.927010645082,476.9543684306962,255.49206111337503,482.9719550467991,326.4386338391869,588.8847534703922,391.58995674931435
174.71004634138416,284.61271177118215,278.0510067470471,404.9951078242895,297.14041394593374,491.7922432101062,332.8057213865343,588.3817577301696
75.06189968872019,65.34455275657666,160.98513946752865,66.59525023595576,186.37875356229623,266.56217986524604,252.26312211987872,294.733632646712
148.7008559095436,23.29818455572302,289.97724692391523,261.0916431432813,375.8372369359072,383.5553979927553,390.85656407019655,414.7296568059874
71.13319135280462,201.98805073946346,151.56066300156684,354.60405638251456,190.4615616309066,403.1239958510962,196.23610583815199,422.841530122827
34.85424585915655,287.78206898828995,261.80067001069983,330.44104984725067,285.37584500515067,382.7864173541187,296.6083340116236,439.74940525983243
78.26248700042724,124.83906697177939,123.089379891205,160.778435207274,175.37759829373994,245.1161968671902,207.71399413848124,265.18564489934954
166.78794518833186,223.617475280228,222.57513721726778,252.86052117251575,248.94359879923363,330.96371580263593,281.57468841771566,342.42576730747817
319.143939223615,201.6828143057868,350.61161774725673,308.9246410874267,354.2370824565047,392.02149823181804,410.2665202504244,604.2296929165858
199.62692492725483,197.3831223401307,269.1809317208939,291.9672842921758,489.24936572464287,306.8132474172248,574.9041520254389,384.3811522172444
85.74350728271072,170.44048845072,193.56261891102065,302.50899166499056,327.93021789801685,372.8751058327006,335.39040061568056,730.034452662646
130.9825228794991,201.1483706119202,327.2963474152306,310.51951077222424,405.37546600720293,338.9477281452168,431.8137849039749,402.6041040049967
73.44165598602312,181.3475132699117,353.8209284032234,236.67550214969108,407.75289830579345,779.9140274906418,418.04702694335435,806.2278123608356
465.49846186308366,365.314078528631,515.8264401220544,466.63714458274626,575.8079433796378,470.4979424185072,635.6408590689535,479.9751938873158
421.76532718538357,282.0598897775264,471.74089796086173,328.6174877979161,586.8906166467361,337.0416029579639,811.6874157437773,375.6273631416634
152.9643387461186,314.33158505341646,265.90098067873373,423.88171146179434,334.53015581112265,431.6376384540395,383.87656755938605,454.850561480427
244.7405796118024,128.72708073691905,344.2428172212699,245.94885801092238,535.0392081568991,277.0440986844747,599.0976503248277,605.4818299486612
134.03961892497904,456.34669209813535,255.80440216417844,563.622906935525,378.2014152328716,605.2770069328697,416.4216091839002,615.8062907971625
112.91989117434,289.6187269100501,119.53633704723775,444.58956943012817,148.40128971136357,451.88144472673423,281.07262553443974,511.8254928161896
171.9534897589123,79.20798430096748,181.41712413727907,248.01906835248474,225.23724065005385,608.7841549380214,242.83840044633098,688.1458564612321
336.425591430777,332.3307768341786,594.1089740928078,412.1905542104509,640.9068777571781,459.3336490404863,669.5497958419854,602.9246729095106
112.75372633612919,58.27734272230629,153.80459431179352,169.84978647296188,243.4127419608848,170.49341609406247,626.6990867093026,218.5691205143807
53.51261342302483,134.25194488084415,353.99869169710354,176.72852653526476,387.00660801760074,269.0293034315831,636.9797762824661,511.24957851868686
373.67360490891235,68.93956197731526,461.64233541177134,272.5105908550244,470.0531864457799,299.4509299791688,471.59115775890257,319.46808084991227
561.8271853861302,369.10462983750733,586.7420024467408,387.8810781376067,591.9814566760111,397.0600604371433,727.9982103336139,508.87812916407637
186.11829670960122,132.14136280250338,244.51684672199607,416.0776061277838,261.1621566249865,430.7485033907722,366.2587426581669,438.80903911027593
510.29796123294875,163.02790227332284,701.8472837207445,249.93667423681433,772.3709013533711,258.9465784433131,776.7624992079858,361.0457186544757
334.92490118105957,100.08221688405058,546.6927078636731,149.15225433889742,757.3116419736523,207.8917739659438,773.54595985718,234.50232159254452
203.28177075639186,173.70111570071123,310.5226694431335,224.45046431702218,435.965490775459,394.7845107188957,483.91148788520195,457.52307609734595
180.87767576070883,359.7560854054696,356.48441498883784,445.3868541404172,421.09569149888137,548.5786417515989,438.9828773735789,576.0775467810464
169.56476562037133,204.95080052110197,291.5508904797065,290.2081632158156,332.22018688847874,403.7189860986779,364.87096501248834,594.1452255004556
188.14204536728897,243.6625513130356,305.8533320611939,440.51651385020114,364.2632547880135,482.3312120937703,389.23160457079786,584.6810668300205
398.9690946996152,166.5798963792481,449.8674982388165,181.576262208061,490.9486990270044,397.4008430802362,528.9247330976427,446.7569460740497
276.654780417146,199.66990451952375,457.7123476850295,319.65437661821545,474.61070139341604,349.48778954678147,520.0027138530891,372.43287623537833
271.16454592400845,130.024944854489,414.6032940859207,164.18178677017934,506.7129037150382,475.21772518799116,515.3990387570656,482.0986661394793
152.9643387461186,554.5854274468539,366.5021093733419,709.6658439794169,431.144271745732,793.7131064667996,441.7917733006925,929.893212493594
200.68443055012773,244.33746961823425,551.8878351760858,282.5560597756502,717.521690633799,285.4563670048833,761.1951867946156,446.2799736875906
149.35797110743312,318.13923429826724,362.7944053033629,320.04131783296157,422.9363042087821,414.34852117214825,492.567964845715,530.7309084283227
100.00193801429185,42.64633980177138,134.36766478074532,454.17592735677056,422.20826655650586,470.04953004952847,479.8653966727415,513.3876235419419
235.41945341868959,437.93441397000015,385.83988855117724,527.7129983080781,477.4019719159585,536.5537895374658,481.195595924539,538.8064508549015
117.5307415457649,141.91874363264594,453.5757326737331,256.1399429355048,565.0333623440522,290.2081632158156,668.0805648424018,393.78612119480744
316.67833264096834,251.66656383903796,382.06183328485616,303.2880856410442,471.6099189738387,323.1759922897478,498.3911137566303,374.0165129188527
279.7006225394587,67.0737324984433,460.0043091966655,231.31843488714927,677.0959274950218,282.0598897775264,760.5642120627688,452.64836162058145
489.76619865204157,153.1111330569522,549.8069150593846,239.69435073263847,573.5502177268781,386.6798546903257,625.4647847438232,440.51651385020114
265.7143706615349,173.24210037389406,407.3095761847536,547.3297816194411,450.9147199804121,565.9386640031834,468.2254428902094,614.2109150711055
85.26934984548446,223.8940894528833,389.1541945930455,339.9358504554219,495.5233631717676,349.91790175698685,534.8960904377461,452.2363166697653
611.8369400170917,292.6185337019505,678.300494159162,310.1729699768511,709.2637108530671,360.3749566697169,737.020815965484,365.314078528631
171.58083268279506,378.30870868454014,451.91959122338403,520.9995679313254,468.43747793919744,580.7542609360937,639.1980106943984,622.6044098729607
55.49894233641297,147.8596082462059,137.74214442354685,474.29741554988163,155.4210239656248,569.004092493998,172.49691225198313,628.865179221276
131.43737011894927,400.2999327095652,154.9326034804099,421.6926401255506,206.33490306269118,445.2979007205175,232.08612720959178,556.4678358604879
103.60670330855474,304.01623776620323,130.41389315974885,448.21714079861886,141.65565363053983,473.37631926920426,367.3261807829849,473.7813165972702
361.08757012737595,225.14696477893003,533.2147009704232,257.5562544683505,560.9247003888318,441.7867685323893,600.376448838372,507.8067728011066
142.6800960896639,345.9789797470932,400.3867920605413,356.2246863682284,406.2571772883722,465.96259449651706,774.8747227599229,466.63490204979456
108.18928751156484,187.11786919975359,245.32290953961703,346.7328533477542,345.70703098804995,595.8304233830352,393.8816347994583,626.2342738406049
433.77483443403804,121.91587778612111,517.5160427623966,183.80118062612001,550.471354640538,241.28505950123505,691.5025096513816,595.3122088318386
279.7471805009754,315.80516745017377,311.6537145849282,424.86056504207505,317.17393933884233,457.67220564503117,492.3153814950052,516.8902020380625
345.06500673117824,156.0414535304279,374.55829295186675,308.7591816350908,379.5297085398393,496.0969121771889,502.8505796727226,525.1082485442626
186.73178238890563,151.33887531727703,349.61539326741104,314.73112669404475,371.2483265941914,366.4290719216877,398.22307170618205,451.9107598205542
102.27203469155242,318.22876565882086,182.03524300482457,434.3613330874289,269.9984365560828,451.0894634724657,313.9362222715322,494.40933124484553
343.87312476267954,404.33689820430993,414.53471547426057,439.0433367018692,484.7688716985408,555.2387834411087,634.137253699739,555.5007281232396
417.59897547213285,351.0233691599099,429.9516736552045,466.5334819341538,434.52224257696906,630.076037247405,481.72125247620266,703.9055119648674
610.8125618152523,151.8121247685784,678.1504605255988,261.01087290356327,766.6863063964339,347.269484960408,768.0035475396242,485.02268531309596
197.11676263498137,219.81806865220847,246.33670365077762,246.32325728788942,349.05423258895706,327.5546883674923,708.5795268164044,358.85363562870833
161.00674879031524,243.6625513130356,319.6811277246716,462.37016674862286,453.99470892311456,526.3243417330104,631.9925301177863,558.5394237854763
177.04917942716943,62.84240349778575,395.4278980773312,169.27663188942947,460.39013191619694,354.4069645363871,491.45438796151257,411.22403999267055
78.01871264515627,389.168139409978,166.38674711683313,426.3727294955447,219.07226873884463,455.6966706679506,235.58315871452388,501.8742497762848
165.2559558493095,364.2614971960378,297.93442665219686,365.4809648291032,367.5315371369693,479.0380836925854,376.17334324948587,479.8952694294972
183.74397870075006,126.41866344642912,330.93297101955267,374.3245990870522,433.2597352798535,397.5152745101775,452.4642283384499,404.62464074656367
229.01629392634467,241.46031603687115,285.21168723812553,530.5562772586679,423.99812902725824,609.4196699447124,539.0605198078207,732.1481541249283
305.9063346839716,113.38995171528155,469.0161335032676,487.8213213127316,710.2039596161957,580.1864594156342,730.6323757187172,613.448039539007
458.09331482815884,176.6278740468778,488.0132773219549,330.08610799716575,587.7494345800287,368.52518336281753,690.8675632647569,536.5503496442607
441.29529900155813,262.2678798249995,510.7186643176531,371.89323706074305,644.3858734891273,450.63778625854735,754.0256605524636,567.5785211619966
52.6516711544333,184.6844325478999,174.07119674770243,495.99307902687605,184.75541470710232,657.4389609570659,207.31881036885716,777.6059839650152
579.0260441905988,353.4548841241571,617.572258418694,521.2779106465453,810.3219010022794,632.4972029049037,811.1396142459081,697.4390471723498
222.66579439741096,251.19543572325074,321.26638495165327,381.59603010864953,334.66736233145963,383.58322865272,393.5658727875155,418.2269857705311
454.3262884894455,142.63354791684853,735.56923960478,172.613409701261,792.2547332086052,269.403756034362,1158.358443275279,292.6795889438365
112.75372633612919,185.72707584619934,164.96191299743637,251.78037518771515,324.90573177869817,303.1731346370055,706.7055486786708,365.96961812920114
259.7281417427727,414.8801527229546,351.6278450281047,544.1861318953268,404.79879529519184,730.6664043901153,422.3799431421376,753.4381249071185
183.4983903533614,147.8659711381929,275.6249759517098,243.7243842029331,316.84601706352737,453.64595438123933,522.2761909044167,547.4480420738219
478.3042193601484,292.42953577780327,509.82411835337894,321.16287468884155,512.4606548807518,473.93956989248517,699.8983130884008,565.401892987956
469.1947001287778,178.30301149364348,525.1865607416884,287.7870603884157,644.2018629305944,327.6427855064483,644.4975434191076,485.77322798768085
96.86891763018244,182.59217464717926,130.97940176164576,320.4003367805833,152.15824768579563,375.64264275121707,258.91386908964137,570.5896286815695
81.12452399327171,357.6457003162373,268.23663232755285,526.0053452178462,280.6961559150045,588.7787162269001,352.4224828663353,602.7258791360775
314.60101159806584,177.3409978088648,334.0391682617982,311.05569091082754,608.4390757488706,328.4789779906912,628.800763848708,428.8674067326117
260.7645949485279,285.82620409730833,377.111806988655,423.3888259719684,531.9463741182949,445.7235666744917,589.7891153463353,488.95944767123245
262.8004718443603,51.233710963973536,291.55719346975053,161.49923465398427,321.3467131977332,533.880483575351,340.4728090073229,665.0332513943846
334.55278828426907,174.57562545205712,338.89760771785956,325.9200250665969,434.96835844231003,424.13808821345015,488.88027494223894,497.542380927601
298.8474550301122,636.7733330626976,338.06850856202,762.1387787352357,406.9513482280561,768.6224083629787,429.989180063524,972.4808875675438
130.22959018656712,115.59320041832542,482.543432349212,287.78206898828995,570.5532969902903,410.68508837422684,744.1076529773161,429.5557429175807
136.06704796446772,305.4256114789893,339.8950798196826,314.0130161437128,360.3687802696172,335.5672728536683,363.625103889274,351.3132806535109
123.92225207101438,216.2880613404625,321.0131999810815,282.49015008898505,495.65130877150796,298.2211965718748,530.6126760665016,367.12541149502624
253.50298434000177,251.34428327461777,485.6107816201282,522.064056900525,539.321461338285,618.2097521657034,565.297480831273,696.8102056552852
226.99106223726508,392.52515228799376,403.9781238122545,455.3457447951389,455.8302880878487,505.0506661677348,564.0508704032925,538.8450885008376
214.32812912669294,182.51165860026143,411.78408673318864,289.51925249961164,425.927199344402,351.4618750030631,497.54673190448864,507.018621796024
150.86598135890787,402.62088329857033,190.57845594200913,489.5568347895615,196.3752281083281,606.7902417394155,276.6007639914383,610.9240416650495
66.05283197455648,180.91885473753698,155.4210239656248,230.15404833068874,202.253759981676,258.052611625903,250.1809707989201,280.76790208587556
545.4394119220293,249.33510195333585,557.9984970709877,436.43854927605656,693.0822999822758,441.27738446083976,727.7172205468033,630.37605184746
24.885548276333445,93.27979407942249,306.0694400310199,139.2725994003471,350.3738469245798,411.9672759502817,446.3749999932927,525.995269390784
150.2355339838643,381.28432389407106,364.3034374864064,607.1938958338693,488.61221792526817,635.325980785523,649.4157253297584,658.5091795356559
267.84322399036273,187.34409332425273,308.4441351104801,349.2505499056285,404.4196516606109,379.32309199341455,608.6768243037006,463.5991129767169
241.2190480377855,262.1053349897063,314.1630463638228,318.349700965473,365.7615225481199,375.35596562840317,429.38287340930367,378.5131125032679
24.885548276333445,232.3192674660081,290.42043199744194,420.129057677608,326.5381504566628,697.9868027160913,443.4227824265992,724.8949468929472
315.048504224876,560.7858536001967,429.989180063524,599.3849188327938,465.40295892197895,656.0590630187769,598.8867704550092,790.7698458936842
155.42136260350657,278.1490243695846,254.14441282279856,291.2495989365852,302.359276159998,331.7181653970679,329.83143309236647,556.0537717761187
171.58083268279506,323.9796909578483,446.21614394443293,325.2321400682031,468.71226015752217,405.85705061938575,490.0211732007347,490.83563106408735
120.56221169821399,260.87299390936175,286.4261696197932,306.66708078342486,291.26926439011015,618.2097521657034,314.29629230129746,722.5422156993613
473.0203644555912,207.80263557931744,475.8427189372115,306.56211099000905,645.3319565321345,348.92535108555126,687.0590336507645,389.51162978094516
290.5381487204215,47.615480310852696,439.83689639983544,170.4452653384448,457.6922175754962,204.5069607194885,489.39045788772194,276.8696505961968
155.0476168390767,109.39160227947468,282.7212457695536,133.68388301794948,524.1373537822087,173.46453824163657,608.8090066129628,311.8789636362565
609.5832929055731,2.916842217276646,676.9404676278822,224.39096677129558,688.0946577400547,320.04131783296157,738.9545244189823,418.63839798739
266.86225069254095,205.58194369557503,373.3275019227709,206.17960929776706,383.4408194188401,314.88690967120795,610.5874374013921,374.6085869212657
173.73096515054223,322.37794363190176,217.32073244974276,343.7413691975558,231.30840202927754,466.23234132084934,605.5895255188433,469.70205467911615
44.21162799219359,338.4919167564483,115.7133817046795,377.4917709473383,117.00378213165,422.42456359849194,119.60767357109545,453.32513931516354
649.6024375476777,35.6253954147486,671.028044326975,184.35112244497668,692.0124338901977,374.8724575955419,737.1002652247209,385.3440667279108
421.11115653635346,293.2675876231841,425.5832933067946,355.6378303050501,676.1238709825469,368.9759297543196,754.8380343511503,728.9962340605159
44.21162799219359,236.74241321353003,113.7234637108897,526.9527003682176,127.422788542897,675.24451234824,133.44913898258295,719.9488660386706
194.22232795317973,187.71436681416017,290.1178899563649,336.32122588710405,377.00572602970993,353.19117468435894,478.1512185501135,533.4112237906465
82.79846288522755,234.63270938608332,274.1136285735805,418.660432680494,402.01500257461197,466.94601545012455,415.4065070443166,508.7427535234422
195.98715102544247,147.19995039321597,373.49520682940556,151.01576073115584,406.72212451069464,180.91885473753698,519.1272099833463,209.0536879030593
274.9727775629793,308.10067635030265,643.2467403831105,402.3521584115656,766.1404588877004,438.0897592163635,770.7392127796738,456.22211434386446
122.55608042428173,417.848286177245,168.22117734890475,457.61090324409605,438.21288517239,457.6562266104388,444.7015024750214,519.6598450041871
177.65793605907106,211.63279402870978,520.7836436564897,336.32122588710405,651.4741764089189,430.43323884213294,673.9104547291107,570.3712929248619
191.71632513442495,535.7735680284385,326.5381504566628,640.883521268636,329.0527871987685,641.980721873076,350.3738469245798,763.3167208356532
226.99106223726508,388.5730868237431,362.4019760922596,455.8611714432112,387.18723330116757,535.7653491178839,499.744615508446,548.984017630487
165.08621234018443,203.84480335077387,473.0351503265437,394.39436431954795,531.4563960841915,541.4188049561625,858.0352126855098,549.0797784436116
238.25070414693113,251.84090326275498,482.9231360855251,497.6900471602365,617.572258418694,524.2628602108653,676.082163597104,609.8114759221659
365.4880336430038,378.70401528817064,431.9660287085323,397.9550160692004,433.2597352798535,575.4536315565543,442.0928209686407,639.7815538241022
75.23075946429525,326.99729324695704,100.3422389608147,387.9425927417599,101.60667697075549,398.2304659787433,138.51086958640957,510.1962136478836
153.22546848137677,197.4081214072392,181.45777676596217,219.9281534224497,237.486306773639,241.28505950123505,281.07262553443974,660.7273843862507
238.0145244130721,216.77036846818856,254.66186233346548,273.1184050143811,310.4465271959805,308.4048325444357,365.0834758329892,356.97267178166175
616.645444490774,230.3785841049275,651.8597393278283,294.733632646712,989.4110691615932,307.0718781877011,1142.5088892277504,310.3787961180334
136.83487639559445,44.33559219789836,379.52941236281464,301.31788418199915,386.38364577141175,486.96243183597693,414.892820614362,652.0002284498568
171.35750777501516,175.17705205995125,254.77625826986016,353.74006080110615,315.42583569784074,620.9717895605879,486.59735630827817,622.9899670290124
35.351464305564804,289.2371530504886,294.7546540527689,297.32968485974317,448.4454014764212,319.37780303154597,558.9949383082459,542.5324969274681
35.351464305564804,534.9997269546972,277.3330325648929,640.8378859946976,419.37012219819616,741.0109810651452,549.8019229610521,888.1547628555409
110.89969960548655,39.32224486292012,324.89084745422394,182.39789791872832,461.5077179757581,302.9532070248849,556.2153287429887,305.5941144063289
265.74865790969807,130.4513454517962,279.26043845574054,212.72915559001393,347.9538513604608,393.3367917216646,393.2286914388982,458.5692038457782
37.05514602749872,535.8547840115652,192.84700960126577,541.3756746775049,202.76839690119655,570.6397879580784,281.2807603418512,622.100200323659
152.36759000874284,166.3995062700431,267.86712553897405,333.5105687586553,393.3322932455712,346.94493969698334,552.3874830079897,769.5119685821866
224.17966683369312,167.9471845979445,299.78640323664894,187.9662026382523,517.9695614933331,262.6631798543145,607.4151551642565,436.3170686528191
87.07574766810443,287.8111250817291,225.3133535774896,464.1741523644007,227.75595499506284,631.1251187464749,350.0354668696627,699.1041200425196
168.5096245734628,46.699709947631085,318.9785021070756,421.5631072759419,564.5323668457021,438.546899572227,570.024246934904,577.9383911882773
149.83452217691763,256.8102021119524,284.3261227633832,537.8973478535281,287.4418287019665,569.5498385641448,324.15573960884626,584.6617407368643
149.3290856781094,38.31182506824973,239.4638960940988,276.0176271643629,682.7851342378301,280.63888501141736,684.2200738224321,424.9787332690284
267.86712553897405,458.307290886742,379.56624277508587,477.93342857387313,431.11446511727024,625.8533047417253,515.9619876934953,694.5329609812594
142.43392808916195,528.4985549922915,509.09526133821385,585.9808977413546,514.4186909816178,651.1500385761292,570.5964433031928,774.3088204819493
78.29252614794832,114.84641901542972,149.97795796524235,173.2570213426055,204.1820733209886,203.760274542127,373.0109681066226,205.6078242113399
96.60846271131436,194.45032318890858,295.1776175946488,393.7865930062102,488.5627117561916,490.74478870091093,504.15774121157904,518.4884687543607
312.20415527456714,313.1087666818086,351.9942209344084,342.1313286754304,408.8059282067035,474.9112127590711,572.2729119415482,522.0314387279684
647.428018904069,477.14716504417254,676.8092080564325,479.5157725972952,713.5608211644841,716.8767943791258,820.279131003924,729.7921672893351
67.33740198072903,216.26266337001772,658.7743897075272,221.99098040152194,678.2345437514941,275.3627147351793,723.6853382425387,303.34001798425845
291.4413838345468,73.70647510379759,372.666781331042,114.8003861917912,383.86290047281864,503.0949526760807,385.0916151290309,619.6304932151933
175.69910745648002,47.03396101126091,346.94476579454994,167.57410395993335,349.4276522050316,333.38962981965255,363.9828437226369,460.7128714816774
190.75258758108737,227.37357409317823,307.19138620423183,372.78681740309867,375.6301089224902,465.91444190707625,543.7886321163013,517.2161599382858
301.75059654378657,253.87941661835882,314.60101159806584,394.77628271900915,545.5441773558443,434.1305383991484,572.1589886624419,608.3382343691677
309.69384427571117,191.92221229012586,513.3769753561639,208.05173864655112,530.0884179717176,298.2211965718748,598.169116047172,341.0969365260448
320.3095771622153,95.57503146441223,347.05082099799404,306.47744968863657,506.75403346049575,356.06337128772503,513.1968330323189,437.93441397000015
493.95386655840974,257.9079360770117,612.1151936872214,446.0407575127277,722.9716875501326,479.1896303799166,733.4161728302472,508.952499432295
155.19544792274777,188.77158732378928,158.73484033785846,255.75084336677057,228.2576682683858,287.3473524889022,263.7689773034529,308.74181657513924
235.41945341868959,173.26189235304452,283.0428440040457,488.5053793055805,487.0012478580778,530.9521783606742,509.7289835685082,569.6360452133968
219.65797580163647,45.3054212476509,261.6329339777815,262.7302308539246,340.7794578703211,297.36869317889676,357.0842808582622,335.5672728536683
109.09792469945015,535.9326835576636,117.46885281157013,591.0002247407461,190.48233854702772,706.5985254069391,225.17643148210456,723.86122942041
201.9593620183101,298.0518896441372,316.2332541092422,399.42599935459765,356.24612875114747,402.04698402852097,390.67180782380416,420.8565569350374
975.6364679535922,144.52120774416272,977.4807529421469,387.1803297587821,1016.4028002894268,415.31631012961225,1061.982313452605,486.90729268403766
243.02686785795328,33.186460818537405,314.1278331684468,472.71581171833697,468.8124736844373,552.2485196710041,528.5951093398677,573.7858412569129
288.3637929867727,73.81213953510226,590.4123652898041,206.01593464724436,719.3696027976735,316.0836320626171,840.6477543674725,338.03839190039673
136.83487639559445,435.8859024387122,276.1221724206612,556.4788563799752,366.0206483551256,640.3606862631761,412.93127609655016,787.8273594372544
163.5342592339284,378.9371750959614,237.95055899614485,470.3362271939325,266.61622313960623,490.2829891531823,269.42621514793706,559.704302718058
204.09138080558003,161.49923465398427,316.84601706352737,188.51304584156762,379.9153455106551,616.6124082814645,392.90296107953804,689.1021516038426
129.28637951049433,158.21969777563524,441.32732962764385,415.74680595165074,506.15995529056806,418.9308018375877,579.5309712645347,444.58956943012817
125.01126437749521,134.0770455701431,189.90218287517246,213.97248231751115,195.16680207448363,348.949897219757,218.0343176799283,606.7846809387047
166.67989010657524,182.5750103504622,302.55628876277086,205.39631792039592,449.5615971057334,229.38476714759938,637.3361409006094,329.2206394003011
224.02793808999814,280.5592549800929,259.7392371217192,345.2643383104512,484.4917761448015,502.584001235259,580.8603098306404,511.6508389961117
460.50598835173264,188.4924793059832,475.5457936461097,295.06407039059854,573.4025427984144,303.55474004201534,674.1589979717608,447.27018267723156
336.4857741452247,176.4262078705698,336.64359930042076,257.9345358370583,345.06500673117824,299.4509299791688,372.36977025842384,397.58394683728517
260.1770482263583,173.28252877748474,273.8085919297523,251.87698005759043,373.0519981547489,257.99914451657605,566.074772705477,261.0240366426154
278.2839807899516,102.70541101129663,480.1353692296089,250.39938129179598,559.9066900544915,261.8254549791934,619.1718411586567,439.8229991036369
179.72872064766779,251.65681742946347,207.72828131157652,407.94191715618297,269.42621514793706,433.50048080391787,284.76495906863533,548.6872783231812
209.99956734602938,253.9865357540433,318.1964704629483,525.8076998639548,459.2170729589691,570.2720634499093,533.6653160649339,599.8088983279238
63.197079556963416,168.61908949482591,430.42240192615645,294.75471676261594,519.6352421155939,387.2472636735069,718.7250416172186,477.4215379319928
218.4986560696872,94.66907700835854,276.03895862067264,348.591117088223,317.1606818240885,431.83202565020855,319.16251312347646,445.4000521737021
253.40730691041853,251.17379134818447,388.8560006832154,262.6631798543145,426.248651087971,345.1721564048239,654.2284537235995,408.7496962573288
422.7292519360358,511.1970786291085,423.98190507586753,515.9493057084948,431.88472413881925,517.5249432947809,481.94862154285795,533.1964361685714
153.12190635997405,127.1458812412633,210.4903862515081,294.66719056900683,243.6612455260109,303.5764702830543,343.51968200433305,356.3838437145289
372.4237413958139,69.89978790223871,426.1078164298454,274.66017981971834,488.9227365949725,352.0923192893035,535.7188976798211,586.450936475929
253.6611429815536,427.0673793321932,264.8508445174657,472.9485477500361,279.8439861285805,636.0948816794505,382.56874553215226,637.9212057593369
43.995311840806906,245.5057757574709,235.3091807982659,297.60271926453026,346.7913163371497,307.0718781877011,488.36755589088705,419.13483732868104
80.50989079280598,129.17167534666223,243.1800192160979,240.45995663183663,434.70698422303906,242.09772018748177,508.6437712797277,286.1887181403584
359.82127062610834,130.024944854489,408.11227902467556,287.58943579187866,594.6649100625045,379.60759850690334,610.9218784307558,535.4858360383449
171.94551194512596,221.96165586841767,505.94400653496507,243.22173758547194,538.662434315915,470.57234027534537,674.8566463149934,557.2258095739937
376.17334324948587,135.82672273827436,401.9136334675315,240.92226608311233,423.01578783481455,593.9774406691873,435.6823483247739,676.0174408627676
186.35420180873265,370.80332915221635,362.43513662969616,394.3291564370402,371.2104970146749,464.37092063558737,513.9468969183133,503.230244729986
115.1298493417962,219.45792767021965,180.78532331405486,332.8387871660347,386.86383877866643,442.294289461379,406.2943479122257,455.75717976126174
389.8667373255494,131.2394357370789,416.08532595107056,288.2660154664616,466.2454480367914,387.0982684322827,546.020613729388,449.2550276702762
123.31649768395553,120.91950891560322,204.15101799496765,217.4761804933125,217.06123427712654,221.94246086906097,237.486306773639,399.90939859274545
206.93686184087935,308.9494080907356,389.55774427376326,349.9696106082419,448.16109525783355,496.1067618581456,486.5747083257153,652.5205403997523
243.02686785795328,55.38716105818359,270.2218750773881,143.9885004662846,362.43513662969616,276.17586002477117,466.07149476921535,321.8073312157484
157.41123015380433,364.68947794991294,362.4019760922596,380.5193386690715,463.0562225469339,429.661099321726,572.3788321638826,446.1033522716101
161.00674879031524,71.81362151219203,309.296728962558,255.81766379201062,465.14882822335096,337.57237200752314,654.6767843362964,452.0699599404672
71.13319135280462,142.0032817619769,131.71080163546833,173.5609989030148,132.77229882535747,253.41439414329093,214.9625999262805,415.79600193284483
100.91581876050061,279.7078207382782,234.29738133409134,538.223811876309,277.98295806014676,546.3409323443063,347.1857400141061,656.9767959584195
202.76839690119655,272.9385462784934,212.4903935432924,321.28601182782154,275.0408037683745,327.62374080005196,311.65868573711657,521.9124909730485
294.40410345636036,143.84559920602655,540.1033247069201,271.21208490579727,571.0496888070628,271.47407334628446,590.1250811237493,277.4739092169886
590.8397998289507,278.5802269621363,793.3051464835589,371.6527920760406,846.829307607008,580.4581077866512,883.269945190904,587.2734806643849
123.3823358899761,254.59430066799644,145.59206436856851,308.10067635030265,500.51042982580594,463.73245695630897,599.49752913038,508.7427535234422
454.47139484112125,195.84380939356586,691.4721705584341,656.6703763902548,717.3744144557323,669.8784034409024,815.3060650259397,721.7552363494959
353.6265661503776,289.2371530504886,426.5779007790136,578.8699479879995,431.84784949011106,585.8938946161019,537.6614615384601,807.3289828526537
183.44786127408526,214.24710908654907,288.2301878563204,426.3727294955447,506.79757079630514,717.6190402999059,608.9724045857531,794.0832637788002
293.379049685756,183.34097184182642,303.1603872297123,243.0583517226853,321.4376083780917,366.02102874104156,337.43502291813184,369.21636746190416
255.5281037352619,65.34567061423283,421.11115653635346,96.63007020419042,592.5474426657662,131.95793717116194,820.2594745703154,209.09384109787166
119.28353907178064,176.72852653526476,268.3604490335464,209.57284077525406,269.45100763487426,348.35741132027744,440.03939727096804,593.381322810799
222.56942895651625,202.6106156646878,530.8218678158844,304.5751658270745,533.8797801590504,560.5472822248981,695.5940717587963,583.3662787688459
165.27107197506442,341.892296240589,189.86652928686686,394.0704221848016,264.01213869923873,443.50252177599486,311.16093854993227,459.8272137215572
83.65023693230431,28.89262378547012,176.56586363680316,321.28601182782154,820.6252244970539,333.0211176318664,889.1968539729181,519.971131890257
179.75334934474645,97.6861844668019,534.8515613141716,204.62800380140777,557.6643433802566,449.8716525807191,607.4819647643687,513.4042130838816
76.45250949164574,430.917712140672,85.71039059902286,532.5650371288755,145.986615455468,568.7543662451642,369.1801559606333,597.5958815350124
161.59003072672022,87.68947398667098,364.6070060375586,283.67061688777073,676.8092080564325,351.47503915601663,677.1930438398948,474.65194475226815
83.65023693230431,79.06540088961513,250.88182811955411,365.861949850332,737.1002652247209,401.74792460463925,879.5040973607917,498.5410517976545
388.26932390152444,179.94230511164884,563.9892746277026,211.45973480786606,844.2848826700601,278.1490243695846,922.636303758804,294.45993701259954
364.6070060375586,217.0537682251073,447.9597690655908,358.85363562870833,732.142298170449,537.7318834789854,819.1692636241551,547.0604235401056
213.1943717840311,335.4084846806096,228.49437480112553,353.0528107385724,278.77930926632735,370.03053188005913,328.5646022307796,487.7208822490438
143.2950183070579,316.493700186644,391.0300823055084,364.9959947604554,544.5591787783605,665.4286684615307,567.4166090802962,672.4986553508753
97.42598800415873,245.22663554062962,167.03101054338686,255.4405013405962,324.2253868800217,342.42833156354334,446.0621492480215,424.13808821345015
270.33700282304284,270.3751129211525,409.38065267498615,489.07124426710976,609.9291102201541,497.3000168546838,703.8019504873773,510.2192261642372
368.1478866127428,318.8818581577783,390.1677146014276,370.70142599215563,433.6723314434967,580.7542609360937,501.4034046834835,697.2840528136087
237.47617140039472,385.4594229839428,256.58992106121565,620.8360867120713,317.19211161749405,630.0203429884077,323.75167473026664,639.4350788988841
145.22964890788188,139.34449697086157,171.67928349904386,341.11447308124445,614.0879495489813,355.2030790629673,692.1207990054273,426.7231965124067
248.80230640510655,349.42932342118746,422.32225203917824,362.1892304589169,425.8445016767978,364.012075266812,432.2560001552102,461.2528360301647
373.57717638437884,186.50949002666184,415.38647544932917,190.9436370217388,515.226093340765,244.3113985580445,812.6144994193243,295.9632652027033
107.38267508238602,73.29692839565516,483.7091708474687,123.69913693216154,500.9260074728754,280.83435062485614,555.3259532916089,415.31631012961225
270.88528879551774,136.7515084904009,350.98137296976375,151.9115994121798,434.1569251170932,206.12539758993086,492.9295439464978,264.76729062793765
51.01924756416116,162.8886914246166,108.22567726098288,338.50967954073593,147.24203901961744,564.471398992788,189.43614165132183,567.6838419740102
51.01924756416116,153.65399420918118,77.75819724869535,331.0053251160875,191.99702316137765,333.9887128444144,237.87951463757128,374.4505860660715
137.76998508463623,302.05481483761287,166.13852830050175,379.49803221441675,198.41693892944684,632.7273263116185,204.41682185684425,667.0093346296169
171.95953378960317,251.4071897429379,838.1137760897751,309.3426670167917,856.9147863503729,311.8789636362565,876.6301449233465,347.7944575731082
354.6048400388614,71.37636417241055,396.2292103688431,380.4291455650652,399.69412024562513,537.9945543552161,504.8672089565845,625.5515486489164
170.85253804122266,181.576262208061,354.9998373475196,342.579803372359,408.3015541854295,355.42024019022034,738.9621058383602,498.4625473958617
380.7504808877962,73.52669862840935,469.71118640931627,262.06497329199317,480.73563816996165,454.97543442524784,584.6972665794287,519.2331927903315
59.21290744992835,212.9962529270488,357.93890079316844,245.864259942158,404.9203879050561,254.3145031640637,465.52786766657664,338.3322509545803
264.64975108296505,225.08781943899675,335.6659478071443,229.0098639345039,336.92573374373137,342.2290302424731,342.8124981785392,573.4095337908417
316.0766504196307,174.25982450019575,366.93682413416224,203.09380424890134,413.5012512156514,504.73196156633605,601.8759002758995,647.6487065549894
336.06079669301715,260.949407212099,344.2428172212699,464.4628054807348,369.274233075884,472.1193676868094,472.63238564394163,568.0268507273753
214.15473694248587,478.849937186469,226.22710307924513,595.0031579277744,231.96553847689313,637.0563954071919,433.9869810793893,654.1300565364278
422.55611423773763,549.2008802980167,435.00857283454627,565.1718438364571,435.19326248410954,658.7899837983365,452.3257119606412,660.8703026988078
270.2218750773881,217.07284179283263,386.67614678434336,369.4007107466489,468.8124736844373,385.75179677692415,489.8819251710817,452.66922184578056
270.71812108369915,178.66890095071523,332.02303070694376,480.9926504524614,621.4835674628757,562.0925292699691,736.9837176004166,592.1636366443103
137.00844012298478,286.887983626565,552.0402483317696,386.46364478497753,583.3621833164266,415.2806004455147,636.4283008883108,433.72053942649706
329.0197404454526,82.77078014539794,561.663358504571,107.71732566851176,631.0861663267891,202.91084967395642,645.9258585444404,211.31149162685435
187.10408090445918,73.29692839565516,454.7191818458142,152.51993931515526,454.9041151759626,224.85468178445453,508.5073882540593,486.90729268403766
428.41506314730617,330.70296449858506,579.6267258726228,535.160033586127,715.0850636456413,627.5962262754773,766.9413047485634,663.710145200576
304.280405832738,451.92715048748136,327.6109366069625,521.17445682092,422.20826655650586,670.7344886068081,501.66796102333706,792.3657650972297
242.8942152144027,326.3989678035047,339.8950798196826,383.93469995382833,346.48771934578735,450.8258854504903,452.2266303443072,513.5067139139807
409.7669864833164,153.73562545379784,426.248651087971,215.34716849087107,659.7492753559259,223.14710873712943,673.4945619677321,524.9135644620889
207.48485292306725,143.11840334169324,222.60103012877386,237.34615030599505,249.12573751862766,265.65484589691744,506.15914032561767,507.65057585000403
149.94046686830438,444.2871546370329,244.51684672199607,454.67987868647486,270.1909174909814,713.8204462040956,377.1687546706831,762.6484190383228
368.89706606759864,258.99791152475194,404.2032341410935,282.98024292139206,649.9097191243097,465.6318186072104,699.8605919363582,513.5645190006601
568.179319474796,371.4299425133234,589.2183124271482,406.6850579910541,627.4178995192613,437.5799872392371,751.5117980495913,455.8139685597667
335.20187590143354,105.28520461447937,429.43826341111935,203.27865005378382,629.9525538318243,258.7311819566319,764.3747072080998,460.8619398765407
152.7479599841803,64.57665048900893,364.87096501248834,288.94683054665785,475.5457936461097,324.4444276883401,495.71360411499944,521.3768978110697
396.7713678205373,355.79928773991907,507.5426294358578,528.0877603266316,508.6437712797277,562.5014163295754,514.6888586126986,644.7192150130084
403.37334591701693,69.31996160532871,405.86501361035704,404.0922250843435,426.49502843194125,583.1408933323484,579.4029745764237,583.9027931986548
298.88169453131303,113.75185416400927,430.2185667005639,170.49341609406247,525.248061095087,276.88649366744426,624.539624071014,305.2782093930429
436.7586585346287,149.61761204890664,457.7123476850295,344.6175601872456,734.2422593376542,348.95370258457103,917.2300890500217,374.8724575955419
137.99471989577418,68.34551507762627,162.41014325966646,464.9904988006351,269.5656159738773,637.19838734383,399.50714759184416,644.53275445801
483.20108837520564,81.17610752150709,514.0589519418273,221.00197620158232,608.3640659691736,400.55258551071205,638.9530836644664,408.3439044859007
169.63497371906686,173.46453824163657,172.82961102418307,188.6762919104595,297.64531213499606,220.0213775008639,349.9987544307867,404.1797342918746
353.66120205159683,151.68342141421184,384.0370746646708,161.80608835998234,397.11779011458543,460.50506684143136,480.10031332287446,474.7133298890402
214.15473694248587,155.69503485624554,261.84672484238257,346.4980970907564,333.9334738890034,463.6034285119506,358.84332833628065,587.7380314825712
308.3234009433192,198.35960975242,309.69384427571117,361.903644070685,403.77231194474894,452.34478518385924,530.8218678158844,502.9090723355542
302.9514542576773,13.879386474471575,344.9312086664453,266.3250585312154,493.948509799011,305.5941144063289,615.2872258005295,487.9785484279727
82.5756708897698,34.87724717424811,215.98287305904088,467.6768626201511,314.9676532324421,469.4362589966615,354.4759382725479,508.87812916407637
434.70698422303906,153.3990033648942,443.72550332345764,238.92240638961852,464.37897688618034,345.59795184419016,521.3768332702051,439.8097178833889
164.63609064205008,301.26290394208723,260.0300124993695,489.1370581280862,268.34789729270284,579.9061994374233,281.847241530115,709.9754131743589
122.05597924606381,149.61761204890664,158.08929905210076,306.9061799229536,190.64905326526846,475.6144393936406,196.93997341772348,488.8019305052935
149.83452217691763,260.2445932422576,150.9273539109959,273.3830592699058,335.1854157431891,277.20118160800865,365.16375944861426,336.2800625852484
199.17241841984873,132.16917700633442,220.5753131092107,371.96144756671606,258.1992575666159,564.0488631281296,327.152309549545,654.1300565364278
99.92700208898832,269.0293034315831,165.5168155507991,348.35741132027744,276.7528641380558,403.0293394872257,292.3657429357251,418.6869733345101
349.74899927407927,350.09607844885585,366.2999486846648,479.9832028765822,406.2083970616839,568.8952965289142,483.7091708474687,608.5527364542843
194.0160316127231,253.34641184073098,692.8038077526918,296.4092734846111,715.0989366762262,337.26397706427485,745.0064404048217,356.78500324924215
142.6800960896639,176.65118915683598,291.2746940407282,229.03351976587928,544.8375338517808,405.4538592406382,808.243702784764,434.8701983218889
44.8859633654739,267.47973243057464,255.9957768118033,473.48768626081727,396.87049225155715,958.9515057110814,542.0151051896736,1174.3900204592358
139.27055911597847,219.90019594819609,291.2190606240704,314.2753692338583,406.54655526771376,328.7155001985872,432.0249301031748,542.2822806142478
144.78128014608563,343.3699200886697,414.65194088963045,434.4849980796435,470.4610569020019,477.69472274532535,508.21495958212023,504.63446607279104
261.8779565019752,124.08519930416806,781.3254320172131,349.0380063447934,784.1988807098252,371.2802913874432,843.1505875871404,398.4183511910792
239.84131527940352,30.680342402350544,308.4441351104801,379.2749737363257,476.24928223934995,448.8032768630078,485.6107816201282,501.9074903072849
244.83145140863468,82.41792288761165,505.64816760401675,123.98583625529533,632.3681028631341,335.600274074277,649.6900404994882,452.71519172487905
73.05310690877542,124.58193546439261,93.32871041364606,342.0051098977949,296.2439589249972,402.6041040049967,382.470946665395,465.46805196852375
166.8567699636562,117.86630962501745,216.27699550362874,339.9358504554219,287.46911960055854,393.6683348058369,389.17025895362957,432.5747418692678
134.03961892497904,290.6002121502093,328.3636374650682,292.74227685905635,373.3890752582188,354.5035257003421,545.3989549257625,508.90990247224835
90.30029702732939,343.21991246654915,299.78640323664894,449.25249561441365,583.7930354341061,487.19338235387096,596.3667539947998,523.342145212911
152.87622315686318,413.12730989337285,172.37107691585544,470.9606429156307,452.8135827518683,479.9751938873158,646.6073065129806,517.8343101156747
170.46957608645104,289.473414374662,263.5411396971656,348.949897219757,297.64531213499606,393.17361937928416,350.1481000051996,596.9538309945818
422.06140463101207,300.80225105595093,499.5145901304091,578.7759413256724,549.6436555595416,646.3519889180598,626.5422733133407,829.945762099477
346.0267439827967,170.11007090806828,354.9998373475196,207.1930684862251,658.987555481898,214.36063372031492,678.9326452659122,274.5983322903472
248.24199468662528,356.0479356199384,442.7050701534609,510.0478332222588,463.8095919752989,819.025827775824,543.6128017146938,890.6474887625201
530.2633909616335,634.2985459988613,598.4147261637534,729.3195140063756,631.2292672276959,749.8592366305797,642.126317001958,754.6271716449445
157.41123015380433,165.91015377210945,387.18723330116757,312.234794342582,613.7517188506158,454.850561480427,617.2677975470172,702.4186006856665
190.34367737260996,279.2568132371583,432.16463907527316,344.5954037695791,603.8257372387113,491.06456414900356,674.770844740201,511.9919538722245
286.649394115099,245.69756410114482,512.6208682145502,328.7106157992627,549.8019229610521,473.10790322598564,558.9949383082459,568.2444166505773
276.2668616408257,275.46993461644,288.62996638225906,460.92287612475604,491.53248655341184,524.4601772751823,637.9091251415838,545.5585288241505
309.3466173961031,276.0176271643629,421.76532718538357,287.419955835767,521.1703981247022,406.34827422230603,576.606798857197,527.5044163691506
561.8271853861302,167.66341550005123,618.2833820454334,306.464768926147,772.7566036724804,384.1484233286345,808.5556969426244,404.75760507594697
231.30840202927754,149.1100675527004,368.0577254392284,158.2885887162795,387.6222757480087,337.57237200752314,394.1923531622736,406.00975425019385
231.0959880226715,254.39502415986698,290.79364808390613,319.13974362296335,322.5411996977298,387.32816886623516,389.17729460059724,477.0965692407921
126.93337804809684,144.3362358256733,281.6980824826317,209.74482216464725,581.6090704158191,306.72543037119743,606.504587100097,547.2798496833163
379.7048116653211,280.48489217049683,579.0821710932431,349.5533120208943,653.0919726323139,354.3703768187859,741.5911460107009,376.24641611311085
256.5912497173216,115.59320041832542,404.9203879050561,330.44104984725067,441.1336702250812,332.9627792848014,551.0306955900332,499.87172681371067
234.57084961621104,367.6385621120054,525.6689475901486,390.9916877633974,674.4186744810711,472.4898080441377,797.5687793113566,622.9204706850887
102.43533820642938,147.2286196452844,386.060538760211,200.96819838007391,452.00879095463614,204.5596013710627,483.6479107170428,257.8235063181668
459.7351780262392,192.9565128865197,553.3676144062179,530.5562772586679,640.1103315757276,541.4629110827484,647.9038907291539,625.9077010998586
258.4089107739035,69.57143871562731,591.8859164360854,224.981225353549,624.334387049551,393.7285950603042,748.3291783368675,411.4586527178811
190.41893088511998,75.85633163865056,214.13507862965264,507.1107185189452,336.66387425899467,545.7195830379262,504.3286161978195,670.6779401806443
161.19469699447507,302.12381889420976,352.4224828663353,348.68695055944585,364.1594109546818,448.9101061023584,372.69189935163297,535.160033586127
340.6515906804695,389.32099975035595,527.0546470167981,394.3291564370402,645.7266762311876,454.3456327650691,753.9000853163002,579.7243405121209
72.88420640053,134.54711339677257,318.0185688093311,221.8495985412172,338.7632605276601,306.86201856371116,499.435014868797,408.9130123980549
142.75330726854898,123.04107409693661,349.37773462493885,227.85806897917374,439.2820678226958,331.4417600734382,556.7309467330429,840.8605438060728
145.23746575133487,552.153030200929,268.9215307062143,775.2933007868658,308.2461902691248,858.6168914794887,405.3624331567214,890.9743415010597
373.67360490891235,206.42259666563825,406.04352646205484,213.7056743114149,588.2086804045199,306.67988642765835,642.1397953624772,338.6933102632365
158.30741004194977,177.3989283543421,161.22038922027596,381.87024647945697,251.07865684164852,404.33689820430993,263.00260507441527,515.184476512284
143.2646745941927,190.77861364263205,301.2608975996871,199.66990451952375,328.8098888710971,253.39298092988068,381.0211697683473,427.9734769371245
216.44713736495822,285.1543280608584,341.34850916177925,444.9985879535901,376.3592649081502,482.10090641989467,488.72259990281947,571.0773224706376
52.6516711544333,253.06998032363302,133.30534660784986,405.44135171558935,198.76814505639868,435.2758763755367,219.54275524091932,447.61979674379035
258.0646115066761,276.95146889558686,269.6837907402409,360.48989876633425,282.6061295622338,383.5553979927553,385.9351360661266,482.09740147362294
90.76561694617372,93.64205879038475,230.18679395665146,199.9410989250345,273.2583794764104,325.67073358836245,307.05640902477967,421.9531162722786
232.6520034142474,120.68721092041694,305.7089094522286,129.03718407839716,351.4706862113106,275.41474182761914,367.33845604104874,290.2986532306028
347.0525839217605,428.6550131860506,372.0359689667796,635.6454329846208,377.00572602970993,675.7019425320091,396.31853437939543,739.8225756550561
294.7423811459365,183.87712322204817,358.6114155588302,393.20073858964156,409.5986876155885,569.8212690296276,607.5771725193135,709.1731819693455
101.8258365997592,117.41757513803338,123.29377717808859,418.2074171275098,154.2675106292207,479.94902455546264,228.49437480112553,505.2167386387174
139.99623164619126,402.62386050734426,243.62661856790265,494.6517099674553,285.4576622851128,569.8359290936982,367.8915422398315,614.5094019823828
81.66773362570657,167.57804556009577,395.1174356026897,258.8879433245087,488.0132773219549,271.5421899995487,509.9809537596989,274.37379598805506
125.05394045747126,350.041384146141,231.8824816124816,744.6348272769708,243.31879404085547,937.8094892015375,337.40040960233125,973.9580389641671
260.7645949485279,193.89454974693314,409.68144720923954,336.0870372442747,474.00183239616507,433.68889835470725,516.4391824446938,540.5343181713977
210.98043192227695,284.5762171558294,224.18861981009977,361.0996450180326,425.08832211298727,384.65683796222345,502.77382532396,619.1319784946076
169.88588063567605,377.46439695377137,301.3533143715601,646.4908023600111,557.5941751479372,667.3717436346127,557.6643433802566,744.7505612017992
42.09815635192107,256.35531102845266,188.53408540787493,382.1477926355871,192.29662148915978,403.6570731651239,207.31881036885716,547.4892001104142
113.77758535689686,86.95510318229182,174.12747328113028,127.71773342738132,222.60103012877386,129.07060838784443,354.6520145752905,136.7515084904009
297.62332760961294,144.52120774416272,454.3262884894455,399.4383245231992,559.3701759210591,529.4741057295703,783.7373069545847,559.3473547470429
143.59077435634958,138.3837104543621,312.08926250462093,192.08097297639023,321.1125095308434,425.0872862205167,346.7913163371497,441.1251202964103
636.2151949370289,448.5421729030769,835.7588446054906,507.1074622945488,856.9147863503729,609.176186663912,933.0992211251123,641.1056947035756
190.02200367521618,304.04431572734825,244.44513182997258,366.5256819276129,368.91664205402014,425.0872862205167,644.0621707487677,588.7650364113622
274.1136285735805,308.6175628699377,294.92397357408214,308.77194021730594,480.53118917063085,314.6434873414394,645.3127780235625,320.83291916198846
128.93689960032393,285.1543280608584,179.45314501805956,492.0022799252302,194.75142292390527,524.4873943541711,254.73740581363924,590.1388553987251
174.3713152637847,133.88227368526273,204.1820733209886,167.9471845979445,313.45020507549594,281.3176370856222,328.51224838522023,388.7618075942761
270.33700282304284,51.30595930352552,392.51732728568055,459.923313475129,512.508282247311,590.4804920113119,586.539059551663,629.3011075626217
184.24576938978413,277.50712748295723,246.53927986879995,331.44611445789934,320.3098308491466,645.652862108756,384.8480662341646,743.2068117551574
759.8111273519063,271.12008181225764,887.3422572374526,351.3235732740091,1078.3162692990727,432.99446160402425,1103.5133549690388,503.77047446450814
90.7957860640356,124.47668400697097,177.52550846017823,255.49157558999093,337.319503881691,347.269484960408,761.6486617537071,374.4636336471313
553.3285078411467,408.1253851024207,617.5867973979675,413.59668922404103,638.7176597170582,418.2269857705311,800.7088461474224,452.9800140536508
272.01074695517104,98.14860081290556,325.9526566279706,442.97665087808156,335.6659478071443,470.6464419333341,369.3394156577333,610.597369564981
33.96949288622811,170.13719928098436,101.9379092211576,187.19863990491842,349.3331493144572,212.95073521587224,496.3751962822351,629.3011075626217
404.09038133641815,2.916842217276646,534.1748448229677,225.14987834241265,620.8602299978464,318.13923429826724,665.3259054252958,419.89954275474537
210.64766646216708,184.79560582691218,293.4581594221468,308.2012843442635,340.4728090073229,324.15718156212586,346.2394364109372,330.21368095632124
186.2920556818303,166.5798963792481,224.82504768038535,342.579803372359,271.23524660570547,402.08107627013237,476.9543684306962,446.7322330979093
314.70114651560345,68.39479732448055,329.81262361187333,236.22135603288373,402.2685984071801,255.75084336677057,473.1374547073901,322.8877502150207
329.28247950005795,357.0015660048424,635.1882888836197,542.7046782162336,637.6333778538203,619.3086604258465,647.0352392070687,830.0390761768289
261.5342124771576,381.28432389407106,298.0509726563379,439.13578155038095,333.0256718049771,464.9904988006351,364.24493034580576,531.9712580950658
51.69009917686495,259.0948072540227,217.8637875007506,398.4929316557175,314.1630463638228,437.8931476816969,319.2009011687873,552.3645133391153
294.6789776442824,196.23433917299926,312.2726049399392,224.54086969354734,385.12001987562,475.8744299147192,541.6941419404459,560.2038940059213
101.41768026030816,404.75760507594697,415.38647544932917,570.8818504006347,510.6821238594986,688.5229334857294,630.6392107385534,702.4658557224609
281.02545284858604,84.07074111917179,325.30185307657734,251.2184869243389,372.484199241553,455.19371536054996,452.153982393483,521.8482890786386
218.57592083507163,453.43800872201604,236.6004943040269,566.2066792790803,372.79300580517213,706.624978716422,407.82072953634656,775.009679482528
231.6720854461578,142.69373628850002,477.92100298258987,204.83135710666107,504.98805086361307,343.5133125912022,617.9052102100646,365.2793434188518
371.28691431359107,377.14751934758635,387.8364613645834,399.4057443622779,651.4741764089189,431.59876251484627,715.1880728262078,454.7550507483676
152.87622315686318,55.59740387285198,299.36794418047424,257.71226762453995,535.5413618943652,399.40955192280387,576.727660178488,481.3749808763237
395.4052818632119,123.69913693216154,498.43859885772196,152.51993931515526,511.4299074836798,250.47710995711577,729.3534647940277,387.1803297587821
25.29178576285025,94.17164178477246,121.71250312223553,340.1393709392982,129.4849797452791,396.32337841349425,136.00390860927448,441.8979878741921
231.3158594780368,157.60294708559903,373.49520682940556,319.819530011277,416.37239738589767,349.89744671173,438.5861337253108,445.472228673702
475.0916449283048,153.13959051848238,498.76441099212184,336.93088492043006,522.3402147680515,385.6167540691291,610.2700839650156,418.2074171275098
216.75792231078145,157.9410728310757,228.72476577879365,221.94246086906097,374.6900257328371,299.6473922287187,488.1940245470021,621.7212410996934
369.0878187683854,405.654251790621,484.4917761448015,411.68176046762966,592.1392408360111,427.2601518663603,592.2348063698266,446.3556584464528
224.18861981009977,216.80113312478514,262.21922209299004,282.05032541311033,396.6241743095293,337.3922867344515,500.7272488766972,412.60790187351466
229.42869270457496,284.5762171558294,478.6445017597964,376.67706883376087,511.9968412069657,496.8236688145413,525.5413634346716,506.19030105774317
427.9002826784517,146.60222572684668,538.2514511391912,285.2544072235174,680.7074454487297,316.27107124646426,707.8296551171098,374.3245990870522
101.41768026030816,532.6037379115974,428.4198366600485,571.0913039582289,515.226093340765,581.9776115709365,578.7338518846938,601.6488118339837
191.05834346926667,142.69373628850002,412.31711838251414,294.0086283014092,467.9736846944519,315.41449025734465,731.6151252725583,321.0615535614293
487.5218407059051,208.62266826693772,518.9242310659566,354.49233599922945,618.2833820454334,448.74675253586673,897.1578860252785,459.8272137215572
77.53128656402535,293.92655741035423,408.9476907762546,638.437124406745,570.083579020617,676.1447760220855,570.510186689108,708.2590025894928
343.6569790960427,266.6989379186563,598.8867704550092,432.9077320375816,640.829373255198,564.7901048958385,641.617883259217,579.2075554651854
167.8504433458637,53.774594480727885,241.37912320855585,257.91195017833365,647.4566973431504,373.5574318585335,864.7119773515742,403.0618197414474
251.06170453346277,301.26290394208723,255.75971298405415,408.53560766034985,301.4521420892754,439.93693573459745,381.3890459792418,600.5079890322869
72.67049192691061,198.78138395906666,152.5837972024422,263.215782215524,169.28006687701708,306.86201856371116,170.03636642961604,504.2571080642565
586.7214361274681,212.97827706329792,673.8989917517509,216.2880613404625,743.3634343296989,273.9749908243954,745.0064404048217,369.0729976739989
282.11506705560527,58.36550410215299,295.16021969598853,154.17647693700061,452.8135827518683,248.6469569299152,592.9662027154556,316.06329179688385
570.7247752664547,314.73445106236966,614.6586072600063,357.7981478251691,795.6532834432853,425.14008085709094,865.7444339114836,666.822656640687
170.79082564799327,86.0037983140747,412.82448586934623,140.44416209736323,517.8563173942563,230.9158505281142,598.575500711959,334.27721220085385
356.95613268756694,210.93683834336474,415.1689093237774,365.4809648291032,486.9233542736647,435.8859024387122,550.2855737499024,725.3112104533507
201.6274050762666,92.07780136941047,335.1854157431891,93.13026944530627,389.4823566347241,238.4137559203909,420.90599291889004,447.80808731844905
352.2612475399477,286.1431807492535,363.06806188096823,379.850719567231,411.7848839490525,393.9687653819319,504.40337961830164,484.05010541570834
201.17329732059727,215.13054780578673,333.0256718049771,226.6234414409601,486.42086380198464,251.78037518771515,488.9039888694999,257.7637275787558
149.27531004594334,416.4898815292773,360.85779049615303,481.21251941226114,487.2678211407817,503.0866274470141,492.1472357487928,728.4575169940032
139.83244413580766,188.9345880688519,365.0834758329892,321.29789743826666,399.4743408755551,462.61897314449374,445.7738648311634,525.1257794656069
147.27527137142437,332.104454642038,178.4709053431954,390.34446250960355,327.6271617553068,564.4797218310406,335.68859108525584,619.3086604258465
239.84131527940352,439.19490518883475,267.84322399036273,439.89329563861804,565.297480831273,509.531349417307,578.8910938542713,600.6826986139037
470.49871476073326,457.0419127076609,550.3875285462113,467.58377162694796,567.6788823839519,590.3641071263946,584.0380806349431,605.2770069328697
303.2720313524656,185.64163901449425,658.3998265911234,230.62412571121808,660.4129773818906,356.4452350266995,766.0164835852568,416.339927432784
473.9046774047358,333.60620775327686,495.8820783604254,463.16535856981795,521.4204529398276,491.09646169675915,539.1704625874967,518.970985141885
268.8431523197776,37.618764878910305,323.57753732339137,343.7413691975558,664.5046247624265,425.75874479025265,686.6362049133892,536.3476972926052
149.35797110743312,143.84432438378514,331.33512242459847,329.40913579761065,357.05231215230043,573.3331168399629,428.7824569053606,622.1378825898076
163.6450155980708,151.01576073115584,215.04783800412594,212.74629001399578,224.94532004711286,260.3983698376527,272.10785815703815,307.6668034342006
178.4709053431954,367.8630217777078,217.06123427712654,563.3998735569596,254.78818780340367,702.4186006856665,281.54776256452936,721.0738602271027
241.88739477105867,350.42639674245993,344.67853156917954,438.71310127175053,441.31079853044054,473.62144337870456,602.2740465406781,575.8868787208912
115.43421352268588,282.1904699372682,190.48233854702772,317.6653786794127,202.60848552797555,476.5071721038482,208.75619850301538,503.7419981811936
207.4456542475237,355.4529698879018,624.2489578418915,387.2472636735069,726.2622272227651,419.1403810205077,790.0772266541107,424.32276971719153
242.8942152144027,80.0373363636237,338.39590733114517,312.77227533706855,360.3687802696172,331.562096746926,496.435724631238,395.63208356069157
137.74214442354685,99.64097734535302,140.58069901563334,219.828381963951,228.96796880719154,346.5077353278569,232.30919956521726,398.4847364981971
384.7982072552905,300.9636776399369,482.4618974911073,398.39244557756615,563.8070676590562,487.932958178335,609.8034399012556,558.9370721196943
170.99793365023092,309.58088053902674,238.49406345609341,331.0137092991928,261.6329339777815,333.7764967385529,324.2253868800217,393.5618160611369
103.19808080389974,551.2795549512156,437.91106626992433,641.9963706775212,564.5940506950382,810.7882984746565,631.2952154162866,861.2455045860555
332.9379053420828,238.46350883111467,386.1831466386655,257.9079360770117,573.1738641422165,344.4633828794707,832.6190985878163,435.9783296531978
135.38468360066025,356.28518562231153,177.62839318475625,460.1909427174557,518.7528225311981,570.5896286815695,562.6433609623678,580.6353159599806
157.326051553179,369.10462983750733,482.27639423923046,468.99715492519397,701.6671744134425,616.5214651765294,751.2117518677229,631.0566631472175
171.95953378960317,287.9040360687612,719.1428079633652,366.02102874104156,790.0772266541107,533.0414540810176,859.606253572291,549.2256833864951
72.64814531060608,196.21094155590913,126.63341837497418,240.14209707115305,188.12144244647595,340.3924032839583,299.3956685651089,453.64595438123933
164.66806524271374,120.92027038833282,298.4759472818592,225.08781943899675,331.7101839943111,255.7242351286377,445.59353378513345,351.3132806535109
227.8869341548052,249.28483490299993,333.88354925158205,420.7419764306386,363.58498458477305,422.4296558868584,370.40379559836884,442.2107636507153
99.9126501100073,355.79928773991907,283.49462765420884,536.774920005214,417.54488017791704,546.286608894821,494.32371753931415,679.0121872696636
87.3783424059662,455.8611714432112,194.31948967783777,492.29777415097044,202.60848552797555,544.0670532787713,205.97852852443881,642.2893716041445
298.6907845468305,374.5047499447336,342.9885008919596,476.6030773775148,539.5748744773173,507.70191634445024,582.881057985153,519.5692323655381
215.4377054820625,107.89219104788211,340.2032636503844,326.52740539794945,397.4911120791186,533.1642898171232,440.1302376270651,562.8692573230649
68.91002608462341,173.63651320214487,164.4968828528873,342.4664455974582,220.36071018880588,543.1605357530464,235.27147241464564,592.1636366443103
117.68228989365532,147.90304946903896,191.22361626934028,252.4448536087786,277.39429621045304,309.04953316543356,382.0096951025553,469.3114259028022
156.14157055103928,126.40219031390076,165.27664849470344,151.21905463807374,181.9418067585695,266.035044792685,211.5523600346044,353.89246504579006
249.41687243973217,174.10243199810427,473.2150912483386,285.4563670048833,579.9239920547099,349.2505499056285,637.4101791852286,355.02990591643885
766.8462552548707,40.889487295812515,897.6014299430076,300.11862907795256,917.1684614385551,373.5574318585335,969.2302206942503,403.40530205460425
288.056087425532,286.1909915796197,298.17236533842384,391.56733973892386,316.86619105312826,393.7886561898004,329.3231734680294,411.9672759502817
279.71594535485673,120.91950891560322,329.32863063807235,299.6473922287187,332.69071152617556,334.12480872938477,413.4240058681978,362.67168717057024
312.6084969935366,173.24210037389406,555.296824643816,390.4365690724019,707.781782743024,500.1974766528046,810.6888730490191,573.3353940228968
178.78295862976685,268.50306754129025,295.10145876319723,345.6842620335562,340.51164625592094,397.8302821658324,354.4245882093832,520.4632068073157
789.2674750773479,166.5667598090085,836.7593174201452,271.96761565716787,894.3262192080969,334.64308102972836,954.5819818538372,451.0108367530631
95.08406711808829,384.34149440110485,146.03591536106123,395.46886228664397,157.28764050980422,400.23693089991764,178.11854225455357,463.02555154815144
469.7836246835765,307.58965759531617,666.1916490006919,395.9085093956302,901.4396080137881,492.8718356244239,983.8894021921789,615.5326900630172
62.63134738135366,126.40219031390076,283.59734366266207,142.83180936312718,422.3433121761349,230.8559538198882,426.50328381297027,310.04776865803194
208.95651116642983,175.83309462025844,228.39631533124748,475.0566317207043,233.47422257385514,750.9649121527966,308.6443699402004,753.5880569325633
189.72373183471547,47.03396101126091,273.4904735822652,184.85622945111353,709.5765387404136,330.5797743015172,716.2732718685816,506.91312521264246
281.38261193685804,114.56764175816033,441.8917055359886,425.10553239876066,629.7114061604586,715.3760739809767,717.5562207779332,858.9479489740626
53.70779453562464,352.6553307306124,101.85329980669991,371.96144756671606,113.22023503849333,595.0031579277744,136.00390860927448,762.1387787352357
25.29178576285025,153.3990033648942,113.22023503849333,200.17136149051382,115.29692231228675,333.4276273742678,130.21695841850564,388.6865735469116
81.50439232250403,397.58394683728517,89.01838850856375,544.8039862049322,127.57128257539344,594.1387181687471,182.62761848372287,645.0114813354564
78.29252614794832,231.3336637268646,154.82548036784505,331.8074869858012,174.3713152637847,362.11329532484956,451.3019082515037,389.8566099153415
404.70945226236313,275.40518701590725,453.7471727670756,488.31932631896484,490.5156387782143,537.6154911266669,494.29747135188353,621.4900454269197
151.11830899078166,283.00460532243045,428.600742553281,472.2557825503306,588.1578149936606,473.07369864337966,645.2485231000085,539.214769241246
139.73326228576408,197.07739486575767,316.34628820058964,268.20771855400545,321.7390299703407,562.2058553353431,332.22018688847874,606.2730127157383
87.0316375304662,277.58847725349375,316.3191051202627,328.57511204585126,367.87626616745877,577.2720134307413,412.07494815105866,697.621518751623
290.1178899563649,204.83135710666107,372.0359689667796,315.41449025734465,444.7999484080777,347.5037123402534,502.48169060643795,444.24039190082595
41.99576089134334,267.261219735675,404.2032341410935,291.14951545015845,863.2920792018028,492.37288285179636,950.2459378415022,561.4409018711358
478.9853060442221,162.36981845425228,538.9814877537738,240.59335680398763,549.2089873346615,319.83876528462633,557.8315821523886,454.66903624572643
196.23052876567155,321.21824176021465,230.78334953871178,391.7500250207631,296.36645169689723,442.6426774300372,386.82018842707555,653.6422112630381
261.4524658618167,31.494006026931288,404.48066468991993,84.84967919734088,418.0622644566265,244.40586367804175,429.23883961696646,373.33358415682926
540.5526295320309,95.57503146441223,651.9328512793545,221.4402015810549,742.4852719157136,409.3933885769736,773.9064915123151,527.7129983080781
102.15747350619293,70.57700573144403,238.1338904415534,211.45973480786606,311.5558726871174,291.2495989365852,361.30327225620437,470.2663149899083
198.75878340845924,167.57804556009577,518.8798954695958,169.71095618386482,524.7089604543326,321.4365548344698,535.8976392144531,367.11917850108694
615.4428262824059,367.95869815219993,782.1843188264295,431.48059131947343,841.8650488448731,490.582398154447,982.8316311338876,529.72504701455
259.21805743581115,378.9371750959614,352.2612475399477,440.49421313916713,389.9131869741974,738.5435241074588,414.02254069310635,768.9433095111178
206.96630185941228,492.6090430905234,425.4797395674535,567.568166809943,451.88324777844923,567.6215195134209,552.9765814234878,649.3859605438322
189.38398271093018,319.05793016592787,508.36831491201747,461.4606795250656,584.7148593364412,553.0518161222227,686.4163195205367,590.7062338198717
136.09019184872562,122.32212038360183,278.01953032693865,512.9631192346667,478.6743692993949,531.8555711943466,544.3459747946778,538.6116283651538
281.8435273709406,168.2918704745356,402.7213419696904,250.7231540881279,537.581411022496,258.7311819566319,609.5324056125697,307.0807597705091
34.85424585915655,130.74563641663934,280.7806650520364,179.16371735532678,313.68578557206996,313.7557080823148,324.8458114898824,324.8674547444658
124.33245237862451,219.05977751168086,245.88115692623342,311.48940213272357,290.8542739266938,351.0850604944149,333.48707181359265,503.82367974587805
430.98408287920034,244.7869002648068,463.8511400619266,480.5548148496563,518.2260231424883,520.7174574455954,542.3544280489111,554.6187500522913
207.7726998869046,245.69756410114482,215.06716641108616,446.31457505385,269.45100763487426,451.24184687193963,298.6841849381925,552.829848963939
83.96647829970904,333.93707426798545,344.7588163441831,363.5745148341578,454.7471457632601,386.4211091795722,463.3937408785109,479.9941772396389
227.51827692536972,105.21355643001807,383.4326089888472,472.2218187003023,507.2816115696994,535.6183013299117,618.7098174234436,611.0771562345283
230.18679395665146,454.25084035134944,235.49131831661393,503.0949526760807,290.5381487204215,562.6705273409224,305.2895025714999,579.3793438419334
54.803486060693984,196.3180826121171,268.8431523197776,283.67061688777073,612.6586910469894,296.1209013027712,625.4647847438232,611.9092190506293
340.7585759152182,110.59499208201035,374.6900257328371,513.2836971684682,419.2096723663181,523.2047384173877,443.19847270809885,531.1824739674872
243.56651193232355,260.95265412114526,316.86619105312826,292.33186913173165,341.9261157833297,570.5898485803182,413.2816192830948,821.3801997957289
329.78942939268194,243.52818392807941,348.7305659074437,379.9295020418957,473.06423046566346,521.0752462082579,628.1813301206695,643.9267791287886
88.59342258725708,154.7174815721306,113.67180599184809,299.1956242138147,220.3186062322124,413.28392896168396,222.53701550783396,601.4248544278878
154.9326034804099,304.9038911888499,253.96323560653468,416.9268060640756,266.4876698700775,425.5105022913673,377.3057724165137,450.1547833169665
53.70779453562464,437.94196039530414,78.84624235220008,529.2846423391816,114.47988389677849,565.1875846495828,117.00378213165,697.333334351467
143.80325943377963,132.14136280250338,143.84094655018197,373.16914149981193,225.74830821214695,451.091828428696,241.26737047685413,476.49339246528626
49.474525212358785,101.71861645634205,218.17634588302153,388.24420461280863,276.88430825542497,581.4268980500046,333.84053667493885,681.1305977356808
104.15245021703609,418.48603960729855,153.98039212750467,621.091657822098,296.2951153427758,646.5608941148336,343.2681830820473,747.1392918688001
39.818057663290396,175.47095814030683,157.0828716341282,363.55852696193153,171.31496070229403,408.45122351055136,187.83884198436434,416.08049344360137
192.9138779133304,151.08845190539628,259.3411317473606,302.10434920960273,338.02856859195094,343.45209435810995,475.1135393935265,364.4954597440146
129.35051246306827,90.70790439064277,449.9376662798195,309.93485200392735,587.0958920577326,464.3408830092407,667.4811978961324,557.7580192544129
335.98720908016367,374.0741137737982,375.1129349411837,462.79214972738123,520.3030038273654,497.7789748018848,521.9260697729151,582.5973718611573
272.7523531948114,212.773618136857,422.7075035939422,393.20073858964156,428.12027280883746,438.28858033886803,532.1563912655126,637.3307583565522
340.67299301839574,98.12058325043668,348.5487881512313,367.0815629454513,381.1087588267823,575.8868787208912,476.9382205176389,676.8805919432469
189.37305492939646,368.702716773986,241.3324516571796,378.8706360551826,271.9827658894521,435.6259306211578,292.53132426078304,437.59525162751095
340.67299301839574,198.6060288921524,486.68923448308266,246.94828541244237,493.8470085845804,470.7110661766001,588.4784908858752,504.240510975831
