nn_1_nm,sim_nn_1_nm,nn_2_nm,sim_nn_2_nm,nn_3_nm,sim_nn_3_nm,nn_4_nm,sim_nn_4_nm
179.33824475877975,179.95306226331996,318.1585241698003,308.94810100436484,355.2234704108636,313.53609039418905,363.45222597271817,376.92388649928876
81.01329330160804,340.711748252791,84.10952747941278,361.27776832847155,204.68971981316378,463.99133481566537,225.41250727706068,500.75477055245665
238.64689648306063,291.0788405652254,275.3517254551106,409.8482445708728,292.87322804135397,520.0276990762965,300.13216371586157,660.0727188547899
135.0930320686893,265.0447412414529,175.82777267755176,432.99514176617777,305.32031605841183,450.0872717676216,450.6004596149512,493.4805236295838
113.74709901744305,267.21859575498206,113.8660829970465,280.91901870193504,354.0092613783957,361.4700113757626,424.7853867323033,377.0321419572836
249.0560961906959,64.40395320447486,252.7773217315771,75.35584430577923,299.4962815139135,307.48967641109044,311.80096052578835,471.9016868846541
45.20509948075073,190.44580768291675,145.888166256506,523.9013207235033,226.18259552584556,539.797883782529,229.38535036199497,602.2752261875573
45.457987987854324,317.36116747127335,192.55722293474403,323.7021473204558,303.6068692668793,341.2091698036092,343.1906337410977,376.2841331710454
82.68112632947151,242.360412959389,100.06858707119802,366.3274113629542,198.92827879945514,388.71480074222484,241.87031076903844,460.5315340793089
154.2081999589063,75.4122113128459,343.4555677225909,195.24067651376674,361.1709577764769,256.3053192560378,388.8638999997179,268.41616921644226
160.22298156646525,255.24723379558105,191.46873402464243,296.97193740758115,255.13141359044704,301.8221715972719,274.6185991374853,331.8565212503298
146.18918689371506,392.60538730834037,456.526061736366,513.9644562794665,558.9490288619471,583.0259128502067,584.7640105318343,622.8230603725981
61.95141573859857,122.217553405893,316.8059618003892,163.0142324778008,328.29339639214254,261.82176168321075,383.09148975200696,354.8961360522391
323.07181717399175,414.76101997258337,808.2874487467155,508.1932845083147,831.4187282709464,548.3924915382602,925.5275552001833,559.6147182873254
57.3212378223024,179.86221398674766,67.05900491104266,226.80540869558166,67.88891243247419,244.79820872626172,84.30765465146916,345.6344859210345
41.57335078410868,117.52778868755618,72.54588354097811,181.52930404612425,355.89456416038036,345.10517352774275,360.0262765492049,418.143947825098
151.8341993042088,82.2916078666204,182.96891501312675,95.67805946153733,244.00249019583055,348.72995246575226,258.60922763712307,454.85060439859376
99.8369395931534,263.4735477777571,129.43302561074367,376.2396115948965,150.80070983516237,409.4363279955247,219.00213293841162,411.8854920006254
126.98050465136323,187.34297642775113,167.17925855939987,344.1303909111729,331.48096201110656,349.8317096312251,375.31830421409217,451.4129017347422
257.5970084864512,298.23204979323447,302.4934254019581,318.78859554517703,371.9259463618884,384.39453220137324,421.94241235548606,460.18063487547755
139.12990361658916,165.03627637085285,225.6869472616629,352.96194970859364,308.92979713215817,374.3596878021518,326.0136326448655,497.7466623629057
271.0214469939482,355.5946088806301,348.63122180181745,393.3911387730049,415.2887931304349,562.0412840726691,451.0325866215347,607.6817468918398
164.98771219280067,108.40147045144464,252.35245913936987,168.70432431084186,365.6166609329766,436.4113912008019,389.1150071873207,468.9549759112288
291.64543891725793,123.20485352864397,292.1427441192096,173.81380988369787,338.5344523631714,177.45667346717107,365.5270808747684,320.66086029158623
205.36100672086022,195.94078437520952,252.14643090405076,206.59267871009072,279.0726178378871,381.8517524610379,292.53984131762627,432.49986717807883
158.32058336843443,39.429142594437785,182.360211254896,158.23264007267875,354.5864706616057,304.73030160550155,362.55983685116627,340.0600106722261
265.21965448917354,42.499754426888536,336.732280652655,161.53623098077566,371.86998625353687,165.24673642498752,486.15167402742054,331.3583784354523
257.21396221527124,508.1932845083147,309.00048042178173,551.5452798077159,408.4589397571128,579.7045500944827,531.0841070438944,597.5804588697767
54.9128258192085,225.7127324617877,119.32847368690078,384.4651747616697,143.7482905599698,418.42041693431855,289.8344617411503,553.5934232093874
52.24409344678709,246.80575417067513,124.714575962883,344.4103583721069,241.20981842753295,368.19070109477695,312.5490317366205,424.1839839497935
274.92978737495486,216.48273095921346,362.7953619636757,226.86829656123106,418.93132503302166,275.8113866275737,539.9859517637246,277.16092229873533
197.37889761754485,274.94804806613513,304.4071682024881,393.3833336170383,314.055098201272,394.6031256890744,342.47419287400123,622.5523528064232
207.07526541599515,274.97141566217,217.6886813619855,625.7698155058779,245.70886499366375,708.9979054744088,267.51049950858555,774.3581865526045
130.50592163125742,111.7728240621159,198.53247141285325,142.2224909855146,448.62079118034467,172.64018024443408,454.3519025782836,279.84778014357977
99.5688511149863,245.17564802469167,231.0901680593989,259.3086775577773,236.93335777217868,270.2763881824999,270.1300658508635,293.7287752140946
87.43429318901029,40.91998901844639,108.87493462165797,209.74310709238628,301.58187917607614,248.79628707674365,531.5978647754999,319.4255141000908
232.7736885403254,255.31642212504613,293.62248329312837,371.0336729688493,294.00570025079344,443.0861178336484,350.2656395691945,489.1998140672316
66.70418505463977,228.9972849766345,120.09044825164452,520.3566376196156,187.8722257155508,560.7526061462565,245.52453215177505,712.7450911430328
63.465485235508865,220.39999907744865,335.0631442480996,250.2384888471021,369.4263247377487,302.5679567925696,477.5606310323607,389.14251913530734
114.73923993679814,182.98108548437568,195.21758206324785,235.02219284751538,204.53473749146823,295.4442533833035,357.41795378994664,328.187293909176
52.63084506857661,255.42173237700223,89.12937422260671,303.05381872488573,90.07111796338603,361.79590652129457,97.31245004337562,410.25040038865274
210.36213645877942,270.4250132794616,285.887671538042,301.06429319778465,314.40995337055807,358.3796279434821,314.95560720467694,492.96138660588133
227.02553779121394,34.49831504019913,254.62886662944,120.90135536036992,364.21076748561734,343.91333228676064,405.4379136305023,379.3617456901387
42.66594263838565,32.82589553634814,256.65777451583097,142.2224909855146,293.06679793335326,279.8854264289844,327.6033842288485,303.19366142198805
86.90701464519645,193.7932619912614,106.30001162657908,195.0878585275921,160.2586690298641,301.3911631777964,168.5608893308689,343.1904409210087
64.60064444754711,330.2078749624092,229.78793670806897,547.9437419085767,236.26195518957005,600.242870516105,275.48197267611823,669.7577292945939
71.24246564220333,233.87755187620755,79.51082972228927,235.73458614697935,118.71962175494936,236.68782322769084,181.46442198959033,285.6416174926444
42.11307288694149,204.49744626123706,269.04930052912715,236.2612329042645,395.4221023065565,556.3318509409012,397.9090856223444,612.8251741758334
357.47116588793676,172.197895256916,646.155503210352,239.1961532894656,704.6349759225047,251.44708114240422,712.7661876209874,263.76550381589436
61.95141573859857,126.24205207898041,272.6887407854596,230.7146190969968,373.2443474232133,320.9664155729653,442.2519996741369,374.38635960180494
340.5888307774581,336.50971622617186,348.35224309042655,428.37138227565936,348.45260973729165,442.7205287953744,386.56645457240785,693.5312857523312
151.12460803426043,631.9191345484303,207.1551164479028,751.5309574068987,309.46549846278,754.1546041522126,314.8502738489664,780.8782610556058
88.66430129947726,61.94182281542914,98.60036332242552,213.02244222165987,106.2949301854947,521.3763922815835,253.54556018111901,555.8341143869877
244.26038626865318,161.56069759895433,245.6754529712542,296.2069782285557,307.942570893801,315.88925420324114,347.01066591147884,377.2499650065892
134.9507485447156,103.92284026495781,265.11675246933993,250.2384888471021,269.19086233417926,289.28048119085497,272.41677191049683,310.6005993762807
64.09437970977646,71.36244211339132,90.20597351427173,88.55482698640246,91.07959707052954,377.41591292834994,114.33558628322258,483.40691003467
335.8047587449339,192.71813109049535,478.8221561687486,205.5828292441527,489.09290134408366,390.94972752203375,500.12126979242055,472.5113864721487
125.50451647304183,83.60959889726482,410.20014493743497,179.50196502846518,515.2518706121779,193.43131157355654,527.2185131550298,199.2713409985357
276.5740381605408,199.74910321589422,431.94827590318,277.92757624451053,452.22843068478915,456.3664044234549,479.10673235817217,467.72428174006814
174.25136450091765,155.4236127274165,233.8296792248785,189.07958110731755,333.36472834141415,261.21296308385575,355.3921582179534,261.8541447890606
42.87752527597543,161.15375437753238,144.500558176139,251.42995283880478,157.41463595833193,289.07251255373103,171.3148733344034,297.1261640473399
264.4886776389205,323.7221365870539,290.22488571885515,455.7845064295758,322.5803314556894,488.6706800254365,422.42405616391574,533.2003987984218
145.3880907441518,87.69078221190806,240.98727486919898,373.1343217760536,241.7898535517196,431.28220519866966,245.2912643398163,455.3768996861558
107.68504841277841,234.47144675672536,108.81477859269945,318.4372726421307,112.04002014411046,422.1220330174717,161.12152585969903,428.5409695359799
33.31072831098254,187.13638544068945,219.84294867090458,258.0803784212552,359.51433692610146,318.46057288897634,381.18632079523366,387.7254271308099
87.65082375779554,190.75325676350408,218.59035633951393,195.24067651376674,271.0966046559785,212.69307773055567,317.94092115118076,222.23976395488944
59.00715685517871,215.37128358870513,108.17696966923657,290.3277221868626,157.46670462533822,427.44049106531355,275.45667118793375,468.0979186862671
223.13342909798743,69.37038456897734,309.5705713370544,196.34513387832956,321.7665291126025,289.3757123249483,402.73418811668074,364.8736554970352
107.17931579856906,174.44457683817558,130.20121029747452,308.246494390788,192.06273942309704,372.81354481588164,281.2771758372571,378.95570491445653
182.54493345300688,275.91460323551166,189.35616789410665,309.2235733715282,192.68918519901675,325.4566224704877,376.460742083735,373.108518591379
37.831998747786336,66.54585397287325,152.10868559712048,500.3485926978976,212.49650206806075,516.8683045968125,262.7467734669399,594.1876101153273
135.16870896675,163.0142324778008,542.2807740311915,204.92053053403512,543.3241323554321,285.2307197013054,782.1068301607274,424.32350036335856
114.61394713771627,215.1941507483968,120.73736493775071,287.04401768495467,256.41908280111556,320.64253550857075,295.76723399515606,508.8735582886013
86.51779004217708,207.60359096306422,109.7413096254359,287.9684468965455,288.69020856623604,472.1738564790751,314.3208958424508,480.612185200805
135.84358532615747,45.475547730667934,210.08879365410164,289.43296878700477,609.0706410369174,438.612831618133,684.9789728345992,534.3694333789798
86.89280245110608,49.80083115697586,149.61999594068783,326.77902707646996,217.35650727542728,329.9396447205969,245.07454468953972,403.7702592383184
229.68600107214553,167.0212412830677,234.12038655107875,368.04312279913535,288.6023090149748,386.81118584725533,490.1624030054867,460.76523586192707
60.311230583720594,180.22045808086338,60.85009251490592,265.469317360123,77.40247768404018,374.83165802493767,84.26344844804333,382.22955506969805
294.2338433689018,172.67122311390264,346.67787003017384,190.88308374016552,354.0334891053612,229.0795141268267,413.6740538440811,319.11112389466666
208.68550452197155,167.0212412830677,266.1771954286328,327.26754945552636,280.17484492497044,424.37834944385116,324.9601913769883,472.5281823719344
196.08314364881764,518.9791152510385,315.22155578831644,604.5370347857714,464.67851862575895,683.3017492101666,490.12159033502,690.0500015256629
302.523379364909,274.01043037843647,360.964358677704,439.40452723553057,407.710610894829,464.27994816689636,408.57820568755835,497.5642003969343
185.43333430876433,504.1615906320031,273.04682772613575,656.1205114984859,306.1303257107859,673.993324444395,360.51132111325387,680.5403670119351
74.69296459972824,129.5028738997995,78.30610137468335,159.96958961113316,129.506885117806,247.15402141435297,184.79794673251612,399.35907868980155
122.09981128684842,164.85264537206712,138.84623214597397,234.18307393255913,263.33871785389147,485.74151277716726,308.3229201135738,496.9130363981825
208.2637874395804,104.37614522457767,228.52519316971265,386.58835711169445,259.73507201413855,459.93878582478624,277.07861283070935,568.1736737637059
332.80639337514174,285.9708516781977,338.58083245089625,287.39800210796955,350.9042120391169,358.8130951724732,368.0195659112207,416.36142416473507
158.32058336843443,23.6291438836703,220.43985679231122,206.59267871009072,323.3804850531637,243.41737909855564,396.54273582317876,351.3017598825178
41.868971357401946,222.47655856345781,195.0496223621503,361.27776832847155,254.53346213106295,369.6672331375253,269.6288581566166,496.073755757429
133.6170292190524,148.98485779774762,145.65049489081656,151.40830745918063,160.26556023499552,211.02161113465604,196.08382839679086,357.63002241564027
144.15841913982536,134.4281129550401,253.63662397113825,441.83153753406157,261.8461589302502,470.73827665808966,274.27947510390544,554.1535300504096
36.83460369236939,296.8496867902686,294.8904139573446,367.8378909047485,368.9761304549867,431.27811142002486,404.3949694342707,442.8015737077508
84.04545155895443,62.83627825682377,93.08918025711527,143.77472153608917,149.81387798470854,177.19743078811408,162.4841793105261,307.6827857759953
238.30541832301898,198.57769801429137,425.4675579050582,227.77271411898357,433.461700739514,519.4018013670308,608.0541934334404,526.604667988909
159.81212490152146,203.58521867998877,224.30596692372234,210.7234022775794,253.8153861848275,364.8546565290595,326.0136326448655,492.9993203890617
94.60918435850695,194.44523008828344,225.47174832752344,290.10193082715574,231.96235989230746,346.492266985112,249.93061530096367,362.6297244224369
266.1771954286328,226.8834330969957,303.00661088882396,279.63169205572774,308.39536672119027,355.3767395425345,342.13155236597123,374.2172841704193
86.32195811244189,176.34286357547452,119.42120697292216,195.6368240046741,191.38165433216702,251.4022383200331,203.05161781893585,607.6283371234257
132.44721019483273,98.19925777622055,218.1887676290893,221.01042096581537,228.3039640348416,345.25940851362554,278.78902550052754,415.41410706155153
66.99085609708139,75.28055070614302,109.58463273001297,208.8920156071789,164.26151159553243,350.0537689541052,170.40905611810513,378.69432187704746
102.79914020695766,421.6383892846173,188.56375538802752,648.9636576352124,195.50891385996346,703.441363060529,239.55717505010793,735.5373742283458
208.65196862321005,195.16439689770917,290.49559074315846,279.84778014357977,302.94237679536883,279.8854264289844,319.61558714509084,284.39563069755053
128.41062888941735,200.12363210260642,477.50496726704387,229.72972852747398,584.7640105318343,275.0821327484994,629.2297399649901,326.61303768631745
137.58101303752153,137.07434808859466,203.0120263457004,162.52868023988805,298.4929200730699,196.86528105264102,336.81898640087655,208.6723862105223
131.05010177198164,99.15333574489527,136.25023150965575,256.7660331124214,201.48071059944414,319.6602892404449,207.72164884494865,500.3905039298418
192.22127803536551,242.52689272719869,372.8962143088324,258.10737407474915,429.0331576643876,425.41408177056036,462.7702635988763,441.1679133694694
111.2693634203242,190.95565070462263,336.98532067903415,201.37231754372863,435.07737702524554,371.86839397326656,465.001931703578,500.30249827291794
390.90898423865326,247.32377638195584,428.73439112936893,299.2135502277195,440.0407666382933,313.4157834783449,519.2180883752012,348.77434655154957
100.26564431335787,286.50079985534745,215.81377797990368,366.93801501067617,273.26258442131336,372.8893498870997,430.15822294919576,481.70573639757004
86.4243169654103,293.7722073557289,420.42467173469316,332.64072114067676,437.9881649210196,427.7572601176337,478.6511070740469,506.9825720272161
75.0385789477157,126.3574642862999,165.2313884627146,250.431215628146,235.71701656530686,254.9386840825566,507.9046412881853,331.3177153715773
85.40838118441341,116.05383017630116,191.35049879629878,305.5631148274396,213.60486396037174,327.5547075725534,235.08415943183434,419.40746823632884
54.30475843555632,314.93953898264004,145.855881334486,373.4507703984671,202.91954385254013,394.8721648182469,220.88687062295634,435.8281683986434
176.35424123832044,127.2923491710575,282.3152349157674,252.10104163906203,399.6220863417543,329.3755551350094,404.64758582609284,460.63060210725484
78.40529912974915,43.71226042437504,202.82064445540973,157.52920563234815,263.0447289026132,322.27102529431477,274.4491616088098,339.9297714561606
347.9714661680309,133.53989569943906,362.0345977509446,174.7685010769668,376.3014802048117,406.2534472336493,399.50789654075027,425.90713876328203
102.12011089452074,152.33486094449887,138.85697817223,173.86906814595378,429.7782569973292,202.0746154458624,493.65765499798215,209.60449082835137
201.9799999201191,250.8150107413997,214.13179176188854,498.61279427785246,244.24869001182557,534.3694333789798,274.3941244325802,559.8268125607474
124.12662580098142,192.85475397646968,213.1653937051824,238.26728139596938,251.74805253947648,278.1221498020288,276.66274955943254,383.36606164362655
185.0400992607127,362.2428035433132,223.29304549442213,402.26353533601394,341.2595221925002,409.6985602063175,370.4664270970435,414.65765585243287
86.42276579572827,40.91998901844639,300.87283218400523,221.4426660049224,317.79212268097666,229.17363833243604,336.59999670233856,350.26864408127767
97.06816101668869,59.87565677351775,158.79605742428865,547.4842948936094,353.3836884799888,623.4902056530276,428.2343000237323,637.5226300906095
162.20580492572992,170.2369720717162,197.64101631843727,253.18264896161844,261.0415243288483,298.7564768422817,328.89232003852413,302.94186267403774
86.42276579572827,245.06835649179212,271.71704115498386,246.406719515325,273.9042069641016,304.1791568506639,292.629119576131,388.25973757592436
276.6683829015306,146.30218978011874,276.7893640096412,253.69359019427125,278.30141141609386,332.34465177596815,284.2144392350543,342.77266062633026
66.08896382474026,53.05010089629095,112.30056115339525,267.2037840074376,288.16561990483297,350.3528341553414,463.15487737709395,421.213894725089
64.0102526305229,282.8689488580169,267.20582102217264,338.854594116964,299.0906143007644,376.3772269431041,329.5386998332462,469.1033681217877
47.511236987353584,312.6206833371163,295.78842788817394,341.3248903959929,298.1583822171428,342.77266062633026,315.1599876763765,427.78129565895836
119.42646260316114,169.65016611462895,318.6321457559605,179.81160949553484,352.34120251556493,208.13282172565556,397.9099306559723,231.76668287721276
323.0561910274714,309.03473058989994,370.9377177064676,343.0625221332354,385.38872635899486,378.02270637616687,406.0867583218989,392.6297288524951
137.58101303752153,290.7997272605988,244.43889336378308,323.57186289802286,252.45872345437687,361.2297860796539,375.03745978936627,361.97085952925
106.33294614164481,149.25877143687737,160.65380968818096,375.06371309250176,210.35164867491724,430.0328794158616,268.6701671484298,433.2180942584832
139.40394583767787,347.05853250820456,143.59491886290297,374.3956453627858,166.50152311608412,431.0544058481936,210.85589497535176,565.1270768399887
104.7271915642269,231.93146048310763,258.48924518753637,425.99338586361176,270.9647406849467,491.05184839546325,323.5570515553411,555.2569255019301
39.209582929199996,214.7886208285449,293.47642970791753,393.8396010853566,584.3669372556742,513.522483287212,615.4292244147726,561.1869384519697
93.00075500096966,298.8413174999664,174.26476690800084,386.81118584725533,181.23900687579365,392.06473971150785,278.8112938553845,428.81937671032796
160.95726943515422,94.91042001541129,304.4071682024881,211.6200475177613,334.70167070430256,361.8844919501802,360.60437758448353,514.0899547930359
156.23714164240934,227.66240755452716,180.89503400153208,378.52222037079713,357.7972719739843,492.50711237390203,436.7730122324918,493.9979941618574
116.79974872554811,209.22724218743286,180.49876639702347,372.93760323331827,404.9412558507592,378.5253873934026,439.054070194044,410.25040038865274
89.9667737505005,363.53858057030857,98.59016608636915,386.76317465029524,149.500020526331,479.42153244704264,212.76552695264354,545.4512493901086
34.51214711287345,191.83972699611357,242.62859279636078,238.2194253678646,330.58344751909584,266.5343918933609,351.4466246494661,334.0493745521541
171.31834701122335,93.20488174859084,174.25136450091765,177.61799491537334,224.30596692372234,224.7378358665629,305.99420217353713,497.3489405861714
393.0206449622817,367.9144173238097,411.57192533513575,383.9430385333477,453.5372561802459,481.11547198814,500.9771725913366,535.2686244339104
165.29490830612613,112.69632515602099,317.8747025048192,262.82550743110363,324.81462849723664,374.44560282321504,364.8419556787461,382.97158446679236
100.40834438400266,132.67240519191088,245.55404750837084,263.42838260702405,320.44363249221834,297.18942473599833,338.1526566465642,299.6444697494462
128.6182500134733,177.36025400032105,156.72171298802334,257.91292947344886,156.74763742758617,268.583418913555,271.79080958377415,346.13117513713604
92.53286099231504,230.2908811877008,279.50893054534794,341.8925966027605,336.59124535210503,390.15995798095446,342.39276396466727,512.6153794387563
256.02874338982866,275.0754132866511,278.3985529721837,461.15247220201456,322.55582437085667,477.57852408333645,330.1875930868812,488.0580539122857
75.0385789477157,312.21662600620937,183.04702756494743,315.73689051198573,297.2391999374267,424.3424149585898,498.76905540890374,558.3478376094932
163.21535023104212,130.64408993124582,195.10014144179374,142.34331892029618,208.1858276597346,151.69439636683907,263.79707153145483,334.38771112131036
54.1899897095139,323.75228389820944,152.77997861562824,378.69608662087745,253.97175000942497,394.0646326943493,307.9330313867213,395.54930237846173
35.0401845931018,182.22993359291996,359.216772335789,226.03119080074654,386.08954683538053,295.1387473657002,415.26081676538683,337.3888921679098
151.59922838238901,196.71837392618974,322.5110056042863,218.908613547904,355.8989518185018,286.50079985534745,402.19578812413476,328.2119764730872
210.44219068279665,346.97309104713156,233.97191016090855,441.8846054721335,278.2669206642116,487.7096985258016,284.70841355375285,543.3967498359677
110.86091205440854,89.19928894364529,386.8347047116621,160.31547853213937,471.3757672912581,236.01841504633578,483.8707059599684,504.9912786978862
84.57406409382259,223.6426808264837,153.74956024045125,320.0410724778844,157.5708932019147,488.75346395530806,190.63312844281904,516.1730097617457
81.10033653935892,128.40040507246025,111.66596161165384,308.2661738497997,247.9374589919597,371.1394685401858,270.9562604132846,655.5716656850611
84.57406409382259,288.46682440489315,228.24384892932568,339.9189971387556,232.09622208647164,494.8667158718751,236.6961091849069,497.1498112914312
88.65201525497865,182.336944216821,108.2674028918197,309.6120123451003,137.27223234946592,318.9107145827961,154.22581187131945,328.3692921265894
62.5485284981565,231.1161812316294,329.65860378570545,344.6599516637227,374.0142926726547,358.3206597715454,389.6300551544458,380.77430726778
434.2049121233047,85.52653758735697,496.68061677930655,172.37081320501727,527.2171568690521,229.61376866625744,539.2943205137518,380.3788276263467
111.2693634203242,205.1149172986903,299.140757430673,306.48517828146925,356.20262517322845,399.7217318369922,418.9160195125562,414.31110313554615
107.8105646470781,90.3482103114536,273.10709389169585,202.59921076271397,287.40946622565565,209.58862568843813,294.41303174753114,286.631860121147
91.46527147584621,165.68871224899064,134.70558163683089,365.1214049100852,136.53874529888543,371.107280506531,206.3465506301613,386.5320950269426
142.56343157411496,204.9633753378912,156.4584990437341,334.2313940886866,183.23399264997283,342.80990822935195,210.0645747711861,362.40699405994485
203.8259871915303,329.1875396831818,307.9743777695632,416.51752923947424,347.949429440375,443.87396627257823,466.34700411482777,452.8939093373048
51.502479554189534,110.35549021027145,70.19493573212516,210.2803223553178,70.25920384090283,242.2103564515558,201.76674879704248,430.99542864497937
396.6089319868719,228.61500457680086,495.8699230046166,244.73053276338126,504.6453934835578,349.4051554199036,521.9128739862742,449.6772573852897
178.59546762998116,37.10915663542309,317.99447986878084,113.29920028150559,321.1711628967628,297.08785541522997,380.0528346570554,386.9885256151794
96.61448452265809,115.02418155337877,121.9704723718134,235.25670508674907,182.47259805724923,344.6599516637227,206.1796249550443,434.5926580679077
241.8605019707245,136.4525861803229,255.68533456643047,241.22182498038367,381.0583532284195,349.75254957935545,381.6383666558944,407.22382975953593
212.4142210544376,13.950977310347723,230.92384708090523,292.78112630001687,258.7663100846935,338.09321563901784,312.2950604164535,355.86441955170375
248.3174523729118,209.37860451989783,532.2715613189162,277.34809409623665,662.8023176457934,415.65398532833666,800.0607894578959,571.133956375966
239.50567759988817,247.24470008799685,351.10887221811424,285.9401727270107,367.7784535466091,286.9080148050305,381.7456696069073,353.3560252589632
171.81429191234633,192.70560520660172,414.577251404893,320.12988135950627,484.98276276357393,368.19070109477695,556.4277979582465,369.43992674224245
135.80235208675782,223.6426808264837,186.47875268751702,336.88537884710576,247.09549642160405,350.0495029927285,261.6062796805495,439.22907338022964
72.71057773677485,304.8679322465217,159.6301195536489,318.245137744482,246.73715764444347,507.20889009127933,376.09893104553817,534.9841822828661
64.25203346489576,246.03746107605213,149.4539862472665,452.58734827336343,230.81007141633904,488.6267679597715,272.88586838830764,584.1822399785308
546.3158370387026,110.79524483572209,562.0761942159714,167.89478202850998,731.617786760347,354.05790536874116,782.7774180587118,389.09529138870516
182.46536186008066,165.33976514238896,362.17946747926425,177.19743078811408,394.9746824378026,190.42345026621058,401.33365087967263,429.12541024536176
84.22297856910076,138.4255233958355,99.80583920330459,269.5892779650576,141.72762789489474,305.34288136568,254.50479488182728,369.8511300678016
204.36324847329263,269.8452426919237,212.19359801766387,378.1837537053889,219.7810920193282,385.029437891262,296.0766770311919,422.6876926564897
184.77053347911433,110.95874764728244,211.75073808181216,225.4985529355631,256.8773047804441,379.60155432366025,287.28340710993115,393.7648724813042
245.65968937942566,181.09309654599514,257.5048008835146,328.1770191638715,272.3538252060893,382.9602896427879,417.29851006448973,424.3424149585898
85.47860735167515,159.77718050058704,96.21734713935582,283.2275664674013,160.47490933101713,290.46218861937615,206.94209505924195,377.0576232923832
127.15417802620541,156.20155959150452,710.0665616485957,227.77271411898357,819.6636094529175,323.2555280871633,931.0621071719007,333.68314951695066
263.0447289026132,356.4310639099159,294.81461937753977,389.04422709698395,300.3539041540458,395.83462169522005,347.7086681598185,542.6672626367646
106.33294614164481,92.84471921054171,180.23978962620345,105.0159849212658,242.80010572699587,169.05042068802885,282.055629052438,205.17800434004215
59.51804298191828,224.9462781336734,341.82552223783773,284.1672261991211,442.4949972810808,345.54292302884994,457.186481574555,348.4268928081079
199.81909712055776,147.44759361334832,206.9276030787964,412.7216220338565,227.2358204672825,458.61562516206396,243.68441679411606,467.0177413767585
117.30969912748306,142.3739428884902,235.10487145066418,149.76131084034964,248.85768007702274,233.31861871170997,262.4379721097478,369.10951854975934
111.3413158761504,329.3755551350094,138.84341125589904,384.1873507719568,184.91199141964015,396.03806321084505,218.16449992716335,436.76490712300904
263.7654498666204,208.68963720526983,356.5739827575342,262.9600630087079,491.6889640997634,278.7939244392931,589.4938079661601,447.38474522833155
66.59469576467949,126.63114564654256,180.2625918815578,254.44904936214417,305.9227988546537,316.7120643962542,381.7899755400721,637.5003776585618
250.11320867191793,301.6614310626426,261.2237188806812,345.5409912326322,353.9900332545111,366.7515605278255,357.05906647169166,558.1417895111051
166.9718416790649,359.816872159493,168.54111840452623,376.5370048526995,197.94800036214008,410.9081281656752,296.4907321144152,415.47594152523374
111.36178603676137,382.9602896427879,283.7356515511497,437.0333283935783,323.2401430025934,475.65223960947947,360.3135515029512,505.7977952449691
89.91884566816869,72.02229592337736,185.24942632788145,247.12026859692185,194.558226497951,480.97189407436053,222.2413897157497,522.0307728009641
125.50451647304183,106.56550938620883,284.8018281183609,186.95063181062372,390.2839885462377,295.2375471637515,471.86737847014376,380.49164504187786
337.18885958258716,174.7685010769668,409.3481571157753,275.7478468193457,416.3417584771177,293.5698282084703,431.86291950995354,418.19320354681474
109.28932652904965,71.57453290061878,111.79867288881266,300.6417681470923,218.0620461721205,340.0600106722261,236.36465460977647,379.3932439276975
320.8776688515014,54.03507038094226,344.94571800483845,141.82063660088156,442.2570272722713,317.6990005610669,495.796587183456,531.1284671523204
85.47142464501825,151.64113732847957,89.67246360796962,210.37676938776505,199.81909712055776,264.92706619084805,221.34090767093022,296.66106449179495
49.742930072549036,131.30879769697563,491.4917860118572,189.46697446057095,665.9144056764619,217.64848017076824,680.5945544955578,224.90196857220673
63.79793369188187,232.34090268259158,67.74870366556206,250.75163416525572,207.00758170334362,366.7461516883111,310.2055416686908,385.8966163466598
71.04717330142502,164.55321711509666,352.99455276300716,310.0137711745536,523.1949641941735,352.2700375604081,561.8435641407381,363.5706251911233
53.024934384826224,37.10693368322638,105.31258526299848,273.8163182123348,116.5163731820938,312.21446093290575,347.30204546923113,376.51027496072027
223.846245941527,93.04000474456373,242.54274502348923,222.4872794083385,264.89228471463827,344.88740471143865,343.46514291440394,384.6912875786286
103.14198216697284,66.52148495977268,277.3751809016136,181.7237726004347,317.3206111327557,263.57574111490436,338.4933840837478,388.91746752704324
137.77455471207242,102.06133549617299,158.35743306657446,160.21559850734073,260.5610419597317,364.799280763977,363.76273616602367,406.1308947739611
328.5900201826269,249.1433361789437,360.10695970868863,255.58070535428268,455.3683508217867,339.301761505229,529.9371756598758,346.68213649168206
382.80127648082566,331.1145331801412,422.91529372807815,367.83409669696846,549.1839561849164,438.02239584647265,614.4152869053519,439.93592963291286
135.75554491989396,158.27120698517473,195.97714755251306,163.7896252430747,242.31755742884425,175.43023775651707,340.9795694275346,507.69773985289316
163.80493452903667,189.88756682572063,247.60275694720158,396.6290997586988,262.9541589060159,400.08963149080955,278.0237490308994,413.9703715527976
254.0682191163385,88.34108261364443,279.07260918786324,177.66349534245163,296.4498502601599,248.42338724008354,319.81100320025024,307.15845582472303
123.06519359872125,187.47012537416308,361.92025395307536,390.32318490732354,384.65752542222873,471.50625628746496,404.2102235275451,529.7063124663829
103.5360893495143,68.43974487085585,359.4626010448785,113.36331051399138,394.882699787838,135.06518850067062,399.12236166712074,264.92706619084805
189.73685999881457,205.07494556202104,194.35406894193238,298.48112470550956,215.13712017686063,384.53474484559996,241.56610287250484,443.05130339524476
79.87059763542395,145.40234626044892,167.74189293115938,201.37231754372863,254.1090276476223,347.45611015127974,259.72194373529277,348.73099600758815
87.65082375779554,287.70888733988005,189.48301312754447,416.4884414260747,259.73646184722406,439.40452723553057,365.6918178736087,494.9825386560604
68.0736913738464,377.1763579052133,198.53247141285325,456.1834951588798,285.44446945384755,481.0814579830231,429.92648383274764,512.147421074644
57.491169253545415,56.71914275811039,137.06139038771641,357.8759281644861,245.33305468432775,431.0544058481936,303.380204216836,443.9738935831249
143.59491886290297,155.88897482368228,151.6704167210715,284.1672261991211,199.9401505536587,389.332773401438,222.7426701814972,406.02709940097515
128.6182500134733,139.70077585781553,173.2347482934,298.7564768422817,277.6829481062154,410.89505774425544,299.140757430673,416.700044534338
93.89367046878715,80.33274816185308,326.7146397895875,211.44771059229544,419.89812405648223,262.03646142401567,464.2451481654845,265.641723852763
221.93136748550955,86.47448895778948,473.0373726580286,181.2854262961194,650.517235494134,324.1460174134194,655.0358301123612,373.2271939666122
188.66420572776337,204.66709986636332,195.88237347098948,206.6905436197683,315.6367855568189,290.6756936821502,331.6527335121953,349.4051554199036
248.11638477762364,92.59614734954319,298.9800075677156,251.42995283880478,358.5451180196308,489.54286350794234,375.93293218510513,497.0906291962811
21.45651959472624,167.25288586901195,108.87493462165797,223.28543149917795,243.138849646825,290.53580425386417,635.8203507293103,341.13684883312686
255.1503919525735,28.597650610864537,302.09409470530403,93.35693902821107,372.61885643194336,291.7239656724392,463.0096560211121,335.88931692392026
397.26213466450736,93.74495846874969,430.1079595622623,242.28372801527047,441.539551319355,335.0307876426598,448.481821081044,373.0749657232932
55.29095013419722,445.779655714862,267.1747159084471,473.11422995046695,386.6333112298397,503.9469751275582,396.23019144415304,545.0773222952072
212.98147838069468,436.85758491319456,244.24869001182557,454.19624164366996,315.45245501672576,514.0899547930359,342.21414410394806,602.7075340493033
151.25369121086476,163.0190749999546,201.2840375290995,249.00883756037442,383.5877909075608,264.44878736426784,433.1004108402155,264.5872676481937
74.62747462821345,203.5188874079904,132.30777973330996,305.7005336818035,276.1500713833228,363.66496923294653,337.37858235025084,383.3159271559937
96.35264139459139,202.94795158845514,156.18315358234148,427.4855020918665,206.47624159041305,460.2833533049352,232.46501186472173,624.3456888958104
113.0616031856303,81.53025950107514,415.9013628347807,188.430311323822,547.9438138267866,245.10530514973212,562.1509426544854,508.96545610430843
218.02932847200145,227.60993078655358,261.18713818843867,293.42344361713185,295.267485765943,310.29106350557794,334.2967410882017,417.86301468101294
260.5652506291251,188.8046267178548,521.4709193353796,262.00698349081557,564.4815074441651,268.37131563956893,638.4079932867076,346.80102227528226
113.72462778494875,63.02965978483384,361.5162493209332,200.90997109209832,411.3735391906929,209.60449082835137,462.8050772647891,213.2641103345569
128.55577809292095,230.53431218750092,255.3379081162192,285.2032121669525,264.42231820602075,372.51796968010615,324.2089659011155,419.65034212053047
37.145388490589994,191.80493632487088,69.90845658833744,411.2731608603929,86.70041055381593,554.5776888988536,108.09852349862845,623.8457186540718
332.0546302502014,61.26965958929516,379.33936610266306,152.89314348543397,404.94438867663666,172.75781744091867,413.208548281512,187.88762430852745
285.6440889667139,169.5764945112326,394.882699787838,203.974521958762,406.6781727390773,294.85504009307283,528.8057675438075,476.9152934295123
54.33590390906788,87.15606714077359,143.2419442992453,453.3158895739228,190.4550568356151,504.4960754146033,299.3036791403229,543.3663523464224
60.410289574670855,225.28505917025305,190.31179086453247,326.2012992629738,224.52337363891726,499.0765869738574,226.3887478727873,545.4915129952625
72.94515486237806,163.1773793198248,343.07603874680274,316.75250815520735,350.71450833003536,433.77971200091514,487.08553325562093,574.2451663260586
113.5803762255866,304.57474228821525,326.7959469525079,305.57687000198223,379.4646297047179,377.54755210643873,560.8090423439271,444.8308969636965
80.24098570582468,350.23573442141753,116.68548213214437,495.5973032316387,126.11427634275174,521.7826919880566,163.21957172079033,542.9966545204089
73.79495436852734,284.5333189476816,81.1032138171805,359.4238497948005,131.26187427571344,370.8510949839811,222.7426701814972,410.5411582349017
74.8402216836466,81.3652787534152,272.5295334001176,216.48273095921346,291.7829132357098,237.31975111109668,382.92336429976524,251.44708114240422
145.94324404841197,65.71597691247626,159.9110576585244,355.5489237658969,247.11882542666052,443.15114615764173,266.9070780852337,445.4484953570802
37.1109440717912,211.45491349720874,190.76854700057413,248.27722611614743,359.20791001359663,331.21563536597466,370.28861063173866,423.9563552841209
93.82317370482464,291.097892244407,265.3174798609375,308.9472024876862,268.2091667928193,490.4463943029358,338.02660301144704,570.6325862269637
66.12921327850044,409.72346248684283,213.78412028280047,460.2833533049352,335.31088376230866,517.332704801872,427.6570077529904,566.3379495085265
342.2631787412263,43.119960714177154,346.7749959034994,230.19481074334837,404.486791830732,240.80413369366823,425.47785437411835,320.4443615854585
49.650173044650955,121.8144168028784,147.78203626498043,266.66570896250346,201.54761562429832,283.2785285990772,208.56664226244652,346.2328480144105
114.6417684899099,209.3492540046973,342.47419287400123,275.91460323551166,346.82323048459733,375.44738812748597,394.4180040185578,446.86157079391137
230.43745591390456,309.0159764919225,374.57864450198105,329.4876210245271,436.9363880146649,353.79746267769843,534.9378210203297,445.3826973092969
65.93802407329959,347.05853250820456,138.60361591362602,536.1197433230634,378.75933652555494,581.0279967130922,392.6650044729363,605.2398218630159
71.86644069220617,158.75574582232392,251.74805253947648,238.13514340898567,279.6091155176145,268.88102259831754,281.14246293397076,308.25092574144026
147.01652805605266,270.7759147900394,155.065925782895,366.7515605278255,168.5884859506098,476.58831749495994,243.32380355292517,533.9960847452207
47.54586544591245,141.92358522260508,51.84546831663954,235.84573756539584,117.81000749725075,301.5738567341081,149.81960813547798,338.58990851549396
474.17440382742393,294.7151613430355,532.1091517258108,308.67745839210573,569.2113704002132,323.78829921595263,576.0848842033738,419.1278276708165
127.92860124271073,175.06991304699147,196.82336546027906,177.54972491671052,286.32219515696386,204.54596724133117,363.8419197358804,332.6906161358508
54.33590390906788,167.56917039057586,99.63884346097886,534.9841822828661,244.16943241874839,557.399535009133,266.9719336428147,566.8098019553589
89.91884566816869,349.1224769267446,104.36053936696938,389.66631131230594,105.33987398950303,405.3518817590211,206.12472952591014,462.54637373155015
201.4912880337614,110.34553194493597,283.9971626297939,276.56331282081214,295.0490434511098,330.4098160729737,338.46757966563445,358.7117389668145
192.22436707697355,205.5828292441527,213.03499789057014,271.55506083448466,266.3489490486322,365.71719738766967,324.9596910805096,394.3582996359344
98.78003430999699,199.12281007788997,168.6457293721117,210.79924921372694,206.73665854342877,248.96513493068355,336.32833675227954,441.5539825386208
90.91198943806718,105.66560110728282,244.26023256337467,140.4019422253948,262.70312492720564,268.2987762455138,292.6544953949313,442.19870591615495
46.034687688247594,125.85789807023292,196.89798686694425,219.16085369897573,211.67098683261867,437.2840989078872,268.6183482439239,584.6658546628221
430.83419725928167,257.6395599764468,441.5860696616969,265.95822826618485,477.38970891453783,336.3026289771148,483.3847165826834,414.78200446808387
218.16596153478483,272.7241784810655,297.32721189093877,333.20119148858385,324.28879979772546,409.4363279955247,389.44143992619564,650.2915420385748
178.97075017018173,243.6417496337155,184.10036198070503,265.52454110882525,254.53346213106295,411.60106578993975,289.458672279013,429.035490452044
145.0022903315235,50.37343512170337,283.089873737714,140.93912951787166,327.6609975298333,276.2333803410233,420.14067825375196,343.8161573996601
246.36075490001605,318.2420417098661,588.0732713827009,407.330551900471,602.4579449534506,427.3478295199966,613.4798787783116,476.083534067158
333.22373468784275,207.8198107077295,372.86349085652716,284.3142161949941,412.908707158784,285.55417931853964,423.80535315825114,415.72015801522923
98.30201929416364,43.32084783120332,149.81387798470854,202.2887324556529,156.82240436504372,268.5735620798463,230.16375073080104,301.4410606950577
109.21857397500152,39.50791318230327,216.65377303211582,321.2472109751087,283.4766718850535,339.0826285760928,356.71242372559067,442.28686541767206
205.97000687275818,247.78172661235033,240.24511405914666,370.0131658183048,246.93266732879025,387.5597526031559,281.6922319100064,595.1743482472115
526.8210010469486,269.29480129579696,556.5672717617103,430.29612389110514,574.2761551762986,443.1461212989488,584.6394859258038,462.71652852711776
83.08952074223417,164.95261993726018,150.9393692052109,206.54509751076284,207.92844209425365,208.86348988844932,208.99532913703476,321.14029303658623
61.510904250374786,257.4768408512171,257.43307213751774,350.26620917706373,318.3694110960351,353.01624593882,324.0186088159487,429.4019543186667
80.24098570582468,366.54399989117815,151.66596757624924,456.1843761933177,179.13033272804637,502.18628423833275,204.24361738539366,517.9899321737199
80.83006973628493,134.9348793693424,193.9937870012678,224.06249661128484,246.46605073904092,407.7577282523702,248.5917092494488,502.31473343569036
167.6702803687298,126.08761930495065,169.24966728316997,190.17894337996043,208.64820767468132,323.6074168660968,256.3384119102562,371.9190831953886
54.092965477100584,48.57659959164121,159.76899791636356,135.196315124844,206.19428075850195,150.1586717245855,218.02251199429477,377.9970707969344
152.66388907167678,200.67662516681204,207.75815802591367,269.4774894318085,252.76927355710038,444.2232463957515,292.1841975205525,518.5702002603821
51.36434461969434,101.86041926170219,52.127621775818305,497.3056453485048,116.31233909630338,504.85110672844417,120.56281945351704,530.7936226457624
389.9337449423739,86.86438880175017,462.4619651326181,238.21005127489846,477.8070755908951,330.7172690366633,546.6137935217366,381.8081376478635
52.67543749362997,85.68044358227453,247.74152602813686,87.52798320069239,295.21131837923014,202.9482931911909,357.67835509017806,232.22182825647684
144.25613043896428,226.73853131382523,394.7374865812511,323.27221671304994,403.0044938813199,369.6400593360905,491.2820842778407,394.81320240551025
182.99524566470484,126.68803864825442,220.9480919181358,255.49015978160904,370.89616466585557,331.1145331801412,414.609952898794,352.9086350338293
81.17257505648567,181.52693104298018,160.2586690298641,386.39786725554126,205.87696214379002,451.9777305885916,235.5711570083625,482.31130805828434
117.39084317711892,58.28881242228463,142.44880341590454,76.90105757027051,180.50487235977627,264.34691123196365,220.76580951452195,465.2999746225824
154.56559522059857,147.44759361334832,244.50062571301535,375.29483282976037,273.965227050954,452.82321175283397,288.50787592503787,530.0583845509942
280.71717958369595,153.03953140559594,317.99447986878084,222.2499838953814,333.298393503721,239.1961532894656,342.21414410394806,297.36339858748715
245.03300688678686,151.56998876352495,333.26647364258775,304.20020482398155,488.54578743114024,473.408789346515,587.228376223369,521.5896829654909
168.72268491955435,535.842790230283,307.61608565113164,626.0312666097714,746.4285969581783,629.057837506291,872.1013460539726,693.9806143945467
50.722605431768194,287.6509948436773,62.23180386215314,417.3305359635284,126.20892482594813,418.55541218453357,249.58027304730675,420.2797364944954
123.2061785033746,58.63097483935456,211.8310877317398,85.57785008726154,247.25133338343505,213.7480200966023,271.9000229030457,277.51443909060885
259.90087665773615,189.2741137167261,325.7588766760567,199.2017949744852,405.1075697187696,273.8061144088662,424.3302591016634,350.1627551357147
127.01486397654656,237.38931177824864,406.9124989805965,266.28935631692104,413.39782965715443,643.4978067142147,434.503875698149,681.5276315872617
187.80025171918038,50.622733004152046,238.07672061308924,118.34415238785287,295.7273782933458,315.16785285839796,415.9173868007422,339.65009333576984
156.41744652859265,241.601897268126,211.3222036747805,357.5549034980513,316.3490278653482,381.0528504836175,415.2818596577555,430.392690974527
224.6723495661322,403.94283250727904,286.2893652992106,495.9944265603329,289.1477037692211,568.2862452380144,289.79956210862304,639.9295866204101
413.3162813928539,122.37865107015357,442.6730393577612,413.11796679505846,584.5032914274332,648.9636576352124,588.0732713827009,664.3818507140318
172.65529371576227,66.0371257342632,358.5008039713721,93.98815798342137,402.69918536952076,175.08123899337124,445.2837413791161,206.64159339316922
369.9068861606289,81.3652787534152,435.8396641968216,172.197895256916,438.6547332917911,245.98318114158116,505.93296360354407,246.54408445606396
152.3209828579883,300.8405788900948,195.7936548977912,359.4739550003315,349.00474958623084,410.30179364816195,358.53157231850014,425.6935317228026
335.7701050048522,146.1408096288847,551.0404187233794,232.4020347195519,561.2230132708063,439.72307558161066,606.3216532982465,517.6545255493442
30.889103537787403,203.31051409869565,47.39045716833759,365.4910504126728,183.23399264997283,470.65219247845397,230.12826919275523,480.51892110198514
66.23789911972383,45.36187758778424,122.62740324746255,319.5956197505153,413.4404788735955,378.55264405216013,575.7273271086722,439.8789061488742
178.00694688083703,140.1299305432291,223.04122281990675,210.3989093513057,230.10576530213714,278.80082698174505,319.09402455672404,336.1728089282599
293.8756182630326,422.3760944681918,365.7321687968489,591.8525752964495,452.1761429905165,619.7754277310382,491.67459366768446,640.6289557453254
244.26028339611605,138.74178471762434,290.0873282075236,163.0190749999546,313.18443858150414,241.5784301641436,335.9540911261495,248.540954629501
108.33730428858874,298.3158928038986,152.5666936278114,336.0928133919112,220.8048449039761,383.65340042312783,306.70440898346857,499.9823267237587
156.9479486965918,259.332439252356,312.37787894586006,275.4317442096814,313.8440153612795,343.0002182351373,357.56489274293205,389.8199335257845
61.188974422419,371.2143268935455,83.05539344746303,407.5935198157209,201.52957063187407,409.27090907486314,242.4403755908385,553.415384036958
197.7247114670183,185.35031628025195,434.2049121233047,330.7172690366633,472.20800128455255,353.7388539681981,666.1761066384149,364.0417004677388
52.872635940264594,314.8207358349812,111.18035564069662,338.60296748949617,115.45815010472391,542.7664703141371,234.94401929179662,561.0948488386568
93.46555410425357,46.5474977154309,262.15365949049556,239.7729648512603,325.15433017154123,240.36045438993602,363.0656611405731,310.4130645400699
44.807234302454056,32.24139055562829,75.31002394414509,227.1497352597676,348.9335495426881,310.10923440970845,353.81528964254994,365.22414306503634
89.5796447314903,235.02219284751538,93.08918025711527,238.9191932379616,98.30201929416364,282.90361442693273,152.68520219302994,369.57312136857087
318.7060788865181,172.29854632514392,411.36701476610705,183.26557318999363,419.65368734299443,194.44523008828344,450.609884357357,398.33125213199054
244.1369419728628,213.02244222165987,291.7501791607915,241.28260455821965,444.00513082596746,315.3076306765222,451.2377985058287,438.14202237887486
359.83860200173575,120.6456136683207,365.1106981681399,562.6478521080467,481.0619449614546,613.1369901412681,789.7588978182989,630.2767116175886
87.82562196726147,215.37128358870513,201.2840375290995,294.4207120503691,241.8524446899071,334.0946039232325,319.524988519612,429.44112436642234
67.89133781593699,80.3484511551122,214.20781147926562,187.53768694056282,226.36457452168523,450.62445882230605,230.6273540312676,471.35223960219463
415.3590400527686,304.57474228821525,418.5584712813677,362.9137311252474,474.49539938323534,376.34187126090393,483.88699786751647,405.79610245732505
312.9160119925963,31.783006649294105,371.98649162149457,58.28881242228463,551.5484051507406,216.2187303368207,590.9729243255022,435.2325692818951
113.76040994669907,284.0960792605091,144.14424559749276,361.90037650573817,158.35743306657446,481.7987036498809,387.74591466572195,509.5027744120229
121.78946565295492,50.37343512170337,610.7360198907518,186.9995007649054,677.0325711974709,278.0350891207798,748.5200549750812,392.9002307893448
243.4007526576472,235.05477987208792,293.06679793335326,523.9443455465083,295.47221905559275,525.9304943008035,312.4323720885662,537.262370673732
66.51575399446685,215.6645688537955,220.73065108059225,387.7302927994249,289.79956210862304,404.5827433670304,345.5127762356958,496.6102553802429
225.07112880494168,165.223849882231,270.71462851410365,243.13355566680548,276.4605179121228,361.21930887023757,285.22703752856677,361.79590652129457
239.92998436782455,193.90211344978536,256.52531261260555,227.31933042413945,275.3843483003337,372.5373197581756,376.23628353001493,389.68840357999824
115.43181200513285,69.49612479146121,124.69643939327794,252.2197596510942,161.16944327066054,307.6804154325378,284.91809440990016,398.9476066769856
311.31459347454387,181.1741468333146,317.2337016299625,201.27113692822746,416.6608415167287,283.77186192973454,422.434365462911,335.2266415986926
275.3939466333007,132.63796914120317,402.0797582118441,254.1346357807578,548.6667536191791,313.6885762200749,572.3989927096893,408.0483439063417
81.17257505648567,172.30306386397928,86.90701464519645,338.7657680472084,154.7129257274116,377.0931212102026,174.14729461497225,498.06097820639854
185.0400992607127,247.78172661235033,192.07124525835707,518.461742646968,251.84942286365364,604.4823900434718,424.3057307075551,681.0984476156565
102.10090822765248,281.0142401947459,247.20824870911125,371.2016180958441,278.0775884270696,408.38713256924956,280.2473217310261,454.43204874220913
422.91529372807815,383.8055079249254,790.8950586840543,452.1796465858107,820.4233662189124,530.3296109128454,890.3962619022343,538.3349907506691
47.942969228552535,148.9274317556874,163.14023790062117,301.8221715972719,356.44380929216356,378.7406278293837,553.1825258761118,493.65058035301615
229.3380381628027,82.619631546806,345.75001843933063,331.50054542344395,353.5162658592983,372.69885914724006,409.42142229037137,420.2797364944954
161.20053611156501,58.101034984336856,472.8130407218974,316.39290852475085,497.0902286274134,481.5928775302987,507.316956331868,542.1993556760119
48.166921659768754,191.36046304158586,155.55303654388422,267.2332597121108,272.88586838830764,463.5018122287021,280.2473217310261,500.7240677108912
21.45651959472624,274.97141566217,87.43429318901029,392.4176871238577,252.67650726026986,561.9540526129384,614.9638215673224,581.3102111851792
308.75506543781614,468.7035444718756,364.21076748561734,501.330033587367,371.9259463618884,502.50427522341715,463.3111167351867,507.45050316292367
79.12311886874149,121.12044324011784,460.10367231208056,153.39568993179495,482.3433754995754,257.97380341612586,550.3994601777872,355.67555890088914
102.06571062703325,101.19807820522905,187.48703737194032,256.8705947538448,221.80802738577708,445.8035551768208,283.4044131139229,529.112009669319
51.16817674791469,399.14062752186476,92.44859425714706,587.0859127540156,113.68707292703664,637.7394239959406,192.5275186024887,703.7744975814538
356.44380929216356,188.2558851459628,363.45903502477387,323.14689950025746,420.3255857314644,519.0492345541235,434.70493716379696,520.7207703011927
67.70381075925364,188.6403438014267,69.54275716754923,305.78739103338035,124.23446980498511,380.0952294040522,287.3990039819768,453.7883038097977
205.70005585895353,11.118037566894971,328.33256262901557,193.92733879555053,802.7370255151868,271.34541890968256,820.5034234430473,308.1405766424999
114.51415271396343,179.7802601127443,231.42778339837082,355.6642831167014,244.99777549651384,399.4191413833521,264.50804533571284,441.8846054721335
132.5143632487596,255.48406428526744,137.70177623354303,286.7787757639592,253.33957776256148,470.040058918918,255.37500673080856,479.8065088621512
72.12495738668383,257.86894283963846,282.429301550033,349.435102863036,287.550244442935,424.44917568792584,358.93124462747073,471.57563843875084
39.82846671596408,140.1405204080676,142.82113213663007,147.76396057023447,189.44575254550625,163.93960388340386,234.7323851781732,207.5723152780675
243.06584419161175,298.2232984692971,285.70547910212696,401.656687274559,315.9311795982926,437.9417901472066,340.67141382482737,569.0864038596296
134.19367544950785,255.1649970295576,377.6669473510299,277.33583406187677,382.6803164171819,402.9922525164803,385.52589155543825,569.1779744055331
519.8348604517896,443.87396627257823,583.6709787637063,463.8068443378849,633.6721847876156,533.3626099114964,675.5729128515538,565.5026941359117
127.92860124271073,69.28110742764677,235.9202900642361,84.96008566383448,319.7024125359618,239.39304190799365,321.45780665564183,255.5082403519867
663.5161521045843,176.91673507021645,679.6434914203554,271.1618587578366,896.8969988605619,314.4818727303705,927.6673374741988,348.020804306071
155.0036059650537,225.2656035708124,279.30828923306285,308.94810100436484,321.4520637533976,362.24869052937595,323.55864736245485,412.1832868719919
102.70776330205929,188.8046267178548,121.6310754097456,212.80793354639454,154.40162946786054,213.85809655550815,284.09849489324336,223.2289518598863
328.2172173021233,29.129397654407526,342.1686451298886,120.6582952722897,431.41885755873943,260.70251659481335,448.24856155254395,273.8865821838933
28.04944749746403,55.24736613049037,245.07454468953972,410.9081281656752,296.4161073698211,507.5879908326471,308.5060957258492,577.7622181861905
158.1342652420797,164.8370038229433,185.93691026072824,333.22689495155674,256.5024233265914,371.48457394603923,278.8112938553845,392.44928686562946
384.2335842536324,215.88254130912776,587.3047837383104,336.2736757162149,627.9070554659179,499.7754546706683,628.4471688045666,529.9392930719132
109.57043462387003,226.52667860050224,187.2900793414269,262.03646142401567,222.8485071923162,305.81446981056985,310.98155522007437,334.8501441387147
120.9906274293954,138.4255233958355,160.35167618134244,283.694679261031,165.5283106328244,351.02700791774265,387.1305696935332,433.10078310062266
114.51415271396343,14.753198336062141,136.930659164688,226.35337183689313,177.02450187783404,301.3636182011018,266.05034490859936,335.61018783143106
59.364453294975604,37.10693368322638,121.65417771820125,244.98151449348484,321.71877317912316,278.232249396196,349.96392059638896,410.58326970191416
65.64365874680762,170.31943756955192,74.23988586318526,217.3541719636403,155.19274719745886,299.07752624343,238.56663795185437,428.1590541303849
333.9284726716518,135.06518850067062,338.58083245089625,135.97510945473675,446.71207801360146,248.1180627932544,481.3673655414994,311.52229271194267
194.38148251777284,91.21488833214222,338.02660301144704,275.77158691822206,391.73493963230476,374.5309681194237,412.9505502444893,423.0793016397873
127.94062550062144,324.1460174134194,158.31398190622747,371.3804201095315,282.0518888865684,384.77879014652285,312.82154296066267,479.5869831756515
160.63065775720784,189.03595729731074,287.0790905876267,378.6651336461747,368.28626308483746,430.16872576181896,369.81364234357625,515.7328831232018
65.6490042227599,85.6235367866131,85.51364706884826,484.18794487546745,168.5608893308689,507.22718995937373,198.90155919473048,531.1188378262746
113.0616031856303,157.7009575742658,330.5034923960068,198.66541133455993,462.4619651326181,297.36339858748715,599.2911529501985,359.7107828990129
229.26822316298194,186.86398523314512,305.30158936785364,496.82547558641784,413.1317776827697,527.8447345565671,420.64620690391945,619.8967698477172
92.16398073192553,80.33274816185308,126.65824917178885,226.52667860050224,187.8722257155508,274.39257738430877,192.54603385240966,319.35024218220843
103.1279682450138,274.01043037843647,188.60018268087697,287.70888733988005,197.51112279851534,378.55264405216013,214.37849257359585,388.3694523523726
324.57173059997956,171.39189244412162,412.8930610806636,380.46933713532366,437.7075697518861,387.16556600368324,456.56215988705316,445.07095609226354
96.57816040690425,159.63529648180088,145.11675181009062,215.44776054315687,175.54236320135396,242.7957005247043,235.38590439780722,271.4655723192378
249.17512954690898,239.05448289991776,686.8644094370491,315.69400091159844,778.080397035799,339.8526570517281,850.3460773331063,475.85905206500996
49.742930072549036,164.0790151074124,451.6578712659257,202.22851146846293,655.7634266385701,250.91457011832838,688.1111283556431,335.47710536428684
86.80530461511164,143.26747056135545,227.5922651892036,295.3134170922959,316.1662651387724,317.93230921723415,320.35251090720567,371.107280506531
198.1632063870998,386.9009337945772,200.4440360324199,419.46830863276955,420.04474518061176,482.5825976491162,433.94629100265337,495.58754084479244
45.06824661963589,386.39033608052677,245.68532472549015,410.0211320724614,245.91667732447053,425.9092174856928,280.2018080399115,518.495062109942
76.2210693345232,33.35270129423457,187.2084362492207,288.7503384394113,233.77262152989405,320.56708858726154,320.37228668128824,343.485373776019
193.07396192493627,112.1368668461231,197.94800036214008,120.6582952722897,296.9340557630433,183.922826190308,303.0611967791323,296.66221394799277
171.25890333475792,102.06133549617299,203.54702772149423,258.37412117269145,324.4672612282951,296.5539559082331,434.6063144236408,453.5036606368799
71.35388155319866,318.2420417098661,313.04424979968053,342.347007676064,336.57805672379146,390.7649369264009,400.5942063775563,480.96479326151774
186.0111380600744,295.3651256768516,215.04170943576057,355.5762713078991,216.3579881764172,465.9988523775659,226.18259552584556,508.88848154130676
60.76994337896294,120.96763807764485,182.89353418386466,633.884241336496,316.61585913152845,781.9565699434131,355.8803156015706,809.4815929402174
211.59219982657237,122.65199499274918,340.6359417801768,187.3832257136399,343.0352292306855,234.4379402773407,357.7972719739843,392.06473971150785
92.47114246194472,287.2680255229055,102.32886214150804,290.3368745065074,336.66074278891676,320.0888643608828,369.588719551352,352.02069780067825
117.2200874376076,195.18195121035066,158.1342652420797,242.28372801527047,181.23900687579365,458.41865268701366,272.30082213118743,496.9130363981825
150.23481079791088,156.36401264143245,174.77967941558913,207.02435989980174,283.45556127231396,207.78335701823897,289.84304495486504,230.76424170999854
53.024934384826224,130.26326838423242,128.83455492859017,186.8864147846997,154.9970625450221,378.5379257603398,324.8058274190368,383.8383610266116
65.84189680601114,161.77882683221154,70.89861852183776,323.61946347574695,121.9704723718134,362.0812256877694,129.79550870721897,558.0756297794475
217.0133278599891,108.48345563985895,238.64689648306063,212.28240672746904,246.71193713180648,328.29850940365435,297.90123172626613,421.9095316382953
148.2032786885653,131.8098291945042,155.84216303500352,137.07434808859466,256.41908280111556,188.98909415196454,315.487134170733,262.08208893945863
71.86644069220617,426.65693080067507,276.66274955943254,575.4120750227997,331.09191549966755,598.0817582178082,343.58451459713416,681.9604770102104
196.94083526677338,15.903127164324047,199.53805228952118,344.3468037968955,279.19687062045284,454.8703672273874,320.3648979517674,503.1424388647277
348.35224309042655,271.3093563274676,377.20427299313735,290.7978876708597,414.68659410678816,364.2525228375879,453.64644270997945,389.65100875655344
58.77903586658218,138.78802329593037,378.8335189784024,208.1782038154148,390.42385307723316,327.1076730498785,400.73237725357217,367.0831098255113
60.06503356035692,414.2352601520484,233.0319011672742,591.9104157164139,329.87456537985776,592.5856252001556,444.00513082596746,652.4042370738257
47.78220294371299,395.48607862464985,183.03921903852162,396.05877109910125,261.41714294892506,453.95130830996266,522.2415945917177,484.2264295269682
70.70180340681019,67.90874556161913,119.76838779492267,401.97126233571004,200.9356308841757,407.07418363833506,289.27360602419094,420.9053871369838
83.83504417436544,211.23319038025716,225.61617748557103,345.2174690953752,296.60033607326454,357.1210095745026,310.75507606923486,359.38469257652264
124.31404665346412,276.0689778644185,158.2658029939136,365.10451323291295,184.6040580973506,430.9998763406176,207.64542983583553,434.77240612903523
50.64871705815299,213.97045298700033,242.85278543966274,242.4358557046311,334.883481912172,332.6906161358508,349.8562992129046,464.00455974166266
232.41932424766952,117.39285129554784,276.97530624072726,479.29696973194444,385.58110794653317,562.8341278696522,464.99501191977924,585.0923225878519
227.60072392369338,187.09083903813664,352.971635579198,215.39962314411565,484.31031994605956,220.48804378937342,574.3876428061564,338.2955669439047
34.085957216055206,174.4533397496729,51.30757566746556,187.66091215420545,78.08678438268234,276.9555319107275,117.3615262908554,304.068770779831
168.6457293721117,188.75485566737254,180.4534714893509,194.0534242270861,186.32509982838314,322.55197273565466,318.7374489852825,341.02477312057204
90.2744342951945,222.23303741126807,129.53252897984677,417.8237398888885,155.41288387967683,500.6682882303357,196.79632679871378,550.1352383659679
370.997995823687,192.36782744402745,373.09904861012853,251.07594187434364,379.39759331914337,392.3322532473485,481.69162705781116,451.2996239335704
45.9482810742323,75.26050678150655,279.30828923306285,161.48543115717732,295.48643320402056,282.24505449025816,351.75452808593315,311.5031244378533
292.7917450398628,152.55725808752163,487.5186724666805,268.7440787814016,555.6487140280744,371.0795964285304,624.9461254481841,487.62380477426865
217.9378291449133,287.2230190499797,273.06732401831067,319.4255141000908,296.2443968346564,335.6130351513457,372.7858409372469,358.18259705781844
118.24805390335744,302.97860400940607,140.1642859428428,365.71719738766967,186.37141145947007,390.94972752203375,353.8171057623858,427.0634679759689
190.402027633697,297.6468594409305,204.26180298273863,322.30357170245185,320.37228668128824,350.3528341553414,347.6228360464168,453.4281868031594
326.22789622572327,252.93256410986373,380.34218307706317,286.3972466189332,429.66337106600383,498.7136760612279,429.7782569973292,516.1750838205807
207.37435234864137,404.48192436691886,221.3407322514469,458.46735269103243,233.85213928631987,515.8951497575649,354.2729397998787,535.6805544442477
114.12107252543281,416.30617691964994,202.5277269932514,471.8329910888323,232.55373855909193,479.7747834971208,454.8302158008925,496.64059313789033
48.23220314688112,45.80591980537742,232.67391076701617,265.30402574776423,291.33738229227646,291.98535186786035,303.4076418443812,315.601405375107
71.66974964011874,104.37614522457767,154.2427748597746,489.7460219887546,186.85526903722365,499.6359317464771,213.76311698298085,542.6214318091612
59.52421743371678,146.75852553639663,159.1457898492533,311.9266543006192,164.84671289728135,326.4303317577977,229.21626194419386,350.7861841555093
106.69358164749056,288.25764424428263,195.21758206324785,445.22352256424966,242.84058909598846,571.133956375966,283.30645137905424,591.9104157164139
240.25032212548547,375.15442527934977,271.89628092267486,422.5313933761174,334.7591512433028,485.89491241880427,733.6081226509717,487.2739935356682
55.95919353097325,231.93146048310763,199.91095809086332,297.5694355514989,201.52957063187407,323.32931289515795,249.13089787716157,456.39510540465915
197.7247114670183,115.92297078010469,496.68061677930655,189.84567791627035,669.9114608402276,363.53858057030857,850.8450047086186,437.8568076742277
114.81780238752027,64.41950375694185,233.03182156126022,170.18237790079002,326.0419046683684,248.25961378705153,380.66348894990347,266.16278053877073
47.942969228552535,47.3939322677129,209.63794042010804,224.5163045812449,363.45903502477387,481.4733061459499,510.5316786237714,497.1697809651145
231.39420576659583,358.9397763835599,254.0682191163385,376.73734415540275,266.2947720316216,454.3117426719607,299.34967218231293,494.8049254250202
310.44337862046694,179.95306226331996,327.465706056915,197.064112995128,418.9873034943085,274.72256888989256,446.8485308647446,303.14329171442284
101.02075367956449,374.7126994915474,178.3576598809878,434.00737435087615,204.55350356365554,456.5721140841333,221.37702749760237,536.1197433230634
121.66409704851291,169.81354225529222,202.6592220409202,186.22468764665507,512.5841290720272,257.81166497450806,628.7216162345621,385.6174063647063
35.09020040565096,171.28421839027533,45.16757009627812,260.9587732618839,349.97042503174674,449.4691983664756,381.30505216557924,485.8059581247221
228.8563146589314,136.6643918527235,277.8499437593369,140.6568178307807,293.5616848766413,267.09464426454286,324.8536379755422,274.51908199109727
43.24454919680399,122.70187868333544,183.32726138517677,145.95510041424728,215.13712017686063,361.97085952925,215.21903629581362,369.25965883035093
197.85684918567244,233.15979157080213,253.88954969918666,239.86428358794544,276.0731723752401,271.05319272879717,312.2415600614654,381.2700115687666
87.82562196726147,343.6168912491683,151.25369121086476,442.5010932995362,319.6712047871247,467.4692361794752,400.800412162088,523.2824109024318
108.11640491607612,25.369027096762466,354.70001819724587,328.6660927149056,414.2511272565596,397.55353987714153,416.07886521592394,440.28211879980336
272.668431556041,158.23264007267875,285.49843304395165,196.74496206593824,381.43976618672514,298.47603211500007,407.52225788419867,454.12615843637747
120.73736493775071,262.04007105849587,171.6616570110632,271.1618587578366,291.76699375565005,286.631860121147,315.487134170733,306.5014560683331
137.91118884933317,169.80249762118206,157.73736037108787,295.63429204526693,161.628731414552,369.57312136857087,209.99223087516077,387.9024590584345
198.1632063870998,168.25169422583346,237.07969904723373,311.4347767404676,362.73803790603677,502.82327232322785,363.1934309071076,532.7179196570642
156.0714755057682,114.76336764775971,209.44081148664773,274.68245264935086,211.11855193285243,378.8126513745359,289.649542363987,472.20504442372857
194.4630670806261,59.89645502134906,260.8894472832306,133.82807683191146,261.6505468799451,394.64079003216415,385.38872635899486,480.089319321677
200.33391299718434,161.34409860243932,231.59100748937587,223.74039653201677,285.73548250167823,246.4394736927789,353.9457544648303,367.06019839773995
63.94985875745782,380.32320103172464,116.0410460717484,387.0162151375954,227.03308929806184,436.6791574324481,227.50484684435756,501.71344028374585
232.28854512212288,103.575291402595,292.36769739866924,195.39151300908108,342.9260457473757,198.15725952268366,424.2330395217915,238.70627393179382
191.46873402464243,88.73204193478313,338.5428922250362,119.88021512151245,404.85630712979287,212.7139948842125,436.28712255483373,237.48628069531227
843.2786062811124,99.15333574489527,861.5997642692442,333.592695449162,953.9649861426913,364.6510199997362,955.9493405142937,492.7238307265141
190.76854700057413,353.99651017893143,197.4602653752083,364.07126191429387,217.02548439558993,530.3754357347796,283.7356515511497,550.242489027145
153.78050980666836,254.03819204474513,192.72574382172468,354.08637513160585,209.8665427734844,462.9111594494439,276.1871838072964,500.80948843110826
124.19484151748387,60.543206844742556,151.35890929633027,146.69077566990796,174.77967941558913,264.49131900022815,198.00944354952182,390.4087170133287
48.585210653064614,74.25982189659493,233.14709049589868,152.114074234128,344.4956333878323,216.9338091616336,465.53948987092394,341.18947684225543
316.315578027426,114.01402155900239,351.7539765367581,220.2992056001627,470.2547026385611,269.1278593296662,493.65765499798215,322.273952794218
230.43745591390456,141.82063660088156,478.776886428914,176.17186854070795,514.5814763422612,394.1671059076214,524.1925486743206,459.3448908049205
107.345979885488,222.4872794083385,224.01835560935214,259.6803898370131,373.1412262557728,269.7132745054816,386.93532270406666,350.0537689541052
63.51361389815014,173.6220878211467,78.51188023502633,215.60471481953365,85.47860735167515,253.70275765116764,156.94195274459005,271.70192947605545
247.62510026763536,268.17559692607813,366.4209191627475,340.5117381638261,391.9272364908011,424.22831393551286,430.13465950007435,448.533821160406
268.5351635618343,275.9046136243697,445.7859966822883,295.9529054370962,460.10367231208056,328.7700901986922,562.9863605176943,521.150572606632
435.9499655221494,477.75298917568176,483.77135874115476,492.170584467288,512.9919592364563,513.0209751676674,538.3799939681211,534.3181603324108
255.74694161159695,245.34597676037038,257.5048008835146,331.9068015685588,306.7828965394809,352.4215455893315,388.98320244444756,462.6970147781314
89.87215604495526,181.1435070705205,701.7262896372999,399.78407330053614,719.7860443022465,436.0349610348985,753.6496420773215,459.3413093640047
66.16205037235122,259.332439252356,181.59530539398423,316.9938804044492,188.23757941655634,342.43119286613864,216.22379046959415,377.6503532208714
293.92364420170367,188.41906322723216,338.8364415402086,205.3032019372281,347.30204546923113,238.5968635835948,348.73050182200564,312.2401479215649
75.02346737439225,86.54430395859518,379.9838873021386,95.55491508327552,447.2365357287599,194.75082500605671,556.4519781495594,293.7496228304212
161.73310971404334,83.60959889726482,164.14556875106916,213.17256074483913,179.84947359864663,218.35820715858773,276.78160143345514,263.89934291866894
112.30132620145346,71.36244211339132,117.39084317711892,144.90173350677716,212.53933316107447,448.4126206351173,234.80035764022432,521.0613341414
60.31666011119732,124.07886277968701,220.3964486151694,211.6200475177613,284.3050675771981,521.513260228876,291.9296973081633,565.7246223725853
69.44930162590948,155.4236127274165,145.4447226794977,301.4839134995097,161.39399769240376,310.04057892836846,187.17835130744103,325.68193257672687
127.15417802620541,201.88135448185812,582.9764778432514,375.06371309250176,744.6390381763139,442.0257998716908,813.5480142125314,466.4541980937045
233.26950444273535,437.5803391305619,258.1801898307857,491.34781796335363,435.52565354890504,504.54949318744724,440.36293130728166,658.3736668697342
137.5778728356014,500.40195721365376,252.35245913936987,515.4806356755842,332.0887989563836,532.9127791395002,401.03473110701924,544.8768187500291
70.88297240904878,301.40928322007795,140.2096017457648,547.725907134117,194.46768253138572,616.1260272730358,232.04579725172053,772.8500272499183
169.90460813870317,203.51814250010005,209.29891681266858,204.9502297265227,238.19987540798428,305.1392918879115,338.09120144498456,342.2289649584301
169.78953436877038,125.34903285379687,209.36732978555258,257.62475384737695,222.2413897157497,311.3435515564005,224.51185171177684,326.7559619797427
130.44318705671066,325.63787290652635,290.1654789283804,344.2063359619739,345.25004525262887,514.023142007928,360.1500832454455,522.8198445941224
69.33812282578835,184.48978880798563,152.48050832987707,204.66709986636332,334.6254029173277,223.82621274589167,354.92325390451447,228.61500457680086
89.29382998712134,125.24605881051008,143.98248707760163,281.83211304504874,186.28220064825047,292.7174019606009,381.8803351487364,300.1496341281684
263.6595171509813,62.21711764262674,437.3173915775991,75.53959227871314,477.50496726704387,167.17696777401738,506.98025823523375,219.28828149364207
113.5803762255866,229.82151541010083,231.47108687671718,264.0221076961439,450.8101951201213,305.92455640826665,632.2133199282497,309.9919142800838
41.20824053023149,195.5819650604611,359.9597878806424,274.1121315096797,415.1003741688217,421.7573737872739,446.3086230054503,547.2055239730612
107.345979885488,250.4191702597175,146.75714587384437,310.49819211228026,324.3189778804406,333.5354992960586,388.21936076904683,414.73940230760945
240.51508768183876,234.06988877995082,253.8493129460562,338.5984155024588,257.0200480057586,426.7812019728491,262.70312492720564,446.68908372228185
60.38199547567083,220.82888766400137,90.15452090642283,282.8689488580169,322.5803314556894,555.2938095282143,398.63221292982496,589.3028253519193
304.9547415049245,295.32604729208697,494.7782117159932,296.5576241888626,1003.3225634488405,323.61946347574695,1378.4875884038395,404.29688153810827
108.91571151914142,250.2913959880109,203.05161781893585,276.0689778644185,274.41593863469564,374.38635960180494,312.2950604164535,520.4282771455426
157.06491732012068,258.0803784212552,202.1111969496962,276.66773938870045,359.544727622581,357.59586505057985,484.38873567190825,363.2703307144144
965.3491443511934,261.7816756988063,980.0514014308225,393.0135034338773,988.993426411507,395.7664748989099,1003.133819675773,489.8419143625854
93.89367046878715,277.9411379347624,347.2342888887742,362.8895572833737,383.4863452082495,394.53526597448086,420.43358013977524,453.72931038804245
420.584194553747,14.753198336062141,426.33836538112143,231.47659595124165,478.8424955121271,296.1018058506325,561.6601424536486,347.8768918744695
195.32422660280017,86.19850326961772,206.1796249550443,150.14226203649798,207.3121460909886,150.68546918955832,233.81648838495406,181.75855865572672
85.54942375061901,361.8844919501802,147.2326685945823,441.65476704980085,180.10702333560315,454.19624164366996,297.32721189093877,548.6237458986709
556.9741828593748,104.37136363096099,684.5279926044849,205.7335417208789,746.9735952622378,352.0655287833464,943.9345340962617,435.6905086161324
115.76462090888391,42.56264403485972,360.93705294268597,190.75325676350408,399.043716617592,268.41616921644226,432.91453090472567,333.72365703789075
127.89428907912101,318.62320045587876,209.79467129946806,462.71652852711776,233.74769471667946,594.7585542624131,361.1218653694656,604.1228932099942
578.8472386309284,133.70995124521082,896.8969988605619,295.4442533833035,1029.47118173505,344.72914231253634,1211.0873371027976,414.28642545955034
254.95183414043518,61.47148048061972,398.98856247857725,134.79400800187491,518.4404443904978,352.2321513949365,532.2226765086365,369.77856324615937
159.81212490152146,203.43567751309075,225.6869472616629,234.66189614640072,230.33707599723468,288.9348519639237,305.99420217353713,513.6648623282631
222.18714058563415,167.02930551370468,302.3259358489413,206.5544145502971,369.59286386908184,283.3320157004282,428.65394565362413,331.47277543362867
276.3530788290725,233.51151980752906,317.4957218138343,291.7161051676787,511.8930963758064,342.6270930340512,530.4283702052907,370.38918021372206
171.81429191234633,88.09009293044546,420.64486856485405,122.36870523718162,512.0456202174148,305.1264644715792,518.7041322456954,330.72025724097335
276.4841614094895,235.28468230606094,311.86678930345533,353.89032552403785,336.99659628694275,423.9964311108189,372.93525436688145,460.18063487547755
127.0270694190256,298.16963848857176,385.204453245682,350.26620917706373,495.1767721695605,535.353101665589,567.5425913164787,545.9682092020296
246.36075490001605,414.2352601520484,560.6405854306137,708.7293060859432,673.8674319623705,717.1428532149779,708.2722879870375,746.0860567792671
541.9288208912975,263.8658671321701,579.8158173599139,276.4903228179875,611.1088303649958,393.9400073738283,629.9873054477539,505.3653726455433
195.25530641692455,401.3812780269049,255.9440368929866,457.8225991330564,259.91722381409073,672.5604816717464,343.2411401947418,721.337265987578
164.98771219280067,166.83874584303243,260.7502152311548,166.88829606079585,294.8904139573446,255.49015978160904,320.0346774843795,378.16315223016494
51.71330151814933,302.6003904872778,199.24287684196904,335.8810809303226,230.12826919275523,375.48770780699454,277.40557931748873,463.09642493464827
85.54944800167169,66.76015996796332,455.6141749002095,177.17420134834134,532.3664036401681,470.1462088420095,571.4695689023495,590.3056000165327
82.32494687754622,82.52729336783194,257.7780755356676,186.9715584231911,284.6968615043584,408.621971481607,336.5467418830083,483.25274015911265
262.17137749491565,132.20349147571812,280.5459870866853,164.46742044438565,310.3601921927865,197.99303062808858,330.02869801299244,235.73458614697935
61.23030530019906,171.49861897717798,105.63032742477164,212.77218135934382,146.71277434304855,225.35460311204233,194.71333808363687,278.92110916316335
46.80161983378425,15.903127164324047,67.97193190216949,356.137254384837,73.79495436852734,461.48982584087133,197.8752190581171,494.7907587330459
201.04022839250285,145.5902654085534,243.69291417208728,259.8050519765014,253.54556018111901,317.64853936109097,266.25011477174417,486.2593381491132
309.0993988419378,180.82252430645792,317.1127697818162,210.3989093513057,359.0590283567418,338.7657680472084,416.7216526238264,439.7857069463147
54.21652688429195,99.34668600383678,209.14125935339368,191.99648716086807,292.3428097596496,207.23589912843212,343.88681090676045,508.1576980039723
379.9838873021386,75.83029522629694,389.03883800879555,139.93693411769004,399.7548214994067,268.2671384965033,639.7432061897648,344.37684057223083
41.868971357401946,265.8546778288825,215.02321265171403,309.5212136254621,249.93061530096367,358.7218413947382,289.458672279013,473.35278919841414
173.49741256807786,247.08980574839785,186.68603126312533,329.5223002737062,291.0981576917115,374.87571537987435,301.6977264696601,376.88410706527196
228.363754095836,236.2612329042645,234.8857056114848,309.48648229899396,252.01936046142964,326.0500639342131,260.9930611277002,446.7540439398456
97.12533437502498,146.10163810486915,221.21852353383497,212.11151782239494,325.96311016569103,213.84681740343882,352.47973920359914,453.460965082667
753.4541898026835,307.22740601290593,832.7427655786805,319.7211890516512,833.6181748400537,378.3993544279372,990.7283494413049,464.0092334003232
47.76146192714981,160.25993222635628,85.7232611375094,232.59785656163484,149.41003911185385,461.0616062060549,172.41333920527313,547.5358092799396
235.6005345837927,295.92690301504007,243.37420013224408,316.9938804044492,311.7980448556123,385.1540683266513,326.7414858558451,479.9123684994935
94.19349410881846,257.11034298025737,147.7801036919332,312.59109689969824,250.2326720668594,375.44738812748597,316.2001400033618,434.8222639838679
216.2038704707569,272.2830423857431,343.450764602257,376.759554821263,385.58110794653317,397.969609444369,431.81465999939223,466.149745057532
245.80641003859563,69.21508918050982,260.5149261113303,272.80806167099735,474.7051763595089,469.27050322859264,518.8315924381928,587.3254464310471
351.8835458002771,142.27150629229973,378.3149382637479,425.545054979493,420.95023286876034,463.44027977554674,497.88203613471745,478.5998710635067
324.43654259284085,153.40606833121024,344.5463111438766,252.61335623786766,439.1020868901317,289.04665478046974,453.5117486959965,378.32920798024674
230.74340769563554,69.21508918050982,234.29356766299134,208.85018474137135,291.0712951086844,400.69153048777423,345.23235677975134,519.0492345541235
172.66372585437293,232.08148995422903,370.4664270970435,663.7391426002409,424.3057307075551,666.1448692453121,465.34202857893484,679.4753043210735
25.940782256525075,232.57357368963434,38.956178309830165,276.91359867997494,64.22794119587826,380.7659053857834,172.1327643950075,425.49062501929967
235.745508033412,176.9240385511179,374.57864450198105,179.38069398377462,451.3538778966492,199.20959934134274,453.5117486959965,218.83064001199568
203.0120263457004,210.07574276959096,252.45872345437687,247.4619480059031,325.83191106096365,497.7853282480555,347.74998813490475,542.1993556760119
379.4169618261943,122.19765296426752,383.2324990650461,189.79946780658386,406.0188467855212,330.435973123349,407.6990335445624,373.7367919479087
363.82398791709255,20.922972542204064,479.82869893870435,121.6913587642466,608.8339041574885,172.75781744091867,628.51280999843,250.30581291927135
151.25239296595163,147.26663947512978,228.50385042726464,376.4122280474023,274.34862517282517,413.9724168812916,285.49843304395165,425.545054979493
32.22714188091053,302.48613458903867,206.82238477718636,309.41019463022445,313.0495452051106,389.1893440595089,462.7827380762639,393.6903893881317
255.623608129817,289.1665869184413,279.71653851981097,368.37091868196177,328.5900201826269,372.62551758155524,333.1725487160718,373.5548872888449
226.2216088166958,137.42313938549086,273.1829965616673,275.5202904053871,292.46863372213613,317.0894266894806,340.33496046475676,462.94071208978335
52.868625510556754,101.25846943404382,115.69346689883626,213.909492431621,169.4822370105573,389.7816090176046,176.99370322011063,411.0550729354408
205.81231274873093,142.79199222127622,393.7154975789232,178.98386823445077,473.0373726580286,221.46210629992183,507.6051779561067,488.40510609497346
380.6510486028394,309.77567301373085,394.1562939321248,315.3181884807482,396.1091363165658,329.5223002737062,409.3209467130803,352.9628846298777
501.9914425730761,547.725907134117,586.0727945871865,566.8624153312056,646.155503210352,575.3381481448445,681.4050213201153,585.6845553131848
222.03937667121085,368.04312279913535,278.5633217213905,422.76773721500876,314.36478189561166,424.37834944385116,500.0076332127247,483.89375632046534
58.5837655589143,328.187293909176,93.15530541387712,344.72914231253634,260.87407970338836,360.89152056308666,432.7602554722251,481.9163014136719
203.18382801516282,286.7787757639592,252.464007227642,346.3327255107294,262.7467734669399,388.7531602009819,335.2154917716753,466.98344748294426
113.835812313776,306.2505742641556,242.31755742884425,354.2558129158288,308.20339971794596,452.8956736474873,390.48701299618955,493.8981749591341
188.66420572776337,281.6895841411112,233.6104830238151,410.98665785456524,291.76043517927434,462.6670854854552,352.77388824903124,542.9966545204089
164.84671289728135,207.8198107077295,224.15104804021914,251.4741328366926,313.12642816766356,268.583418913555,319.14876976665107,278.55996870930096
187.08158233241224,307.28980537432074,413.0358578325768,335.88931692392026,414.5105947937864,337.8524531324464,433.65811047216613,344.62147528196107
164.73141998078938,261.74622528056676,256.8124718213718,330.2078749624092,455.87768034004125,583.8482622000857,485.0168443122212,585.9787992068943
172.39132642596047,223.95810416384694,287.80475196653504,361.7664454425576,369.3011630450278,489.96328988706176,416.6149806270264,495.9867080087938
488.2025019420661,200.67662516681204,537.983381346362,242.10212664932106,644.6595999183501,303.14298383617125,677.359528963727,661.5245733285366
283.1915624159128,85.52653758735697,578.9666724470529,144.74192221106162,594.9677910881943,257.4555832336948,615.4292244147726,295.4083727181134
38.23983791559016,356.998416748253,200.3867167028399,446.08008020359955,279.141562033396,461.5762454335777,371.58548344737875,528.1112948355786
96.35264139459139,221.96175386590153,177.25623888645336,469.05147858734034,239.69628546388788,532.3374910687127,254.1090276476223,561.573136849573
141.9214746901329,128.47675287721125,444.9114827526267,159.13609707715497,486.14048956864775,312.4103782995762,487.4750866789293,318.95212823105265
258.1386990799507,72.74921918114804,272.6159479478588,371.1394685401858,344.09681835602015,499.1435058826716,417.688228116297,612.5787061920015
301.4636296445566,232.14328129662476,360.3135515029512,247.03979838704433,370.3113910678666,264.12212653453327,444.72707793433153,568.8736750031861
145.855881334486,244.7709471311477,199.88052794260784,491.2432935419069,217.92048139428624,574.5889605013857,234.02994103252536,603.3475621546029
244.8231577996047,42.70663617523284,271.1238244875843,162.56000846995474,275.9103161651715,310.0137711745536,278.29769593172614,381.52522708176406
56.259259392384116,36.752257104669084,77.42065442315042,159.96958961113316,85.33027120406452,192.8419040491991,107.16882372836122,402.31384394475003
203.4402659753913,68.70024157102361,334.82621226412164,164.26262422415925,344.09341061561963,202.61309485822537,402.9083072047419,365.595007161498
172.05969595849254,228.9625036164797,187.31613155045278,303.14298383617125,261.37446521551146,444.2232463957515,265.3174798609375,601.8250134706789
207.94275632178056,349.2329819083968,270.5222352233155,386.467008596288,304.8390760308564,432.3684819243939,351.1770133732064,453.40759834486767
126.65824917178885,139.70077585781553,183.2861250084807,302.94186267403774,201.01842145641868,452.660209591509,245.52453215177505,458.1877364630761
254.50523189736128,126.67182133643517,306.5003320805993,233.21796719481918,334.883481912172,254.76886088515846,383.28834019025635,298.53327291373216
89.29382998712134,78.20259907777863,99.12919039431421,274.51908199109727,160.43448054209662,314.3485195006019,333.1881512521929,337.8206130724332
96.8772175526611,72.74921918114804,122.90390467397592,308.2661738497997,129.29155414496577,436.65335762305665,176.06231474104473,642.9907413236962
154.41972363337354,203.5188874079904,212.08188340534448,239.39304190799365,255.203385472589,256.92686444809124,258.13340996029376,262.387148267349
69.9135818373424,652.5463794193971,126.11427634275174,703.8759145894736,204.24361738539366,740.1777964032091,216.1042659055203,755.0394603214299
155.82006981764567,323.8536421895502,279.3724738690967,495.21663236996284,408.067663109407,497.2385929210723,453.11905775642595,609.6211908500832
396.7191665944983,196.66367555038127,522.1130118985083,322.42910063384124,575.1548496627254,406.1308947739611,617.0700563001819,431.19903396863555
184.89883030474044,36.41512750336858,302.94072248607887,144.20202103894187,481.0117046179231,264.12212653453327,530.645642279867,374.9294670831913
146.33027113330303,212.82748398176966,277.49977908718733,350.81778517682113,278.0237490308994,388.5601950296536,359.41745659295213,442.9376730249256
118.15644625357747,304.068770779831,201.5427135585377,327.06667850225483,224.65266132345403,410.41062763855837,253.22460045600016,412.3602609879265
51.859301042009264,292.5601496914004,231.06595227497036,300.99901572490023,378.8207663075629,323.931959694935,430.50996086453625,470.0272962211388
148.2430424707213,371.62123278784526,208.1858276597346,389.75411269530315,248.95032640448102,433.0086354422126,264.44554950156,436.9304690438401
183.74239612647324,262.76129429666224,196.10381943436937,314.2067043751559,825.9563313087482,378.26625115344467,836.5540080399294,406.0396529061924
80.01603364226284,199.77237786890183,156.72276937402467,282.66101456455556,171.68750245165393,485.91237418405103,180.5560002916119,494.05605136761915
92.16398073192553,325.18962760762594,104.08125031283171,373.6123208638957,120.09044825164452,385.26792992717884,201.01842145641868,428.5708412307826
151.06530607820187,315.4490516334519,298.5727601261973,423.24901375118725,322.33744884370515,489.4674140985049,402.7686424853064,497.3489405861714
278.08407407472083,109.12212003705481,340.0958635214883,276.19996044549447,369.0246394028464,292.26115843226654,396.36406333111813,341.7683274609153
208.01786376630156,13.964594896139968,274.39770382411996,396.23291628735274,328.55668504695853,405.1331305353548,334.45561525603625,457.5544386595586
36.20299483202616,214.283034626338,128.3693111707232,315.32351854838333,199.38924986007396,353.89032552403785,397.09081713823053,493.1894713434911
309.05318520826296,160.21559850734073,341.46461965511,258.37412117269145,383.22339757481916,322.42910063384124,422.3192291711017,449.78346810586066
259.91722381409073,269.63140558317264,263.6595171509813,390.1606131986179,405.52747553699646,407.185220850418,418.37920177719275,576.9092150251621
355.57122429792076,168.07471341897994,376.2831626694381,195.13129121138763,437.16840731534467,224.05431891382733,454.8302158008925,274.6937476793368
67.17398033867143,114.13573182827498,188.87505557451905,214.58392539070917,207.3121460909886,280.8234258804892,308.1628342173456,289.3757123249483
418.59155623836443,174.43418697614464,499.9686643322923,691.135727818617,539.0869794555896,695.8051254049195,549.5058510976525,803.4728383930677
140.87528464213153,287.72546906398696,144.91378283100934,354.8618430245991,146.76129868517455,378.5477113001341,195.86393621113947,381.5286042079788
168.3701877426945,250.6436888991581,219.85273971444263,268.37131563956893,280.81343430730567,323.7760127628766,359.544727622581,374.18930306453905
370.10083278443796,162.56000846995474,426.75345372949135,164.55321711509666,488.1941094155062,204.76810477435,811.1448625183965,286.90730561513334
72.99803285559588,256.76924475783056,122.64715094791083,323.3633529561639,171.26981945641876,333.4055258973677,253.26412974450037,383.9430385333477
106.35784996903496,335.30503881335477,206.64927817626463,355.64351384584666,299.74518524284264,487.51191646733406,309.8615271588113,642.9907413236962
217.07494334866158,193.90211344978536,287.53552879113727,231.74321639942414,406.6394449781853,269.5389186324555,436.008571266517,348.5464906086611
396.9976710715646,176.2735425434099,408.12022777421146,209.74310709238628,432.5316682561217,221.4426660049224,488.14225185984895,358.18259705781844
103.5360893495143,283.24465788027817,321.5157856723347,388.98097030408655,406.6781727390773,506.7918139826224,461.1718243683834,533.197749970601
147.51075011145178,192.15711483333217,199.99458680733343,209.86874890934357,272.5167778218818,394.99091705630815,289.391756854971,522.0231778194
82.35243366232115,223.95810416384694,249.60840552739995,330.1388370874164,425.92944748232605,466.31519173166527,467.80017918507735,563.447017147061
408.1624964393319,10.437535957937389,447.57671003426805,75.45976957510554,466.4323471000196,141.4182217615607,480.59297725641227,195.4091706228379
81.76164478592645,101.26252446199825,121.226051982984,105.0159849212658,188.89200185627706,164.63565720274727,220.3964486151694,238.85725239064604
217.73744399592493,108.48345563985895,277.5713202329878,281.3029751896571,374.3189609419153,335.5066863271306,387.87653582897156,430.4042507743499
66.51575399446685,345.6078305866916,154.60093638836398,371.1843457713621,303.3618191876605,528.5030480707476,355.751900813844,567.3586866299047
158.68682225805057,312.4103782995762,252.9581445211755,393.22944375687126,305.5496566900446,398.1890136790773,459.1845021327281,401.50472676207085
224.18931272735585,423.3648538663049,239.26284778768547,522.8041023715585,300.3233860476514,536.9955627001722,386.45484734546625,584.0371457139821
35.855085218046966,182.39709538174736,67.66274246997224,237.56424083631128,174.05611105419086,281.9554808662268,294.8894048005372,282.10081743044896
192.22127803536551,151.7423866683479,349.0283039351378,285.18592668484627,419.8083790591016,362.8224379297255,499.3089787965964,469.2388219555641
202.65064921685808,340.17903951835837,222.67812466380127,366.31769865894347,233.6104830238151,387.17681566050845,256.2838906717,441.6502671200035
448.27859302368506,88.99469941023679,459.58065560334046,169.67862583664203,667.574167246154,289.1665869184413,729.2209119988186,311.9572132823179
299.01621600115226,295.3818838630358,801.6302320956582,323.8536421895502,825.4316916783869,409.7887422585939,842.0415323093847,419.1468584104262
176.1045111883773,152.87830939694393,234.00394946668274,329.42726809458935,258.16973417680526,487.5235124244779,261.218229436773,500.67557413664355
152.3209828579883,133.45201429712696,286.0309488060357,201.876273361075,295.18031217915615,387.39035169595815,336.88060873628586,481.91640740491465
111.41908250078535,161.85715178033485,134.55277263681003,198.976155362875,169.75104659397837,209.75399004770293,226.04294287359227,395.0916017746587
88.57846031084632,194.27367772219137,141.87424932271628,438.3447070321373,267.475537182994,473.3360018228399,298.76725818992924,486.4065368979259
51.16817674791469,115.05720247549557,117.84370132040085,267.53157739698423,123.4401299960687,365.4910504126728,226.59814177226082,399.119629140099
89.63450302096943,233.50371968326175,141.24165093527336,298.66258353023346,162.34566811288343,384.14264466636035,207.914960450599,560.6499540551516
60.053436074698716,29.520929465002354,117.17641409827145,178.42223079278298,165.20989426961665,212.80793354639454,198.92827879945514,317.1065044684622
224.91992452501376,464.7623711350587,258.2217899835261,499.1955164291046,292.09825945248417,700.2112737843422,295.21131837923014,844.5964356794564
147.7801036919332,21.624561019437458,173.18936243114152,239.86428358794544,211.05610636881673,263.71686217783065,277.3643607040887,530.3296109128454
167.36997212463126,121.72350025621797,327.88735266058507,321.62421249289315,482.41845388452253,328.37114850120633,615.7817387845187,361.9194922912241
40.66826496336657,287.39800210796955,158.92682080796396,391.2820811169433,222.1570393233399,495.6718754662272,239.75577140202432,503.64896148043084
105.25858628208508,254.07465380097588,246.16159001929077,264.03773622887803,537.642910315,333.19775753946845,538.7075442181686,354.40982293169185
164.86390875238615,466.31519173166527,183.1181054943245,501.35167510624484,223.03265669764755,503.85517637697615,336.80059810091427,542.4303697237968
123.06519359872125,28.599985629790172,276.8909150479325,434.00737435087615,301.4471767689403,477.6188724125927,359.58535844356,565.1270768399887
148.19662203595686,75.11888910782645,163.63976333207466,76.23418826932405,183.65133019685672,211.62431694428366,276.9201557322896,300.12716199929065
149.0421019370231,93.70764152434084,186.9277735639883,97.04152025973742,279.9371610718476,314.05555494812245,348.81349639711664,341.13684883312686
202.74225546633764,81.48825931387094,204.36324847329263,290.6797301652843,227.55862785876502,391.52173685110984,240.731048927274,393.58846622864746
91.70609677543652,288.37043069567187,117.31179578361574,518.9791152510385,212.2173942384256,831.573825859143,331.2971369740288,876.2879949068838
152.66388907167678,98.7199789897117,226.41541586060603,233.64251939086276,300.34027434528565,342.80990822935195,346.1900833128748,466.5924487960728
286.2493459099557,143.70036005089597,405.7448896377544,175.7357890630284,479.76806624631945,198.60174029878266,630.958610782194,242.1240887564817
39.26207668818813,300.91567530516767,64.22794119587826,337.09132750413585,69.26371944709226,398.0881536261557,181.7201514874983,417.2274067392234
62.39042963774974,288.5769519560393,170.07475589256163,355.55896487250135,271.7142039245091,476.61738118247007,347.4939745977448,595.4229558756043
116.31860080850113,159.63529648180088,457.0984851312893,205.50898338332235,496.47006353312975,221.62691542789204,500.27091202850136,286.79726689887934
263.4718846226853,129.47074235859583,737.4747416664327,162.94710389646121,863.5373643072218,185.80466977965582,921.2945804194562,231.62627916540103
125.56054530639683,225.4219595486429,143.3725632015302,267.69442913104496,147.10371670230415,412.35196810570756,169.1238875449659,498.1515466193366
169.31052903878424,359.46089438013666,198.97905859245336,442.994809307772,238.61011960372147,473.3360018228399,266.3812943365122,520.330360742905
69.87007706754018,195.53451085668084,149.84577136336836,218.61661140731235,208.01786376630156,269.5712260874074,211.11855193285243,318.31526801339203
110.42820629183294,366.54399989117815,374.94205677364204,380.56350525406975,453.13796991438585,401.63554586774416,485.18290255753556,497.4771598876958
99.8369395931534,250.5230554299278,129.0485272576996,250.8150107413997,157.96352333362208,289.43296878700477,166.78275976351355,525.7959093247048
51.528170185728136,41.55261086651212,157.06491732012068,95.55491508327552,219.85273971444263,280.9059686199608,486.78758807555477,325.8627011312124
91.22831350504411,171.06118831346532,190.52209341132638,301.2539347122394,364.6849720437382,320.9664155729653,480.2622276966787,445.05105589184325
276.73326349697516,220.60111744148037,368.6976296218289,294.85504009307283,775.7418633434121,390.85531522566936,832.8091263462308,420.35906156667465
91.02431444102416,34.29228401854634,326.4166347902785,82.58925664951448,391.3699122810605,202.08524674675567,391.9272364908011,271.50873919055323
1034.1009611731324,392.89886976084955,1222.379094369866,443.64350028988486,1375.3850165161487,548.5620312839433,1452.596507886827,557.2382885803448
284.2362090431944,219.9475126269311,359.63511291820566,287.9684468965455,466.43031035508653,374.2145426653316,513.493787523294,429.035490452044
183.74239612647324,194.140744863879,370.47998511333793,347.2343253079296,670.3921847432048,402.0723040272293,673.6354132907188,533.0622093611908
60.5947709347643,48.104864189867804,176.75496892687778,105.66560110728282,255.25751894092642,277.4982605234131,333.43284909586765,470.7203127802738
61.780492173081754,135.80453601069556,209.99223087516077,364.1651708780078,343.8754072250308,384.4496147693332,349.02737007500633,423.6730058665294
166.72748952213274,401.3812780269049,244.56049272231226,558.2833610676826,282.0518888865684,596.1631296147611,368.08335060597346,615.9085436944665
66.59469576467949,433.8685719884129,114.64770841498817,437.5803391305619,272.28023235217034,500.80948843110826,433.6185788476229,617.0775129082369
48.11139491590102,269.229720063994,130.08411230616113,435.0720053857855,176.99370322011063,512.4987785857181,202.93027795256197,614.6881341939285
196.70084638772676,244.98151449348484,280.4075314924527,273.8163182123348,338.3614250461094,289.48571230857846,347.49735802846993,562.9871549732825
249.05447416499467,108.19532918501794,268.293326697902,307.73078198865477,268.3281766023913,365.7967782639137,282.1830251181518,405.5188088036143
186.29180200007698,372.3764604284446,294.5648250712526,403.25175021814454,319.7187173763291,406.7440248763769,323.57476473232305,409.6540045884517
59.00715685517871,152.7569318460969,111.26982890364837,187.53768694056282,189.4099506239394,525.0547506610565,220.8160850807512,526.1547122884674
262.10625453543895,174.46062133114742,327.45791210655733,300.19597974938745,396.1748596555019,327.34942241960914,402.9605903956531,490.52529026772976
139.89353182709655,256.2616735126287,195.68858198253346,283.24465788027817,341.21177337693024,379.71171636766485,361.2874410247065,465.3045360785583
84.1135067574507,315.601405375107,165.384585048612,355.3496101958317,209.03536668659135,374.839191362353,213.69270095687554,554.8677951894745
182.1693870537727,253.42357813425804,224.26976047199256,296.6004237551187,268.3424416147609,351.0135819689849,380.3109943291927,416.44320267525507
171.3191803039697,72.02229592337736,194.9685171329336,205.18567212222084,934.4701378999592,454.94840937726286,950.1249795023273,512.0339226483103
144.25167950427573,220.21510826350038,294.67511882596057,253.13699221451583,349.1577596488302,294.1483741626873,408.3509388593621,343.8126026784777
203.87605658861358,103.21550009870211,260.2535025953559,232.23547315156895,261.5187216114916,378.24823149848555,410.2713357125837,446.4478727510616
160.45341133349356,132.54123398058545,190.22604732648816,295.3651256768516,221.65190353010266,297.1573357550915,228.00462810508168,424.0101191426506
115.11036278000556,530.326799532168,272.6159479478588,546.3555175942341,344.53400104979795,611.3630558675164,375.6710982721203,636.4456264698471
120.25595499086265,258.13305586015696,231.39420576659583,414.00159919087196,243.44479789528322,487.5105179860829,371.725541880687,501.81276620855544
132.44721019483273,264.1205519481304,166.20828790714603,300.2898890067748,297.03226724733474,401.7971862157695,313.20742327592427,501.44501083469
172.26014523735128,196.8838190696304,231.59100748937587,283.2640455471827,329.1109999199916,296.1018058506325,330.28858739473566,301.3636182011018
48.448963893826686,290.47068446059933,169.7428814850841,335.0307876426598,226.42596616665878,368.69869215162714,344.31219033251176,414.8918395297965
66.12921327850044,97.33543977219121,167.77136485040353,368.5501094650279,277.17222334610767,379.7279636746607,475.52391508791834,387.77197322334223
74.8402216836466,259.7949425441742,346.0234460908627,301.2001078366334,350.70725793878137,315.69400091159844,364.3486673119476,411.25752201037665
44.08643150515716,262.04007105849587,206.19428075850195,314.4818727303705,222.46091462424758,402.251997878976,277.30599021794035,432.6591753171253
47.69482096827971,175.01272766458382,116.26510685964654,317.13846741100656,216.2234329632356,347.71179364716147,283.9971626297939,418.19320354681474
66.96174301761869,268.17601095499845,154.41972363337354,397.28215686004813,275.18531662675724,441.5902796012591,328.0929894254407,464.9839136050218
291.35916675123974,277.1114988069075,573.8354800667473,364.89789854926426,578.7196521396817,411.17879530179664,593.271225162585,585.2429850971477
44.56246870305782,260.4660427854807,44.82830139591802,443.65675255708015,68.97144795943298,508.324479040013,79.45891907633182,538.2200777427818
288.50787592503787,280.7449161354629,340.33475556119896,301.6614310626426,341.6250851546249,314.99087611602164,360.12347030299316,544.7871642478048
103.17771716071522,90.12728253318419,136.94567289318584,347.6923650034968,192.5275186024887,376.30168611287615,226.59814177226082,386.9885256151794
350.7516670576772,54.041488072612566,352.6565967749758,308.82343128167406,361.31310972666984,329.96617008229794,381.69078803841944,521.986060817423
290.7665275092299,177.5018050151337,327.7898606112727,409.8163787109823,338.2569025222306,424.04646770425484,351.656122864728,442.5335564368325
179.3098351289959,276.60534229009573,324.4672612282951,359.07608703828913,369.90429024891506,362.77273350625893,410.20450113565977,419.24628139332606
195.6545524085028,63.57749540018295,401.482595128025,199.14918357484038,426.6364301580984,254.76886088515846,632.381928893505,364.1297077507134
220.09363370256509,131.07074835500302,228.4151416776593,207.8474013601362,305.2200747310849,284.25706789044085,310.73987295882773,368.12896730286604
316.88111433586715,455.40110425412087,319.6647980967274,481.14874894755997,371.2340186903923,544.5574509477133,384.54555373716073,586.4436862579971
96.96730329020414,282.803987509069,256.8594583112511,357.6147397931154,340.37873196864757,358.7218413947382,392.8424996395931,425.9718119416851
129.273769383461,95.9389658603492,224.48867800621815,194.70751767390914,271.2687412101393,282.803987509069,279.50569163355635,317.1425236164841
63.51361389815014,245.08138695283046,96.21734713935582,280.43847658708165,126.08412965241612,407.6292770776767,201.0122653292089,529.81434923006
48.53241896324218,143.26747056135545,189.73301609282677,174.70641948341228,215.21903629581362,428.4108283535356,223.846245941527,452.15890923700135
301.9468991168,88.55482698640246,525.3472104386751,144.90173350677716,803.5775723874683,319.7397108753207,1672.6266903834485,396.9530626418392
103.85220417077875,334.69541446054393,156.55886542411687,355.6512076953961,186.018136796211,408.16493400571983,209.14125935339368,488.25339196348216
263.7654498666204,207.67836085004487,469.81763756882583,305.18135287219036,597.0424487697734,517.9593997788013,614.1477671168133,540.4834525888141
41.93269556549548,95.62396828398823,43.68323782587893,332.61146442828795,271.88002616532066,355.6512076953961,460.85694581480277,459.5787505279515
250.99281056730314,191.28346396999027,254.18355789668533,279.67054741399244,257.6195521678974,293.7722073557289,264.6339411655026,389.65751030706707
107.13140257937262,79.90147696157439,229.7228428422912,238.13514340898567,297.413029513254,318.520607013919,422.6251226516838,323.27221671304994
189.47005479395904,171.5465660088306,211.86785531032223,172.05576261445626,254.4485677240796,227.96030348041054,260.87552003023853,267.83432217693354
139.465947894525,83.40145041395097,272.1238331413933,170.2369720717162,276.1500713833228,177.45667346717107,299.11216256657127,333.05547104539863
264.70721021261846,209.39883786212835,275.4519086120767,424.5390206069338,309.5705713370544,429.3414176638917,368.77319586057916,518.7442330436579
103.69734156889135,146.02992279330664,287.53552879113727,328.4690089912298,289.39399017141096,463.85046866708814,480.33664296031037,509.69442993097806
103.69734156889135,278.9376318659498,217.07494334866158,295.2375471637515,391.824417967747,424.6259189687512,402.69197655882266,541.8007845138213
246.32802467578037,25.626617212884486,380.86142424254655,146.9499057188891,452.275018606186,326.96877047836523,518.4404443904978,518.5743189893154
58.26818486803674,102.79694346702928,64.16382737681971,212.03698101469752,167.8901720103798,245.94541216517595,204.41851102216543,349.33124096707274
64.25203346489576,243.96105822308633,198.80972274651737,337.39167480767946,250.4935924481007,343.46099262039957,278.0775884270696,355.0218565827221
189.6679694484681,101.63503772202036,289.5659485785712,179.73381256314354,324.26577116584747,206.39054268799256,396.54273582317876,252.95739741642126
166.3236778608557,194.70751767390914,173.0817118589153,230.47191308044364,188.87505557451905,321.06307384439873,222.0766758299866,379.52316302752916
221.41293743122452,299.90961498185914,239.58978932876175,401.46183967733845,255.0504989369963,442.59613935785273,344.2119218867816,450.78619176974183
132.5143632487596,288.9343791802813,254.9719823822867,301.4676547329252,318.0521437630495,338.4734796077222,338.7951397725538,344.7452041866659
96.77193679517133,217.99924775152118,126.13459131925057,275.18558708978503,156.72276937402467,301.2110926709252,159.45121246174384,493.65348974872285
110.86091205440854,68.70024157102361,361.8283842478904,154.96503585037155,421.452522257026,224.95984870200286,428.56970540137803,365.55352925039506
461.344325081986,185.94476415090992,506.5688260007447,354.08637513160585,718.5387901753522,455.34234077430557,809.1929615091832,466.6919668558796
222.72479909548167,170.7374751403096,282.6871526863256,292.98764636010947,544.4870694695876,478.7737910296208,581.3107947344605,504.85443658255787
109.97357105455612,192.85475397646968,167.37175001167827,216.6154705984155,216.2234329632356,312.32886160231925,235.72267684942162,348.6378086847584
220.28657106659372,342.07335796124465,268.62484414258023,447.6335251941647,328.3769766935866,465.227342112643,443.99658397822344,514.2909391325172
66.70418505463977,244.19377234916234,104.08125031283171,462.60450147722554,192.54603385240966,484.41041274859987,279.68459469828,574.1943496375841
126.13459131925057,143.71727367783132,153.74361390048162,233.76070981788257,267.2473027847989,240.06740572333214,281.2530140279515,450.05211170321434
69.2946979149305,161.34409860243932,193.9392886315213,206.01956608263683,233.85213928631987,206.2095935984912,360.9196595699355,261.0783890436941
213.69270095687554,427.81809487565465,225.4940230767161,435.05885817464963,250.33795649691666,571.0752483231241,255.91582187978352,581.7004190277166
311.0569726811124,175.01684217357254,357.86450728916,272.98108261849563,426.3800008442032,411.6471626037881,443.57889593505314,532.7894878584784
165.20989426961665,123.17125509443174,183.90395467700347,229.41880454597944,253.63391643784428,342.07335796124465,255.78911081532323,385.54468557896735
137.47537944777793,128.234660740241,171.34517256822863,144.8172430060669,367.0381207544125,257.23693144507666,383.7804589238768,280.60448581181487
349.1955949894593,122.19765296426752,366.71349485703394,311.62999393437343,390.72505340210995,342.07235363299134,430.83949090009935,346.3327255107294
400.95883840005655,166.73495306250555,481.97879738314884,293.7065040838378,513.5645299744317,373.3121991541176,727.3365217772273,431.9020059881772
207.82206901986706,225.67909984344493,318.66892904830144,365.6003392129378,360.9196595699355,435.0510915006505,485.0873291771086,538.8126865312908
34.30847298033715,272.1749763069489,232.9722204958545,309.2235733715282,273.4439635518526,343.6157554620927,297.9739940441405,385.02728687770247
216.8622933813446,306.8828019815053,311.0569726811124,307.0082973472626,381.2093581305628,370.3159875544598,538.4541750267168,377.1614644690096
141.15772835483727,208.2577652668035,152.77997861562824,239.38865738999374,290.95440982675433,284.3612954584797,403.10947589327026,411.2401660032306
60.053436074698716,134.9348793693424,164.94301894364094,145.84943108884156,183.90395467700347,472.09657932270824,228.8563146589314,503.76425910929015
189.66834236731358,200.76458677902806,232.21861045878555,525.56564556078,273.46513106114634,534.1096880456772,360.5310661093486,548.2283454385208
261.6062796805495,205.91704439255022,321.23842244207407,264.85301879626365,327.2687233841772,350.7152692404412,339.6368440391679,379.3955328150727
135.09544237820762,135.3968812527697,207.7927564281991,482.980489195937,215.6979074150498,507.50261064810155,222.9003609477011,531.1977411201802
173.71441651828772,124.67251926121497,289.24116349442824,138.03212888784046,338.7267204882203,207.23589912843212,399.74964977166513,399.7701023453955
145.94324404841197,64.42695410527847,155.92768827037546,64.73040285784097,193.09678353640854,92.95942118027557,207.00758170334362,291.31967329795845
101.66625347607827,194.5150170025849,187.21752686614795,198.98364962218477,224.7338411391096,273.53225426086436,271.7142039245091,323.6074168660968
159.80588087962974,320.39628354026416,162.5818845016751,344.97185944078615,211.13855170770623,347.41203715915736,496.3753532061569,510.2868306928721
189.6525529719852,157.2125576216424,192.42471908703095,278.54212900756573,241.20981842753295,315.3181884807482,276.6341186283469,350.91485672518894
143.1826203520371,196.8175907595777,198.97905859245336,252.12407004507276,284.3263702405305,268.2987762455138,333.3999194524454,277.4982605234131
270.00802814555635,241.48534521313502,309.5585471183353,330.1743841945921,465.22064469195055,406.2960575469939,530.0379960631401,433.5914348597718
133.72395956827705,244.7709471311477,140.87528464213153,374.18930306453905,168.4247026195287,468.8075071006929,237.68046079249257,497.7853282480555
158.36824006975846,74.0899138643573,175.63622484886653,189.84567791627035,212.2173942384256,332.4104651738619,223.08730991563428,356.61204277820246
135.0930320686893,72.0774547591296,284.47404756958935,124.70312874907894,420.3051640417069,161.60428376617566,425.34755665747883,176.54970304863096
212.41107494140823,146.23458379907396,248.6490840018483,341.7847121173102,345.17568008230165,375.9195909864214,373.8879390267257,509.32630679795113
63.320424818983085,160.0979931002426,137.91118884933317,194.41998237349426,286.7602685367152,411.60106578993975,343.8754072250308,467.82071819276763
116.95791658423332,107.95416864095381,131.06731612979814,269.59452301359613,333.9971989268351,374.6746009158314,339.782477729482,485.03155836472496
325.5214979303913,184.99036372536278,334.21829294825943,236.8494695888936,380.97418937123086,419.93996107083905,441.08914250686075,432.63070418638654
57.476061635169096,262.308125457127,333.8584371323909,327.8835539337478,370.1508725303867,417.46218893168435,404.643717807787,474.5524711432805
311.10524832986425,134.6656281561559,327.45791210655733,234.06988877995082,365.3688167821787,466.4541980937045,442.6881224616991,543.5185214042683
222.18714058563415,38.47370650345955,267.171695101474,203.00451503310794,446.5679635231283,296.97193740758115,483.87397169031397,301.974584939932
110.46742690833062,177.77051886052263,122.35197536029038,183.98579309902948,155.61023978717444,230.53431218750092,215.9608665146848,345.2950582732246
79.82507939030629,180.94665726784606,176.0893237286491,203.12760968000293,199.8791460009695,257.62475384737695,212.49650206806075,291.3961573417817
36.89963979129884,214.90576408409964,158.77738051912718,382.1548240837248,159.9790652729788,437.29123493856537,259.02753970694346,439.2142546410776
108.91571151914142,209.3492540046973,119.42120697292216,373.108518591379,204.0983062550211,411.0990230043656,293.17013977303776,471.616956956351
334.2088019857018,242.11847105712252,397.26213466450736,309.88549640475424,412.2824856174693,326.3678397393722,461.80671238676183,413.63571976644454
530.0379960631401,310.82529497347105,603.6400859328103,486.3820272876756,685.2379657911159,493.53644789889483,765.8162470423421,503.32404163522926
44.307466638927835,151.7423866683479,118.04432106440936,216.1809657115073,126.1753780814876,423.92608196914887,187.1057826804914,503.38408727533084
213.80767709177877,455.49935183112456,252.14643090405076,486.4767064106496,321.29436024850884,548.8252104026933,357.58961991954163,592.6991144577345
121.90665975976931,128.21247584820892,234.97178992812107,375.25792140379065,413.48726543107034,477.3509593801806,612.9067250936437,546.2452597190528
135.0379633030856,214.283034626338,137.1992616164227,340.8313534170541,288.4474163553585,453.9841814097986,290.75092314335507,492.7429756409081
126.64634320240185,176.34286357547452,223.7186057957802,341.8822017423785,238.34464215131453,426.09952177999105,361.31310972666984,440.13244181510237
239.02005538198324,222.55820483609762,272.41677191049683,451.1337147646329,380.8611682592314,613.1583035425564,427.90209185830753,619.8314467766112
111.58495830347367,187.3832257136399,177.09656694968493,297.4030372783937,189.5743463425611,298.8413174999664,252.20147813421934,385.809796799968
152.45470816803245,294.8944823474428,317.8257506442444,335.9718415306648,370.26395832506523,417.79072605505047,386.96443296275254,450.78619176974183
363.4502207208785,110.54451444445617,735.3241218497681,115.08311279313553,787.1456427441951,163.93960388340386,972.3283957865287,178.1771518434744
102.79914020695766,138.66910336217194,253.55631767999986,349.3364329339173,291.0359338767508,537.7389164236573,328.30740677981714,538.8123364250724
182.04494026049372,187.34297642775113,195.77535450654125,366.70750396584543,201.38226948231338,413.1164322450886,231.0901680593989,417.232246791359
117.9739107864733,167.51282015460072,196.20394567764737,174.46062133114742,202.8649412701663,456.55523486732,233.33846283040344,471.4288258019393
25.796782997373732,154.6884820619216,245.47206944757244,183.80020761541218,301.55518388459393,288.52757839905456,309.2636913227695,517.5266091906987
156.2077929346495,166.6803589814895,186.28284176838557,182.22993359291996,283.1107387229291,189.6592262741054,309.53922770611695,244.50998881048423
94.8715809979343,375.6584480174202,125.4700541468081,490.03351065292725,234.68313393448787,551.4341310802087,256.3384119102562,558.2557272628437
63.42439977766082,69.51500679367263,95.73079264675016,147.76396057023447,111.54157761361165,178.1771518434744,123.75768366285179,292.6223036596571
148.31082667467126,192.8226616391114,284.59984059102385,244.03271730437368,284.6968615043584,380.79737595678085,364.67682208989464,418.64994768326756
44.4744971373072,255.60291118718212,52.63084506857661,268.5735620798463,77.40247768404018,285.33274844640596,98.49720723087665,301.22408203136615
109.32856665893068,276.5147689630321,223.7186057957802,371.7286076910526,327.834326212138,433.4557452836619,489.1670121932939,478.99888035144085
35.0401845931018,99.65839792090415,380.10124772434403,181.67108631147534,412.76851952761274,257.66041137088234,436.387690802559,298.0589945833723
204.0115631678579,187.08238079877114,254.08142130372119,443.7511055000103,346.0885482494324,478.66140995499524,348.4112104635534,488.2565025870519
210.86272963227054,142.66469722949878,248.5939947630382,146.9499057188891,325.7588766760567,412.778254177155,352.99443901276015,470.23303960181534
96.98984257521943,212.11151782239494,179.735504104723,241.601897268126,202.249599100434,312.81517247442304,239.26284778768547,349.6814853595118
203.9141892304767,268.7440787814016,273.965227050954,289.8905425338592,297.70513585587327,416.39475779938704,327.7898606112727,548.7415926539769
102.70776330205929,129.1582986808719,197.95452546256223,234.4101614149175,208.37239471473737,314.6673058654692,218.7649304147568,340.11841801717276
164.5223360344273,192.59120261609513,177.05272981458413,374.37954856268766,187.38521055516583,517.1418871919215,220.87307689961904,522.0982008649651
49.40764459042251,180.5370024371212,84.92251007826148,300.1649131197431,270.75590187381437,309.5212136254621,277.30599021794035,507.66325022962144
26.552117673078996,345.5409912326322,260.7241943459698,476.58831749495994,476.5629208362223,564.0629047248243,487.64294761396565,619.2820131390444
78.57644776292334,245.10530514973212,116.3614279949821,246.55148384880746,269.19086233417926,325.2327858467667,283.9267203660281,340.42960381035783
272.6887407854596,345.6344859210345,316.8059618003892,398.6426164155549,364.3542955181463,403.94283250727904,461.4887203872915,428.5409695359799
218.16449992716335,122.34883278167656,246.33507453775152,272.4760048281427,284.3731541001627,309.6000918675435,362.17946747926425,318.2600506849915
190.90975419343607,269.32804862224583,284.2004261197529,600.9623097723795,293.26919934402247,633.671106081007,318.0521437630495,699.628265645211
253.06036136747858,140.93912951787166,292.7742247834196,186.9995007649054,305.02446295831567,256.21781896951796,314.2866470722868,288.48094527938883
53.537148675149695,55.587053569979886,121.226051982984,124.95160800172215,241.14522284150235,231.56106227134708,291.9296973081633,379.68858276789496
71.2928088684669,157.10187541786811,217.44846718636,226.43399485797067,245.83468101429347,229.51762447699343,248.1293160251213,339.13168672431425
155.0036059650537,158.8356580087235,351.75452808593315,181.67108631147534,397.70279949628974,278.11099040242135,415.29149454687433,303.4271003216175
105.83285888462456,80.3484511551122,403.9758577966251,152.7569318460969,407.1116568685031,430.9055266133381,538.1407990258939,505.2693756835252
275.9517949764569,276.2333803410233,317.8747025048192,278.0350891207798,354.15806821048824,369.0043010219989,376.57909263245466,384.2401995808947
145.2418094002194,187.88762430852745,176.77728832386987,245.65756542421533,183.68127718409983,312.271081303161,198.31380688491808,327.19773168055485
69.96312184922913,214.7886208285449,200.40440593202297,545.9055376187506,226.2216088166958,676.6001607065716,292.1396453627395,682.526895639685
127.89428907912101,550.7576713484845,157.124048179375,572.571635918279,328.5690462823557,583.197862723339,335.26724250875037,592.5575595142774
118.81659229464371,188.68900260644872,131.82109980557,243.41737909855564,171.64844857471155,264.5030415806519,180.46597016127376,335.8100452556194
67.74710212663943,169.80332986946493,145.14247105819095,193.74253740698938,157.2706237105283,288.5687467818488,167.8901720103798,335.5066863271306
356.85126507346496,196.8838190696304,561.8769051131171,226.35337183689313,867.3754066420489,231.47659595124165,900.5427993876615,304.112749223314
211.5428124397204,320.64253550857075,231.98820937654068,337.71319489535466,358.124035340013,505.50386193941176,369.82850683295464,509.62967010992134
67.66274246997224,93.74495846874969,95.78734781621486,195.18195121035066,213.47573013312007,290.47068446059933,237.98791871013896,442.34013048253144
55.865890857548465,126.49724508603433,192.68918519901675,243.0521198305253,217.45151153149592,316.7120643962542,248.1293160251213,361.08549980898584
54.63278446424018,92.31871605883681,91.07959707052954,171.01478151026507,129.804563641544,363.9691063151395,145.2716133318212,382.7064471931187
95.64247365735157,347.34758225565764,513.5645299744317,380.1976529312953,555.5470139143181,381.1317740152572,776.1900174218935,530.6245520676027
107.43568551767893,39.92521331551615,178.55994332616888,189.2177178474469,216.65377303211582,422.18055483127745,321.8596270714312,460.981768160984
92.49556853061615,110.34567939245315,145.8046264029893,205.3032019372281,219.0659340092128,294.99861471313835,418.02813044835045,297.58056917821295
116.03397437012572,92.05847955434861,156.90457806725271,284.3612954584797,184.29464019094695,447.0593279409073,223.11708760322082,551.9792682581119
152.3371573998474,319.7397108753207,631.8292889026311,377.41591292834994,676.7452901985667,410.7042485289502,701.2875749371951,448.4126206351173
360.99091895244896,220.82888766400137,415.2887931304349,338.854594116964,453.5372561802459,382.82317486133167,522.0970320504692,407.8688846633909
135.0379633030856,146.74458614625442,156.24581344596527,224.45255207628014,274.34862517282517,257.76901672513986,302.64566054217556,306.8002806633846
69.00691324487498,274.283719766837,115.43181200513285,306.2505742641556,195.35010906024957,340.59136865886927,213.03926547530043,461.79440733151574
202.04614114206893,209.22724218743286,302.55820214844357,357.8557516621518,318.078393824876,411.6050689671101,408.17517404113846,456.20764508812437
306.5003320805993,277.7690528690024,399.7223029816931,360.5319337672136,451.7708228159763,372.3863105294397,471.1369437674545,407.9489212512507
313.6598411979747,95.57488372490877,335.62062524443786,189.6592262741054,373.0524163308666,249.4679393742528,386.9714699063878,265.03967133414244
63.1165621711133,279.54688722861516,209.48697944222477,309.40832987052164,375.3038909061296,329.5470060148836,433.73789761686106,444.12187830724133
182.360211254896,276.0071305130761,323.3804850531637,284.37577497572556,422.7987912523192,325.5929636146524,432.3072493691234,371.2016180958441
220.7471205018091,42.56264403485972,258.2298491899774,212.69307773055567,310.16834898250386,256.3053192560378,355.0959137779055,326.2613396823086
135.67579342731435,169.80332986946493,222.04926769418805,269.7494719707913,253.63662397113825,284.4896320316673,275.40032012362343,349.5410637437284
56.18737762324338,237.52474728739662,172.41251937262655,346.29160937548096,256.03590196396493,414.76101997258337,308.0519068298258,494.9173391896925
277.2614445710669,84.95602298256294,312.65567629902887,386.4448900995722,346.97330674924905,411.80660996839515,435.52565354890504,446.08008020359955
167.24981807103725,181.90947264762417,173.52214138282395,222.03888311006787,203.06215860286082,344.5747163056727,205.87696214379002,449.6030285211818
151.23037264151344,126.49724508603433,467.366277744847,145.12711245912647,500.1068535760329,254.44904936214417,534.4028542278052,383.1304307380293
579.8158173599139,333.04583987226977,691.4237493461577,339.4732207817723,778.080397035799,406.2683007773804,987.2810157699142,426.63732847064256
130.22974991880815,139.60785058130176,312.91866321594006,341.8925966027605,329.73925857006424,503.65695810807995,378.3279493089693,547.8590293770937
300.51475562132305,533.3332104641163,441.86116217635623,587.2482542043886,466.57218696800345,616.8537878323651,510.50090035067717,635.0489337441454
268.4091018990262,284.58291840264434,271.4097456524745,375.21126804672684,397.4705404525873,448.9064785517764,446.4942561666019,490.01223902833607
469.08228673544676,219.0561420533479,496.13373183922243,469.3845011543986,506.8054417089475,482.9871991393773,510.90722559004325,490.7599293947045
43.06681895019915,115.6376104445414,138.4309746845761,281.78727961365917,212.164158910795,378.24823149848555,225.72740531928173,455.69216487874877
800.606927189257,101.86041926170219,1352.1176394715599,408.621971481607,1385.108624434159,426.47492627325613,1479.137922660458,583.9260387742837
78.39441865825847,302.054393709367,163.8499590274169,465.667588423499,180.46597016127376,472.5281823719344,206.19600464539894,498.7263740892094
100.95493627864823,278.80082698174505,106.35784996903496,418.4945077510819,213.1653937051824,431.2453242343417,279.6091155176145,439.7857069463147
38.84588434219203,191.3133583710894,151.42801559782345,192.30421816360683,286.3931643459924,329.4537394400668,414.3279049049638,363.0294512611854
248.36488620909407,293.7841378909651,321.0389444349873,306.2796739048419,321.23842244207407,368.454302914178,440.9159771757774,544.0049703375578
295.2865764495602,297.59491251572905,305.8235401268587,312.01246555255744,308.4365831098698,363.8992057235456,320.686400846842,472.3996368756844
243.138849646825,329.00267544524144,252.67650726026986,440.7446179409009,301.58187917607614,523.4748841194175,509.1540772739766,602.7076038367838
95.19487610389874,469.05147858734034,177.09656694968493,634.5232967214943,257.913925865335,646.9792491684037,266.75063661490464,706.5656581805231
239.09108673594133,277.7690528690024,239.52314603845264,319.7211890516512,272.30098761286246,330.2090381228737,291.7501791607915,350.4804570713011
99.96728955553984,181.52930404612425,105.65263831173966,295.08487437189746,288.25659821140755,374.25480472304514,486.35513528686175,396.4643562852985
356.0888879980364,261.2938016851429,409.4707773419122,331.50054542344395,525.2301381931788,465.153319683104,563.8368103473165,473.1424493800336
156.9479486965918,121.93906830180232,206.85670549028677,260.1766506735151,222.8485071923162,268.5309162097848,253.4401237593246,272.9444603992706
166.29214072083718,225.67909984344493,328.36231178071097,397.86829073634306,338.80642472329015,408.623777530293,345.12004910290403,517.0032498035902
159.9790652729788,210.61822699994187,163.26912392539703,295.8040082879404,278.37634965612307,345.05881961648595,306.200322742035,367.34632602529496
226.1124652621579,133.57494421316613,308.28980012943015,348.1427570417894,360.4806051808242,419.44670871776043,394.3754130483469,464.15577103643915
230.5719474332165,92.05847955434861,303.3618191876605,239.38865738999374,345.5127762356958,429.7348369360253,379.06159961457416,496.073755757429
119.89864663548761,107.84310073280146,138.95574141014555,144.20202103894187,144.03763317197476,232.14328129662476,277.3643607040887,387.6387285277051
190.31179086453247,344.3468037968955,238.19929774416124,356.137254384837,294.46758449948567,437.2755530573227,368.24355144627907,603.3196200513975
63.080881896071794,209.539040994775,92.44859425714706,314.3349264208112,103.17771716071522,510.2868306928721,123.4401299960687,539.0008765011655
431.3886447091793,130.64408993124582,482.02620635538113,154.5109395721039,499.5750088757707,240.40839320988317,547.2661619527631,280.61512630436766
45.43216248127039,166.73495306250555,79.54925807696674,282.468082377437,82.03880102649552,456.22304430074786,111.81418510231289,456.5783932901719
263.9901368266954,160.2750480741205,356.0888879980364,163.06874012490923,361.1058782046956,175.38836654118208,374.29981523527005,347.45611015127974
163.79519862222716,222.02764116993964,220.1194681814298,326.9271540861035,280.5329352890033,383.1416623776598,294.2232866624146,437.77256001838083
63.48665586505089,46.05507946032959,90.83774463079321,339.02950257458264,124.23446980498511,502.152238524406,369.694393558805,654.1872119122183
138.35225681711663,35.220253404099026,201.38226948231338,246.18496942287823,236.93335777217868,332.22819648916544,287.9893170501908,392.944999598521
370.2494759318385,280.7959406978166,506.17287735073756,429.05949823577595,724.5470889571135,441.25543577079935,731.8593349664533,483.93957248777417
680.7791185860257,94.91042001541129,842.0415323093847,124.07886277968701,851.3720453683926,441.65476704980085,950.4681554059667,602.7075340493033
113.13993888865014,188.3043783906928,132.40829882232524,211.76318604201546,193.75262204891598,252.71688100734218,270.6566919413137,336.2736757162149
113.68975758471977,278.7375959104851,248.11638477762364,367.8561801021514,394.534840413919,387.3964922035286,429.78443221074554,414.163648611954
95.61900339462147,173.91298905359724,114.33558628322258,275.02099836577884,117.03007270937657,368.0121893219161,145.2716133318212,368.5501094650279
800.606927189257,95.62396828398823,807.4890523145139,334.69541446054393,983.4157891966729,412.47629000232246,1471.3743939848816,446.63345610410414
288.300217109162,69.2364056486956,332.5736955265413,284.90753767028673,348.92433794281254,513.700587075242,364.6943296080538,519.4992800106234
331.64642136202383,256.21781896951796,343.22612252349944,285.59161372886103,369.301324988281,343.8161573996601,412.0735857292538,392.9002307893448
96.04680893520762,105.30125210034161,157.46670462533822,173.91298905359724,180.31130403932784,379.7279636746607,188.7052432951721,421.4663543606538
78.16145065615068,141.88095763975295,127.94062550062144,193.01100029950396,195.671098594602,196.14275391822449,244.56049272231226,246.67638544595087
110.57895405110249,185.24405060917948,219.19313742096583,277.720479848771,231.22047799229162,339.31108539534006,267.92343904153506,352.21369067335377
91.92327741946636,188.66867221271715,197.56577626624096,333.59934275385797,337.81757441224784,369.3756384224597,369.68922055382984,401.23749659414653
142.37496654814512,110.7623631550934,461.8455720441855,319.67197209547123,594.1105177936115,408.46375170066744,614.8291964007341,417.232246791359
64.0244984804261,227.31933042413945,270.3710889723693,331.83546615730074,320.56494180160024,417.2901362226701,326.4591540645009,560.8716093730361
131.3428553624032,383.14286342931126,247.4811297179405,440.64707392607886,391.95903517229027,448.5754733046509,462.2762357100562,454.78456420701934
383.5088954361648,185.2765752635542,391.3699122810605,480.68067445688916,393.5107375798076,569.9334023701435,422.49714238010165,669.9397346962444
246.68033803475896,388.20161023064213,316.1662651387724,425.1586025842038,348.13547688656314,496.4143714412978,372.87739785391585,502.75984730661315
48.08745490277723,195.1532776423982,101.06674355630118,223.77054697681362,168.0934854826254,666.6066052909714,200.75520747681682,712.7450911430328
42.60004178837503,60.58600949123308,67.74870366556206,203.19781269113403,193.09678353640854,389.16253243227214,266.9070780852337,448.72774091040395
169.50344696964453,240.10736590936946,190.402027633697,253.589374178153,194.49754157367124,275.77158691822206,203.3048739702782,376.6018804662344
298.16610564258326,67.71005729402982,322.14267148848074,116.09631661629916,384.78555247775637,151.91935011289678,408.41974677161716,179.38069398377462
789.1622032190973,238.98723217301685,813.9693398500325,403.3317187835283,1002.6338207157387,470.5723982301509,1080.283802018637,480.97189407436053
167.5162992024042,329.4537394400668,205.6938432463034,389.66631131230594,209.05547735796588,479.28159970437605,273.7872264488829,505.38932915151383
103.16550518401678,134.03035768798574,108.42769850306783,151.27778987845292,137.8479499275656,286.7263272885371,231.5813859538066,419.25630922524624
139.90548269711968,350.6754882737087,331.825794904048,374.5309681194237,342.9260457473757,392.5478764936146,361.1915541529666,401.8922671744425
55.865890857548465,164.8370038229433,168.90746648713653,248.8069481439471,189.35616789410665,343.4833466238243,217.44846718636,447.89077197847706
359.28080569707186,224.92038263767301,486.15167402742054,275.18558708978503,557.8130858575346,307.708927513386,588.2575829467986,358.27719946472354
106.04240653172702,232.76590344846008,330.1875930868812,364.2525228375879,335.78976054794055,380.56350525406975,356.8433446705644,459.4263430984647
149.19731716939845,146.75852553639663,239.11661932713093,177.68020359285444,348.8810281427261,181.98265757341784,525.0124636152166,440.6610114468917
69.9135818373424,246.90896392317086,116.68548213214437,271.6401713076332,150.7776631676075,337.6677254048359,164.5223360344273,369.31113256566374
70.28079152738536,420.7650109130014,85.55058682068108,428.3536879711191,99.08879896109715,460.6546822432722,170.17125670024492,523.5026706924149
244.61548200829958,82.58925664951448,261.41714294892506,106.02573087015784,284.1742463243026,236.26239451341013,307.1809304100668,257.67437088904717
71.12797004067362,199.2488579232417,256.07249202178514,346.6188380456905,279.36763757067905,375.2254659524902,280.89386093485706,413.5357079454285
452.8702530681425,143.2817609457762,487.5364786665986,505.38932915151383,562.8654089794442,566.1147421297135,633.3893867730677,577.6624315978697
158.79605742428865,115.05720247549557,174.49527926209262,352.909056421694,330.2702586149074,370.4534806483036,393.11459103125856,480.51892110198514
54.092965477100584,101.28485913200726,166.18166422962648,147.34843672997198,222.46091462424758,384.2582332127584,265.8903707345813,385.5967625700503
120.13771384985753,44.70910214724093,195.68858198253346,87.52798320069239,258.8109360820219,115.47890674083075,290.2390179987537,184.8525002947387
221.93136748550955,264.2729981336866,393.7154975789232,361.90037650573817,453.0682652259075,385.4163602900078,598.9277601036205,451.22281742965157
84.81154548676183,170.06749284766715,250.2597847587486,228.0212785882958,296.2443968346564,295.8136791973576,319.524988519612,339.89926377099755
210.44219068279665,190.44580768291675,266.0846568759906,445.2740566258376,287.42122089300705,484.6948952106028,346.97330674924905,488.8628451595863
203.17316157336234,46.5474977154309,264.5825229286624,195.80099445088177,430.01403654622055,268.9100337140271,481.84643073844404,304.27021983724524
125.41389263837762,130.25962497420122,169.88392075918998,276.79664536543737,226.3887478727873,385.25388250434764,242.14882421640195,385.7700187278159
47.83022649777374,63.02965978483384,62.122595615639106,145.8607770710427,223.09245539289665,157.0471498100884,239.72865321603447,202.0746154458624
108.42769850306783,95.67805946153733,176.75496892687778,177.4515981833912,209.71974698396738,444.11690675243585,236.45654382831157,528.3222578798227
201.52160283354664,167.796976632227,261.3551204668986,186.3081382042187,350.26171922914676,202.08524674675567,369.9445491854282,214.43175587900893
35.69038498447851,113.6448611047483,171.94045272008503,121.12044324011784,175.54236320135396,313.7044217753564,331.53554081465904,333.5401479267562
50.44393462626483,284.90753767028673,113.74709901744305,336.54534117480324,361.40095017445276,428.5708412307826,406.6408886278576,489.4674140985049
321.1711628967628,373.0822876597229,397.8794928322559,407.42743479367493,452.9446832673235,545.8297608775315,495.22102669476953,565.5026941359117
261.73020500047534,148.80684787904974,339.6493546351502,237.48628069531227,355.24406811728176,279.01715333787104,432.61360224445525,314.2647511671727
55.45035057000966,394.8742039717494,138.6761942986165,413.11796679505846,184.2920523903329,421.6383892846173,231.20062043351328,445.2120237535974
291.35916675123974,261.31569732403347,292.1841975205525,355.05953121023146,309.9498781414588,418.81331013460226,409.1123922532005,489.789977554458
245.84052447595482,63.46339844468193,261.2634129738973,167.33515825793214,270.3785659280522,199.99797815669027,305.94237310746576,334.0946039232325
134.9507485447156,519.5601881935158,218.06168578420383,564.2954392483363,239.02005538198324,591.8708977900219,399.94639488292034,630.3819890920632
67.49949582406293,245.94541216517595,220.77190051589508,309.9026898316565,226.96522580050132,321.8286578871487,414.6851232937831,324.4850409038278
171.26981945641876,312.5140092245668,179.38206108308245,575.9375050590486,230.22889440111652,618.6087254444548,254.59335572334524,631.7702383235277
326.4166347902785,270.4250132794616,416.8663964583891,270.8999443347436,492.7656148104069,571.4892878589292,500.0456434317319,622.1717075069303
497.611068901471,159.13609707715497,512.2982009051891,179.55133245672874,542.592479336072,259.59212999799166,643.7286967506308,398.1890136790773
221.21852353383497,274.164550992933,274.95787358155997,299.59797414606305,329.92522889641486,323.2455618349404,477.28802173969376,508.00169108433164
272.37754960719263,159.56828609123403,410.7147590444936,257.77126065739213,420.584194553747,291.7239656724392,436.51238403544954,299.377960318362
298.16610564258326,202.44593728614387,425.3007551989625,217.64848017076824,446.84443361077314,294.5005710255215,472.78102832271026,328.537340454815
70.70180340681019,218.81584425398347,140.68088587422028,348.1427570417894,161.89092304236232,470.43045473240716,259.9607879257081,483.89375632046534
33.13352728738851,291.998444198343,38.30546384631586,350.00653050415866,41.42680559438678,474.436993963619,79.45891907633182,507.6395159759983
109.28932652904965,45.881111083273076,175.64638433926692,58.63097483935456,200.34136690425194,263.8481940492242,221.3534120214705,303.8008270396576
194.38148251777284,214.90576408409964,236.9227445497969,222.20637740327783,313.6492607980575,349.75254957935545,396.02498167536237,491.7432934376572
52.29214584978939,209.39883786212835,132.31033334567377,290.67468397016427,277.18223104140156,341.5190549848416,362.7056372871512,483.88583939550887
222.58066428862847,150.45169794899425,467.0321464704881,171.16302784183986,549.4348925331265,284.44684774653064,693.0605243317586,413.1962331827844
80.01603364226284,294.52015230047977,126.09708851991081,303.66387376550597,159.45121246174384,341.8593761994839,169.96037269652763,388.71480074222484
180.52923615549358,132.90824604265146,404.59651465746595,540.3855873286541,418.5584712813677,621.8682485535301,496.2218282596934,638.2437199654946
47.478728583289744,72.0774547591296,57.20481778848083,123.6080024058837,112.04002014411046,169.19837956599252,204.10936423459344,211.23853893150755
189.6679694484681,233.28088620433707,220.43985679231122,566.4124450298478,348.38043703232563,650.0336008591976,362.55983685116627,651.8736730464047
107.34188573469969,210.88433008294157,234.10402983353367,256.7269100554738,333.1881512521929,280.7799537762912,354.43023048537515,309.39508247264376
155.92846073008548,387.73108114299066,340.2883208041333,399.898921260851,374.35023130262647,512.4987785857181,379.9436996637906,529.2746817847051
37.31692692221165,42.91307429528693,485.27103155425186,134.0616559193823,536.0587892597778,201.43528569120951,537.2233124263533,329.5605485872678
66.34162782465377,69.82882884492602,92.53903731494492,115.83409502444509,120.72282817282547,156.753761205787,138.11896720841418,355.76009449588344
72.26505480995836,131.67895161230268,152.49329968433213,186.8493860428824,276.24915244787155,285.1130736135377,300.13557486990857,415.3715415149895
137.91823478559476,183.41387865681352,145.05976493353535,197.064112995128,238.02837627590173,247.16851414069242,349.3993095673486,376.92388649928876
140.68379498964492,420.3544211431689,168.92827829116285,504.1615906320031,241.61557458245716,518.2204734502692,290.4256887820949,595.1590813667423
302.2274085345318,195.38376724947784,621.7759326563366,195.4934434577217,638.9031663377692,295.7841843313662,680.0380773935933,323.2119161717616
319.31921024224926,218.49033583749426,346.7749959034994,263.9473082780263,430.01403654622055,441.2885079009617,484.12146190669074,577.4185344384258
50.9062574266075,191.36731244489826,239.92998436782455,399.55851232665697,274.12615487055416,453.83561999448455,312.1708193937633,483.8253238916513
57.491169253545415,24.405421671418722,126.94570095620684,155.06324073354904,247.25920522066045,270.7076931024804,269.3073178974626,329.28582598648757
119.28304978957777,43.71226042437504,173.45178234732984,157.84751998723382,350.51334130433133,296.654757420322,417.879621333179,350.85861998884843
39.686019262481324,40.42377809132418,256.59777319233643,120.21606195132506,295.0815144412992,146.0546043216746,339.97736725493905,197.3048788545586
193.6395794754172,139.19406697835592,303.6988592501923,373.5591781601902,355.24406811728176,385.7700187278159,400.7189877292357,396.42968091627387
115.76462090888391,338.32259705770315,302.6229343095527,361.29785370712756,333.9824381148165,512.7523102506677,338.56799705351057,516.3268679074876
335.4896002989679,136.4525861803229,366.68718730302237,222.20637740327783,399.91048704635347,287.12882635151055,419.33013193136406,382.1548240837248
180.46652172122458,226.86119072985312,300.51475562132305,261.7816756988063,327.9558293335873,308.70216480960886,386.93532270406666,422.0682656184037
83.49296287146787,263.77843662564624,275.69641872842493,313.4022009241321,387.57699731773164,389.8228181419393,405.5324882324061,462.60450147722554
156.0714755057682,196.29555671512813,163.29857302454627,209.2246748571345,223.4768734656503,242.52689272719869,302.55456243358634,251.02459442644323
224.21041991511137,376.5370048526995,375.55107063161654,424.19000497954204,416.1958364778997,521.7606031895648,431.88833302152455,555.7114461146714
276.7893640096412,111.34453283066101,281.08407803992293,276.73114552448243,314.4618269787912,278.7939244392931,336.63541308003346,341.6389192100373
337.32156333755586,222.6069146435829,367.12386242488975,248.05906678802495,447.51575300938606,284.0065647389255,560.0121089540132,442.09597504151293
65.93802407329959,236.24464432920453,96.54605619902935,303.0049947921378,317.3578744722875,352.32961240482473,346.5459645506512,419.0477673584936
187.08158233241224,265.1375906565795,435.39375543097697,395.0916017746587,463.3006444533125,422.9682858487942,487.67974881355724,438.11235757511594
278.2055025022635,391.76374702251496,329.25695259960077,499.7040709399241,333.3891679962303,502.13508401657083,409.60348917325746,509.7401703490165
48.448963893826686,293.3216275721842,163.48200493724508,339.8209065804045,208.60101261661984,475.9416743108931,303.65403730079623,638.1823491982094
61.23030530019906,479.11589339995044,103.55311759650013,519.5792942802598,199.77293413020516,575.3857121406272,252.48869511650685,776.0498203002385
199.88779399473873,229.5222722754673,248.36488620909407,232.23547315156895,368.8592265258406,420.3323913203577,378.52575688279575,455.69216487874877
57.5707809337254,25.82632347474763,78.30037608283293,151.58563887417571,269.00155685917287,345.76802045396596,350.1438490594879,377.46010932344524
84.69002737437884,176.05803982119613,146.01210958088882,261.4935952045825,175.8634967788283,328.3396548720034,215.0759016374315,358.60475805953223
116.21453406123905,256.8705947538448,183.1181054943245,354.5750189565978,193.25565574894537,367.2243057199943,407.01678710593626,374.15238123329436
152.9288967622261,197.56479526873136,152.95904494033365,222.45606910109396,420.27208227174816,230.99046052508953,445.1863254413974,322.02556784611585
305.82239112611893,101.44559997777745,357.90409470290996,135.196315124844,406.6408886278576,238.31770308322754,424.7853867323033,267.21859575498206
99.99753134335342,284.25706789044085,125.00508532493828,351.64545248219713,131.44977932025273,411.4844354583609,178.98185488815798,491.40142423737484
144.75767551814351,63.05057282771858,303.7737293688554,164.95261993726018,359.7792366273722,220.32962219298565,387.78845944927315,320.87866095605784
251.07864463696745,70.71437367823724,253.0688137040387,196.06835100658597,481.7367254742076,544.7634589013699,493.1835758405552,618.51083471463
260.7402057416825,188.2558851459628,268.4091018990262,256.66707537305155,416.90376304420784,400.69153048777423,479.8712270053048,469.27050322859264
80.49933688631862,127.70743713021827,132.45739663403057,183.41387865681352,293.7233423743622,303.14329171442284,454.8340207899492,458.2785189346808
185.76376004286763,142.05191766611102,209.97577555443033,306.20254230682013,293.26655362811556,333.2949400890161,370.12958657064814,457.2685893974495
161.80370857381664,135.3968812527697,187.66988752176272,450.62445882230605,219.37393346466467,488.40735811165075,300.707941806463,505.2693756835252
259.4937083940083,96.22309320685373,422.8738753324559,261.8006459574203,536.9762681275819,299.2135502277195,556.0383010280641,328.24025489161613
417.76551882732366,85.22832967422933,735.3241218497681,90.71235396122701,825.2239771928761,236.78306786659527,860.7732380085037,336.2568469276642
82.32494687754622,157.60952525288076,302.7730206785791,205.63367309680504,337.77250561691125,248.0080882214201,364.67682208989464,330.1511914865212
396.6089319868719,380.8943434671232,445.63225728706266,409.6540045884517,500.12126979242055,467.50884165289403,536.2259930560533,473.48270791596303
158.6135030940312,236.8494695888936,266.82786824735314,315.9071503347172,448.71842885768376,340.712980577754,504.24155565522,350.49426945319567
322.7194421335622,212.58848298799035,352.99455276300716,223.82621274589167,482.41845388452253,290.6756936821502,502.51619368715876,296.65047008717016
302.2274085345318,410.22353722634296,448.24856155254395,483.25274015911265,587.1172830402911,493.9944686187686,625.7061905588868,584.2556603733372
353.3151240410682,151.27778987845292,622.4423575790357,265.1519133630102,658.1780257145957,370.3034136308096,734.2381449307045,409.645476047469
254.10615146758778,247.28451447014643,261.26771134308933,309.0159764919225,424.1249849076369,452.8939093373048,592.8607515706906,463.8068443378849
156.79666991143569,79.14946948893198,193.9937870012678,131.2610014324767,217.38829176030669,179.86221398674766,290.352976038915,339.30622853525483
463.8179244048284,358.7117389668145,478.09858562720177,365.0462316038857,516.1874754111938,435.4780416129555,529.2076914376082,456.28936501495184
52.48119573785088,99.30463009341054,67.05900491104266,262.7960874426671,101.11143661749634,396.99088923800156,116.87867077674724,400.46826836029976
47.511236987353584,160.3843113014233,288.7327129076048,300.1635772376756,300.13216371586157,317.9442666333352,305.6796450581096,325.5929636146524
113.76040994669907,244.97805322264398,254.06052369723986,293.7496228304212,260.5610419597317,336.0477642606479,275.4470173813941,375.2070924753862
132.6784085504739,363.1827596732566,285.2971528317521,622.9847104013925,285.4843282426582,645.5879069854278,296.4907321144152,675.4554259133108
150.23481079791088,243.23272422951067,157.38778868075255,263.9473082780263,168.80929303439723,540.9751865706521,322.04985537440757,594.5853469099548
324.2292515038849,126.72492462702269,459.58065560334046,189.46697446057095,865.5743132084962,262.3989633089323,879.2268320245248,328.537340454815
241.01986256332776,134.96952656133973,256.1830908432439,332.7506273796792,350.71450833003536,385.16739954864823,377.93331391824995,421.8172488504125
351.59693546449427,198.5577186642131,440.46230122171914,201.024906714221,441.91727382111696,260.63316167948574,460.17204121040703,319.0766429097024
43.06681895019915,338.3553322517756,121.73626481163866,477.11054968949736,250.2113898116025,571.7690337618627,265.40092517596156,577.5591390028994
30.879006899411625,221.83931949697615,141.38112902992788,263.9927053599541,506.8629131212008,414.288440803545,619.5113135705399,416.3868326804217
45.93176687942728,255.48406428526744,189.19926688512186,352.9527563751171,249.53533733647404,388.7531602009819,317.787793302946,396.5077716343932
140.01238562854536,167.09395803393963,172.2249145094037,294.7151613430355,405.07568461431447,359.6019530796708,446.0862947427971,457.8611539239576
240.22906471968466,28.10857479821712,260.9000551813397,66.0371257342632,347.1735979800953,146.0546043216746,352.2107835060986,154.9241905591397
87.10050227988471,216.17118583967226,117.03007270937657,276.9330899672621,129.804563641544,337.42747087426415,173.234548556193,339.03183213366026
221.4366266922772,194.8852286633279,361.2063943926686,266.7588619632742,383.14520058837167,317.0894266894806,443.57889593505314,323.2119161717616
304.8098438460819,136.47268003268454,433.461700739514,140.40130316648182,525.6156568065626,156.753761205787,586.0650739613454,297.086854282996
145.16555489321834,208.9216158480875,153.0981811926535,622.9847104013925,253.48412715535818,671.5914552594569,284.2537157853379,693.4448785205279
224.91992452501376,95.26756198825052,247.74152602813686,123.23924175463821,252.918401204398,195.53451085668084,333.75816989466273,276.7462353955969
168.97322583402263,228.72788145976298,203.4402659753913,233.51151980752906,205.30816133699085,370.3649431963112,206.14391451412496,372.06732662929124
381.110853907406,194.75082500605671,665.3652258486339,244.97805322264398,752.3455228071497,252.60694200227516,779.7359503669205,280.9059686199608
105.25858628208508,55.51845786425599,348.5974405866976,56.691381122034784,433.7129050674107,258.8461971537466,500.2015012608875,291.3006839194223
173.52214138282395,126.86214500199405,192.21865639836952,229.7820313987289,261.668594121268,295.8040082879404,300.4601841707608,383.9005348517605
205.545339140869,228.4714143000862,225.7771272554565,486.6297326000414,311.2908663804854,515.5607523933409,333.22373468784275,538.6991611133736
245.70886499366375,407.38005600293434,285.4557512269333,421.213894725089,317.2337016299625,427.3812869243474,360.7399582104237,446.63345610410414
94.19349410881846,266.28935631692104,211.05610636881673,478.08226932622813,248.54911885761894,519.2416458559807,358.22781750012007,572.8310530541906
50.44393462626483,314.3349264208112,113.8660829970465,347.41203715915736,357.90409470290996,480.0324994472836,407.5164547837012,559.1918547190375
359.98443693922866,370.22070109699024,366.841067960193,394.03316736824155,390.18386140378544,467.71254112527686,454.97218436343337,475.74907442368004
62.23180386215314,474.7789971246435,84.31749468851807,501.9702571911774,127.1972664666002,546.2569854124891,265.7307324733226,547.633438893738
72.69182167905737,129.02762331514955,86.61973912076138,149.7519758347092,192.37382462375012,208.3410081782664,223.82376688995308,314.70337660050035
89.27457058963846,149.49081662909708,207.0176855513328,191.96752461391222,227.65830498750952,231.3872471187601,285.92232774071414,249.62590955355165
257.9815008145844,156.13539094911084,435.81880802829124,471.2275642564938,465.9177830838937,601.176031970155,649.5729210889448,622.1458992864475
233.83981779062748,324.3360033539547,298.49913747349547,363.5266976925754,408.06328538841757,424.19000497954204,489.1180215045799,534.6790290546686
81.10033653935892,249.3429876199505,102.57120065870595,288.9265069731522,184.22333065694303,341.6389192100373,196.0947133308723,472.2305854262572
383.14520058837167,121.93906830180232,416.81866872029224,173.45517579629103,602.8965402114644,195.98665330592706,622.2589239597525,228.87716560370234
182.09705498158357,161.53623098077566,254.50479488182728,187.47982673356756,288.5011028760908,220.93688140371168,296.1547806891441,259.4910942665208
202.91954385254013,129.5537324220015,209.8123452682881,290.3864630099162,222.6190386180919,303.820206405143,234.02994103252536,331.5681579564858
171.69645425539866,123.38275165876705,195.86393621113947,337.57914995321033,292.93100549820537,397.44698205428625,305.71158186130384,441.98647454779456
154.67905361014755,51.514449452429915,187.80025171918038,272.0837918901321,222.66689804780776,285.8160793820407,229.36475334957245,486.10498450756114
32.18485479713532,351.65857886736393,60.38199547567083,462.3306012654354,290.22488571885515,520.1681179662652,419.41491131181283,536.0280789075491
63.320424818983085,544.8768187500291,161.628731414552,691.135727818617,288.3637984001415,725.5435674941289,349.02737007500633,732.2189956154059
48.23220314688112,175.01272766458382,214.00433853129277,275.7478468193457,243.72815348743126,407.0470879673742,257.7281741137355,425.90713876328203
300.1594991082559,320.27717345546927,422.2063823767074,342.347007676064,438.47219847736187,407.330551900471,448.5807900715998,473.4873421287794
325.56075956901645,141.71091298919868,336.80059810091427,142.34331892029618,437.38558822304014,192.07438904268568,437.76961067933445,240.40839320988317
144.1403415459313,206.69082310180252,449.73738895029027,221.83931949697615,479.13481578626966,304.8533204683001,581.4445654170626,375.4707794372917
186.10241378320484,291.71015926985547,218.59035633951393,386.6423202371587,259.73646184722406,412.6580853789645,320.2934652887858,595.616443876674
117.17473176623778,180.18908571664628,125.4700541468081,185.9230154311407,140.8916405724603,221.86326822529648,175.8634967788283,236.33037338619445
98.28209929576528,78.82893822607666,234.07506704210203,284.0065647389255,302.09409470530403,294.8994058532861,323.61177629867797,416.4884414260747
92.293599754708,141.4806477970212,98.10238214420468,188.29886249595106,160.35167618134244,234.96564659787012,284.70841355375285,279.613613553121
313.30107202505314,204.6466575560472,321.7665291126025,212.03698101469752,350.70725793878137,276.4565554897788,405.0013660382912,296.87541521149427
36.54688382395582,92.9021006695876,51.30765957312092,302.98918649266943,232.09362124001515,372.81354481588164,289.23104799814007,476.4624733463879
189.48301312754447,103.9540036727943,271.0966046559785,259.05446937944924,312.00506029871514,288.7503384394113,327.9558293335873,330.69264117538705
93.28712336111067,310.6394854789098,248.62724824559947,414.289235169107,405.772522552329,426.9432048936669,468.56139612539306,470.2765803126168
317.30681535470177,121.54709256371628,344.31219033251176,310.21935313928736,345.43741048625196,332.3199912480955,360.5310661093486,435.8862870352937
139.99610566275337,434.979254116537,141.41652742510843,437.3334211189302,176.1045111883773,470.1462088420095,264.3305907933484,637.428331689164
202.87043053516518,246.03746107605213,213.05028180805903,482.9857228109912,235.34271015151612,557.0628008997639,268.57683908243934,619.0953856823561
38.92540547549432,128.1390826379309,78.57644776292334,165.24673642498752,265.11675246933993,313.50330734527586,362.05418526943123,368.98076992334956
458.73973927646097,239.83906556227828,504.2535618173612,333.25696447607083,506.8629131212008,391.52173685110984,590.0970910658313,441.7512089542944
114.81780238752027,211.70451600422066,272.26969746903035,343.46099262039957,362.5171219000412,396.68220642342374,398.63136360918423,440.29878157118463
68.68233690270958,172.7929273800476,270.9647406849467,261.31569732403347,280.5329352890033,362.17042892174453,342.9954615511994,422.3673998282203
252.53053297611163,89.79331321329641,322.7638293550329,259.14073653671664,356.10657372535854,383.37963764850326,388.0450278725676,455.5887287897445
58.5837655589143,389.7114219319356,135.18019922483066,474.86962171475847,287.602636909701,486.6449769320875,470.91305825860377,557.2789996712412
204.9384163383997,303.4377998717443,232.21861045878555,465.12818034313494,371.04270761215236,621.9982418625352,417.6411385815015,659.0057217919701
375.65656193974075,239.62527825370765,532.8026955571279,385.02581803939097,676.6383914121508,431.27811142002486,904.9874202635135,481.0404323440052
189.65482252020897,46.15345110178496,284.93713369137464,141.68092660053546,348.8810281427261,242.06491571517066,385.31211364819256,367.15789370585816
125.36121480708968,109.66430434358801,204.0115631678579,196.86528105264102,217.38829176030669,251.02459442644323,248.5917092494488,326.67478994190407
61.981162061980875,108.02090206487316,146.71277434304855,123.41206559534055,199.77293413020516,177.61799491537334,240.54074791461846,423.24901375118725
177.80027161896422,137.86413364606017,344.3594062669235,418.6567288977562,369.9910524595483,476.12835192965167,413.1081828082437,578.2582323220107
259.0181833203321,57.819219007160726,273.92801920325104,79.14946948893198,408.33441633957784,226.80540869558166,441.0052058662986,392.96343729790163
353.5257807172775,48.66210123932535,439.41655022821726,145.55919953871208,465.3898756971552,170.14015756324224,501.3934255741046,221.86326822529648
87.12838095169735,258.62800698837157,378.8207663075629,281.6012194256891,407.63336728141866,343.6168912491683,429.96766610962766,444.59855054377914
172.66372585437293,167.09395803393963,223.29304549442213,228.27347682511567,251.84942286365364,295.3428207246583,385.667185639898,323.78829921595263
119.0304235512988,130.17066109790744,160.73822210157596,311.4238599678371,227.38958491097566,333.6022726195866,288.66286788743935,385.6435933576502
37.30388979764896,178.85832326193395,162.1404788687151,352.4215455893315,285.73004279638883,517.9442575452632,301.4471767689403,536.4727882157409
294.38073473661655,263.9797252179488,446.6734218577146,285.3700452624672,488.79143530386267,303.5028846955214,553.9621291553887,427.21466816566647
241.28024235484688,125.34903285379687,261.1229423608356,253.70275765116764,272.96164885482176,291.3961573417817,304.8471972342113,367.41354403784027
412.2003820390007,355.7180203252516,499.95727585684256,433.4011597738907,593.1977332971219,462.72741757344795,608.848602166389,543.1243717736797
37.30388979764896,161.75771555441963,193.319863048525,295.4083727181134,276.8909150479325,380.3788276263467,317.87278315874386,455.989026330306
291.7069073720454,77.95730778459033,382.80127648082566,138.85138232473489,480.2622276966787,406.46786392686545,525.3639549046129,424.15997015263486
160.84547370133538,71.88016899536787,193.75262204891598,157.7009575742658,269.9104618323694,222.2499838953814,278.08287590358714,436.9304690438401
119.72280297613926,101.63503772202036,211.13855170770623,157.09001408891447,369.43112137277046,165.68485935832476,551.5484051507406,182.1477790999121
42.4124361098773,43.59107547539843,135.5745793467856,122.70187868333544,203.525379970178,323.57186289802286,391.99687413242964,356.50575621454044
213.34817564444054,126.86214500199405,258.48924518753637,142.7450092211867,308.4929445057168,367.34632602529496,417.21811659493596,414.5390646722175
299.4471635132904,136.7329263856154,455.3842500572452,361.8132164323381,578.9666724470529,485.9949911172102,693.6161421849263,490.58237938431995
40.47574594154484,127.3335299864106,54.371999439808775,172.95732703745432,75.12898770224263,257.1970301256367,95.73079264675016,281.8872082455037
129.05614278598958,181.6998615519863,190.8384296160249,210.85591386453362,380.86142424254655,251.72281232859274,414.7768106396234,312.602291104544
285.1160332664527,311.59949156527597,424.3104442730369,355.2684137096281,559.2484070359059,530.9575390777359,584.7835430878235,577.8544328976752
99.5688511149863,196.82537290331538,138.35225681711663,214.97556145590212,195.77535450654125,238.70627393179382,263.7708938600803,282.4588113544499
146.33027113330303,327.5402606660046,222.439302476434,493.08107483976204,262.9541589060159,507.66743199454316,408.067663109407,640.4632227708786
49.28148916316313,212.10007080167796,108.42973280946899,233.8686879204702,164.71583186565366,237.15416221302488,244.2762403803402,687.7421406368915
256.53249998136783,114.3959392141028,420.2716355373236,232.46822539695174,429.92648383274764,250.65261859971687,457.5225042898274,431.64486725466355
426.2760872572809,155.88897482368228,430.50996086453625,224.9462781336734,505.3452177902037,351.968664767909,511.84132688497084,468.9963727687562
112.47926266444333,333.8680608140851,118.2325321530591,474.68872491270935,194.62188218794532,557.6371043904288,231.53788285653383,568.7145938574481
570.603985569973,472.2800207404775,633.0190382891155,533.1897585670185,808.271755683331,544.3523826005811,839.0391833593401,591.7744551931506
143.89772364639842,81.86554516092771,240.25032212548547,88.99469941023679,513.3877473076869,264.3317845953527,543.2495291987618,368.37091868196177
164.71583186565366,337.6739801669858,204.0685536806123,355.7180203252516,273.03309833035775,660.3812947185249,306.22953462574714,664.5414052237402
84.24077104458748,90.3482103114536,121.66409704851291,289.72368550292083,439.5091308686027,292.7141314486859,684.7201606111398,306.5014560683331
445.16650269448974,216.47556639336867,529.7156505628392,271.89856677816823,811.1448625183965,378.2816163784597,843.2786062811124,451.9777305885916
135.16223966951694,295.9529054370962,150.7699234820044,316.76867796243107,186.05836316533583,356.27592580889177,187.28699860386584,459.54460197572934
31.42771396239448,233.34695825601034,88.79951031511037,277.67349974811964,184.90552418739966,295.21114450374375,212.44146942297937,358.43686860140406
168.1233531084119,149.01874092679776,271.1821111948228,159.8656080973251,366.5623558219947,369.3025094347287,383.0775183859126,375.36966763297767
207.1551164479028,183.22182352408367,208.7350500075643,253.52077389301786,233.679518403363,293.38534891895677,234.85483084653137,309.39508247264376
330.83070325876304,341.2678262500928,340.40196377084163,361.7664454425576,427.6570077529904,442.9570284454739,482.194321765587,563.447017147061
150.17395684830768,69.82882884492602,227.55862785876502,136.47268003268454,234.14002079787477,162.54101466446215,290.28226396190144,286.22152442050617
47.54586544591245,118.20805702658419,52.26975588149275,147.23231915837542,72.10441229656406,236.24464432920453,195.01756313330515,379.5140525079229
181.28362029033022,131.9188242289035,272.5167778218818,164.46742044438565,293.99076401973326,277.5190433242223,377.87711240490904,285.6416174926444
222.9925235871675,149.76131084034964,248.4796916021011,150.67450787171617,284.38767732967864,291.090339178569,336.0449666008551,322.03501688779977
58.77903586658218,92.9021006695876,320.58979849055623,382.5161302203748,405.82929782665195,465.0110342458101,423.5340227256687,475.39501786424375
356.714722973745,148.60252358626104,393.10414536688836,201.25617999159678,404.8695663821976,435.04300910495596,420.7501175725476,478.80908603367095
148.94262188318032,220.60111744148037,232.35649130381745,284.7854303776876,250.5098649727987,314.0264028498684,280.20134734199246,344.74847021927576
38.436271907193145,187.08238079877114,273.32783540222334,294.540350671283,312.1708193937633,491.92872544380793,337.6167099304735,545.8363742239222
206.94209505924195,22.25763944003932,258.384364276393,92.3598871948511,295.9982871771745,318.9927139308962,298.51989537798113,442.5335564368325
174.46689491015886,186.3081382042187,290.40827342688914,247.24470008799685,333.90229786236716,338.1031221780316,361.2088057189451,362.6864552896319
169.21146527071875,358.6504285276851,221.4366266922772,378.7406278293837,331.3350810182987,671.6193256926116,381.2093581305628,674.82437976262
78.51256541388473,134.39552932043856,210.22804865142766,176.5799579592238,269.12022839651,319.4137019679287,276.02338083664796,427.4414638246898
437.37008264765444,260.7285864372788,441.8226874032012,270.7076931024804,511.5786893329506,284.68043779420447,855.6126754807887,342.58480124606393
43.68323782587893,27.926985359963147,45.10176134896028,195.0878585275921,314.8444203043599,358.59370643199816,476.6070852480019,411.8854920006254
61.83710445761145,419.9613739586596,203.87605658861358,499.21536886793825,238.4698594815194,517.0015241289225,255.91577866302106,582.0347680697033
56.898187817047884,220.9804408115457,65.53085489356232,300.1635772376756,71.88315457779261,342.09846838207784,274.4295852449184,369.93606610915094
450.61922983657627,151.02112801867418,471.3687798775258,407.6292770776767,486.1681921172833,441.40609221013824,587.5123108717329,443.99528027296793
124.44589968456953,394.53526597448086,303.5945766512503,500.89557331473065,394.7374865812511,526.4873410416828,497.723345207529,550.2643049995879
282.7367154177327,375.29483282976037,439.32754337278305,436.85758491319456,450.3158739876565,446.86157079391137,486.63526270516695,458.61562516206396
175.1578078345739,126.56267673959228,306.5976708930601,309.3045975756426,391.53998099468436,387.178789280976,441.61796982647655,447.69565136587204
181.6091250357696,403.07962107851625,298.0960615115362,403.6962184048428,461.38858844791497,618.3597160917008,752.6361774964354,628.027978128703
144.8089198029423,288.52757839905456,241.9523499054208,301.9071992589404,371.86998625353687,303.6451324643493,539.0869794555896,336.208293263055
185.06637906041354,178.18351433228645,205.03275003308983,211.23319038025716,336.50006245906445,312.8843545244341,352.2107835060986,316.4791060788875
392.6650044729363,70.50541878255176,458.5027384458541,131.39745791622832,461.344325081986,329.5605485872678,503.9499503513892,348.3065255377811
84.47481459643016,232.6981900001503,135.36947388241563,322.96229761292295,349.5775366338495,454.27193056084934,349.78982727369686,456.1843761933177
182.99524566470484,354.63633410335336,188.61856867323414,356.918674188988,259.247431533915,390.49929765961804,353.3318084701026,523.4906013042583
176.0893237286491,73.98388228750906,206.98673363461833,442.9199735341946,212.67164664987598,445.2120237535974,304.1452881785283,473.070621701383
57.45346486729365,194.27367772219137,182.81715349104707,368.03682854077516,227.9754562122815,440.0855283198658,515.7799365851222,453.08272252425576
253.71968861873913,204.34168551699503,256.53249998136783,240.80413369366823,335.2154917716753,353.3904341481186,543.0914828653503,383.9518045592949
253.40356448496235,68.9249822675611,273.4439635518526,235.069425506131,402.69197655882266,286.6145297954798,443.17990395658063,327.395676003967
182.22958055141973,101.62409599145434,249.60840552739995,206.716078409975,418.1713363303203,331.47277543362867,442.34675140179405,332.96934201454866
41.104250340393605,44.70910214724093,178.3576598809878,85.68044358227453,230.72659061083326,137.36232955237372,231.53407013418425,228.18100014983966
88.56111117471931,159.65911376351045,222.72479909548167,569.1812340050874,501.74321639735894,610.888774848272,538.0901093192979,619.3136322933067
134.5311429165719,122.36870523718162,150.1948243912283,182.66437759735103,221.34090767093022,208.62798614343902,243.68441679411606,266.2590510103895
142.58056720326067,181.09309654599514,172.6715951872491,353.5966814156892,360.7399582104237,505.7977952449691,370.3532434784031,558.3478376094932
816.0244826028623,499.1216509215002,852.8754639376157,628.2021594496697,960.2244554493751,716.8387327703321,1288.7279437592367,719.639056975255
458.057093021244,219.66912914447914,718.2410555394993,298.3158928038986,772.6745888962358,347.9799105366217,775.7417657481421,374.65234931975635
150.30398698397596,270.8999443347436,196.78650656753643,358.3796279434821,269.7590844326865,390.8408538427151,560.6405854306137,453.9700490194035
158.6135030940312,89.55758764906533,371.31455822817003,282.66101456455556,501.27622101310976,358.9012504373658,507.31390911516144,422.51507755743006
47.83022649777374,350.83715613704493,86.63376741700097,521.7826919880566,214.46050469224826,531.3657032039421,236.54799571877956,563.6399767339531
150.7699234820044,223.54536051488645,160.16528902348256,311.0470127616022,175.12349001764616,356.4310639099159,251.4464610234204,490.3502530764614
255.7901678807352,296.1456234101335,327.6609975298333,317.6990005610669,472.00509223806114,459.3448908049205,531.6981221843355,653.9775915418929
86.44979721651659,211.45491349720874,96.29056203091528,218.05986048445982,112.97439053611578,451.8453318681821,124.31404665346412,635.1549265468345
58.632341775431776,222.55820483609762,82.03880102649552,475.7976345922617,102.67960668442039,499.8012459328175,122.90390467397592,656.2741125769045
38.436271907193145,319.17777850078835,234.90153315532348,420.2326604596483,274.12615487055416,433.1345946334274,371.6660936728134,466.27470274784264
208.39203138259992,138.66910336217194,226.8861265933873,418.5277506977629,260.11241920489044,462.4997619909556,271.6200176710104,508.5224665672668
170.29748609803295,166.2941910504333,248.62724824559947,248.0080882214201,293.8960116627697,281.9554808662268,318.7374489852825,318.45920267091316
173.52833691089722,37.93189709580528,315.22155578831644,225.23494707304283,452.70093727496663,246.53877284631392,756.8819448200063,299.624608680854
108.59032607501571,23.464370096934605,335.07678624025664,186.37705380062266,397.30458981964443,241.08965744489552,407.87221506101,274.9753404933184
46.251245440613125,60.880289081109176,47.85581273203889,280.45218258818966,110.46742690833062,305.09849423287574,112.97439053611578,318.07095590447585
381.110853907406,453.7893260308073,488.45299309635243,474.52574644344725,554.8045120851285,514.4465217329353,600.1417981231341,522.734566168526
226.41541586060603,312.9558920961126,252.76927355710038,338.9359927383923,309.9498781414588,341.3054032535327,425.10148360752817,476.206530668996
255.91577866302106,266.5157992513466,257.0682499938785,375.04401637509534,261.5187216114916,409.7358250809193,280.928501386703,461.44612565152835
81.9626736967522,236.33037338619445,104.12228757360123,373.31214731724907,178.89775192812775,383.01285797784436,347.01066591147884,398.12216312852337
297.0144307464492,58.52039980226702,310.92958872429926,173.27101004221842,361.4017459594453,179.81160949553484,369.47235642066556,199.7978206037154
328.18979361874653,105.12328921946988,442.6730393577612,254.03306648824665,602.4579449534506,281.561281039814,795.5326579348522,330.60575429705295
184.09745702912684,349.39234855250186,247.62510026763536,442.9570284454739,415.7381350424051,514.4667751820372,481.93966905616423,558.6486613181355
204.91536769660817,129.69616327322038,266.80431737030216,347.34821649308736,287.357856409364,361.21930887023757,304.36799339447106,485.2165743733117
44.307466638927835,335.6743126032944,73.9785208924759,359.6236545158748,82.87343535781237,376.77888900235087,154.22581187131945,387.58470307376416
93.46555410425357,180.5370024371212,340.75445145777087,265.8546778288825,355.30006573938874,389.7401305192739,364.6669931653991,412.37872916890757
76.71907293637905,277.92757624451053,101.26068863937247,338.8903250158665,134.0266973007438,386.0613049111204,152.40238150202532,554.4839649554643
86.76470194051174,316.1217140823606,136.66018901204558,370.6899175603014,158.354011383513,399.380825980514,167.196248553917,433.9262167314133
37.01400580974812,114.01402155900239,62.23901577206758,260.10780559453934,255.78911081532323,313.3671209875376,284.38767732967864,428.41195337824536
183.67282970788673,195.6368240046741,256.5565285302074,217.85751634335375,375.9919988028853,341.8822017423785,442.9824100142774,475.16249129270375
132.40829882232524,159.21349570924158,160.84547370133538,205.0203051544845,245.4466285273096,299.624608680854,289.5813496383689,332.7712093276458
245.80641003859563,174.76440278374213,373.792416023879,428.1658490348696,445.39264678476286,536.7062782892001,476.78966466143095,591.1095376705082
46.0971147817643,192.6002189838227,51.30757566746556,450.02626233988985,99.72171013570322,455.8419088073399,133.47063981196698,473.31667658464323
153.78050980666836,81.53025950107514,186.10241378320484,243.95877142696972,196.91553725967617,325.2327858467667,231.96235989230746,559.2829945584543
309.7663094207216,110.21903883909332,397.70157304244043,127.2231531329645,404.90515934923684,134.0616559193823,473.3585206175176,302.62947560436436
47.08197299327528,333.22689495155674,279.7150572939104,390.01802659344474,300.13557486990857,450.92262559695394,302.4934254019581,468.9365403170779
46.3790275752313,90.87698894274331,196.94083526677338,158.27120698517473,258.7663100846935,321.70568409940967,313.3053046128605,440.02707001642034
109.97357105455612,102.79694346702928,116.26510685964654,296.87541521149427,127.08589452302239,324.4850409038278,203.24950028379087,390.4412297480334
115.6508744713541,224.1590596647368,215.81377797990368,317.0069787465013,262.15848037983983,485.1829316810673,314.38654332237525,505.98858233526505
804.9679595296288,173.81380988369787,1160.4466732956719,256.17838075569847,1161.4643989688502,333.05547104539863,1231.2235732021788,438.46523285720036
64.25126798114593,132.67240519191088,65.53085489356232,173.74509394972355,98.41445029876687,269.42514600700616,271.2687412101393,397.12168053249013
309.8305594195688,132.54123398058545,331.0211585394881,348.7797547394565,405.1075697187696,355.5762713078991,426.0625957772837,474.37786672243567
166.29214072083718,101.25846943404382,340.49831488897183,154.67600711610982,364.5973928097217,368.78240669515566,372.37688593251613,393.7811910881679
57.20481778848083,195.4460737826891,60.43241322179125,459.32270760958073,161.12152585969903,460.7299830123649,259.65394636921604,463.0197373658807
119.42646260316114,190.76223240828472,280.24439526756527,273.53225426086436,294.8698179468643,284.87800877438326,427.8726335653307,371.9190831953886
66.16205037235122,221.23210746300856,126.34277914211242,244.04408178371074,209.03536668659135,356.16935543708684,243.68497211432762,421.7331363166702
299.0283576601263,141.61608547266312,310.1067298359966,240.18456314779033,377.58956876269036,451.4405425833217,448.10345076245153,472.4253239825734
173.71441651828772,83.40145041395097,226.1688882860721,123.20485352864397,325.09122013668474,253.18264896161844,388.39578686852997,256.17838075569847
42.87752527597543,71.69935217884465,111.41133033918904,246.75600380487617,129.99095851894293,255.71249942764413,133.97313495455,305.8795939110947
37.831998747786336,267.13485952549667,151.76126377368882,286.9080148050305,199.8791460009695,294.540350671283,252.464007227642,412.8599190897069
176.13167108526082,234.47144675672536,179.735504104723,250.28753052396573,272.80184472096386,304.20020482398155,300.3233860476514,398.6426164155549
141.9214746901329,186.9715584231911,372.95456602335713,226.0623948118882,426.91470802388017,448.60500235734116,551.5283532284845,471.6052218562486
45.43216248127039,271.9296584061343,66.41470877326842,274.1121315096797,102.67960668442039,315.5315221217733,119.96013108372844,319.6602892404449
168.42797875020247,120.86640872012742,255.31352205547634,268.26191049577983,516.8933981381253,324.7998489986447,558.2520884847634,346.2328480144105
223.99247482814238,68.81115533972576,233.05219551613814,381.9189413386082,248.6490840018483,455.84121628370394,267.98589620298344,607.678007886174
244.73333806670118,304.8679322465217,292.7917450398628,316.7089715410304,351.7448556167223,422.37585374487116,584.6289800681787,472.67659858006647
158.77738051912718,285.07610965371435,191.55767878322823,370.73101508928465,208.51390039875972,582.3655111815841,217.09261794618493,621.9762648294541
121.07434904121638,150.67450787171617,212.53933316107447,233.31861871170997,220.76580951452195,344.0805096897683,266.3520857761911,396.23291628735274
73.50254838890912,28.10857479821712,75.05039734925677,93.98815798342137,151.35890929633027,120.21606195132506,173.9658772216582,133.20345090789272
101.50622639334235,128.81024341143808,345.1139605299029,177.54972491671052,350.1438490594879,218.4776595146547,379.57248390742404,322.63038383690053
255.22107997933705,28.599985629790172,259.4937083940083,456.2583030069727,297.7995754747643,456.5721140841333,320.63822259563995,587.8486963944614
278.7239409678169,172.42217485196556,285.9088452487019,202.16298370653695,294.9680422633287,343.45100437940476,311.4001688808846,389.2452678640342
111.36178603676137,141.61608547266312,197.4602653752083,156.67935132058383,370.28861063173866,527.7663017427095,370.3113910678666,592.4609108950767
236.06737754258123,190.43511273373443,327.04549177455243,212.5427956429178,401.7157954027675,228.52937607120623,461.87618354974313,394.99091705630815
116.31860080850113,71.3182273985444,446.0930491771769,139.1193108920158,479.8708187121732,201.06899648871428,575.8266081646758,275.97884303872604
120.52278070641259,126.63114564654256,209.33317976210378,145.12711245912647,224.3638283486798,243.0521198305253,284.3941291990651,523.4738983371954
205.71373166174948,206.69082310180252,211.3222036747805,349.39234855250186,311.42169694334905,409.61601483277497,329.4268785982368,416.3868326804217
105.82681742549197,299.05908182481903,140.1642859428428,368.29896316440835,218.1887676290893,505.6982515631534,278.3290288494228,511.9488594666594
179.95277624071366,98.78848606983668,224.55863761493538,225.48135080790215,289.6477365929656,267.83432217693354,303.4625392069252,356.95311422663707
239.44024674578702,179.75582945774474,281.9597372706658,222.45606910109396,350.0641818482082,259.73601050754405,354.31506404043853,416.6735037948072
36.659349973632104,190.23694489378872,54.371999439808775,261.08835408268794,61.218762155820706,409.7887422585939,123.75768366285179,497.2385929210723
190.4550568356151,295.641317872361,208.68550452197155,352.438670192982,229.38535036199497,363.5266976925754,244.16943241874839,370.52047861037727
151.06530607820187,32.24139055562829,270.9797292616199,219.07326449874512,314.47110835600046,277.99006742981885,342.06929169078813,358.0734014083035
171.36545629776538,216.17118583967226,195.70238527023554,251.07594187434364,307.2063577832558,288.6240725535745,425.40087017099773,415.67668400924606
51.737481275012165,111.70909856889165,219.01352439960158,236.68782322769084,221.88219232480844,238.83280660324624,328.45996263796854,299.8393944772206
195.671098594602,134.03035768798574,237.31063343729258,265.1519133630102,304.45679320443713,310.34617120006794,312.82154296066267,333.8603285050318
222.439302476434,255.80087563408048,265.221008297365,257.4768408512171,279.3724738690967,375.4291675927463,349.5775366338495,600.1157716648299
218.3874874443575,214.14435760149593,228.1152214993415,235.22685580200283,229.36475334957245,257.86894283963846,348.2564989621756,258.25937135757727
89.5796447314903,291.097892244407,156.82240436504372,458.354511268875,173.69255249338946,474.6249518291726,207.2625354650056,475.39501786424375
183.51923602909247,156.13539094911084,206.3465506301613,626.9843669536777,250.28660423866378,636.3223001395992,255.74694161159695,642.2833442283104
335.7701050048522,89.19928894364529,428.7564111180507,241.39699496643914,446.71207801360146,244.0979819628327,501.9553169786822,415.79246020572117
53.72556567315206,288.77865762537084,112.0482720110312,337.57914995321033,189.47005479395904,361.47289162622377,240.50278884579055,435.2561751924723
29.32443217601633,245.08138695283046,203.88038320239423,515.7881057040491,352.3264892410929,552.3452368410054,356.2967529392149,584.2997445567711
51.859301042009264,172.30221444123774,190.59638056382292,229.38776087298717,407.63336728141866,270.7095606910733,426.2760872572809,349.435798179165
30.292855434114326,111.87798534267533,181.946802641867,290.7978876708597,221.917992384181,339.89926377099755,285.65504008966366,454.2452217696098
160.16528902348256,192.81004087906368,291.06681368408084,254.9059604015463,309.4287679999092,367.5510968118788,317.90405917545127,460.87417198090355
181.55696031099512,247.92459535686845,279.0726178378871,389.65751030706707,392.4538010738767,477.22142038000305,395.3092492700605,559.4334584583382
247.4811297179405,128.23436771163455,255.5327851956976,149.7519758347092,394.4180040185578,165.68485935832476,440.36293130728166,179.73381256314354
226.66978963975328,78.7317136803111,507.15104734415235,142.79199222127622,649.2220067669149,193.5925011722031,770.8129238966732,501.22315581637775
146.19563670324268,283.4548032572571,253.84508846622393,350.8853733728759,350.5512994091536,380.0952294040522,454.6184102237453,427.134059873153
269.65845171022096,273.40116294755484,325.8558800637089,314.8207358349812,649.5729210889448,373.2339878029031,714.4674885859932,571.731251624161
176.22282119258804,233.98193729384792,220.77190051589508,263.44261762923435,334.57065182002,311.4870552155089,399.55429002177397,460.0459969050514
217.9093811142723,174.09216887088851,231.76597940498726,185.35031628025195,243.65602836127795,199.99797815669027,247.60275694720158,273.39418142630836
201.4912880337614,98.7199789897117,257.5007283800741,199.307806534226,311.04204600157834,362.40699405994485,321.1140570528845,375.99495721806056
146.18918689371506,252.61335623786766,499.55556815540547,379.4123361610432,506.8845537728789,405.64269247680795,629.2297399649901,469.1242059960442
231.516376474274,315.29270688048587,254.92066064786346,374.27297317314066,375.2109910318043,440.1763846386499,462.5065190859983,499.7322791455956
198.3240321530959,210.61822699994187,219.88215634882295,327.26754945552636,222.11936707690762,465.667588423499,255.16095355507161,478.9360012465161
32.082519143071856,200.5894651280509,73.9785208924759,336.0218855092957,108.2674028918197,370.0131658183048,118.04432106440936,518.461742646968
190.52209341132638,358.43686860140406,236.0169114324564,410.29624742134837,291.7069073720454,440.3799299905697,437.12818566681756,494.22222454587603
205.545339140869,161.49364047438775,281.9828018560931,209.76910148979127,313.35228497115537,276.7462353955969,353.9981677472497,336.5960899193448
54.57145665935741,170.7374751403096,184.54835635489331,174.6286141017358,290.42205040170586,526.3017560098084,295.8398831789657,649.3356573304322
272.8229668082197,104.59416090646388,437.1048189232589,243.16994933385146,458.3561384347477,425.0331273239795,473.99128523526116,463.07530800923206
49.93735685118837,265.1125249378398,222.59096353564482,277.720479848771,238.4698594815194,289.0942645862044,309.8305594195688,297.64496441255824
163.14023790062117,296.26664712854944,209.63794042010804,350.23573442141753,420.3255857314644,377.20763701818936,494.7351776862096,466.3999961029042
280.24439526756527,245.17564802469167,323.4473925798164,257.2393589181669,347.83390228704155,273.32262274129005,375.37530933873614,341.92352302672174
258.60922763712307,294.54553193505006,265.40210967653786,386.8557682956068,391.46907607076076,415.1281703230126,395.15393760577024,417.9248444600473
156.72171298802334,201.25617999159678,173.2347482934,325.97869512574096,199.79096412250573,595.0072952738224,356.20262517322845,622.5981205009665
246.88418960151756,82.91774917981235,253.88314547111105,164.29305444066273,269.36711937445045,171.5092824916407,283.53334165946364,274.63876152124686
156.74763742758617,244.27742222600088,199.79096412250573,378.5379257603398,277.6829481062154,399.1780765461585,346.74999871646963,410.78798625622665
195.0496223621503,88.88525544123961,215.02321265171403,351.619749879965,225.47174832752344,378.40991742983954,258.33692617476277,444.12187830724133
72.69182167905737,142.05191766611102,96.93979475620954,169.83834789302045,120.41123788659145,219.96867410773416,184.35183258159077,547.3855927909689
47.39045716833759,146.02992279330664,78.20330223073633,426.7812019728491,142.56343157411496,467.710272496415,253.92267655832788,473.0290960053735
38.65837764083337,336.5754812402151,138.84341125589904,464.7623711350587,148.89337620838108,546.2452597190528,284.3731541001627,575.7813611047102
86.61973912076138,127.96440754440582,96.93979475620954,194.72771520913432,164.44193488668537,234.96564659787012,178.91411904058336,275.2756579271499
693.0100599314212,276.8468880173882,1050.6816790966727,483.46142876647576,1192.5619266766896,492.12587694802306,1372.2163093215727,554.219279790389
54.492166258921465,363.14144920480686,120.51020947695697,369.1617903237887,233.7572634313004,374.27297317314066,527.7134650000569,427.44049106531355
111.14694875770529,460.86547473237863,219.75179812960474,471.0709668049106,341.33610824851536,519.2460070054258,361.73012810966,533.6805257634202
81.9626736967522,163.1773793198248,123.95335243102188,274.9151595968862,244.1470599818916,475.1081000019094,316.72496581647795,475.8357807332545
94.41923142635972,105.45802812045946,128.4270401716925,222.96297733503658,147.86954826983563,340.11841801717276,233.33846283040344,378.5477113001341
250.81434098249767,377.0576232923832,276.6163707470682,410.0211320724614,323.61177629867797,410.09257341356965,420.3482583393944,443.7587533245689
45.06824661963589,207.60359096306422,290.72093966858444,276.4277624188195,290.85390308439025,462.54637373155015,323.4579929884057,490.372039844975
61.510904250374786,301.71041572665484,231.44547465327676,344.57209339744554,264.8990646109601,418.3266068818083,342.7924850371018,432.11202949367254
363.4502207208785,129.1444992159186,489.2256565364704,211.02161113465604,944.242823647917,259.46647892731806,1098.1276632485713,299.4331094178318
298.0243593537518,246.4394736927789,349.32514847856464,261.0783890436941,379.89807364192524,404.3741012295941,407.01678710593626,440.03591335889945
66.96174301761869,420.0264903373517,212.08188340534448,507.3957164603927,334.99274794104,539.4460744482924,338.7426480805972,612.0560443091559
257.45609317378916,278.1221498020288,388.0450278725676,312.32886160231925,394.4582920546094,479.61141894301676,473.0608017305852,515.0270911895273
122.81342973758528,195.80099445088177,152.55552269708008,240.36045438993602,169.66968874923242,283.0087709374139,175.19799061114142,375.81105310654783
219.75179812960474,88.41686515404298,249.79513134312882,93.35693902821107,304.44513883088484,355.67555890088914,309.96528526301984,360.620456792298
362.4544900363704,252.2197596510942,450.65905697978474,286.7135231874642,578.7971261621863,319.60956502367907,673.0732892855611,320.27717345546927
200.55820920415164,322.30357170245185,385.204453245682,385.2439266859672,475.530276588339,410.4334098260399,595.8573018193179,458.1457308866306
54.9128258192085,248.80097917346473,108.04494643772503,282.51672728161765,124.08991282097436,374.37954856268766,236.26195518957005,517.4290512025967
528.0185156386946,157.56155067112502,555.6487140280744,186.8493860428824,701.2939817071687,230.38650971526334,737.9250516984436,284.89700330756125
79.51082972228927,34.24358412618437,102.03628748229869,196.71837392618974,149.13258837955266,255.93828776641422,193.16148692102783,355.2869182938206
43.93013625992826,199.54549896817278,177.81994821801428,249.15095717742872,370.3532434784031,252.85318525325664,416.6608415167287,311.8787932842707
142.26913375901748,324.976190177381,213.21916223403508,395.58753763803946,253.06036136747858,444.2263784692831,300.9659492936399,478.19276298644945
448.03103703492434,248.41129686708382,536.6076827139863,258.34919900305516,544.5745904936916,274.0862317363964,554.066073758572,389.7401305192739
202.04614114206893,215.93390811585834,358.5008039713721,359.46089438013666,405.5170463090569,484.4439442621853,458.8397344162551,486.4065368979259
276.3851434468949,71.88016899536787,289.02152354103396,153.03953140559594,413.48726543107034,198.66541133455993,422.5673782929966,389.75411269530315
183.2861250084807,95.04167023973349,291.5726966625306,146.84514458885687,301.21021076256375,284.10675120036143,339.0178032014747,341.1996600539638
318.62664994096366,178.61447289159113,417.5028720741279,435.8281683986434,425.92944748232605,581.1375819897014,433.43837998445133,618.51083471463
148.19662203595686,250.88935481772174,148.22026374363324,286.2185999697257,198.1475638700913,389.46716290164716,268.293326697902,399.1709366465246
189.65482252020897,268.09034906638175,399.47395696144815,498.1515466193366,404.6983336267297,585.20988015402,470.21440007825055,597.3135584865545
90.10273091710003,308.246494390788,176.68444154356504,338.6671205572392,383.8666317983704,421.7325673084603,389.4744347695148,479.0075464976411
223.96611035523145,203.12760968000293,266.9719336428147,353.2421671476827,293.8181960650326,375.2070924753862,299.3036791403229,398.2947029920215
811.4334298552584,156.70051528051607,853.8602299057474,356.95311422663707,982.172412676218,381.8839007353137,995.6103857969413,430.3367825592184
64.69528885177054,64.40395320447486,233.83981779062748,90.94867802469105,307.0685751358569,255.0258530142389,452.5199315344098,429.6446646705006
56.072887829595125,250.30581291927135,162.96803719098193,258.2953330921659,205.30816133699085,319.78307839932137,282.83771709938384,349.327896341759
283.90260332065947,200.6796547826264,312.9645615631088,268.53523915338934,419.2878201326695,352.6979884745036,472.8130407218974,381.043410845688
158.58605103209737,160.1180944937616,217.09261794618493,162.15628714204172,277.1531133399798,323.79178387062103,311.7938335459271,344.54743259511685
203.15734300479792,363.143453731334,276.25824143227726,385.029437891262,281.45758427943514,419.13964025183805,345.0573523238109,487.61214594957386
145.97462467774986,100.76017387578605,235.10487145066418,141.05927413306756,242.20878595721481,196.14275391822449,345.9807908084954,268.36568762496955
309.7945786758134,82.09472415142525,608.8339041574885,167.63242175666315,808.2685578613614,522.830550070993,827.8551796768066,526.7285399150052
262.3043276489108,239.62527825370765,274.3065707063098,367.8378909047485,325.96311016569103,409.0733675928241,375.47903081570354,505.7451962777003
139.12990361658916,97.04152025973742,171.31834701122335,186.5365907138664,230.33707599723468,227.10835530808097,233.8296792248785,290.53580425386417
89.01068970416104,123.02171496623892,331.0467557189553,337.42747087426415,334.80027610906416,390.04663306214144,372.82935690024226,391.0968946444675
269.12022839651,309.8197085540691,283.4409791559792,338.84180691692217,308.56755526509227,375.17069724156926,333.76609126734644,505.7915828761038
280.81343430730567,265.45957771132674,356.3050173573838,269.8452426919237,392.4967149436837,348.0699874546831,439.7116007095498,363.143453731334
67.66138273590559,101.02069385805892,118.81659229464371,318.5490320216041,141.27614430989107,558.8191334248212,250.78385315390233,591.0260520926745
293.8960116627697,237.12308946641926,368.28626308483746,238.93563984520767,437.8975760031128,311.0926862232165,459.1057801100091,336.6877865443121
119.0304235512988,309.7886327610448,138.34926223870283,325.32320084878455,235.3891043612048,325.8627011312124,403.1716760428825,339.1249095754144
128.6786669296318,83.44286961854768,129.99095851894293,257.76901672513986,171.3148733344034,385.85375356114974,173.31326544880795,512.3743581516487
37.88001781373961,90.87698894274331,38.956178309830165,175.43023775651707,69.26371944709226,322.22563296354514,133.6448060714836,406.72056640785
284.59984059102385,156.80689561237836,411.45317809069894,215.60471481953365,554.6243033602763,293.93814987641537,628.151167401502,296.0230101605567
368.57746436734226,344.97185944078615,378.76981458930027,445.38016499133096,425.40087017099773,455.84121628370394,488.9255434706231,524.415674281462
335.8047587449339,404.9853106663206,536.2259930560533,457.8225991330564,709.4545588815064,458.096948065304,766.9274618242607,555.1760934539767
84.24077104458748,197.9692007601075,202.6592220409202,234.18307393255913,377.2132018414819,262.82550743110363,706.0804369509029,277.8389846729964
116.16087905456133,125.02724185007811,351.34067899773305,343.04732656330293,377.92469314538175,351.4825749140321,386.4991816356093,537.5428539237957
67.80306808353751,300.2898890067748,285.65504008966366,545.9859667918128,288.42210409953407,557.8291661128329,306.3786091477167,592.2745311458581
490.17345722762616,206.6905436197683,501.1694989652581,329.454461216501,508.33164890346785,391.668884478072,590.6988123317686,423.1879114802916
262.93190809825484,193.88583477795314,273.9042069641016,232.34090268259158,336.59999670233856,314.99087611602164,350.19472909082833,363.01073093186955
54.1899897095139,352.24725488039826,141.15772835483727,432.9617511714024,203.97716497422408,435.524887485538,286.58906358715325,503.0124602602404
141.10283161231771,152.33486094449887,200.87033242243436,287.01081131482147,257.81205182171976,309.4235558935714,272.8848026677057,326.1910974879566
173.45178234732984,281.6895841411112,280.31639505640766,513.1838023823783,351.44441110951703,547.7576573099983,478.7102838429783,566.3570691922963
295.24227910280985,312.083552301086,329.08495724363576,348.1255578001097,357.42433361521665,400.84127222599153,362.71274770469086,547.5358092799396
145.97462467774986,95.04167023973349,284.3791023078308,199.00083806120287,318.4645379974367,233.34676272996788,346.4622125105717,357.6806348577663
144.63930926926596,212.50191752975684,286.56592286302305,281.08261219783276,318.078393824876,329.9396447205969,438.95755196016034,411.25752201037665
324.33539760700734,279.4934063461889,359.39374473454626,349.8898935403685,910.4508036532438,353.81288446633374,988.0177344417222,422.97126954325785
122.12378380901607,149.51317356269533,282.3152349157674,378.26625115344467,319.8978320727895,401.80200784476807,465.34202857893484,429.23687578606837
181.58543577560573,145.84943108884156,240.18544463087522,224.06249661128484,298.6113058236927,388.704743697678,396.36406333111813,391.5269532724189
278.65495694912505,126.9645834495835,323.94236365647896,338.2955669439047,354.2729397998787,349.805496455508,363.1530978023231,377.8557730034535
144.92175094429606,263.68062146387115,154.25365021561177,465.964560935781,351.3629346484883,494.0578583303425,403.310001679318,573.8377796614607
336.1943104268437,177.36025400032105,368.076978576776,234.85261086072148,477.5501619437251,278.55996870930096,489.2566085427184,426.7097340165739
96.2630064342278,379.2332137735926,136.20964631219275,637.7394239959406,202.52107122855386,698.0570311570104,292.46863372213613,788.6513191886772
89.27457058963846,332.46930905882283,138.30048616726177,368.98076992334956,196.9492045876102,406.95352867038486,312.6770771350688,409.6931494825685
179.38206108308245,387.8430057257712,253.26412974450037,442.774399555097,254.88114957418856,497.93902446758005,319.90444460716816,509.32630679795113
68.34091683789244,55.746295482403085,73.12321658483516,358.26925304400856,119.26001401524748,395.19699610935703,273.7872264488829,400.9373896171179
45.93176687942728,54.37592465042104,163.9542210397012,169.81354225529222,277.3684495352159,250.431215628146,317.3578744722875,266.57892429504835
84.10817286501629,411.7839079473313,178.00694688083703,502.6904793216738,386.4827865607897,545.9682092020296,409.71111178858774,680.0364627729324
94.8715809979343,310.4812887149716,140.8916405724603,372.7066938655174,210.96449650625337,392.2450660689071,215.0759016374315,433.8685719884129
152.3371573998474,192.5124803517355,552.353265963055,350.6566831131485,650.4885689446579,357.7204755597203,665.7393088918682,423.1393108941624
95.19487610389874,283.3198964310507,208.65196862321005,351.2341915186617,252.20147813421934,472.67659858006647,291.48627411192535,537.7598215509629
294.5479107513076,13.964594896139968,330.4747683856202,397.5509398911469,361.8283842478904,406.8677702612299,432.1238984917251,457.52821218666526
223.4610411031977,66.76015996796332,389.70961123703665,222.04056758278045,501.9914425730761,437.3334211189302,537.0838842381495,657.065672130888
122.39853910419858,157.52920563234815,124.7533558048033,157.84751998723382,239.55717505010793,302.48613458903867,306.1303257107859,320.1822454045203
197.65869269497426,387.95489957354897,285.88801280377186,507.46157602994117,342.2631787412263,587.6505596165617,385.3040188854997,625.4822056506133
184.4347676695202,273.240749183142,633.8597192449766,344.6531715049515,880.4799357605121,377.2456807124489,995.6103857969413,397.7685284537889
363.81388128405035,175.11543031588275,624.1497540737466,283.1892309344152,628.51280999843,294.1483741626873,633.7854467148308,351.14701636581646
136.74824323977643,81.84526712720563,204.1447838816391,309.3045975756426,216.56463123622135,417.2363475930194,276.24915244787155,431.40716009583986
109.32856665893068,286.20829977479394,126.64634320240185,287.9866469588303,301.69128689511376,387.3902124217978,420.435589835534,502.50427522341715
45.51698977540137,412.3826755754598,161.73310971404334,473.9261554511679,214.65258203671172,496.6102553802429,219.39230665464302,609.1094618841629
87.12838095169735,248.61768370912452,431.8922896678623,301.2110926709252,467.1429316838342,327.50962502868134,510.201264501488,424.0101191426506
264.30906352096446,198.02988923093488,303.5792192931693,272.6420675042445,446.0101917090154,285.7636581599784,467.83600935422186,329.4052653453555
390.2840866418529,119.88021512151245,599.0795357042264,155.92787312277073,737.5308018579872,279.01715333787104,756.8129181587675,287.2230190499797
589.8094781160394,202.0530705594778,633.8597192449766,308.9703480974857,817.0084536300891,466.058328559462,1022.6387053191137,480.12295374682924
292.09825945248417,39.429142594437785,306.0270526530946,196.74496206593824,357.67835509017806,265.96519965229254,359.98443693922866,300.6417681470923
104.47517264424795,331.6746132267703,169.31052903878424,365.7173761495314,223.88204243809204,372.64184930314536,284.3263702405305,404.3732311754576
149.5736614929239,204.55800393502162,228.4151416776593,290.46218861937615,327.1116975505297,369.77237956860375,345.7165522943108,385.16739954864823
155.5189335415281,129.1582986808719,217.2037062938896,141.01295906126308,244.31921580172792,424.33190278648414,245.85114426563965,426.5485507536804
475.00657146813205,52.17710818130797,653.8075961717066,227.6679673868384,700.9331350979035,372.7066938655174,746.5491216022912,378.46053166301954
249.1993471514975,283.2275664674013,252.26743323911379,335.9172143174377,324.81462849723664,386.39033608052677,444.01629877039335,410.09257341356965
129.273769383461,208.52592440250496,233.85517253823141,212.28240672746904,274.4295852449184,281.3029751896571,296.1588503450146,366.0556330487706
90.22087048943433,165.223849882231,375.9919988028853,303.05381872488573,500.2015012608875,319.2275834156036,520.0691363751196,372.3764604284446
164.00241711910053,84.6244605090152,256.04107020080846,201.0928211421923,279.19687062045284,372.71782865068684,380.3109943291927,406.5511255853768
133.72395956827705,197.3038912514269,208.2030280987774,235.2519757516404,259.7323016888326,337.68859407119453,371.23375220947673,388.5601950296536
149.28325011186365,187.09083903813664,150.48046183976166,228.72171401285473,154.15282472432094,349.805496455508,198.86541344084475,396.72072489694455
104.32076905261775,203.07982584824762,123.44991244797113,380.8073179879343,262.2506755801011,383.14228278842074,367.91371996672194,384.7440532343065
85.54942375061901,291.77787580570487,196.4204110194131,295.5337693426633,218.16596153478483,307.6827857759953,231.02798359831564,323.7221365870539
131.82719690013548,283.00029729575454,173.0817118589153,326.96877047836523,215.6979074150498,327.58255855552767,243.6353124904416,354.73622509453446
147.01652805605266,151.56998876352495,174.91283203761893,250.28753052396573,195.86459144647466,422.1220330174717,205.83863990935117,515.9443565422715
218.91604234172308,146.69077566990796,324.8058274190368,169.75398503740695,365.790094622611,251.3541267512214,371.88619495935654,276.46694111690624
168.56596940457607,208.2577652668035,197.08340291375166,307.84031543657613,264.8990646109601,429.7348369360253,318.3694110960351,447.0593279409073
172.2249145094037,111.34453283066101,189.2089536550443,183.43571460758378,281.68510465740434,249.3429876199505,328.61997164572415,262.9600630087079
178.49830593455113,499.7040709399241,180.5560002916119,529.3541430025057,194.39518530783093,606.6176797373028,242.02774059508593,606.7953182988346
74.62747462821345,234.85261086072148,205.71070151844174,251.4741328366926,262.95911729613283,368.16440977527674,272.1238331413933,437.04030907981166
56.520482195728974,148.98485779774762,78.34911813179296,220.14074160504518,84.45386076078714,323.931959694935,135.9502381635467,329.3877748099449
166.73265483458707,438.612831618133,202.19771196477362,484.07544395510234,335.78976054794055,613.8941452750294,346.35109280839237,693.4573567861016
91.22831350504411,24.405421671418722,236.0169114324564,143.52325565154325,447.5250241352404,260.7285864372788,525.3639549046129,321.51790197396906
134.19367544950785,305.3087770817328,244.26028339611605,500.9445319226389,300.23742822980194,521.4507742788485,405.3101373407624,637.7492295084312
220.2576891818308,331.5681579564858,322.4841792061916,392.89886976084955,456.29035905448575,400.1128286839264,559.2705585755907,457.79784443612215
104.17715866933763,284.1958770508224,203.8259871915303,285.66133273480625,227.11719024532172,320.03645506284363,345.00842587807773,347.34758225565764
131.73484873916692,324.5233766448031,164.86390875238615,354.5244694399499,193.25565574894537,354.5529098159853,325.56075956901645,373.944918415828
334.7591512433028,209.17497473458732,496.17118956223004,354.93554417230996,541.8870699531252,407.7219815781952,543.2495291987618,421.1614698588679
32.52743630193878,38.62885855249124,202.87043053516518,41.69349581769096,332.8041169960682,162.94710389646121,350.4247866524348,220.25548601236048
81.23786303534949,289.7228739824334,170.17125670024492,311.0470127616022,187.95535850210962,337.52793572060915,216.60769697959756,530.8956747591338
145.21024789321808,236.7616652719113,182.53659283933015,293.10483637980553,351.1124508217392,299.20258711311806,403.16398179372567,338.1450921084754
197.1358879948388,146.05349397248955,272.12468768108596,242.92494643327026,402.0797582118441,362.92162474708067,479.8435919194678,366.65141180285457
113.81500193678703,363.5105480174826,123.24653488041608,503.05230135338246,162.96803719098193,511.05753164617795,206.14391451412496,590.3056000165327
146.76129868517455,82.09472415142525,168.4247026195287,236.41320972911976,171.69645425539866,446.00129927206154,208.2030280987774,489.71565678496773
530.7652470627193,255.05156723164166,944.242823647917,461.86689510928323,991.9056843876375,537.6625286427253,1050.8976036999084,548.2392440310256
146.42025414020526,340.85563872691847,167.74189293115938,532.5939882814617,232.46501186472173,590.7423914948678,262.8456211669721,598.813165926037
78.38314350233546,350.8853733728759,92.53903731494492,368.94450012884886,211.8148001838014,429.49757305576105,223.92510032126847,504.4812538990135
47.076393542685594,323.1388472053538,240.43406422688443,423.9563552841209,243.72815348743126,453.54208593558127,291.33738229227646,484.9885286307657
56.898187817047884,409.4288731958092,64.25126798114593,470.41520387551645,125.57729378718685,484.7123431830765,224.48867800621815,539.8386694994086
463.0010994187971,349.42991838988195,523.2639045953046,458.4855676746305,606.7267696227392,470.95701468741436,626.5195923939342,477.3524555850567
160.63065775720784,149.1301093594295,216.2480009224034,233.8686879204702,277.5383194401748,357.3546107132429,308.1628342173456,601.076624923733
111.74137592732102,219.16085369897573,219.37393346466467,257.0808338395669,243.53947950113846,319.12955163825313,278.3647412762795,528.7163998541972
27.3746908651008,159.65911376351045,283.7688447977683,410.89505774425544,323.10402437142056,452.660209591509,324.1231918327218,688.7482572465296
73.66456778202843,389.8746898233488,258.0007343985641,397.0705418892348,273.57265335918567,397.8834748641415,308.39536672119027,539.7002071739153
80.1422666486467,396.45949733927165,126.20892482594813,450.92262559695394,127.1972664666002,573.4042878397252,375.457638979345,625.6875563807654
86.4243169654103,205.226718549149,334.10371189988115,226.73853131382523,503.0631184471035,231.3303181671301,504.6453934835578,263.8010358034482
128.37503087573393,168.10969585404226,150.66199200851602,197.99303062808858,258.1085446165488,238.83280660324624,365.3037125528739,282.1491715397541
304.9547415049245,48.66210123932535,765.7344465543946,155.06914833680938,1148.3168336068995,185.9230154311407,1372.2163093215727,216.75474043147392
350.7516670576772,119.90518449232893,388.30232862837033,366.1328451979303,388.8974849827078,370.73101508928465,500.29973290486265,573.9804346799974
162.82654048182906,352.5658962084669,200.14029738669439,471.65880424691056,203.84959943747702,502.59161211996025,207.3371065212256,532.6198439850274
555.5470139143181,211.58524716609423,631.379365995291,336.0218855092957,948.6168015275412,355.5489237658969,953.5999465968033,399.55509226457156
124.53382945850844,191.40741038935164,197.58901972002724,235.5044241144444,245.83468101429347,238.5968635835948,288.5088790944677,239.35643293806416
299.01621600115226,168.84535843834365,680.7791185860257,293.10483637980553,1057.762491668163,362.77273350625893,1109.1256621802113,413.7732479032257
34.085957216055206,395.5576886861024,46.0971147817643,476.80477084116404,54.959924735493594,577.568015802717,91.6494052581097,579.4745235340865
243.12595807555903,180.55504903190493,387.6937628471827,211.76318604201546,439.1020868901317,294.8944823474428,499.472181321905,397.329233892012
140.0239482988356,126.68803864825442,341.37839236696834,166.88829606079585,359.41745659295213,269.72141516595264,460.74644767842676,297.10511206415083
237.07949075604142,94.33668897135607,758.3441550721343,128.73188132514287,1248.3580474248065,274.91497620653337,1392.8691091765793,306.5860114633151
92.6128513351185,165.77114319208974,149.84577136336836,182.97582659690556,289.649542363987,463.5018122287021,328.55668504695853,486.34768031165794
61.981162061980875,276.9555319107275,194.71333808363687,351.1319500576368,252.48869511650685,366.3297020560613,275.7866738760175,375.5593536280024
189.73301609282677,353.73001294915633,238.03794989235254,440.13244181510237,264.89228471463827,615.0495242966807,367.0715395074908,623.570059507595
154.84817447161635,14.87265859625085,217.9378291449133,67.55994728948997,276.4605179121228,84.20092323456751,368.99839657781075,235.5044241144444
120.25595499086265,160.18731818180947,266.2947720316216,315.81864444878,362.9020129630658,488.40735811165075,464.99563335788685,501.72860678683804
46.44569997310845,110.70930916913426,50.02415212898926,147.00226615382022,61.39184942982399,160.17427745673936,69.98266819312447,257.56720629324593
84.04545155895443,154.47191859978778,152.68520219302994,297.64496441255824,161.01018385884717,302.62947560436436,207.2625354650056,360.0388227472941
363.3041764163833,319.6810698483823,405.20567421794055,456.51084676677584,530.5223813568723,456.55523486732,562.4302735320308,484.41032400652585
83.65209510580706,101.7416838699471,109.7413096254359,212.83771920158807,220.28657106659372,214.14435760149593,320.91805355937953,313.4022009241321
349.0283039351378,226.4704865454231,376.57909263245466,371.08864920048427,462.7702635988763,508.00169108433164,526.985863763158,510.5250323455558
86.76424206687562,229.92151578496822,155.2392648278936,349.435798179165,163.29857302454627,361.6565593071028,295.31940407935696,375.81105310654783
97.06816101668869,397.34947215279414,174.49527926209262,398.33125213199054,450.09569610606474,402.02199136468494,485.62218517059296,476.9217205222709
151.55561576366722,231.56106227134708,223.90131436706005,248.23800325797976,233.03182156126022,352.66363025689327,272.26969746903035,355.2552448851554
128.9704168108505,255.1649970295576,174.6117897328093,267.16686399908644,352.61067925286244,410.4321550421093,353.9457544648303,481.78835403269744
442.35078070968865,245.73788294726506,486.4620750663256,275.0821327484994,500.31352896931,415.2134814881656,543.0952472559081,427.19799107354294
39.8376323443616,257.6395599764468,70.28079152738536,283.38278834266885,158.36824006975846,316.37450559069276,169.32956075816244,322.02556784611585
130.08411230616113,164.32265017325787,163.41778977300075,362.8895572833737,302.5895535426009,367.2460448639329,330.38865544118596,500.89557331473065
128.20601134109884,124.95160800172215,128.55577809292095,135.95016716437217,303.2911719933379,328.6660927149056,305.30158936785364,335.2470015625484
36.216545005969785,220.47947213871223,211.01061443215147,302.16201668849095,218.02251199429477,343.0076636704907,235.0452872700189,346.43094661211984
244.3217532770507,293.3216275721842,296.53447063191874,345.4363740556081,367.4029222984846,432.34112725544344,384.79873097856273,559.3011056434619
150.18574896719917,164.72986011906067,160.65380968818096,330.2090381228737,242.80010572699587,360.5319337672136,369.95990195875316,464.0092334003232
131.06731612979814,182.97582659690556,247.36603764950027,302.2938758418339,280.57862657693966,316.99426679904815,423.64813918802076,500.7240677108912
178.97075017018173,130.66679215925714,201.61090252355157,341.5190549848416,256.52531261260555,518.7442330436579,354.75348830590326,536.9955627001722
104.14579474514237,66.65412995292425,123.23373076154888,210.72557179277274,142.82113213663007,235.72988963443277,170.5893167152959,380.6811678935508
234.54667120804305,257.23793681381176,262.15365949049556,327.34942241960914,319.6647980967274,473.27523228583374,355.30006573938874,473.487921546316
352.99443901276015,354.40982293169185,353.41869479190876,452.21922417575,364.0074804274102,461.3078388302624,395.9822612203578,482.71124998601374
70.83965652151626,132.38850569750244,142.58056720326067,390.49929765961804,310.44337862046694,449.13438902140615,434.89759516678924,487.09877807393184
43.41639932208028,248.9668346685423,145.05976493353535,298.66258353023346,253.96206304261685,406.95352867038486,373.8086971224921,540.297919235013
256.5024233265914,259.14073653671664,312.7154639414678,282.27537657461716,360.53606840316525,284.1618036641137,364.58895250893437,353.91079957844175
214.21153225445244,99.54143728248714,414.3730071505652,222.56945334950663,447.1221739180394,255.8762020743035,592.8607515706906,326.26859437880387
224.00963823780552,70.92263102551517,337.15784328043895,337.39167480767946,352.971635579198,426.5459981782046,504.7256496151652,440.29878157118463
89.9667737505005,175.2660964786667,92.51111476378149,501.2179081123638,93.81093898153493,572.7222239252058,219.00213293841162,582.0090282897786
31.72291697801573,18.272854866604252,67.3510368600672,233.5918077771612,309.21661771240196,368.2238451330557,310.3601921927865,402.0578073371855
60.76994337896294,208.63850003906836,197.3917566743031,253.42357813425804,305.8818466038172,278.1530078855294,333.4366423298839,414.289235169107
166.78275976351355,153.02176837464162,169.90460813870317,188.75485566737254,255.91338330431387,296.8121720692303,271.0552927874335,321.08740235292146
242.69936196739545,81.94412188169662,298.23688677355375,82.91774917981235,345.80519926344806,112.65621284566693,366.1972825490126,205.7648267953068
169.21146527071875,216.1809657115073,216.8622933813446,362.8224379297255,357.86450728916,573.3682821183083,361.2063943926686,588.7447093003507
53.29107067489524,194.6999012481283,217.13320560453118,208.1782038154148,242.31636848751245,344.54216364811106,314.38654332237525,388.35267448235516
37.62374041887552,290.1438613029538,61.481047622558,311.4347767404676,101.63089618746571,368.94450012884886,205.16676880965255,636.6027614426962
356.3050173573838,83.18665002682485,498.2618540720354,210.03007550046348,522.9019334036464,337.31962784326373,552.3401060847493,411.0025753184748
269.04930052912715,212.50191752975684,304.99781540960635,250.52019377052238,336.50006245906445,315.54388390640463,439.95456927282885,421.1614698588679
112.47926266444333,154.39048044239448,208.43391234050034,323.7611089560293,236.65753619617823,335.0578145927147,242.62859279636078,404.60826814108077
162.82654048182906,211.88798018950646,198.3240321530959,373.2339878029031,303.4625392069252,426.66812808164053,326.1919634227901,428.7735581905729
32.61268029169071,173.6839176561621,380.04965195462074,287.763028546629,394.5398375904679,380.54725705057496,408.5958360075733,393.7014277082357
111.74137592732102,126.9645834495835,161.80370857381664,220.48804378937342,194.2677418214903,228.72171401285473,314.74618298350003,315.73939710907814
42.02795841816336,161.56069759895433,275.9103161651715,217.0835569124603,317.9915114483279,272.30223064408756,319.81100320025024,441.0054217414913
144.6369658496267,114.1850589190643,236.0223595556268,211.42485872000012,236.58766913940175,251.72281232859274,362.4430945431909,410.5411582349017
218.7649304147568,194.76802587428162,234.67644359585623,211.31648458925255,276.7930576507138,214.3382532462479,284.09849489324336,273.79306506842227
191.68515993400754,150.99046818067268,248.5939947630382,259.38045836544,548.1187095699042,310.6663102044298,556.2108041631766,380.6613999837221
174.5809161370429,336.50971622617186,228.6291535777826,539.2559471633721,233.58332599865935,662.4470128427497,273.92801920325104,674.7726864748174
252.24635221310243,136.60440701231826,474.904866050354,239.28030967540533,495.24912602122544,243.29221354306904,504.13910810355213,338.5147082014369
62.5485284981565,204.92053053403512,279.4863770276575,354.8961360522391,350.78822640807823,383.632550405748,357.4482924868892,451.6335155867537
52.29214584978939,114.73325328537189,138.05717875195387,261.9820746471521,291.99262370553856,311.56435078348755,391.1662035393161,386.72404774943897
163.95468527870267,300.6209192683319,177.83937999502658,363.2739133887777,378.55804408634674,365.3301896353688,529.6987340681037,378.186863660386
520.6547140970006,333.4055258973677,658.0686058491607,367.9144173238097,1003.3225634488405,486.0424192265232,1050.6816790966727,578.0270014084552
270.71462851410365,273.8061144088662,369.23550832281586,290.5105789801163,402.40965649792946,314.4948511292364,427.32298123761973,323.7611089560293
223.90131436706005,58.101034984336856,293.5616848766413,374.197600980312,302.5103164877936,479.39483078627404,326.0419046683684,599.4331976836272
396.1329208858427,285.66133273480625,438.3638517464925,300.9674089309192,556.8548874889866,381.1317740152572,683.4218228739319,419.40914319383177
121.65417771820125,174.76440278374213,176.09245732323797,366.83237814903174,286.3732546651443,490.38269726278145,297.7995754747643,530.4283052617668
46.03330175120532,64.46357558266959,349.1364080810517,248.96513493068355,369.52408037918224,431.5748714913835,402.28886672931856,445.5765245771385
53.537148675149695,295.92690301504007,81.76164478592645,334.8501441387147,241.12242803225865,342.43119286613864,284.3050675771981,519.790746640169
104.67912891055063,419.8760852239716,260.8894472832306,496.7247818223628,394.3754130483469,506.46688266151637,434.31321258667214,563.9074316987537
322.2639518296434,174.43418697614464,360.10968658136545,619.3136322933067,383.3895192525616,699.6353823484478,411.4736088546942,833.3438375974063
293.8756182630326,362.2296363242965,512.509759113521,419.40746823632884,634.2844378601103,466.9942333371551,659.6049164732487,503.2299770367636
238.02837627590173,56.71914275811039,275.0128029141056,374.3956453627858,372.01472735595644,382.16424941679264,383.0875876676617,459.19137066729917
114.64770841498817,75.4122113128459,180.2625918815578,222.23976395488944,272.3890877249272,326.2613396823086,349.93241417640104,333.72365703789075
30.889103537787403,315.79650438794323,78.20330223073633,318.90915994279385,199.24287684196904,402.8272228586991,210.0645747711861,441.2506223631913
86.30268620167045,145.40234626044892,98.90904831054377,190.95565070462263,174.16367834848967,361.8857744326742,197.51112279851534,422.9954895749382
341.48966121088154,263.54694761480573,342.6001384058706,348.020804306071,381.4675551911142,452.69378450621593,408.08069065500433,543.8093566361284
140.52449459119111,233.35684772493838,199.20595489721146,287.81300232351873,324.8196326352201,338.84180691692217,350.42517031709406,528.6450969909685
24.233432709992783,179.75153080733614,85.47142464501825,319.17777850078835,150.1948243912283,380.7659053857834,208.39203138259992,424.1839839497935
288.9020068905774,136.51220215111428,318.70762809531027,254.9059604015463,341.82552223783773,430.63823056396876,434.503875698149,605.5116821530123
194.4630670806261,201.91867274200152,282.30806822134724,231.66454326145438,319.8978320727895,259.843258607104,370.9377177064676,274.91497620653337
102.57120065870595,239.03154194029625,111.66596161165384,588.2722795434007,210.36213645877942,660.0963383386058,255.7372550427228,685.3762360573521
129.911374452112,195.693288263063,299.3330275170081,305.5631148274396,339.2060365600939,315.55889970713645,349.97042503174674,409.71683343251954
48.226985012703025,401.46183967733845,219.79019887597374,529.4923886349806,231.53407013418425,635.6909619302828,231.92915814787983,645.3261591140149
328.049106786043,24.789536222075412,365.70737020180513,187.66091215420545,400.3155537535828,218.5267645899666,400.4310011828932,333.6881983025177
47.773149818465996,230.13963967022445,101.7586480289888,250.95014967468296,116.31233909630338,263.1594251180499,154.3558662733709,342.5225714360759
353.9981677472497,117.72494295279506,413.9547142308853,269.3287497402851,436.5145822114848,295.63429204526693,482.39133872737534,487.71925823273756
234.18616225243142,396.05877109910125,298.11404145770047,415.2134814881656,362.00596095427477,435.3311351117193,515.8744960223224,513.9918544549784
224.29358054527628,254.87266107584168,243.23884043335795,292.8549571104126,303.11104978188894,418.06032115750287,489.7871880663603,549.3911591984594
39.9454518405918,67.90874556161913,127.69278539435604,348.7051302055912,156.90457806725271,351.3017598825178,167.26606749264752,353.0554379128914
100.95493627864823,277.0643549169556,124.12662580098142,286.3972466189332,206.64927817626463,480.2652368884916,281.14246293397076,681.0984476156565
81.12470558309923,164.26262422415925,112.30056115339525,224.95984870200286,389.3838632830091,283.20164467123885,555.9126322721864,322.17801402857145
43.59962334839262,210.0607668640653,73.47377545704836,233.62072517013928,268.4200631820996,321.98285594610945,461.9900405387208,328.67221878792964
209.8665427734844,100.44266334329025,284.8955949777832,416.51752923947424,315.84780357016973,439.40983047349124,352.6477379056851,451.4317636956023
629.2540901951106,160.31547853213937,764.5146655241348,244.0979819628327,786.0434425080585,349.10044235704675,847.869062565453,401.32211306671604
75.65386880740235,318.49424145577757,423.0680781516103,465.7835505698733,741.9483944640507,539.6761100477206,757.3149977511678,565.3400152853859
67.81191127381355,241.06620640610913,88.08541749336187,319.12955163825313,259.3079569027843,365.4478637393741,539.2359686682194,437.2840989078872
219.36454830427348,176.2735425434099,304.45679320443713,229.17363833243604,389.046952791392,248.79628707674365,424.225573084305,276.4903228179875
118.2325321530591,71.81878559496822,158.15906836712855,395.54930237846173,208.43391234050034,474.86962171475847,270.2748799209621,500.4123132622864
360.10695970868863,121.7657526693815,405.07568461431447,243.82732923058367,419.8083790591016,419.5414456206813,469.6342028579312,445.374050303197
151.88856536752584,257.97380341612586,199.91095809086332,313.7044217753564,326.5171014911691,400.81504329365055,394.2500008076855,456.5916059041856
159.80588087962974,226.82166704561038,298.0540150473043,292.6741901436761,336.9688491604577,364.8546565290595,369.43112137277046,451.5204864598354
191.26801147566178,242.06491571517066,297.26883989330486,281.2346854209069,340.94247046243197,299.64514338279514,431.86291950995354,309.03473058989994
120.13771384985753,214.62348390995365,139.89353182709655,345.4363740556081,299.62533790324864,532.5939882814617,312.47774821532056,558.1271108505267
87.52605990361015,310.5729161109711,139.84775602904898,426.2759717766207,145.2418094002194,434.5926580679077,169.4150873627417,456.8405319845787
38.92540547549432,272.60548755145214,116.3614279949821,320.12988135950627,282.3049599880918,338.1450921084754,351.8835458002771,370.83164626688614
195.01887892866256,116.35361551008427,248.42696843298194,378.0753243489713,282.49341597343636,390.174332161464,290.358719511942,394.9535375042799
78.51256541388473,192.46792270648447,133.5486116410077,230.4253962317194,308.56755526509227,341.2253578635166,351.0737651908423,406.7842152112543
72.39076683972108,212.72286946551736,212.23714493634589,219.9420195873765,222.32152076618436,312.9219117339569,250.18718313151246,355.8062512831447
76.27591971711198,211.42485872000012,277.1531133399798,292.7818308669378,355.3678436055408,312.602291104544,357.199709554709,511.1686626509564
222.58066428862847,71.81878559496822,495.6547369615509,323.75228389820944,507.74637801853345,465.28851040715966,681.1443148897343,486.6449769320875
336.81898640087655,266.5343918933609,351.45696799604855,384.95694086696824,473.0658914048839,428.93315128413195,474.6140384665761,462.92865639945575
204.6287194836634,155.68788280069882,208.51390039875972,403.6962184048428,219.84294867090458,492.0291026266372,294.32132740237336,598.8879857823515
190.71664951412987,124.3749083372113,204.2630804179006,174.06821544986335,274.13413446558593,294.38392529431786,286.11163362069806,576.9997069801873
116.17467752398134,124.74123026743763,210.61076778003667,186.72427883143487,264.92544273783636,205.226718549149,296.17092249193837,260.63316167948574
408.4561696120704,137.42313938549086,469.81763756882583,289.35375941853,472.25995026534866,350.7861841555093,491.6889640997634,424.9159178072869
63.465485235508865,183.43571460758378,320.4441263780955,208.68963720526983,326.76562604346253,276.73114552448243,444.9875119879073,288.9265069731522
47.69482096827971,69.37038456897734,127.08589452302239,127.98887472309274,235.72267684942162,314.9209051212035,295.0490434511098,354.0057036261792
149.81960813547798,141.64463487760696,163.57655144344542,156.80689561237836,195.01756313330515,173.6220878211467,256.68202541778544,282.3661710578734
156.01674246554526,345.7317708328002,174.61370116940913,371.0832608150431,175.27700226167343,383.632550405748,186.9277735639883,390.01802659344474
139.465947894525,356.7895829044932,168.79479506849933,404.1999385067218,351.656122864728,461.2892731312769,388.3187790365725,480.9537965804508
284.3524796343083,229.33425453270982,296.5489039205061,420.6738210126624,334.41535307415865,442.18965475947704,425.39463233572644,456.07390987892995
33.79743439915671,247.35284480542043,381.7740370408959,343.0625221332354,390.2630326636435,465.7478814153687,495.7529165525087,484.87697915613205
190.90975419343607,219.9475126269311,338.7951397725538,243.6417496337155,465.8249094843312,255.65820457093028,467.8431698308626,478.82421199009565
45.9482810742323,132.96655829774443,296.0612212334163,160.2750480741205,321.4520637533976,202.76478052377325,370.26395832506523,428.81197038562044
72.81792378183924,201.69765735989316,122.95915631697397,337.27984110625823,161.8270187378108,345.10517352774275,243.8699552208263,346.29160937548096
142.26913375901748,336.88537884710576,188.56918387155505,468.32106133252086,250.85506488966178,482.54647325293416,305.02446295831567,534.1378476985946
141.50185550410103,366.7461516883111,233.2890876713755,390.174332161464,261.4842977492209,401.9899784269982,286.110047828975,457.23387564496835
127.01486397654656,131.58690995199342,280.2196323386633,273.42838388969017,287.3990039819768,287.4722502830261,345.32055838957325,312.50777653860604
138.81275641173679,300.6793839451065,142.88130615699794,342.7009314350355,288.3013246712394,520.8620849129045,300.1594991082559,600.4954880922586
192.43078329752564,221.96175386590153,214.80446832193772,364.6721337512588,488.57827514471234,394.8721648182469,504.7125217248862,411.51905994513317
114.2928534051219,208.53350636906023,134.98834545873342,335.0002969118321,151.42801559782345,494.9173391896925,501.9147102081558,516.1241428347466
102.12011089452074,103.575291402595,172.46099339454378,111.59810989157161,380.34218307706317,140.44639048479974,426.94284360834905,141.4182217615607
227.0272137634891,475.2922995972153,271.0214469939482,608.2771574583554,619.2091441567253,688.7482572465296,721.7713497753516,695.9041005435729
494.7782117159932,228.9972849766345,658.0686058491607,548.2726951927522,765.7344465543946,664.096935434741,1034.1009611731324,690.6173736221558
63.56884882022699,230.69476390619707,141.80544274467127,274.5647751041009,149.61999594068783,385.17855092600036,207.72164884494865,630.3819890920632
92.49556853061615,352.4752595339022,164.5815682539269,399.898921260851,303.56947487612933,501.44501083469,347.54810701673773,545.9859667918128
191.60522140903203,186.86398523314512,260.089921076144,435.9553617952245,279.141562033396,520.6644400878198,388.59223233237554,594.3853595178174
185.1053734000779,299.7427484580824,373.64676400110125,331.6746132267703,393.9077576366301,437.29123493856537,446.7704181713935,488.193610828446
78.46633245501022,144.408245068112,78.51188023502633,215.95039235077383,126.08412965241612,237.07960571927038,160.47490933101713,281.8872082455037
67.17398033867143,186.10164915125245,166.3236778608557,258.62800698837157,233.81648838495406,442.5010932995362,246.4654119780392,475.1307555977772
48.166921659768754,189.03595729731074,131.9096599805514,351.13108851851547,230.81007141633904,355.71950258028426,247.20824870911125,540.9872956515715
86.88197924398636,192.2147170198132,194.46768253138572,291.998444198343,252.5321507989013,353.91079957844175,313.1184528975724,390.32318490732354
298.5866735814344,177.5018050151337,307.942570893801,432.99514176617777,316.72496581647795,552.1776138401251,371.5339296200782,555.2575249992669
52.24409344678709,87.15606714077359,109.05833409738783,373.3121991541176,189.6525529719852,456.5783932901719,319.6820338616525,461.8427389129307
268.57683908243934,49.58328454428005,288.6023090149748,489.2499392583335,290.91442455057,525.7959093247048,350.4247866524348,527.9913695857565
143.54277638281505,249.4965981036085,164.00241711910053,299.4331094178318,224.26976047199256,387.0428510784705,385.2738852497517,409.484238175156
269.4276492459407,61.94182281542914,287.5800246243705,241.28260455821965,309.0745220625559,513.522483287212,343.00916761619646,530.8225343516314
64.16382737681971,150.8421800181651,120.57434289943657,178.42223079278298,214.13179176188854,223.2289518598863,222.26590790057253,262.00698349081557
196.10381943436937,273.35729257682453,370.47998511333793,328.2119764730872,1021.8331300845603,355.2869182938206,1032.631656373823,388.7851797999322
224.19309960724888,222.64287037790055,338.9808906076038,299.64514338279514,356.50037443946854,376.0842251483701,371.58548344737875,379.6345123600602
258.5161592645521,119.22610778221119,402.57520560095907,329.454461216501,465.47708058164665,487.09877807393184,484.0422308783778,505.04926695287986
91.70609677543652,194.41998237349426,204.29900653039073,283.9369925139359,225.34697864188513,431.43019296008094,301.5415311790102,490.8015957692276
47.31201359397871,43.83351529859326,167.26606749264752,124.87714120887972,189.8005749155393,274.6379677695747,252.01936046142964,424.90718969062806
35.32738575598614,160.18731818180947,71.82857751414672,408.4432788454941,152.55552269708008,512.4916554324096,156.30336513533487,612.4513433542953
30.54868418502086,156.70051528051607,75.85161743200082,351.24047324776296,84.10791430015873,419.06149546763345,107.16882372836122,461.79440733151574
211.75729523701008,77.50136868474148,221.62671386064412,208.62798614343902,235.97841399158284,305.1264644715792,257.93692882421306,316.64834275225803
121.19427841103384,247.32377638195584,142.17382256768335,308.80329586601215,212.23714493634589,370.52047861037727,221.96709621950853,418.9626619027526
209.48697944222477,172.95732703745432,222.45429767898665,210.0765842316384,254.63652758012626,237.07960571927038,283.4409791559792,270.5896665141501
324.2292515038849,233.28088620433707,667.574167246154,340.2613604638544,768.817108280517,422.54870128552216,973.5773660123201,671.8113393345527
181.55696031099512,292.78112630001687,205.36100672086022,304.60407778531794,213.80767709177877,452.1796465858107,428.53467142739163,573.3682821183083
96.54605619902935,88.03127474284967,138.60361591362602,214.43175587900893,327.90708722313144,260.7612363388693,365.82154915490025,271.631821449702
53.99956048174432,52.583192374902865,99.42806083681472,428.54039278012976,125.00508532493828,792.8180547597651,147.86954826983563,820.11239058434
32.886648975458165,74.69016036312112,150.66199200851602,213.84681740343882,222.9003609477011,349.6814853595118,224.63935068818708,428.0507304645367
204.92219279246618,165.77114319208974,345.75001843933063,302.2938758418339,366.74634810093266,396.41085252772046,427.58962345153907,599.0014589953416
96.98984257521943,134.96952656133973,174.72566125685938,365.93783535851014,224.18931272735585,369.77237956860375,272.80184472096386,371.29978384852666
169.2879564962353,201.5064079588623,401.3115301038062,272.11595405000804,649.9705429319167,290.96503913690833,671.4875594769296,310.71624573480534
174.77808960643642,193.92733879555053,318.78718911355617,197.42810394683482,329.2939621459111,202.22554371651154,342.39276396466727,267.75454061541586
38.07250728824039,95.23907515688599,101.26068863937247,220.77821005901052,140.68379498964492,315.9071503347172,196.09671668753413,328.67221878792964
43.60991281343514,389.15176183426126,160.81288135402224,466.9942333371551,339.89117584528805,523.5306255744363,340.1080974782539,602.2752261875573
62.65088246553804,255.1713375621831,94.74084955636941,331.4510352426921,168.24078430941364,367.2890724599388,247.49288601588853,510.30201234141805
197.9627875829606,234.66189614640072,457.42626657213384,279.6028706531179,530.2785663865951,365.66941522542083,580.6232949913189,451.8854747117102
299.3330275170081,59.87565677351775,381.30505216557924,489.20083141068767,398.70878883051785,590.4787100183507,420.19707466990184,678.9225460657893
186.56876722205757,112.47859634521198,209.8123452682881,159.8656080973251,220.88687062295634,220.93688140371168,347.33361823254546,331.3583784354523
126.98050465136323,309.23088402106913,206.6705885059352,444.8308969636965,212.6342931970157,447.5538899615309,365.0274527971431,529.8702805554041
176.13167108526082,412.5788625201694,251.41343909897657,467.4132873325152,338.9065223766425,476.6824043744379,342.18864903982086,590.1229918985495
100.26564431335787,117.39285129554784,115.6508744713541,497.68463678301407,347.60215688643825,506.17540550289584,358.39913029516345,546.2484314133158
29.614061615117883,93.0223546210996,322.6064901669381,257.46446486149813,836.1627520474597,428.63178218418165,841.9731797026623,499.43748880952523
182.89353418386466,85.22832967422933,197.3917566743031,162.52304612083583,218.02932847200145,223.79891747649052,325.4978138446597,261.54186793415585
222.03937667121085,158.41217073657913,232.63441617985816,347.3084256850099,247.1515123093608,381.83162176749016,313.6598411979747,439.36871925464374
70.07918423556785,161.30928765489884,132.93888441977498,345.2950582732246,136.02639673623617,459.32270760958073,203.84959943747702,465.9454456229621
152.12504296006998,320.39628354026416,152.48050832987707,410.98665785456524,184.10806050337723,445.38016499133096,336.88060873628586,495.5973032316387
231.04168827506618,332.51216143963364,267.1747159084471,343.8960567195692,295.83007109061606,350.87596879006367,365.7954652439781,467.40666485330047
122.35890156313161,141.71091298919868,418.62814594131345,151.69439636683907,523.6794716425585,154.5109395721039,649.9705429319167,285.80653522788265
346.4476457871265,126.72492462702269,406.36113486910006,131.30879769697563,415.5569195143754,202.44593728614387,418.7187825712491,344.87102317558356
140.52449459119111,146.23458379907396,234.91669497877598,406.0337691809321,250.78385315390233,442.774399555097,287.89756560036267,487.7652378763874
52.48119573785088,319.31423113542866,67.88891243247419,406.72056640785,108.09852349862845,442.7719081243046,114.65924395995464,488.6267679597715
405.850883311944,81.84526712720563,424.56979902040916,387.178789280976,470.4778263024582,404.6948935829489,498.76905540890374,437.9537512664515
37.63521416420863,137.06933376853453,138.11896720841418,153.40934989597665,158.77430783889739,336.5960899193448,168.80689106020185,483.83769588713164
248.3174523729118,143.52325565154325,298.26347230203965,155.06324073354904,564.8504677665153,180.19674034226009,614.084196268122,375.27787323341465
168.1233531084119,203.80830957323522,242.69936196739545,278.1530078855294,345.03119756528264,351.0135819689849,364.0155287071946,454.12464621817566
452.70093727496663,389.44033674279336,468.91178619325365,410.1232960227667,618.8707721029353,425.0331273239795,623.8193767514471,441.0098802104645
28.365145031481912,139.60785058130176,192.13789402922126,230.2908811877008,638.219675111062,527.2395733665203,684.0971092017708,603.0624961736788
36.48123361070055,114.17160738309964,249.05447416499467,409.71683343251954,263.1197250298232,488.371453299873,407.16325201550046,555.0545548796752
156.41744652859265,278.26380620158665,357.1937647472572,322.273952794218,396.67366330856055,428.41195337824536,402.69918536952076,448.533821160406
76.33643632074984,69.49612479146121,180.20356716957716,274.4211170310682,258.20774602218535,319.60956502367907,263.1523096054646,436.2562222565042
157.39453188295525,203.00451503310794,229.21047201799766,210.3607148133733,354.12409844616434,255.24723379558105,408.4589397571128,278.7375959104851
293.7233423743622,312.083552301086,345.2073733240467,426.1570846475784,359.2750275572682,538.5631759393109,400.368988002014,598.1610625981656
139.06775062338843,89.55184775534447,351.7129337912735,439.7707120853467,374.29981523527005,447.7433439498507,481.6596866354325,531.0134555505473
187.61616413018106,210.99627820146452,244.33514898674647,220.77821005901052,256.7841248559401,321.98285594610945,336.65854526653226,466.24560920080626
112.30132620145346,245.85532429252726,121.07434904121638,297.18942473599833,180.50487235977627,352.6615263580937,286.97795228596556,397.12168053249013
49.120051111382146,90.00146173488702,128.9704168108505,503.28703284083093,372.57143093894075,644.4410228258963,432.1916231367639,673.3858685611472
62.39042963774974,435.524887485538,126.17895150943713,450.0180907350054,224.7338411391096,510.58273403100986,350.63602847475556,604.7778925038394
105.83285888462456,28.6327152797397,311.4001688808846,366.65141180285457,490.05536568408786,408.9579417362145,496.29077966399774,456.5594005685773
283.056011407218,83.91487400416989,313.1184528975724,340.2613604638544,373.42430906216623,480.9670196353857,394.1688732252788,527.7257457427256
261.2237188806812,73.20305265140749,331.5889267423517,386.72684733343624,409.1022464149524,533.6471243996854,415.4381489875946,535.957970028204
66.08896382474026,77.220245256647,81.12470558309923,157.07718045442664,352.3221417623426,207.11148718981534,528.7512811818079,287.2692463588194
75.05039734925677,106.27867816084981,79.3755315314356,174.36173014834029,124.19484151748387,247.2062568009114,244.3058072026271,248.540954629501
68.88101850375378,110.34567939245315,295.267485765943,188.41906322723216,325.4978138446597,191.40741038935164,350.3259896155484,265.9044583755992
349.78299563426924,342.3740289101384,362.4544900363704,374.44560282321504,485.0914209402334,442.6761426635294,488.54578743114024,469.1033681217877
210.50211172990035,191.98852787434393,225.78083021668164,311.52229271194267,248.66133582197438,354.3356936350209,272.8229668082197,416.2419450960251
131.82109980557,84.6244605090152,141.27614430989107,257.93827586749023,181.27423287324487,336.92312171481717,201.26437110483488,405.818235501293
139.40394583767787,285.55417931853964,195.95328303923986,344.39740391060695,232.09362124001515,421.47377450292294,264.8296383502728,437.04030907981166
127.2541606401905,256.25276037550725,260.0842890442569,349.1224769267446,412.93224494413226,368.4651778280274,465.36668850254864,532.3839517371763
200.55820920415164,70.99857150821765,474.904866050354,407.13330302869,495.1767721695605,524.1058596236074,545.7649520367513,615.9085436944665
122.35890156313161,114.76336764775971,364.89096635954917,288.8047138962649,552.545999028583,449.01340678609284,657.1065288063862,458.50615462590537
36.30291286044152,188.430311323822,201.26437110483488,243.95877142696972,225.25424909287332,246.55148384880746,256.07249202178514,323.92454838305554
260.7402057416825,116.36519308644536,289.39399017141096,306.6873635646075,391.824417967747,346.13117513713604,510.2048761226635,466.99460370645187
84.22297856910076,203.43567751309075,134.27893028254525,279.6028706531179,177.24909073717987,489.2642816459303,234.73259196720645,583.9033989647004
85.40838118441341,82.619631546806,255.75894965964133,261.2938016851429,262.8100639659573,449.539208368293,288.10731727813925,463.534344219116
94.60918435850695,451.3194297040938,192.72574382172468,468.2544887355723,196.91553725967617,565.9972128794943,258.33692617476277,598.5367026114797
424.1328404257649,316.1217140823606,462.4173351899085,397.5404004300335,463.8179244048284,438.8370263078558,693.7023709984396,524.227374733044
82.9208465379504,174.02544747798748,145.65049489081656,254.03306648824665,220.10791555038347,329.5229756250907,249.4771652933958,481.0601592541509
154.2081999589063,208.15366981880794,207.08164431458735,220.17078499948653,234.66775505677597,278.8428598593353,291.38358722252826,380.4203347993135
197.65869269497426,225.28505917025305,404.486791830732,379.4890764395463,445.66350866146877,414.5891623506421,483.46836052568784,422.05377703224457
168.54924654094026,218.93427666315867,314.3208958424508,259.47819037702186,340.42690294168585,284.1951137859499,352.37278125755495,301.61392697308224
180.46652172122458,115.02418155337877,312.00506029871514,231.1161812316294,324.3189778804406,275.5529037286349,373.1412262557728,426.2759717766207
46.251245440613125,208.52592440250496,73.3338143655384,328.29850940365435,86.44979721651659,430.4042507743499,155.61023978717444,550.1109154062636
63.078218437749726,345.25940851362554,70.89861852183776,396.70184854115604,95.65455182217175,424.15973770583986,182.47259805724923,513.8472825245345
168.3131810431532,170.45876976941943,262.0515770530353,283.3198964310507,321.56827092355184,352.2321513949365,333.93371954824465,354.36133913215076
169.7372132312335,309.4102683598292,171.3126380680492,359.4238497948005,184.35183258159077,376.6018804662344,235.0411788378141,417.46689427398513
72.26426610980482,226.2208589963081,151.8341993042088,291.0025471039139,230.4189363670701,395.4463594343548,326.74220040423796,395.53010072960757
156.16956597771394,20.511300935783567,271.3819869172817,334.4955358539733,323.2401430025934,343.8960567195692,385.1555158969991,397.6402041788908
209.97577555443033,100.76017387578605,311.0091272459745,193.01100029950396,329.52511591187067,240.02917552332988,402.5799909970777,308.85904368741376
87.11729712824564,184.99036372536278,319.7504808137531,291.0025471039139,383.69276789553567,350.49426945319567,411.8026198542464,487.7555997795052
48.506313489620304,160.04551358287475,136.930659164688,307.84031543657613,244.99777549651384,411.2401660032306,282.3860156704524,431.4302279719081
437.79795719857634,164.32265017325787,487.58496667700416,400.1128286839264,568.8365769485557,421.3255480710361,581.9716359070608,443.64350028988486
131.77209569542194,172.71912043499722,154.38229151631936,354.3356936350209,177.40987431970515,427.6147610067553,180.09586554417848,447.7734035375771
77.79231498786562,408.9697509776286,250.85506488966178,542.464680886837,292.7742247834196,564.859727018724,341.75642892129974,565.2048855779188
219.74426142275252,136.41517241911993,268.0189414294338,335.8810809303226,345.80519926344806,355.64351384584666,369.90429024891506,369.71950460350206
155.39482961015295,176.1142170194229,319.58810024383035,195.4934434577217,410.2996324890747,299.5972908287281,479.10673235817217,378.80464519907065
87.12811241238975,203.31051409869565,174.4248874849912,267.53157739698423,235.17816163435813,370.4534806483036,246.73715764444347,588.556768543209
357.39602671463626,164.85264537206712,376.2312936045818,197.9692007601075,381.7456696069073,382.97158446679236,473.2634725438908,441.4276699768115
306.89722974042246,449.61373460373477,325.01966050587725,468.2544887355723,367.4763941867079,557.0403125069193,452.3167988331097,589.2890638989918
355.89456416038036,319.31423113542866,357.24062324410994,440.02707001642034,396.38798950399763,458.941491035084,539.5666256176129,469.6527500843469
280.2861890182675,97.33543977219121,371.89714730082915,332.7506273796792,458.2746114587231,365.93783535851014,461.38858844791497,368.0121893219161
282.6512182217981,40.42377809132418,394.5004529527967,133.20345090789272,447.0732125406279,154.9241905591397,452.1563970220624,156.88701531731127
195.86074278241884,125.02724185007811,398.63221292982496,248.99790093715572,419.41491131181283,418.24009465749356,445.08998643053224,440.17614793927356
60.5947709347643,291.71015926985547,236.45654382831157,404.9525119082491,308.46536436849266,489.51416932790545,353.4443436859648,524.993910415858
397.65535628830474,242.7957005247043,401.2695839325444,279.4934063461889,451.7453842977086,286.79726689887934,747.696441799882,450.63094978214497
399.03541204685615,70.8302577145877,434.41974452483305,274.283719766837,540.4049370933229,476.6808462130876,552.6134709321927,576.0241258720825
54.658244284400084,180.19674034226009,97.02332059099463,241.22182498038367,169.4150873627417,287.12882635151055,183.68127718409983,321.51790197396906
235.745508033412,303.4377998717443,324.43654259284085,509.62967010992134,341.8469801507352,728.33920675573,425.67570398226275,768.5188599246345
162.20580492572992,101.11334181994239,344.45269865658963,207.8474013601362,360.53606840316525,487.53643953366986,389.2928302067801,491.40142423737484
141.58845718829616,130.87899370283245,147.86300688424328,206.5544145502971,236.58766913940175,206.716078409975,293.18745691989164,230.84255903543328
78.39441865825847,40.80256901839861,129.1619248766634,280.45218258818966,243.53656692710794,341.0480301925816,282.60189677115596,348.2043755083108
186.018136796211,42.91307429528693,214.65258203671172,127.2231531329645,233.562805305648,214.7799330375894,256.94064428135613,301.9071992589404
137.8746705813424,230.69476390619707,263.23903176959686,494.6668802304719,303.6404383395601,562.9251359536556,306.3077963154345,611.5269446000265
494.20524674788817,195.4460737826891,582.8890655121747,476.80477084116404,668.8273290510866,533.1108201707735,704.09263628111,631.0493573095289
80.83006973628493,333.82879618371743,156.79666991143569,505.1384480473596,201.77535192601906,526.5604353759232,284.8840337578001,625.9468089957933
109.05833409738783,245.85532429252726,124.714575962883,342.0684925558454,192.42471908703095,422.6263970393489,217.90117224021387,429.8355818771515
43.976042696291245,158.925599250731,251.740719540894,291.0578496222603,270.9690954424138,294.5903445790429,341.24338287953066,327.06667850225483
79.82507939030629,121.72417567571851,151.76126377368882,230.4253962317194,152.10868559712048,328.8197932796768,206.98673363461833,372.7649397114613
161.74370903484518,32.34314672587679,398.98856247857725,180.15210744198427,465.8402950093653,192.25456200983967,504.1202672966684,381.31072701939456
211.59219982657237,250.95014967468296,324.57173059997956,345.3518882558059,432.19001167578574,363.29333317474055,446.2062780891157,447.04848286760716
144.92175094429606,178.9702740838624,234.73259196720645,412.6691836498237,265.0620804835604,439.41421096455963,269.8982834900999,489.18114594887015
292.1925171362878,45.36187758778424,294.2406467258058,274.33768054451156,388.35857600497275,388.3694523523726,509.0126292024835,467.25060267712416
157.124048179375,228.50082752429586,181.80420715413237,232.59785656163484,188.47806319655507,483.4652884063202,201.92919169449806,490.2525676533643
277.18223104140156,241.79553793888678,287.9893170501908,565.7131831904256,291.99262370553856,641.7254143492689,345.2596074754732,703.5061580897163
42.95914985399022,186.10164915125245,129.1959568812936,380.10526172821574,130.40632276969237,444.59855054377914,217.77623410271696,451.03069440203916
66.48671679100066,159.21349570924158,136.02639673623617,182.47294665388918,167.0861491741639,446.0648890640453,207.3371065212256,481.6683048266588
179.33824475877975,142.97316843451168,234.80035764022432,179.11401031694797,256.59383052470747,293.30029020375986,345.8553159719208,308.90463067791785
39.82846671596408,214.14692253540395,104.14579474514237,405.6232719319663,168.0943329012257,530.3097563171917,225.41250727706068,552.2379144851145
83.08952074223417,274.5647751041009,137.49364576287059,403.0152213971613,167.196248553917,494.6668802304719,218.4941800914291,586.5263832459979
185.08731459261065,103.9540036727943,224.0173152825577,247.77406610504522,373.90080925733673,287.47717664381844,467.0321315708945,320.56708858726154
260.5149261113303,222.23303741126807,424.1492258857506,267.66727226392675,456.29035905448575,454.37959509910326,476.78966466143095,554.9624558715058
230.27784887610952,204.93995316749647,764.1047221401834,258.2476187158732,850.3460773331063,384.53474484559996,948.6168015275412,425.5112667515766
126.54669254459833,330.1388370874164,462.99326079959167,338.21723294714684,606.3216532982465,357.63002241564027,749.2377474218781,489.96328988706176
115.12836351088211,318.5048160401984,342.34936088038455,356.41142259766656,354.79759357319085,438.63233126671406,436.2668119262623,522.1423788933324
256.8943567368855,205.18567212222084,258.68721027686536,247.12026859692185,289.653136713766,482.9987151417229,345.09669891524584,516.5059582230232
157.11519692598844,173.59612580092997,197.94867304910034,240.50862240237228,285.13522706809823,350.52374843774135,300.59464364871457,482.83557451312424
37.644473516520755,212.58848298799035,83.20853144991061,390.6310109646346,185.372600485707,413.8271263374957,225.35936720054337,416.51335964037406
227.02136868114636,236.26193902693583,320.0662812688313,395.0510563334726,401.39971889067454,510.61689143434484,441.7244738404285,524.4660405760153
324.33539760700734,130.87899370283245,660.7873389158765,167.02930551370468,890.5005130055278,270.04722781030137,1086.0871498438373,332.96934201454866
162.18673648310264,133.36453486026548,230.4189363670701,202.59921076271397,241.3259151441773,292.7141314486859,320.12521378024684,309.41019463022445
40.391775718595945,68.33282773692646,47.498643288667395,127.21402652978438,73.33114416338007,393.0715811294004,183.45194139687348,407.7975238843204
158.58605103209737,119.63028392211099,254.41598024681107,232.38326917340947,255.9897508373632,311.56435078348755,259.02753970694346,470.5723982301509
165.56761588345879,13.950977310347723,233.77262152989405,304.60407778531794,288.297268018724,329.9689688883992,392.8555295211866,342.6875803616387
299.0283576601263,216.47556639336867,304.0381411567511,386.71788218967794,341.41477860307043,486.4195842855656,358.53157231850014,506.4023953130954
282.69988892510173,146.30218978011874,450.8029153943804,312.6206833371163,494.31209952811616,370.19861062454873,518.9261637417794,401.90454617522875
149.01341446159884,222.64287037790055,262.36205092302805,296.39835852387324,273.8095046730289,332.3691089479874,315.89062157958347,356.6793461141041
43.24454919680399,269.72141516595264,189.73685999881457,312.91693093385675,200.24948332557605,348.75951265920395,238.30130516675197,352.9086350338293
91.66280836382414,101.21257961081439,235.9546405876856,161.48543115717732,293.26655362811556,194.1302753883174,311.0091272459745,432.1982613692197
46.076095920415916,204.93995316749647,98.10238214420468,205.07494556202104,120.9906274293954,435.21548110519103,278.2669206642116,445.6597430321813
249.52062431074654,39.50791318230327,307.0685751358569,360.36772024880605,389.449771947273,368.48855800575456,526.8363825004778,481.36869407978554
150.9393692052109,103.92284026495781,218.4941800914291,190.30693663639488,284.31913907813913,284.1078569830108,297.0821585243701,302.5679567925696
116.69922768910524,131.13952551849863,145.888166256506,237.02250449452012,216.3579881764172,366.3274113629542,239.50567759988817,384.828461568887
32.082519143071856,342.3740289101384,82.87343535781237,376.3772269431041,126.1753780814876,397.1979900114087,137.27223234946592,451.3228157714579
67.70381075925364,136.41517241911993,74.35382412036886,239.73315856165954,90.83774463079321,335.30503881335477,280.2196323386633,375.48770780699454
224.7967893232531,217.17638645959536,353.55380101571285,236.17773765875046,367.51251857463205,265.0624181631342,385.6503432609958,352.21369067335377
136.74824323977643,45.75089253144883,212.13707120901833,185.09671826902132,241.7898535517196,312.1016800042514,324.8389019931262,343.84883414991293
41.766579632110144,212.32546438333318,61.261866557925664,374.15238123329436,248.66133582197438,453.7962504765158,473.99128523526116,461.0616062060549
55.95671055554779,126.24205207898041,136.84395827825122,250.2913959880109,228.00246720040622,325.01470315345466,271.9000229030457,445.05105589184325
116.2800458086801,267.13485952549667,123.37068988156909,278.22804528625556,155.98241068413816,353.3560252589632,235.97841399158284,437.4874568541816
353.5143282593357,120.88908310274311,387.4646718630977,124.3749083372113,418.7022725614714,413.4089448743193,479.8708187121732,497.13637475540014
129.29155414496577,280.26504655451646,208.32311178412996,426.92857217534186,217.73744399592493,452.82321175283397,248.9283908180322,482.95090975142165
238.30541832301898,179.68550053308792,304.8098438460819,221.01042096581537,486.136977804736,396.70184854115604,493.2088864100945,475.52009178917916
89.10878777109579,274.1410809443595,251.47974870521176,327.9935457936107,273.7326065791303,369.2951868722565,287.0595253373892,490.8772525833115
385.80438617273865,302.9919833400119,545.2672523408473,313.64450164765395,547.0679704763044,378.5253873934026,568.2028309297527,378.9710581625088
280.52219383901485,267.2037840074376,358.350058845704,284.71701087847816,369.33979549056403,380.10526172821574,406.64650484046433,469.15130273971187
129.911374452112,236.54050418770976,420.429610253418,245.3831285006065,432.0034058442315,414.62084690225817,449.91089657089856,479.32614330099125
333.9284726716518,270.14087866154387,350.9042120391169,415.41410706155153,427.77455914039194,491.50809974863193,428.7564111180507,513.8472825245345
209.1681091465538,61.26965958929516,290.3608146342528,100.82303145641316,294.6324898502118,121.6913587642466,444.91267847495413,245.65756542421533
88.57846031084632,209.539040994775,146.07378823236374,345.1326934271655,213.59022762500672,345.2485905396107,363.2418127314459,437.0326463001071
212.980258923337,175.08123899337124,214.00433853129277,216.37073040579833,232.67391076701617,231.57034688204678,240.43406422688443,258.2492424553227
493.24856238720577,258.9799192773878,561.6196702619757,329.96617008229794,833.3595984109078,366.4603418704087,899.6536461238209,442.74563020090915
117.27447940273439,212.72286946551736,128.12936105804746,257.48402525199793,201.2998011848951,338.88262460563,256.7841248559401,343.91333228676064
279.50893054534794,181.52693104298018,285.4557512269333,271.89856677816823,323.8028087976471,330.24181179789343,345.14198448221737,486.4195842855656
254.88114957418856,169.37992131888933,263.7708938600803,229.38776087298717,288.21142383622015,266.5157992513466,311.7854083100755,385.623515947835
36.216545005969785,46.05507946032959,221.86519748109305,367.13752934109084,233.85134908176587,546.4251379356052,267.7664875708914,649.8869068478706
107.54119343200891,163.7896252430747,111.41908250078535,321.70568409940967,159.1457898492533,322.22563296354514,210.0036851725969,343.97399660427936
249.58027304730675,110.7623631550934,265.7307324733226,366.70750396584543,298.9990176396499,413.73233198919513,375.457638979345,487.8755208188069
264.5825229286624,133.9794896423271,319.31921024224926,354.63542233967485,378.1442883734034,421.53133399355715,418.60649963753684,428.5077848897158
185.03923968992552,249.7703417219178,197.94867304910034,370.83164626688614,289.1598973822965,442.1327449594413,415.33432040101957,504.5505848694443
143.89772364639842,345.11048863817166,271.89628092267486,383.9005348517605,496.17118956223004,414.5390646722175,508.2203745396205,456.2583030069727
222.3868280503017,161.7441182874415,332.4002533563167,215.62979493038478,352.87862865084503,334.94084897856163,398.48349252193987,336.0928133919112
103.43467202737675,454.94840937726286,353.5143282593357,482.9987151417229,357.56353911784964,497.8449808090979,781.2353252841066,499.8148432111208
30.292855434114326,155.68788280069882,153.3026818401226,403.07962107851625,192.02369472587114,594.9004386414223,306.3786091477167,639.5323520199707
149.5736614929239,329.3071343594198,266.55635098339786,353.70585500357186,286.32219515696386,439.6297470539277,305.2200747310849,484.73301534937326
43.93013625992826,410.82389615926024,172.56318814487992,470.53745240056435,414.2024583983282,544.8575782073914,439.6825360651404,552.4261716167367
180.10702333560315,154.96503585037155,196.4204110194131,202.61309485822537,240.24511405914666,366.45971603512055,263.5048944716304,496.1234923817519
90.60402540785607,154.67600711610982,121.37896187341394,213.909492431621,136.6878479367357,312.52160918224155,158.80711351339286,387.93182252484223
33.79743439915671,164.72986011906067,353.67588118967296,454.8311217589628,358.68182919129873,489.4901462883085,501.7908652971874,493.5407522278908
333.62328409712836,84.9231787012907,357.42433361521665,112.65621284566693,378.3000010279296,171.5092824916407,385.62505586695045,247.9530246989153
131.9096599805514,269.1278593296662,149.4539862472665,313.3671209875376,155.55303654388422,340.5117381638261,198.80972274651737,463.54418960709853
134.27893028254525,165.68871224899064,141.72762789489474,217.16735199162179,182.09705498158357,459.4890446325295,229.98316617599735,461.4369853765456
179.9845604459208,21.607942256225236,216.76474390746412,157.55937948202205,220.128975566349,374.7503512279038,294.10522302183426,379.60155432366025
407.1116568685031,299.59797414606305,504.8175919432537,397.5838029602502,528.0185156386946,441.5976940503524,737.9638960720972,470.2301084883776
502.5127308999486,99.30463009341054,557.4736526369406,331.9738248566847,601.4247739137982,370.3195007634797,621.3694188980156,421.312759108308
110.09131105742193,194.07398788531904,139.04653641179817,199.56440399590954,160.22298156646525,225.8148226062645,190.1529943422385,345.7269860782145
133.2929891999989,246.1007331705672,304.2257478764223,498.7136760612279,349.947517926101,526.5604353759232,382.5302276954259,590.8734879357895
88.51624848678404,211.23853893150755,147.78203626498043,271.3102158756787,168.3722980148464,274.14831296866777,196.23626616246227,379.56553918217963
177.6976009219294,62.21711764262674,235.71701656530686,104.6812044581848,297.2391999374267,157.2912121637214,534.7023771443952,161.8280006458961
69.00691324487498,261.74536016766496,128.46476505220235,278.77774573396624,161.16944327066054,322.54012623172713,225.11646001340725,333.4990483948682
182.04494026049372,273.11228253968744,270.1300658508635,312.9558920961126,301.851271058878,409.6985602063175,305.25354929096295,523.5487223311465
160.73822210157596,254.3958397547194,235.3891043612048,269.29480129579696,290.26449248317886,350.7490131334991,317.2924807574493,375.8762213946935
263.4718846226853,286.7263272885371,551.6917082501627,292.5313449608125,699.0350701433803,310.34617120006794,720.5998347966383,409.645476047469
141.50185550410103,125.93850867697527,145.62617339048626,151.58563887417571,305.3254545529955,259.1850079975349,320.7804342773445,283.2624763344264
115.87713523719084,152.72019245997734,169.50344696964453,281.1070946542914,185.5968704188643,323.0427876638627,296.62509786753,401.84982591795244
187.38521055516583,269.7494719707913,337.4433626989867,342.1545689093719,351.0897253727725,348.12690827961467,371.54546617231733,349.80976227949327
116.5163731820938,304.2719639985735,154.9970625450221,416.4189513589737,199.3211416838535,435.67950319194904,236.50715514775402,484.87697915613205
57.865365234722624,24.789536222075412,72.99803285559588,174.4533397496729,230.22889440111652,207.68033878168194,309.0993988419378,349.9424783880287
199.20595489721146,107.30769781900997,332.3125639731256,261.6627059175136,343.56879805039233,300.1336481024606,367.15157107928826,304.7866253775532
57.317871865736954,282.3661710578734,455.289286172428,295.1600147677639,518.412914217632,296.0230101605567,555.9237082506337,449.7311345085367
45.457987987854324,122.65441700191579,180.69850385790846,242.11847105712252,296.17092249193837,466.681000786043,309.1601298232439,513.3899093886586
74.97361784746649,82.43140297147087,78.30037608283293,363.0294512611854,346.7831240381528,396.8161293177304,368.99839657781075,479.28159970437605
47.08197299327528,500.7452509280324,257.5970084864512,526.1547122884674,295.0781180877959,548.3570263943967,304.4566056199152,556.1404892491744
359.39374473454626,74.30416181307893,652.8268612386407,115.18488935976568,660.7873389158765,213.55087169862458,686.8644094370491,248.25961378705153
72.39076683972108,259.37209549872097,142.17382256768335,327.8835539337478,183.76607403086115,424.423051014462,201.020447724271,461.62546688679026
231.04168827506618,98.56065008574316,261.859746971152,309.9919142800838,341.8469801507352,324.976190177381,473.57043790988683,360.9669621693591
190.8384296160249,180.093085799389,215.05983814991325,352.5658962084669,246.32802467578037,500.9445319226389,407.9568164905888,588.3674494718061
299.5011635820509,293.7841378909651,333.9971989268351,498.35959009630136,400.3360401485443,577.0627497851465,423.64813918802076,585.6361998541
130.22974991880815,241.06620640610913,188.0775950882431,378.5863976526841,245.85114426563965,386.6423202371587,398.4846715930394,404.9525119082491
97.58481657970292,217.0835569124603,310.16834898250386,374.46850558552853,311.2908663804854,377.52169147161624,313.35228497115537,463.4992605555262
88.2874965250589,21.401207241251416,180.20356716957716,208.60688234102295,225.0117891468487,238.93563984520767,242.2335680155763,246.53877284631392
222.2688246168871,218.4436464173127,227.02553779121394,241.5784301641436,304.1174099873925,247.2062568009114,308.75506543781614,305.0823752757533
199.1731755359399,342.6400359704284,209.79467129946806,352.6979884745036,335.26724250875037,379.0881698169681,336.2296397521741,403.5653075732427
189.5743463425611,60.58600949123308,191.71815796048944,207.0828658397771,205.44519399091922,422.96503272885354,257.913925865335,441.97590045355327
355.9819659040491,112.69632515602099,446.01612325751785,277.8389846729964,605.1371524644424,356.7895829044932,623.7690211380358,441.4276699768115
232.21262583333848,160.3843113014233,255.55506724913732,220.9804408115457,281.5726988159904,248.42770920258258,352.47973920359914,400.2907608355606
151.23037264151344,274.6150378470887,361.1058782046956,295.0786710094711,473.59851093988397,423.01880351052426,481.6596866354325,483.0425792817825
35.49688524990245,153.35301871739213,103.16550518401678,375.92347013904447,209.71974698396738,578.6251622587312,227.03308929806184,591.4028280046379
194.2677418214903,192.25456200983967,278.3647412762795,203.52252064544322,317.52186352898855,339.6269873825716,360.68908632550665,538.2006175216743
187.21752686614795,159.77718050058704,211.8310877317398,204.55800393502162,261.28571121509395,371.29978384852666,304.93773472140845,439.0014689607575
246.8886260977388,74.0899138643573,311.5095917001295,115.92297078010469,434.4596169695911,386.7861302178613,437.51605732010125,396.78499387005024
125.32818679486175,86.86438880175017,152.49329968433213,273.9131299263886,216.56463123622135,310.3497461191305,223.08841047744204,409.4300549483967
47.89094884827211,309.7383110967976,76.39646211701628,484.90094200918134,94.74084955636941,487.89899492158077,186.05836316533583,492.56874155810874
174.26476690800084,122.37865107015357,202.1684591193688,529.6618734570902,248.502865118949,601.8250134706789,272.30082213118743,741.2163647716952
243.12595807555903,133.9794896423271,261.859746971152,484.7188350367434,344.5463111438766,554.9169087390387,365.7954652439781,561.5011093198383
146.75714587384437,397.87055467341156,224.01835560935214,404.9853106663206,323.0561910274714,411.6137256727822,430.80256949725435,438.873723998147
55.95919353097325,294.2029570792458,151.88856536752584,488.193610828446,242.4403755908385,494.05605136761915,295.05940330793294,514.9088155006903
156.2077929346495,328.8197932796768,342.4481034171358,341.2253578635166,387.57370413275885,416.8650275242741,438.7938993153166,489.71565678496773
216.98173614763624,304.7065695577694,217.0133278599891,308.4466531913681,292.87322804135397,373.2271939666122,352.9244614862948,534.7155826881085
57.476061635169096,83.91487400416989,280.1145030589889,422.54870128552216,313.2732216771316,434.08938634987794,347.21757953102366,461.44104378899027
190.95096319101123,145.69073231589067,394.5004529527967,238.62686260317471,600.2825249887624,317.64853936109097,621.5342815396536,614.5725848779159
175.82777267755176,46.15345110178496,284.47404756958935,117.93393713666988,284.60687475477056,281.2346854209069,323.3278747291829,355.77186243262565
131.127079625378,172.30306386397928,145.89697515688164,501.7050834792417,184.2920523903329,502.10409698481743,250.72249889368993,561.5003319028773
373.42430906216623,276.8468880173882,443.4836208531794,537.1962095479563,484.7519829757047,588.7350791094063,492.11484332845407,599.8193606906535
223.59296959875454,76.06755903107283,280.5830023336071,131.4150227724159,398.4875079095844,212.76348753984811,426.8337601591932,276.73640913382127
142.44880341590454,168.84535843834365,249.53533733647404,299.20258711311806,256.73804327256374,308.12060322769605,264.19576073967835,345.12392890411
148.94262188318032,133.7693961709687,197.57669969199895,437.11253862906466,242.49582659455334,447.5739275430759,276.50118932734773,480.2115091272588
201.5427135585377,230.54133044203786,289.590078883159,290.2147826687493,308.8097005877303,343.4833466238243,408.4011021888,371.48457394603923
203.08900822962534,115.83409502444509,231.81907245965658,140.40130316648182,434.4596169695911,162.54101466446215,555.151327820172,418.8343385004111
35.2970668195089,288.25764424428263,131.44977932025273,415.65398532833666,185.1599520317904,522.1423788933324,187.3017345520239,562.6449813954941
73.50254838890912,124.72993993263734,79.3755315314356,310.3077911531347,190.10331179575724,368.69869215162714,198.00944354952182,393.57580166578157
50.02415212898926,223.85804595426572,66.36200169011997,267.75454061541586,107.28860653582598,326.67128785540615,117.99995199836022,327.941472760824
76.27591971711198,394.2645881430978,334.3737504412725,482.71124998601374,358.1373858427486,601.0750444132345,371.39982948529337,616.8537878323651
317.4957218138343,284.6029825197411,355.1777693816795,368.37556335196496,355.6124699012067,373.1746483639847,459.85359552798525,382.82482756035563
220.9480919181358,154.0185884515217,367.76392743514106,306.2796739048419,384.8824417148868,349.8898935403685,442.26656352067226,577.0627497851465
57.865365234722624,327.21143046445997,122.64715094791083,427.4855020918665,254.59335572334524,440.2822645823331,317.1127697818162,468.4774769463459
125.71400459239182,340.0971787265644,268.6701671484298,378.186863660386,282.055629052438,413.14332756387347,298.8987008954503,475.8502823669817
258.16519214805385,127.22873919055961,281.5726988159904,292.53327093507784,296.08098712816013,310.3077911531347,306.61487913525224,342.2688442295888
608.7439616251045,211.56870195179476,614.4152869053519,248.99790093715572,659.3294442909195,276.5147689630321,682.5958175391836,315.04138628616744
328.049106786043,53.05010089629095,394.06506080889886,284.71701087847816,422.6251226516838,297.6468594409305,446.5125410394971,427.3812869243474
84.10817286501629,120.90135536036992,223.04122281990675,150.0751285527536,379.8489767318006,440.8289012350722,395.7083273310493,451.3194297040938
104.7271915642269,228.86707082988792,213.34817564444054,257.93057926782404,369.8431558560383,265.469317360123,414.577251404893,398.2508462959247
46.03330175120532,263.9927053599541,357.71797169403106,341.2678262500928,372.1889672771444,375.4707794372917,419.85448142509,483.89023110952155
33.31072831098254,313.2986501292533,204.6287194836634,343.04732656330293,330.3048987814838,396.56386165746943,352.3884753908082,412.9091405642304
120.41123788659145,145.55919953871208,169.7372132312335,155.06914833680938,178.91411904058336,180.18908571664628,189.4203011975896,180.2360153952401
152.9288967622261,257.77126065739213,231.79863452416583,328.14786076514446,371.89714730082915,526.0937230273305,416.6149806270264,536.9618819708538
249.201979576169,332.61146442828795,265.45020812417613,389.8213909121001,289.23104799814007,408.16493400571983,325.74324483697757,412.47629000232246
158.00411269186895,110.35549021027145,168.56596940457607,192.79454104942286,231.44547465327676,210.5848339178229,257.43307213751774,410.1269224180035
224.6723495661322,194.0946210568868,351.59693546449427,259.843258607104,358.95023035814063,305.9812092187921,398.3146511609991,387.79063375295283
39.686019262481324,150.44536106096908,220.47541284416826,234.24452315621264,300.88564564505515,253.4578184999739,311.0586067405301,256.78863845389617
112.0482720110312,164.9274117024743,157.04672895703888,335.0002969118321,254.4485677240796,352.909056421694,285.0383441577487,399.119629140099
85.51364706884826,112.47859634521198,117.43154553130476,149.01874092679776,167.24981807103725,259.4910942665208,174.14729461497225,402.3662512791075
26.552117673078996,113.36331051399138,256.7953895813723,150.83234407704046,452.25232761293864,151.64113732847957,475.2176216970484,248.1180627932544
154.2427748597746,288.77865762537084,205.97029045319826,441.98647454779456,260.0842890442569,565.2484610185635,338.5654111686169,639.1021427527512
321.83618768680583,154.39048044239448,396.1329208858427,290.5105789801163,400.9432784361138,421.2359200862316,732.4500289087396,434.67967237565085
103.43467202737675,215.6645688537955,313.10940452231773,249.52695552785454,418.7022725614714,432.7285488662119,680.4138101288422,712.2744291129792
249.57379757682298,92.59614734954319,329.25695259960077,161.15375437753238,373.64676400110125,408.1738580353306,529.9092285641123,448.5700778486576
241.1003297386373,154.58475246275688,263.86864073706886,157.55937948202205,276.5740381605408,309.503957807382,353.15714415907934,365.84080459359905
198.03884872689733,305.57687000198223,283.91535106144005,362.9137311252474,306.70849623908026,483.584214741519,346.98624432232447,509.65556083008283
246.90106345998373,138.78802329593037,359.2750275572682,305.29227593424935,477.5501619437251,344.54216364811106,589.1786500327963,348.1949026830109
72.62297589027371,195.7624064231732,200.68756544201855,232.4020347195519,267.51049950858555,310.3497461191305,347.2342888887742,381.8081376478635
72.01728552228016,313.63568831153884,357.199709554709,385.16426665045026,358.1373858427486,393.3833336170383,499.5103108961657,431.4302279719081
298.3551217144367,365.3322238838257,358.72738375836445,429.7950529493253,381.1967380814549,435.6905086161324,389.43493101236993,511.75839355431475
156.20045965067226,95.23907515688599,166.73265483458707,210.99627820146452,286.110047828975,233.62072517013928,403.9532671709211,340.712980577754
125.36121480708968,120.82321931915982,254.08142130372119,191.28269320735052,290.352976038915,291.1949815927781,369.70423011284316,335.3667408572463
257.0200480057586,86.88560215377113,288.26434830517195,291.1949815927781,359.5745557835973,295.5706264599721,372.78047389718796,430.392690974527
84.41228890861646,287.04401768495467,123.03487814144339,379.3932439276975,204.91536769660817,383.8549018743072,345.1394234268227,501.1166074511324
133.52030766978362,114.29126494696047,237.5384941158624,222.13267177970022,260.5439653720301,248.41129686708382,281.2771758372571,317.1425236164841
335.2136259854593,182.47294665388918,382.3718366713709,205.0203051544845,393.4862848198775,371.7422593993078,454.8340207899492,409.63842540621397
200.4440360324199,161.92496351862454,229.52548074162667,220.47947213871223,237.07969904723373,226.97427286222901,249.10672337258683,282.0632239091526
175.07129907734964,210.85591386453362,218.6256220675845,345.1455369497483,252.75893219498658,374.54662606102914,393.17306960282235,443.9904908876749
230.92384708090523,327.5402606660046,247.09549642160405,372.6446860492319,321.0389444349873,407.5935198157209,340.72784475066226,612.757217522744
35.49688524990245,224.3530411960867,137.8479499275656,239.69176285632904,223.13333329976493,440.92693320897143,227.50484684435756,449.01340678609284
126.54669254459833,133.36453486026548,344.81386274849535,209.58862568843813,638.1550713140934,289.72368550292083,674.2083274102902,378.32444585891227
310.4877633430151,280.1463997319224,355.57122429792076,328.24025489161613,476.41128566393996,348.77434655154957,496.74528277369916,399.47767307100486
133.0674523124436,273.3816182972009,333.37998579195164,341.3054032535327,334.28865496674115,415.5076955062533,404.4551308639045,416.388107264472
147.2326685945823,10.437535957937389,231.02798359831564,83.07525078408621,263.5048944716304,140.44639048479974,272.865267345364,205.67812840447885
211.1498371017743,23.464370096934605,219.0659340092128,175.61761223845826,296.4738273591916,245.07961367063692,303.56947487612933,251.57048519864924
50.72083088080903,134.4281129550401,309.93613232676086,439.3547750509856,368.0195659112207,561.2652493140403,502.14536606315124,567.7957560859653
195.7936548977912,222.99148881421644,295.18031217915615,264.5872676481937,304.0381411567511,275.72538596217436,344.3594062669235,298.4523939355832
171.29874901758103,192.70560520660172,260.87407970338836,249.7703417219178,287.602636909701,272.60548755145214,608.7650209302126,399.22855759016835
258.1801898307857,174.44457683817558,320.6153946367209,261.88633780037435,324.2089659011155,302.98918649266943,446.9905827290976,371.0336729688493
80.01473991634464,202.2887324556529,168.3722980148464,243.46781432205597,262.9242392920473,255.60291118718212,296.7703401295156,455.14799984421353
297.413029513254,180.55504903190493,381.18268501403895,252.71688100734218,396.045452485133,425.08948056309555,425.7888245691961,445.779655714862
486.07859103620996,181.1741468333146,841.6255677511302,299.25335372918056,1022.6387053191137,300.6495586875819,1080.283802018637,420.0851855996142
273.0688815590813,227.07528313050992,358.5127770121763,269.5892779650576,399.27417938643003,351.02700791774265,405.2871390948281,415.5156939387179
181.6091250357696,216.6154705984155,280.2861890182675,387.4970616193366,305.14102440726356,445.73485270776536,594.7018016932351,517.9776688370579
178.35938741594862,356.61204277820246,319.8129661107362,396.78499387005024,418.03408755849256,445.5765245771385,573.1346393992029,469.4032341768155
534.8900738391441,323.4611800364867,568.859279073336,422.9682858487942,614.8168977099618,428.0656433370871,698.6736289424713,505.50917731273313
39.41692681375497,311.5031244378533,91.6494052581097,378.02270637616687,117.3615262908554,386.21662566040186,133.47063981196698,428.7390982133743
42.95914985399022,500.7422262228251,113.33536214988179,544.9186256642117,171.49065815762125,548.3256590044185,180.1717574471815,560.2854884191023
90.41362114482342,26.17639923845969,287.10694127336075,178.9261563458623,296.53447063191874,439.97078862190745,348.3938490470097,481.9058307403425
247.11653862481688,120.6456136683207,253.22460045600016,534.7155826881085,289.590078883159,565.7726553108165,344.7004888622594,621.6908693106664
24.319506222417072,61.47148048061972,92.47114246194472,176.87392352124667,387.82721280143284,409.08526753133214,400.51685187712843,426.860034059342
60.311230583720594,7.671512841115024,66.99085609708139,76.23418826932405,97.31245004337562,286.86699580757437,116.28880509123033,315.33428112662375
277.77659192569763,59.24040252160432,343.4784484670783,543.1261020143387,459.0565678336042,593.611705513747,478.25195724670874,640.7212122573196
84.0282215845816,322.95325553109257,147.51075011145178,429.8631062473251,293.99076401973326,541.9663998828723,399.3333241124134,559.1918547190375
221.24059636453393,76.06755903107283,225.3054492232065,148.7203785733302,246.50565351434852,194.8694770039571,321.59488149597854,224.05431891382733
114.61394713771627,309.6000918675435,148.2032786885653,372.60842968311954,171.6616570110632,415.6667518216927,189.470510294001,440.92693320897143
338.9730619181952,28.597650610864537,550.0208027913727,88.41686515404298,578.4079345062019,299.377960318362,698.2637840910759,345.98488909657306
278.02782682038867,178.11682863898847,436.9363880146649,337.43718772921477,478.776886428914,357.21981384172454,537.015001971237,369.9372103599647
65.30808590805267,131.58690995199342,107.98535291416388,156.88701531731127,392.15372067367264,197.3048788545586,439.9341077460957,249.36259574492342
311.7759489908054,46.46872995664617,332.8041169960682,80.32709916826451,467.3050444636074,313.39071193471796,499.11785005723755,360.27601000513033
97.12533437502498,25.729795469891865,255.55506724913732,147.62731572650586,274.95787358155997,230.03030898333932,375.47903081570354,318.20986729746704
218.3597433143863,185.19919054033053,293.26919934402247,196.29688350323008,297.80570326240473,224.55328770678906,423.94029374627956,262.6647010170849
298.3551217144367,281.6012194256891,345.7994169013566,407.38005600293434,457.9142017264676,475.1307555977772,474.1746513808028,583.8581373341988
394.7971088097017,146.84514458885687,424.13137819027406,233.34676272996788,461.7067727673544,287.5780421255515,494.20524674788817,429.62148525195784
197.9627875829606,26.17639923845969,394.5398375904679,170.62676353602487,425.43416304456827,414.65765585243287,486.79197588259757,507.56153446878096
460.74874012960834,179.75582945774474,476.8824585613118,230.99046052508953,604.2767826218833,317.36116747127335,660.87908682145,369.3345152460177
163.63976333207466,335.953949806374,198.1475638700913,401.84982591795244,282.1830251181518,483.5115614140094,315.4409092952823,497.0708795388862
99.63884346097886,265.31662212065163,143.2419442992453,270.7759147900394,207.94275632178056,484.9885286307657,305.5039699491288,563.9894496005709
118.03969275771685,305.34288136568,365.1106981681399,315.4693981228712,467.1481778193796,403.526398832896,641.5670365471973,415.5156939387179
78.46633245501022,204.03074009260538,156.94195274459005,214.68104061612652,201.0122653292089,459.95451394949225,217.90117224021387,582.2345492092458
155.82006981764567,236.54050418770976,306.3826916437095,299.08629675420985,378.72302576182847,375.9195909864214,419.21035433536144,406.0337691809321
309.0745220625559,152.87830939694393,320.5334684687498,357.8759281644861,372.09074622668726,382.16424941679264,431.4900611015913,459.5006450600012
149.19731716939845,268.0997717106949,307.69641057808076,312.21662600620937,437.38558822304014,464.24916907547913,475.3863183540518,480.40248418920015
300.41570496160074,211.26345068702958,351.15957586017885,232.6462420099032,460.72866425479964,271.493358108648,463.3230522276382,289.04665478046974
92.58004556101935,146.42067831532174,128.3693111707232,379.1338462507854,263.6425128567932,415.29898976114464,348.91755059392085,464.07665341961194
384.3714556833177,206.2095935984912,402.57520560095907,316.01418728380145,455.3842500572452,367.06019839773995,575.8266081646758,404.3741012295941
59.214648679284764,421.5917509604535,204.06791777390282,428.8188410076964,292.6544953949313,632.6284599160239,397.10500503362226,639.116128672616
1231.2235732021788,62.943374354030425,1452.596507886827,77.95730778459033,1858.5018981535122,399.1780765461585,2039.1831425550438,457.1755205080978
163.253462603648,144.74192221106162,185.372600485707,161.75771555441963,264.8216597300072,229.61376866625744,407.1665195277012,386.4768319077077
158.68682225805057,508.4504101933957,329.97314528638543,556.7430007052329,405.4136088363083,590.8734879357895,432.66114926129853,636.8174620263276
59.364453294975604,300.6209192683319,176.09245732323797,340.0971787265644,290.605751503996,580.2280919823598,320.63822259563995,601.8084342781102
53.29107067489524,98.99144234950451,262.15848037983983,194.07398788531904,270.00482391244066,211.62431694428366,270.39588129320686,284.4418142895253
104.81547790854228,262.6647010170849,207.07408451069705,282.5692195701282,334.57065182002,441.86262006141936,399.6492316999964,454.10488273918844
252.82953038570543,104.59416090646388,483.40585479610615,342.8591887783856,727.9616622875621,389.44033674279336,780.8697653510467,553.1367650439477
305.25354929096295,396.4643562852985,412.24053302349637,456.5916059041856,485.8594441034339,473.3990911242408,493.51992009794185,573.328650382664
235.48964020330112,262.03239961377454,306.5976708930601,370.7519127207124,419.65368734299443,396.74125715165854,457.29413739177534,436.7059793261964
31.38049401110072,285.12139256846604,302.62433091577554,415.55125125396296,407.70741280110303,545.0868051563616,430.79764930238747,557.6170514979375
78.9827014375391,180.94665726784606,169.5289933583988,311.3435515564005,195.76298602521186,353.2421671476827,197.85961181710738,400.9198109556361
55.95671055554779,371.1843457713621,192.17128517041678,404.60826814108077,230.14780422018762,509.5455584612306,247.25133338343505,546.4442460836921
52.711771512408276,297.18548959646995,125.73384971806257,318.90915994279385,252.32464113202752,374.87571537987435,261.8461589302502,391.04409501365467
140.0239482988356,157.67556560687567,277.49977908718733,269.7132745054816,404.94438867663666,408.0483439063417,417.0056309529074,451.31409505335745
231.516376474274,385.5248078036824,262.7916605269389,617.5944674575153,369.1226217033324,654.5186427177883,400.9983041637983,694.4300598184045
585.6507624360773,92.98600745074235,756.8129181587675,393.3911387730049,814.1183018746829,406.7440248763769,1066.6554488457998,408.0144285647285
182.96710253479532,196.29688350323008,226.1688882860721,221.03117094959856,328.29339639214254,261.51970610866266,373.2443474232133,282.5692195701282
52.705375467112475,144.68764508011162,116.0410460717484,298.2408746764525,243.06489366745484,347.9799105366217,259.0399321977148,414.93323430125196
305.38335471776645,318.9927139308962,710.5429585583995,334.1584156816951,713.1847370277101,407.8400667824511,753.806940618955,450.0872717676216
59.240238859509475,180.507176610787,128.12936105804746,310.9772518780293,229.44368889969172,349.327896341759,236.6313122614667,534.9023333173847
201.52160283354664,250.88935481772174,260.87552003023853,364.63120659192043,303.4390466314999,526.4446080180982,338.39779668765317,548.9376079938768
231.42778339837082,261.47530105568165,243.5718014332211,316.37450559069276,309.474581318881,338.8903250158665,334.4681244967973,515.9843555213308
299.0906143007644,518.6706879176573,301.3127166084793,545.8897251317801,333.8545709221103,652.5303694492679,360.1395897839743,767.0527111487963
332.4002533563167,226.99812196817544,374.1815092171154,312.01246555255744,507.2931303957204,348.7359006574391,529.8006417078955,416.5523778736051
49.89488503851247,53.20669484844318,142.1083435144956,357.2652062824417,143.5017894113959,388.47793320058264,443.31529437601023,455.8419088073399
27.770362135239854,118.20805702658419,390.42385307723316,191.09912000054965,423.5340227256687,271.7182821105808,496.13373183922243,312.95962190909376
135.84358532615747,157.2912121637214,244.43314638591016,219.28828149364207,563.3896223908026,226.31168315247805,647.7342255471154,246.94220067844185
28.690931019124104,190.23694489378872,84.30765465146916,359.0620697341551,116.87867077674724,387.9131758848424,145.718359109205,446.96511740611413
101.66625347607827,91.21488833214222,126.17895150943713,253.589374178153,170.07475589256163,351.4722676581131,261.28571121509395,425.3317232809335
348.0419225410871,32.34314672587679,488.1941094155062,199.419953273737,529.7156505628392,203.52252064544322,744.53010810501,354.0137762691864
456.13860864259675,165.03627637085285,659.8300985558462,413.585265621237,677.5485459796724,497.47465500597775,688.6765974270813,630.3456725874622
453.26967289051777,430.9055266133381,492.3941066450802,471.35223960219463,554.6613093590398,482.980489195937,556.6119049015068,496.19506839965624
235.08415943183434,270.14087866154387,255.75894965964133,308.461109668298,379.6385261231051,460.27497753945477,379.7958201265727,565.0272154416436
70.83965652151626,166.63695535346793,172.6715951872491,311.34650284648546,327.465706056915,397.9959201986443,468.7247202207603,699.1323952151015
400.1341171168448,374.9294670831913,429.83616225581846,403.1988790569496,471.2131236853329,411.28738994328194,478.25195724670874,422.0391483003031
400.3360401485443,192.36782744402745,441.0141468381134,200.47347454242654,485.3010478673809,282.0632239091526,503.4877889080345,288.6240725535745
92.71055816896393,188.3043783906928,240.9908848577852,215.88254130912776,458.9003918254709,397.329233892012,514.0917622775127,425.08948056309555
40.401267939086324,322.495325539509,240.25123173988393,325.57058325101053,264.96131764284803,335.7830368689207,328.36231178071097,336.9807813938864
63.297938105675954,81.09192511479107,99.96728955553984,143.77472153608917,188.67696990931987,190.42345026621058,424.10004098520955,291.77787580570487
201.94405118292573,322.932644754659,232.02368193154632,333.4719661389688,300.59464364871457,369.1984084459828,307.47239543354306,532.4758409854412
247.42880650637255,249.52695552785454,488.79143530386267,310.1533951611827,502.46026826306974,387.7302927994249,525.2725824138282,535.133552332055
219.7810920193282,236.01841504633578,362.5020037135065,241.39699496643914,398.0719916676041,349.10044235704675,417.10116581065444,362.48819764660965
150.18574896719917,504.8853233147608,279.9252427125601,598.4927968696168,378.72363130755156,778.3038880264903,425.88928243020695,823.0230734062181
137.77455471207242,256.76924475783056,144.14424559749276,441.93856117630025,254.06052369723986,471.06188195113435,311.6987471638339,481.11547198814
271.37998386114475,316.99426679904815,371.9002535916035,331.3186566406792,447.0732125406279,496.07405756758203,515.3888361116495,520.7207703011927
32.18485479713532,54.55952520629702,90.15452090642283,356.25750044874314,264.4886776389205,461.8714097613418,445.08998643053224,473.9508792149092
356.18487737029585,386.76317465029524,367.12386242488975,494.2486486078446,405.2554116229895,500.3485926978976,561.6196702619757,600.4976770823396
189.4623663929455,222.96297733503658,190.1642993958021,287.72546906398696,206.19600464539894,304.67215954353185,217.38725258356297,347.71179364716147
93.15530541387712,25.626617212884486,135.18019922483066,142.66469722949878,171.29874901758103,327.58255855552767,469.77869327947326,501.31931022816764
167.0861491741639,189.88756682572063,168.3131810431532,323.69852150634154,222.11936707690762,364.07126191429387,232.94270136289464,483.29708539341874
172.65529371576227,69.2364056486956,405.5170463090569,336.54534117480324,408.17517404113846,484.4439442621853,442.26656352067226,492.0544452575688
285.986001505342,473.7649575089401,327.6033842288485,534.6411725793891,371.04270761215236,580.515207082795,386.89870186371587,632.2171320183647
83.83504417436544,274.4454445123712,299.9665493113041,399.4191413833521,301.1484984113407,465.086612499662,345.05464577528704,516.7083633489856
619.1628468909242,171.28421839027533,705.049076796901,181.38308883114973,709.0642678002897,489.5205210622163,731.091313018537,506.1303293917568
216.98173614763624,71.10847421616016,246.71193713180648,233.34695825601034,313.00976466607415,269.3526035054514,321.51780928197707,311.4870552155089
66.74654866405423,162.15628714204172,155.98241068413816,202.44740804449904,157.6253283406149,279.63169205572774,211.75729523701008,283.20164467123885
64.09437970977646,285.18592668484627,109.18298861183003,391.849441503864,146.87040278796476,422.760430988678,154.24237478181342,423.92608196914887
136.84395827825122,181.63215406756782,192.17128517041678,202.25721751554465,254.68614816609022,439.92930888291227,346.05869879960494,461.44104378899027
91.66280836382414,325.5627580516256,234.93690146947665,386.39448427630344,370.12958657064814,417.2274067392234,397.8794928322559,457.1405322442478
200.10015146769294,202.0530705594778,276.4528430104878,298.48112470550956,345.0497445926231,420.5056529015076,354.2928760479237,435.21548110519103
43.59962334839262,54.335439805983505,117.01073133778567,360.088681104176,230.00571137696258,422.4802978320552,440.74274626353485,573.5575578317265
38.75153091488326,159.56828609123403,424.1328404257649,213.3923459812368,541.839689293718,242.48033918692474,634.8815002485574,263.3106898081202
83.19790384565651,426.5806211700046,217.9030792614598,450.4034878754087,242.49582659455334,566.1147421297135,250.5098649727987,586.330944473385
116.2800458086801,223.53727967801467,190.9373434955817,258.2476187158732,247.16038090788425,301.66715939108974,300.4601841707608,377.1763579052133
343.56879805039233,177.4362893551864,370.997995823687,299.07752624343,457.6748820660018,309.3920859402828,463.2392313200882,366.92592460035655
600.3345653895065,129.89006926974764,746.128029986152,145.69073231589067,760.829985129823,259.8050519765014,937.7396675802586,705.0191448248712
133.04963954187332,134.79400800187491,168.5786614613905,176.87392352124667,266.7095552499641,307.44769470710077,358.90535494434715,340.42960381035783
159.38228213772535,262.74678921264103,404.08264264462315,318.9107145827961,411.4606108021125,407.1036476149556,446.1983670797788,453.4080333160357
133.5486116410077,280.91901870193504,210.22804865142766,331.44496195883954,422.21893033142214,388.4696728244737,470.8684518889332,404.77105919986957
87.11729712824564,115.18488935976568,294.806603831667,148.144012341396,315.78236125695804,165.26345453048614,381.48855066085264,170.18237790079002
174.72566125685938,243.34901252609802,202.249599100434,272.3944690271564,338.9065223766425,422.3673998282203,354.2168783925081,443.7587533245689
212.07095478004382,101.7416838699471,320.15291293400634,258.25937135757727,364.3542955181463,313.6899146136055,405.15382955438184,389.8228181419393
121.78946565295492,63.411029688635104,681.4049183050953,264.8647979771805,712.7163464504104,281.561281039814,777.4493421978649,298.1456457287514
122.38765221447665,139.00203365428973,181.959506712488,358.0734014083035,353.98167104616977,365.22414306503634,356.9917237004288,433.6008137730144
83.19790384565651,175.78329355975896,170.73406689435723,380.31627094291787,276.50118932734773,456.6034150525447,294.03227713339453,466.681000786043
132.30777973330996,70.92263102551517,205.71070151844174,355.0218565827221,351.1818015118816,396.68220642342374,447.1991260806742,485.558957817821
479.5107093217144,151.6961460538073,629.4687143726197,240.06740572333214,648.9664859228138,427.4414638246898,675.9156134658958,439.3525463488476
561.4146238301223,305.2001087602269,737.3218868601774,357.1073630318704,756.6357566975048,367.137643625603,902.7558939027456,407.06910159548147
98.78003430999699,173.88087396078714,180.4534714893509,378.3993544279372,288.43856458485317,447.00819005070787,342.6001384058706,478.77210491081627
46.3790275752313,81.86554516092771,199.53805228952118,169.67862583664203,212.4142210544376,223.42286254548864,322.46370000914123,364.7278478940957
142.37496654814512,213.68464918322522,319.5184366061494,268.46334986880936,598.2221584937163,303.28914180501636,610.7745867450897,351.3962502410448
37.386766253309354,397.60258285324227,47.498643288667395,477.3509022724004,72.83593019655821,497.78954050234324,199.90877126542105,501.35167510624484
66.06861573234994,133.49841527354886,131.6378231435641,408.9697509776286,142.1083435144956,417.63011078250844,409.21231478958987,500.2881440209958
184.10036198070503,358.60475805953223,201.61090252355157,451.5204864598354,230.10576530213714,471.914866007752,309.1547887626934,492.9993203890617
149.58213790305595,158.8356580087235,149.73264450602,272.2830423857431,158.92682080796396,297.4287685804685,167.94441266844618,298.0589945833723
258.3437303770792,246.6800724402435,267.171695101474,250.61428431050064,280.89986209895267,412.9091405642304,288.52857794948767,430.12611145918873
431.6880378275674,499.1955164291046,455.5571907847323,554.9217374647817,471.5549388319363,680.5403670119351,539.2359686682194,736.2089744760708
224.7967893232531,271.6241871364934,253.92267655832788,313.39071193471796,270.32441203929415,322.22112663925554,287.11272534448267,325.13163963645275
185.56404700287658,335.953949806374,217.9093811142723,375.17069724156926,398.76117342317275,503.89809757279437,426.06434382487794,532.8962622742755
42.2545505796516,154.47191859978778,97.00304178480621,410.4334098260399,346.67787003017384,423.5389280936522,357.1849589026948,448.0418410374478
282.7191388240824,289.7228739824334,397.8280845103674,327.5547075725534,534.3909818641154,358.79091110577957,544.4870694695876,362.2296363242965
38.4173782672435,186.65907345400714,72.83593019655821,273.50864641034616,73.33114416338007,339.67015165898766,209.1570090086761,365.01314657642126
45.673205498997056,88.28335957205286,123.03487814144339,204.30920916936276,318.5224721103956,218.72921093915593,453.6722261041959,230.03030898333932
36.30291286044152,210.28306711803415,181.27423287324487,257.23693144507666,189.4623663929455,313.0925295600286,266.92458037435506,374.7537180711876
288.9020068905774,122.65441700191579,338.11390619077247,309.88549640475424,391.62957797297844,380.31627094291787,401.58597232358846,463.44982689141887
92.81229134384036,187.86521758729995,133.37208766841147,205.63367309680504,195.76298602521186,237.56424083631128,198.95559297493733,353.37531133043314
84.31141435432109,235.99303621768007,201.80666670893982,250.270780055513,296.0766770311919,322.932644754659,305.0795436993313,359.7389057432116
84.81154548676183,187.62214734295102,241.8524446899071,275.4317442096814,273.06732401831067,293.1456108533703,276.0715724752294,381.556865832285
203.65380418317358,128.81024341143808,220.8048449039761,204.54596724133117,238.56663795185437,324.2050588341369,241.64861536733235,378.4500081767744
197.57669969199895,178.51324919423158,294.03227713339453,215.03218839550675,316.6507932465641,216.97034991288598,344.2788731517612,226.65598394437714
102.14844538722848,267.7232159201809,320.0556439108008,364.30835625105743,425.9025945166163,395.5576886861024,485.47895268939504,564.859727018724
157.39453188295525,190.99263202813725,218.39644718397196,260.82966145460074,265.91024525705575,289.0193579379222,306.60010677541146,312.7202695575345
86.80530461511164,149.49081662909708,237.39188786484522,176.05803982119613,252.45872080887082,303.23929023866054,372.87739785391585,312.96844534863004
252.5418586627724,67.55994728948997,264.92544273783636,76.25162123592897,374.132058326514,129.2069922411931,441.0578271996811,287.9113235115149
455.0664526737979,86.88560215377113,636.3742333411924,307.621354985627,744.6390381763139,335.3667408572463,750.3046055890932,357.5549034980513
197.08127378495504,166.4905387749182,441.8226874032012,304.24089197915345,460.387465402908,377.9282601758735,526.5366016445149,387.8750087380813
220.31301186094296,105.29399049419418,341.6250851546249,211.56870195179476,418.31536987590147,220.17078499948653,445.0413873896792,371.7286076910526
219.74426142275252,171.39189244412162,222.04216515280993,382.2597385696831,367.54745367204816,430.3367825592184,391.2516430458829,497.83168353303023
161.20053611156501,68.9249822675611,312.9645615631088,206.47171969385334,431.26374172116033,231.49841466304403,431.55009348133854,269.83902679910136
117.54173478206063,92.98600745074235,160.7983244077761,355.5946088806301,281.9597372706658,488.7227934558695,325.3118984645456,494.79618733663074
47.78220294371299,227.66240755452716,195.40710319976586,350.83715613704493,307.1809304100668,462.6670854854552,570.0214237209979,513.1838023823783
178.59546762998116,100.44266334329025,202.88920699165877,329.1875396831818,264.8621422394897,497.2066168658631,280.71717958369595,503.88834364322656
213.21916223403508,145.4807529036877,240.18544463087522,150.1586717245855,312.221884704603,238.31770308322754,339.84341855207987,423.4905350484425
328.6603065465279,110.44437909049967,391.5124094520464,267.7232159201809,484.0422308783778,335.05439363413734,487.2526655579422,579.4745235340865
288.66286788743935,242.17074971078765,317.2924807574493,311.1588009442832,403.32019092489,412.0105174719316,470.64786101667363,578.6390095892023
212.41107494140823,359.6662843159913,231.98820937654068,550.0087058768191,287.81111152231915,627.6567201063955,404.3900190509986,630.6639621422896
44.53509186717639,274.0862317363964,157.38778868075255,490.9566452635688,263.79707153145483,514.9079830647006,291.7231702266157,575.4120750227997
24.12128370768638,263.68062146387115,83.05539344746303,318.46057288897634,255.623608129817,363.2703307144144,273.1722026924078,500.9889052868484
218.91604234172308,283.694679261031,346.1900833128748,315.08896684117025,457.9142017264676,381.2830764606785,479.480761984879,421.82717450386406
24.12128370768638,194.04931994235096,61.188974422419,275.25123758124033,249.13089787716157,404.04803183619725,279.71653851981097,457.4912403483541
210.59519916156228,81.48825931387094,252.41367329549877,209.2894642917174,276.6438224261123,333.25696447607083,325.6497129474607,474.0749946508482
258.75258312879913,226.86119072985312,282.70422886170417,285.95324372497674,322.23588565391947,393.0135034338773,340.45563070929734,399.55509226457156
113.13993888865014,37.93189709580528,245.4466285273096,187.30455068021598,278.08287590358714,208.60688234102295,297.40674847368734,311.0926862232165
172.11701529773453,117.52778868755618,228.55178665324044,295.08487437189746,243.05441386712832,337.27984110625823,244.82485464498978,349.9913410837204
81.23786303534949,422.3760944681918,99.08879896109715,507.0657141376298,169.32956075816244,548.896732092538,178.39135945443488,732.0003992548358
354.10397150115585,129.69616327322038,379.7039564962649,380.8943434671232,436.25853706590874,399.96508693946254,456.0524180476963,451.9610631742473
193.9392886315213,169.71438033072138,221.3407322514469,306.8002806633846,237.10863773728835,324.515894562186,278.65495694912505,334.4955358539733
462.8050772647891,42.499754426888536,497.611068901471,128.1390826379309,572.4761016642572,187.47982673356756,604.5893396147934,370.9626384520775
82.86770332329715,203.19781269113403,115.69346689883626,207.0828658397771,168.03789272062164,247.18563281739827,202.93027795256197,251.75702345303827
98.1703124746902,356.998416748253,248.85768007702274,386.4448900995722,283.1107387229291,427.3615647235397,323.87832947111593,673.8102859781061
273.47975743025717,272.78280435151066,321.0762636012985,295.461255252436,344.5399265126863,330.72025724097335,365.5114329769439,382.82482756035563
32.10384043931273,349.8269244533972,65.64024777266138,394.7368663719626,88.66430129947726,458.13846426785693,266.25011477174417,460.85840468537964
137.5778728356014,396.45949733927165,267.22464776701213,416.7888463740598,365.6166609329766,446.76070274433215,512.0456202174148,451.1137608021224
153.0981811926535,206.40163987839966,212.98651949449962,269.5962826902413,273.57265335918567,388.6762663421344,297.4561484845502,411.7561000167949
69.33812282578835,37.34070765129278,152.12504296006998,206.06353038619986,286.0309488060357,230.69593119178262,317.3660480884537,290.3368745065074
143.95709772729018,194.89932672791053,250.28660423866378,261.8825630546589,272.3538252060893,270.89261244299496,306.7828965394809,346.4948476664489
523.6794716425585,224.79465107753623,541.9288208912975,350.18096848045974,552.545999028583,445.0036884130362,691.4237493461577,533.8093949828243
68.0736913738464,134.6656281561559,130.50592163125742,338.5984155024588,335.90164677084056,430.0328794158616,457.5225042898274,442.0257998716908
226.8915435871957,327.8077949754242,238.4262900493104,372.38155750833954,283.52860130308414,407.81026451448764,464.2779222597156,409.6099007110883
146.08452208270154,87.69078221190806,354.60414369716904,359.21539282247994,388.1048144241035,401.57125180117384,479.70515223870734,528.8616891408191
37.078669428297786,201.876273361075,383.8666317983704,264.03773622887803,449.2796105532075,324.7018814774803,486.1681921172833,416.3671991233082
63.48665586505089,426.49639827543484,69.54275716754923,428.54039278012976,74.35382412036886,453.95436622420794,345.32055838957325,466.563714664176
39.9454518405918,270.9546333495937,155.97119754432325,392.79995361539204,184.29464019094695,411.17879530179664,189.8005749155393,429.0665115682333
527.0244615592778,233.50371968326175,811.457591573719,248.9668346685423,983.4157891966729,332.46930905882283,1335.5365694923394,600.1885869262316
330.83070325876304,179.55133245672874,350.4975176603823,272.30223064408756,455.0664526737979,315.88925420324114,602.3398454189505,318.95212823105265
132.6784085504739,358.5304608433663,166.9718416790649,398.9625401011604,193.07396192493627,423.4905350484425,208.78985525771657,447.40846476112523
51.84546831663954,305.3087770817328,52.26975588149275,534.9283395797199,94.11487040992239,578.9218333951864,163.57655144344542,635.6995596253835
30.316028677149635,439.16047492672,58.86014656869773,441.92940473742624,61.39184942982399,457.62316399623205,95.73587383505411,506.0889538718848
188.45232419277033,191.36731244489826,333.62328409712836,392.9077402736981,459.65813882889313,492.12587694802306,460.387465402908,568.2350077820317
27.351033948453935,310.0691716640241,562.0761942159714,350.18096848045974,870.936446740301,373.944918415828,911.8110128517958,468.217970639569
369.0246394028464,283.293472977287,411.7083243020452,385.02581803939097,522.0102865084033,393.0398342598621,538.313351935064,520.6643352910482
130.20121029747452,338.32259705770315,175.3337859831153,535.3426646123917,177.88672813828367,573.1158126334266,260.5439653720301,629.057837506291
307.48272712658155,204.33542295386408,478.7624587211975,275.25123758124033,608.967978238559,335.61018783143106,613.4798787783116,347.8768918744695
61.83710445761145,45.475547730667934,222.59096353564482,250.5230554299278,255.16147001246645,484.07544395510234,257.0682499938785,498.61279427785246
185.1053734000779,40.80256901839861,249.57379757682298,314.0929674720561,333.3891679962303,318.07095590447585,383.1211369983734,378.87741311123096
134.77868416407722,106.14434626268564,360.4806051808242,181.2854262961194,375.6710982721203,308.4466531913681,489.93890706400265,384.77879014652285
235.38590439780722,192.8226616391114,297.1220063915728,317.9903712390939,305.693413258488,328.4690089912298,331.53554081465904,441.79251426966056
129.79127144321848,178.24578653983056,202.88920699165877,204.38209160398105,299.3163238509599,365.84080459359905,315.45245501672576,374.7503512279038
103.85220417077875,435.2191296846449,179.84947359864663,557.2382885803448,219.39230665464302,571.9593034639331,233.562805305648,576.7508240442147
424.1492258857506,365.3322238838257,451.7453842977086,549.838372671735,474.7051763595089,559.4602819604685,540.1093017048125,643.2904881651574
179.90436083356548,57.671600142701315,189.4203011975896,181.98265757341784,298.80460355768633,259.1850079975349,315.75752686683705,326.4303317577977
125.71400459239182,110.95874764728244,180.23978962620345,116.80451165704332,210.35164867491724,347.49563876534756,274.37534619607084,348.5464906086611
189.78217701632371,109.90326190952837,431.45666641118896,216.99904367459462,494.94516020305315,228.5648399451967,536.2007872423463,266.5297533024921
46.80161983378425,43.83351529859326,81.1032138171805,93.95120241180035,109.12418721204254,250.7165200727119,199.69552666579764,381.176444893483
32.61268029169071,192.71813109049535,377.310095679971,394.3582996359344,380.0085424291494,455.5887287897445,425.43416304456827,475.22308281066864
165.8447631305115,98.56065008574316,498.8124701597307,229.82151541010083,582.8890655121747,299.25805084222395,587.1365425787052,349.44043233648
359.28080569707186,287.2541247092813,424.3016470399652,344.9743165311185,434.8617445250718,389.09529138870516,537.7160983848361,497.3673741957674
176.96704937145878,103.2191783626713,180.03548887010217,190.99263202813725,221.27103539412917,280.8234258804892,355.5464181521942,290.96503913690833
152.88204341630964,475.7976345922617,162.60053556721775,504.8853233147608,266.92886072270807,619.8314467766112,275.40032012362343,664.0615234106838
193.0713418340049,203.80830957323522,256.02874338982866,208.63850003906836,310.82241457789195,418.129780301684,322.17573372433196,444.2263784692831
89.58138443683553,192.1200076161387,187.4098780695115,213.45042134978704,371.7095656085885,297.25734037933745,411.6689287710945,395.4463594343548
99.12919039431421,156.20155959150452,186.28220064825047,198.57769801429137,234.10402983353367,405.5188088036143,240.3396455954717,437.69580114606117
175.64638433926692,362.24869052937595,216.6286240637889,436.91677651933,253.50350425437884,506.021798550539,362.6547305514533,600.224173392607
273.8622849161115,201.88135448185812,441.3350938417961,419.8760852239716,511.14866939207445,502.0316876062813,538.993362675472,565.3944848507871
124.44589968456953,245.3831285006065,403.0044938813199,299.08629675420985,421.94241235548606,410.3500108337298,427.42320987409335,523.4295310350475
291.0712951086844,98.78848606983668,331.7739672298974,172.05576261445626,379.34337583263385,289.0089100056428,391.59738199744515,312.6419036335351
26.09534177793467,273.35729257682453,69.90845658833744,437.0333283935783,88.1324139811132,544.1507513513701,176.05942116924504,560.3020697654111
156.16956597771394,224.5163045812449,177.12714079468623,258.5500084203789,284.3791023078308,333.1262446085229,381.856826808782,503.2852599261905
161.3854736587482,82.43140297147087,197.1358879948388,439.68375877311837,572.3989927096893,479.00109723189854,573.1648868493924,489.18114594887015
287.72126691248434,117.9720528324005,320.44363249221834,369.31113256566374,401.56175762405684,401.9844484498482,405.20567421794055,408.3385569213811
143.4977459344358,75.35584430577923,234.97178992812107,90.94867802469105,378.1003037793382,343.55404469117263,393.47938728418984,412.280473291816
128.20601134109884,261.08835408268794,229.26822316298194,331.83546615730074,255.3379081162192,359.0620697341551,363.21360004121277,389.68840357999824
52.868625510556754,178.24578653983056,82.86770332329715,269.5389186324555,189.32783877162697,278.8956654439185,193.808403126201,347.49563876534756
106.04240653172702,262.8024210116404,319.14876976665107,507.46157602994117,389.6834367153944,515.6883877372472,441.82879679579946,650.8987301550959
199.66782895873746,135.80453601069556,289.02152354103396,229.07630690212068,319.6072399375817,441.9182633862888,506.5297994753519,466.5456104123788
181.97055996162095,238.53494933728246,258.8109360820219,516.8683045968125,336.5969847145042,540.9872956515715,394.7971088097017,547.6233716932433
484.38873567190825,301.95657193752453,503.9580258200589,316.4791060788875,552.3145503215272,322.00674434785697,599.9416644493053,357.1210095745026
143.06536975699711,147.53936974503893,147.771006799986,262.9034656420571,156.18315358234148,270.9546333495937,174.1417203549696,305.60570182261114
96.57816040690425,167.25288586901195,157.5064839348912,227.10835530808097,171.94045272008503,314.05555494812245,331.9400204486601,371.84782070672577
445.67179427314284,143.19232777765902,466.0266236580982,245.06835649179212,542.3789864103861,254.64736628726783,558.2566441578954,276.72565988076514
93.82317370482464,256.92686444809124,187.31613155045278,273.9988243662932,244.27382968914372,314.8601767661565,408.79446897773613,333.6658728559216
328.6603065465279,258.25149027897965,394.96482012594623,303.42232522754307,467.00334784666194,375.25792140379065,498.20150575460553,587.9870933999763
198.4472035091623,284.22971313025744,234.03166319305305,307.16125073192546,302.38986124753876,395.89299638291595,310.79606051407933,417.6100634630108
218.59708833981603,112.78398375015196,259.0181833203321,231.3872471187601,322.8413994110348,235.72988963443277,361.61189432574014,249.88712351415674
271.1890087638234,405.09226376285005,428.5561053715506,406.46786392686545,471.3687798775258,434.979254116537,508.9016336776976,457.1755205080978
38.11660274874056,327.8324862731763,232.63441617985816,417.17436225163374,278.5633217213905,476.0154126419001,393.4584492107483,522.1236286062683
76.29824532598695,166.63695535346793,81.01329330160804,466.61201423591956,187.18662004633057,548.8621864268872,244.28729586576898,552.8642838081008
54.285135280117856,63.46339844468193,87.52605990361015,174.09216887088851,97.02332059099463,225.75397647863605,176.77728832386987,294.4207120503691
41.57335078410868,268.53523915338934,94.4231670986267,342.6400359704284,347.5854097355472,372.62551758155524,354.43023048537515,435.05885817464963
160.7983244077761,54.6631813085312,178.96989676692795,124.96418032660964,196.98855776335654,156.36401264143245,294.67511882596057,213.3923459812368
116.03397437012572,114.13573182827498,210.59519916156228,260.0471919135031,228.363754095836,272.11595405000804,265.165503898455,350.12303708239426
124.7533558048033,214.1726400430766,195.50891385996346,299.8097159124038,196.86231484830017,376.73734415540275,249.79513134312882,424.3037395386706
44.08643150515716,160.25993222635628,250.23099747787785,228.50082752429586,265.8903707345813,570.5306311735334,270.75590187381437,589.7763266409567
220.4028232073059,269.229720063994,240.83674673166126,387.73108114299066,244.79830026323623,409.8001719149133,245.47206944757244,483.8373897134577
213.2662179136576,170.94297584293366,396.8188112402259,225.13315376166472,440.119821948516,236.7616652719113,488.18969923732396,308.12060322769605
30.789611422192305,243.13355566680548,190.22604732648816,255.42173237700223,241.1003297386373,319.2275834156036,258.12190784803767,347.34821649308736
88.89761753066342,151.34900994393743,277.2614445710669,449.61860071175215,319.38169399736336,453.38244704553676,332.4114648483409,473.2583063178594
169.62954482139264,114.1850589190643,171.34517256822863,181.6998615519863,278.30141141609386,292.7818308669378,359.78150712834474,345.1455369497483
232.02634265565734,284.0960792605091,310.6109429213517,287.5780421255515,401.3115301038062,341.1996600539638,866.0851113698118,357.6806348577663
165.2313884627146,190.83113195501156,177.6976009219294,465.086612499662,183.04702756494743,484.84700222156476,460.49013483428365,507.25109020881376
28.365145031481912,232.4242868561409,164.43266303877448,235.2519757516404,612.4284242646804,242.1049351685983,655.7584687662146,381.5673336688389
36.20299483202616,155.29041353147517,92.58004556101935,185.64247784629828,215.7860243643846,283.2966929338261,375.73218293172516,339.4732207817723
247.25920522066045,166.0615595198613,303.380204216836,267.3987451661339,308.1793063384389,269.323060827615,334.80027610906416,272.1749763069489
51.528170185728136,406.2534472336493,168.3701877426945,412.3826755754598,202.1111969496962,454.5050435622482,448.7408744555284,501.7319152033602
132.34869540567894,307.82501670147593,234.18616225243142,309.40832987052164,451.13549657934016,319.672640023859,538.0903575072625,351.619749879965
510.98300630647674,89.78576993553213,532.3664036401681,158.77499267598708,542.7240814298851,228.87716560370234,687.9691216527442,260.1766506735151
34.30847298033715,278.22804528625556,239.82192877503493,474.68872491270935,253.40356448496235,511.5115205990219,277.3400631864425,531.2798044703289
133.2929891999989,113.98831866500346,244.76137246395913,548.6237458986709,354.5848471476995,579.4018061217425,475.0017605797087,690.0500015256629
589.8094781160394,221.23210746300856,682.3538916488213,226.86829656123106,737.2348865431196,245.98318114158116,813.9693398500325,256.6399338739142
178.35938741594862,190.1780443426837,226.71764794783246,199.16752808760117,445.81255465971526,314.27663671317606,459.85359552798525,505.64535673203164
225.07112880494168,380.32320103172464,324.79256510032053,555.8768675962168,427.32298123761973,616.1260272730358,447.62398553511775,667.9545746328778
225.15565178828686,28.6327152797397,239.21934755493794,362.92162474708067,266.6843446276156,432.9258567013166,584.5032914274332,436.7059793261964
169.2879564962353,186.95063181062372,232.02634265565734,291.8789759186428,512.2515311816969,385.0249404988787,771.6563034960506,424.6259189687512
155.2392648278936,109.90326190952837,181.38136244088608,219.68984714479552,256.8943567368855,257.8432482056288,277.0664228356707,281.83211304504874
351.5577844549591,227.60993078655358,359.9114002430684,409.0108369092285,365.5114329769439,447.5458811708269,380.0085424291494,465.36407805366326
227.02136868114636,258.13305586015696,332.63570983573186,270.94431222704867,412.197216193195,424.15677881784615,465.6457321167293,469.1242059960442
124.59485094105749,56.66589508029068,244.76137246395913,182.05611567756884,304.2257478764223,241.3190459296325,426.0110753844663,244.2054216406129
152.45470816803245,301.7553067063251,237.46048523025632,308.25092574144026,295.48643320402056,318.520607013919,296.0612212334163,348.24163311297514
233.26950444273535,259.37209549872097,320.6153946367209,412.6691836498237,357.712800089734,417.46218893168435,373.82753568364484,432.6298082035584
132.61848603653084,178.85832326193395,157.11519692598844,245.34597676037038,185.03923968992552,519.2416458559807,232.02368193154632,576.8605149175389
84.69002737437884,296.39835852387324,117.17473176623778,376.0842251483701,210.96449650625337,429.05949823577595,225.83196503476842,505.96314452137483
384.3714556833177,345.6078305866916,446.0930491771769,366.83237814903174,457.0984851312893,481.9163014136719,511.6031231869788,536.7062782892001
68.7294461415427,272.7241784810655,343.4784484670783,435.29557938660093,396.67366330856055,491.34781796335363,429.83616225581846,502.16059407041774
90.41362114482342,316.7089715410304,297.53069421647854,502.76598673006174,336.1943104268437,511.5022503917431,364.8497439064216,537.7598215509629
141.87424932271628,55.746295482403085,146.07378823236374,341.2091698036092,230.74340769563554,366.41528094749964,249.50596795957563,408.90134561468386
98.46818381418491,167.8191386224965,224.85960266569077,424.22831393551286,265.91024525705575,512.4029552343995,354.12409844616434,585.8523887823286
425.34755665747883,239.05448289991776,483.573265729658,301.2001078366334,496.89853827763,493.31550955803164,499.93644357554894,498.67728235317867
786.2565261534659,71.16944429722174,807.8044092316353,158.77499267598708,855.878334690536,173.45517579629103,870.2445752746274,272.9444603992706
61.87813908762966,209.17497473458732,194.9685171329336,250.52019377052238,810.783309865447,363.1900107955166,821.656421469656,423.4608568833511
49.89488503851247,169.37992131888933,131.6378231435641,270.7095606910733,155.6259789438995,364.42354159750784,479.7763838674517,409.7358250809193
483.3076032332878,74.25982189659493,503.8310817401836,159.87637030603295,504.60641026308144,204.2579058059451,504.82190995474065,374.6254586772606
306.5736086617627,116.86174590421827,320.1449594353582,356.4538598142083,556.5672717617103,367.137643625603,611.1088303649958,381.94731197176634
25.411544046198728,399.78407330053614,156.23714164240934,518.2552716048947,343.0352292306855,546.5142134734233,437.7075697518861,551.417098421301
42.2545505796516,210.79924921372694,134.37782904641765,236.63258889262423,315.84780357016973,369.99869999473935,354.0334891053612,402.8272228586991
147.86300688424328,123.81396542924738,161.02883328680258,257.41877172313576,185.30256320318853,276.46694111690624,362.4430945431909,357.1073630318704
246.68033803475896,260.37237812966794,270.1359791065948,285.12139256846604,270.9562604132846,494.17326061157814,336.84220042539494,526.4629453524941
49.40764459042251,249.1433361789437,71.66087936877653,290.7847703506743,240.98727486919898,465.6491766333386,299.4792062749782,469.9547423917507
284.73261029077827,78.82893822607666,322.12205094739767,220.807677614914,382.7648007531061,222.6069146435829,458.2521212297062,492.336055069098
207.82206901986706,258.2484462443324,495.610349557579,285.8666455212437,525.1656691413107,393.7014277082357,545.078388483327,450.9144369091026
129.79127144321848,97.28620125481046,217.47255229158634,393.401475724105,264.8621422394897,457.88723548810736,297.4453140955753,463.1379562898506
561.8002548959024,82.2916078666204,681.5938694085153,177.4515981833912,948.7659548123212,266.66570896250346,1117.9174699787416,378.00023239056947
174.5809161370429,154.66939846456356,218.41691750426457,258.054884969855,275.67321197681105,358.9012504373658,300.5003494707043,418.9787209150165
42.02795841816336,127.96440754440582,271.1238244875843,250.5904111248596,279.07260918786324,279.613613553121,299.34967218231293,310.1624449221811
241.26776811893916,93.70764152434084,355.9819659040491,186.5365907138664,505.7166581954504,373.0749657232932,507.06773546349166,375.7899978442467
185.06637906041354,263.96683932858355,236.86499903393448,302.16201668849095,297.75812513639,316.01713671489676,338.80642472329015,417.4329404171339
164.7954995811892,213.3639900385047,432.7602554722251,223.79891747649052,469.77869327947326,236.78306786659527,470.91305825860377,276.4565554897788
287.99105450738074,257.46446486149813,505.4880268218938,269.73118471507297,660.2031840866616,455.32574684186164,697.0654307191029,539.8827394704377
309.4611196128228,226.99812196817544,316.98651607769375,291.90755735137736,359.82236719844406,451.4405425833217,400.8318196279993,460.24189052836545
30.54868418502086,218.61289623184985,64.94922180277484,403.5653075732427,67.89260266792394,447.5813813476319,77.42065442315042,527.9697497512926
106.69358164749056,419.13964025183805,114.73923993679814,422.6876926564897,183.87017722075353,467.40666485330047,246.93388569708367,547.2422454304685
45.51698977540137,216.37073040579833,164.14556875106916,245.9865441824888,255.3872437839322,283.1892309344152,256.94064428135613,307.99792269130654
77.62076612517357,409.4288731958092,138.81275641173679,503.9469751275582,185.63665756130243,513.884338610134,187.17835130744103,539.0971993169235
271.7990483990947,522.3142009310086,342.5563651822211,534.4738976618627,383.4344168102537,545.4915129952625,595.4676144340132,553.7918908201715
205.71373166174948,60.2864581933343,241.28024235484688,68.05164688615476,415.2818596577555,182.05611567756884,422.8490997981806,198.60174029878266
101.40457880341634,306.9146661597402,134.55277263681003,346.4948476664489,210.0036851725969,450.9570839551773,293.8181960650326,452.5304903721949
97.41557116124925,118.62701758916391,233.5764986288366,223.53727967801467,329.33281972212075,425.5112667515766,345.84707199013087,481.0814579830231
108.59032607501571,95.57488372490877,309.22066381827796,166.6803589814895,407.3368419653145,171.21217941129578,420.88601152951173,197.72606879524741
333.26647364258775,139.36604425407103,348.91755059392085,185.09671826902132,356.58138659376925,289.07251255373103,375.73218293172516,294.84987719669766
148.31082667467126,298.16963848857176,257.7780755356676,429.4019543186667,318.7060788865181,502.6904793216738,337.77250561691125,562.6485387757488
66.23789911972383,77.09568171654219,176.9563858168126,352.4982801554323,351.8699616297314,502.54582382732207,565.9166710675564,505.71602389258123
47.478728583289744,38.62885855249124,60.43241322179125,56.347209791626646,107.68504841277841,182.04669719105328,213.19136308365813,185.80466977965582
305.94237310746576,424.5390206069338,409.83218478231373,425.99338586361176,454.3628337012871,441.7512089542944,466.72811452650524,456.39510540465915
69.87007706754018,157.90418285262697,92.6128513351185,223.85804595426572,209.44081148664773,250.7165200727119,274.39770382411996,274.6379677695747
117.78687226634388,192.2147170198132,155.89234444449446,284.1618036641137,277.68217132597033,383.37963764850326,303.16748602230587,458.55237482560807
274.2291915874466,142.5669978695145,294.38073473661655,353.13061791271326,432.8258824547047,431.43019296008094,780.3327564394541,467.82071819276763
269.9376542730238,190.0670449855468,275.0565115126708,261.8541447890606,317.90405917545127,274.4211170310682,320.23978632385297,307.6804154325378
82.35243366232115,383.65292855102035,182.22958055141973,410.82389615926024,438.56726668221313,494.93543124815443,451.8071846193334,529.4923886349806
273.2603851425267,206.05939772911097,380.1925245958144,250.65261859971687,425.4675579050582,255.824696520752,472.1283562859356,284.58291840264434
424.3104442730369,184.48978880798563,587.5123108717329,244.73053276338126,611.389026953829,303.56437506972003,664.039118987657,344.1855684058387
57.5707809337254,473.9261554511679,74.97361784746649,492.0291026266372,303.9110468385743,607.8444476813039,332.62299122271673,640.3348938330677
90.2788563050126,191.58438471601832,115.87713523719084,410.0050254524628,195.6939729344995,445.42742860434066,203.3048739702782,507.3024936562839
89.58138443683553,127.21402652978438,101.90492609273154,169.83669878970204,418.8063754498925,320.1935894211648,456.95002193932856,441.7746047053316
66.74654866405423,383.65292855102035,123.37068988156909,472.2800207404775,190.9373434955817,544.8575782073914,221.63195919756942,596.0375367611686
99.80583920330459,79.06459593380846,177.24909073717987,250.9707594570328,229.98316617599735,275.9046136243697,288.5011028760908,281.99073846442144
269.2551845631837,264.16295375655955,283.48155350535666,386.6063091583914,341.33610824851536,442.8015737077508,354.2928760479237,490.1075185117095
86.13772816423213,261.21296308385575,188.60018268087697,286.7135231874642,226.55842251213062,325.68193257672687,285.797229405596,376.29455863601356
292.0160703326914,120.82321931915982,566.9009813020839,261.7689277165979,622.2589239597525,295.5706264599721,677.359528963727,307.621354985627
48.53241896324218,82.23591853027918,183.32726138517677,225.23329798210534,194.35406894193238,333.68314951695066,200.24948332557605,467.54298418324083
466.34700411482777,124.9480110875009,498.0359738212963,184.03791348409922,514.2410812000813,248.42338724008354,526.1872071184324,252.86143498202122
180.00379216924907,193.92958665188507,289.6941038755567,362.63628887961823,579.0259896126752,394.66378506913065,582.6970447031761,397.5509398911469
398.8977537537027,294.2029570792458,484.71208718525025,410.3500108337298,485.27103155425186,439.2142546410776,517.7890046879355,522.7296719180047
142.74088890777406,176.5799579592238,143.1772393055962,310.37216600407805,175.27700226167343,320.0410724778844,252.15199674283897,439.22907338022964
117.56630805284651,298.2232984692971,154.56559522059857,448.71939687581363,203.9141892304767,450.9144369091026,419.452874651252,550.980563447392
200.68756544201855,53.72291675648925,203.94032629059123,323.7021473204558,217.6886813619855,369.498188888501,355.6124699012067,454.8331963682605
525.6156568065626,285.1130736135377,608.0541934334404,287.1942550050354,692.2168925125276,329.2196494433538,714.2151317096235,377.0321419572836
85.54944800167169,365.6003392129378,510.98300630647674,393.8525526895033,521.5697889998679,439.16047492672,606.5497049020214,525.0693350967194
758.3441550721343,277.34809409623665,814.1183018746829,296.5712362238127,837.4390774624594,329.00267544524144,852.8754639376157,512.147421074644
250.2597847587486,310.4812887149716,250.81434098249767,378.46053166301954,276.0715724752294,402.2506460945731,325.57213267541874,427.0203901998478
30.92485443429044,228.4714143000862,229.52548074162667,262.1741563600251,252.26743323911379,588.8622900669317,363.1934309071076,623.5785174884162
386.5898779042835,217.96372423069516,738.5682831777905,318.5490320216041,738.6770569489593,386.6610486429198,746.8424320356767,492.4971089320698
458.73973927646097,218.61289623184985,521.9836227144992,497.20866625084136,791.0945654285482,511.33962069343147,865.189231100253,617.4129436584133
220.3230756838683,218.93427666315867,231.81907245965658,316.47281044218596,311.5095917001295,334.4652004972358,373.90080925733673,366.62764973320884
224.00963823780552,303.8184868232107,351.8699616297314,388.9397906042319,370.06962417309677,393.49703987491796,413.4404788735955,394.64079003216415
600.3345653895065,107.95416864095381,1055.855385896203,374.57088024626705,1206.6780824381722,438.0769874756347,1269.7046637756496,447.61726541283065
151.12460803426043,313.6885762200749,202.0867016992719,406.74639474260556,233.679518403363,442.03855279027454,325.5768569486033,510.387885618327
144.19955416458197,200.5894651280509,192.06273942309704,211.58524716609423,199.1731755359399,387.5597526031559,307.52540102138585,467.287092174862
160.26556023499552,287.4722502830261,218.44331639281515,331.8796008201331,220.10791555038347,343.8126026784777,261.93010074594747,351.14701636581646
35.94398174419839,220.32962219298565,168.5786614613905,235.00556546663674,228.00462810508168,334.96790312827835,237.4735761241089,359.4739550003315
145.54200623399387,261.24513541923403,229.7228428422912,270.9849281910707,302.7730206785791,291.3006839194223,336.5467418830083,305.926365395177
72.4148205356368,262.3792140710744,289.64684855377453,418.06032115750287,302.94237679536883,436.3717943584976,317.221448199706,657.3457236262534
129.1959568812936,228.9080703916857,171.49065815762125,503.05230135338246,213.65805807073733,715.7396115527043,322.33744884370515,794.3652683352568
124.42522301325481,193.8481836010886,277.13754202902396,198.68388078996995,291.46775321401475,215.95039235077383,566.1691407605624,257.1970301256367
135.36947388241563,359.21539282247994,216.8799214827845,405.6232719319663,252.51471985057378,431.28220519866966,437.6091002709119,467.76479167132214
47.76146192714981,201.69765735989316,70.7281456438557,237.52474728739662,150.23720925347482,349.9913410837204,182.1683940448262,383.01285797784436
35.69038498447851,169.20328486297373,145.11675181009062,298.2408746764525,157.5064839348912,400.0710654863393,297.1220063915728,476.502677381626
139.99610566275337,282.8347106968921,152.22030087003094,445.374050303197,315.8886997822126,486.10768991107426,323.0057222113379,495.2042269004067
58.008003598044525,42.93359800051975,188.61217932098572,227.55340615855835,291.46775321401475,255.8762020743035,395.9822612203578,305.29227593424935
285.44446945384755,48.104864189867804,335.90164677084056,140.4019422253948,448.62079118034467,252.12407004507276,613.7961217823048,448.4386012967902
157.6253283406149,148.9274317556874,221.62671386064412,346.10689122741707,221.63195919756942,358.6504285276851,303.1161627722876,597.5107595600717
107.17931579856906,116.86174590421827,144.19955416458197,244.73707637315584,177.88672813828367,340.21487827839854,336.2296397521741,431.29829000916556
87.79443164330671,119.22610778221119,88.79951031511037,423.1879114802916,272.5198778230987,449.13438902140615,296.0630276832445,577.8144621677853
59.52421743371678,117.93393713666988,107.54119343200891,141.68092660053546,169.75104659397837,380.30234245550685,224.15104804021914,441.25543577079935
231.69165058868953,522.8041023715585,254.9918368831658,541.990927786306,303.6404383395601,710.0321741488389,419.2676752860489,729.7027007909721
97.41557116124925,329.42726809458935,231.70685902601392,335.9718415306648,281.1291287921854,395.69847151300917,329.5386998332462,442.59613935785273
86.32195811244189,225.14443923656611,156.36982976664504,249.88903936406854,204.0983062550211,382.1537982536463,215.11298520462327,390.4138851497329
232.30036049132627,185.94476415090992,608.567627831059,374.54662606102914,656.6417985874972,464.0200071469123,695.5793224014238,493.84641693689605
164.73141998078938,203.03600307721445,302.78518721513234,263.57574111490436,321.5157856723347,285.43512245965536,399.12236166712074,344.1303909111729
51.502479554189534,170.62676353602487,112.3909765904384,178.9261563458623,119.70814931225694,362.2428035433132,166.28629146604638,503.23826188692243
321.83618768680583,122.34883278167656,438.3638517464925,212.63300366535339,448.3733926180637,213.7480200966023,490.07242624774676,261.0552353696392
56.072887829595125,273.40116294755484,113.81500193678703,338.60296748949617,168.97322583402263,437.2755530573227,229.4374362533189,560.3315912040591
319.5184366061494,196.2470211438136,394.96482012594623,257.81166497450806,461.8455720441855,266.57892429504835,487.2526655579422,303.5028846955214
126.94570095620684,88.34108261364443,137.06139038771641,244.3591819142405,167.89113161873104,252.86143498202122,303.8459554483645,341.847387620236
150.7776631676075,34.29228401854634,151.66596757624924,106.02573087015784,163.21957172079033,167.796976632227,177.05272981458413,260.7612363388693
87.12811241238975,244.04408178371074,153.39826850651173,344.6531715049515,159.6301195536489,360.28277828913593,235.12464271550073,376.3819320315871
150.48046183976166,219.0561420533479,215.39763030617382,331.5306207475177,243.89763812801516,492.93957105161405,269.8532725564688,514.6741825887619
180.52923615549358,137.14053498550254,344.53135824234806,183.922826190308,459.48758143922214,233.69673864657614,514.7473021749039,273.8865821838933
321.5748454858707,83.75968289299779,334.3606298211178,115.47517077583171,364.2026243267402,150.68546918955832,372.95456602335713,254.9796903654894
168.26764741646906,220.21510826350038,229.78793670806897,222.4047595943122,244.35200312291929,322.95325553109257,246.13899273217766,373.17981687970604
475.92615064943476,363.1827596732566,706.6020702551009,581.3711513759283,722.3397343553971,606.3615347023799,758.6615903038436,671.5914552594569
106.60224112677966,534.4738976618627,113.74373398030575,597.4260269899337,184.54835635489331,656.1205114984859,237.4291951671541,769.1195273059948
111.14694875770529,70.8302577145877,269.2551845631837,340.59136865886927,304.44513883088484,527.530200040322,375.143513174785,567.4674112448826
77.62076612517357,326.3678397393722,142.88130615699794,337.6739801669858,145.4447226794977,414.5891623506421,172.61463586478916,462.72741757344795
100.06858707119802,247.35284480542043,104.63274305690115,283.0087709374139,148.87825530568932,304.27021983724524,199.36002452976993,338.22563347705733
86.30166439688799,141.88095763975295,141.4067325902123,236.68999854977176,208.7350500075643,268.36568762496955,259.247431533915,308.85904368741376
50.72083088080903,177.17420134834134,332.80639337514174,222.04056758278045,351.81548469902253,511.05753164617795,481.3673655414994,589.5815365743305
325.8558800637089,480.8892800430488,363.51848195263244,490.72328727657987,410.78147498627555,545.4507975393398,435.81880802829124,550.1528213742632
349.1955949894593,399.35776891947097,396.1748596555019,456.72104232961635,405.58167003975825,464.5802469675739,409.3550184029726,515.9843555213308
279.25832420338475,284.22971313025744,335.2136259854593,307.82501670147593,351.093513547969,378.40991742983954,391.99687413242964,414.3515079651256
92.71055816896393,298.6788498538987,175.9101279236808,369.6131637517192,414.68309434617447,382.079126533657,433.34281069137245,423.2863401249228
159.76899791636356,88.812255121658,166.18166422962648,124.32677944241513,186.68603126312533,203.44539494409176,235.0452872700189,438.2320512100238
521.9836227144992,248.09963574579075,608.8691816802453,349.8317096312251,755.1015898239638,400.8036701171085,779.0197749579268,453.7962504765158
302.62433091577554,136.54503140014697,328.3244185109337,325.18962760762594,506.5688260007447,397.28215686004813,572.1133813143817,504.39736560196184
292.0160703326914,115.47890674083075,416.81866872029224,137.36232955237372,488.2025019420661,149.8874223371777,746.0317457678362,202.9482931911909
252.24635221310243,214.14692253540395,443.2775861217771,467.76479167132214,452.67495346415046,654.5259572761544,471.5047753518622,743.7801922570503
25.886015723384983,291.3740666625479,78.3914683011197,312.59109689969824,155.41288387967683,425.23849422469175,157.5708932019147,491.41253765828355
48.226985012703025,236.67989646510446,172.0761093465934,238.21005127489846,230.72659061083326,273.9131299263886,239.53924934758092,404.04803183619725
118.03969275771685,265.81828396684057,481.0619449614546,280.14667288524925,524.951442640014,304.5234177019372,533.1802107141807,322.55197273565466
51.71330151814933,83.18665002682485,225.12939982827575,246.92275092757137,255.50260099193721,345.97194723564206,297.91479569148663,364.84402898405926
718.5387901753522,160.4561684059726,922.2993981706081,202.16298370653695,1083.7589941665815,457.63463106676085,1290.965020711841,513.721830319499
44.72016730159393,239.44477289955728,111.41133033918904,260.70251659481335,128.6786669296318,307.28980537432074,144.500558176139,317.9014466970919
69.2946979149305,210.64653841761108,207.37435234864137,318.245137744482,237.10863773728835,353.13061791271326,318.66892904830144,422.37585374487116
152.88204341630964,44.78203791379577,190.3974365439187,68.05164688615476,222.04926769418805,175.7357890630284,358.97822690237024,244.2054216406129
167.65858124724826,286.7073101915346,205.16676880965255,299.0825901684091,221.17247029875432,350.9103150140781,240.51508768183876,512.3681332036367
166.27802670324093,151.87522084296265,220.20654278244504,278.92110916316335,273.10709389169585,391.2820811169433,277.3400631864425,432.75203789007764
117.27667463993241,181.38308883114973,186.18257664461026,260.9587732618839,207.42253111835606,344.7189970010451,486.0380963009889,383.8383610266116
253.23975795436365,317.53427988455934,357.8392443359656,338.3553322517756,520.0712723280677,589.3117451920886,531.1865577358293,614.1310191959683
59.51804298191828,172.7929273800476,318.70762809531027,196.21349987751668,439.9882427758693,272.3944690271564,486.4730166231647,418.81331013460226
223.08841047744204,75.53959227871314,333.8545709221103,104.6812044581848,348.41076195644973,242.29947612193956,364.4873708276866,246.94220067844185
278.02782682038867,96.22309320685373,524.1925486743206,280.1463997319224,598.8195396724964,305.9812092187921,741.7111069766331,356.9164088418307
266.5359172007255,133.57494421316613,271.79080958377415,218.81584425398347,290.230545363416,550.7822175350437,311.04966695378704,557.0467174374345
47.85581273203889,294.6340330615304,73.3338143655384,333.8680608140851,96.29056203091528,345.7317708328002,122.35197536029038,351.0550238186856
165.8447631305115,350.00653050415866,341.4058154774156,366.19302211548484,606.4569096843161,483.0220044328006,679.2506992342559,540.0818151947177
220.20654278244504,130.26326838423242,232.9722204958545,288.8301721662042,239.82192877503493,344.7189970010451,310.1792324435279,485.8059581247221
131.05010177198164,54.041488072612566,141.80544274467127,303.5099442304705,198.8408383184158,366.4603418704087,212.31608495372768,543.9368883094859
230.00571137696258,317.13319474113587,268.4200631820996,329.3071343594198,276.2601512882949,471.36126765580434,337.6430191730756,473.9403216516188
29.614061615117883,250.70474294431062,296.870211130211,454.3738935251162,818.056634911316,609.2059224616954,840.497397712992,627.6567201063955
133.6448060714836,82.4425844876335,167.6987912424456,84.96008566383448,172.1327643950075,183.37752596554745,181.7201514874983,311.4238599678371
231.69165058868953,315.73689051198573,274.3746956030939,328.1770191638715,512.9978275204019,353.5966814156892,513.4732824696873,546.3555175942341
39.04786498882442,212.16869326897532,316.315578027426,242.9490732336866,443.079703064812,260.89056057695325,480.08741822226244,273.17998722308175
33.13352728738851,106.27867816084981,42.65426726041009,262.9488863071659,68.59832539449519,327.12026910493154,103.54464800433271,353.7945818037067
255.37500673080856,93.0223546210996,258.4670791354723,269.73118471507297,295.13040880022646,336.92312171481717,319.2658579171142,406.5511255853768
247.11653862481688,27.926985359963147,312.9160119925963,193.7932619912614,337.0432456649147,368.9370181945929,349.3109123871908,418.59671957067195
545.4363627791816,310.04057892836846,829.9971170880173,398.5370123971673,890.3962619022343,458.4855676746305,1029.47118173505,464.449454848589
226.66978963975328,296.6459931502514,542.0150511666149,378.32444585891227,664.4425372972788,387.95489957354897,697.0250057475474,472.72708195557243
32.22714188091053,158.41217073657913,175.15445186545836,435.2191296846449,281.02132198040965,457.36906189831853,443.15789242140687,480.5830113275723
107.55431922428725,130.17066109790744,175.15445186545836,183.37752596554745,206.82238477718636,204.6860806609889,300.40438135097895,255.5082403519867
327.04549177455243,300.6793839451065,353.3151240410682,371.86839397326656,406.0188467855212,429.0558432396286,477.32307270595504,464.74688193142697
282.44536310638574,127.70743713021827,310.82241457789195,247.16851414069242,313.20742327592427,274.72256888989256,322.8419903000827,390.59874060682677
113.835812313776,164.9274117024743,135.75554491989396,208.53350636906023,259.5015996626567,444.5294146597814,364.52482146688004,496.64059313789033
71.56800961675627,133.82807683191146,93.81093898153493,170.42231949062713,98.59016608636915,378.9710581625088,129.0485272576996,388.9397906042319
158.00411269186895,209.37860451989783,172.39132642596047,296.5712362238127,197.08340291375166,451.5411427829146,380.8708172192488,513.1464788309023
202.53619619988658,230.96252489269935,203.525379970178,265.30402574776423,302.31893133860854,305.1907590793034,463.66595686606524,419.96030095143817
93.28712336111067,151.02112801867418,170.29748609803295,280.43847658708165,323.8733797050717,441.0098802104645,411.5280496947227,515.7881057040491
143.54277638281505,182.9103840668127,256.04107020080846,203.51814250010005,268.3424416147609,356.5265795429654,272.865267345364,385.40286440589307
96.2630064342278,199.16752808760117,153.71142822765617,323.69852150634154,178.0335898225809,344.34131674384423,345.7085777222121,353.99651017893143
169.74778709399538,143.19232777765902,320.4441263780955,274.94804806613513,335.0631442480996,350.9126144914347,532.6868026258285,350.99502866504173
319.58810024383035,109.21094409646426,323.0538805237197,111.39114190336491,331.40738307546684,388.4809363874242,336.0449666008551,493.94736055224627
214.4392992883615,169.05042068802885,259.3375299987101,237.82920558015408,268.5514613952963,238.85725239064604,297.5995172533744,306.6873635646075
47.773149818465996,77.09568171654219,85.88365198519755,312.47014652965026,120.56281945351704,429.0665115682333,154.15282472432094,517.5784693234061
44.496249261291844,219.66912914447914,65.64024777266138,414.93323430125196,98.60036332242552,426.6559453100269,201.04022839250285,436.6677437253067
153.71142822765617,225.48135080790215,159.1183587384899,289.0089100056428,202.52107122855386,351.24047324776296,296.4738273591916,354.2558129158288
288.74697088026755,188.1196040939791,303.65403730079623,407.13330302869,324.3573278518365,441.2294333067661,351.60072303298506,469.32898651903804
110.50854538616241,160.4561684059726,367.97787821141594,172.42217485196556,495.610349557579,301.6933014322939,520.7654875710056,359.10807970937844
141.4067325902123,197.3038912514269,167.88233747339484,212.82748398176966,265.549316189738,242.1049351685983,353.3318084701026,349.62406937454887
84.47481459643016,251.01538818066246,216.8799214827845,294.52015230047977,265.221008297365,350.7501532122203,340.7455322780778,374.0367409361475
401.8863439293802,70.50541878255176,542.2807740311915,116.5552395303784,568.0178962855599,328.3984993261375,584.7929503323369,398.58682732288605
66.41470877326842,161.8280006458961,111.81418510231289,167.17696777401738,155.09950451957116,226.31168315247805,174.1417203549696,229.41880454597944
48.780775939943766,228.72788145976298,321.0762636012985,362.473028823006,359.9114002430684,375.04401637509534,431.22366862604525,386.467008596288
202.5277269932514,188.6403438014267,310.4877633430151,213.57441564374923,312.2260212267811,342.28887090442163,433.69641327152914,427.134059873153
135.82127281538223,291.90755735137736,184.89883030474044,348.7359006574391,301.9828007784444,353.86562796597394,425.39463233572644,363.8992057235456
71.66087936877653,194.2426206120871,84.92251007826148,344.9743165311185,245.2912643398163,354.05790536874116,266.4269171903773,407.201327544835
116.95791658423332,14.372242068741754,247.36603764950027,93.15924662375758,271.1821111948228,108.3579005180654,299.5011635820509,318.8396451907759
80.11043583223858,321.06307384439873,105.33987398950303,328.5387433725084,194.558226497951,385.1037620620615,211.75073808181216,421.727409064356
51.36434461969434,287.6509948436773,85.88365198519755,319.87824680181177,101.7586480289888,436.4113912008019,103.1303149878652,481.27379447336074
25.886015723384983,14.87265859625085,56.20576231799207,69.38382172126425,129.53252897984677,76.25162123592897,153.74956024045125,239.35643293806416
155.92846073008548,107.30769781900997,218.59708833981603,231.62627916540103,282.9286736043586,317.7881216850558,368.5444575156312,327.18450427548413
48.780775939943766,274.1410809443595,273.47975743025717,393.7026732266752,351.5577844549591,414.8598930459085,403.4401310025588,428.286484408885
102.14844538722848,170.5435722121352,366.68718730302237,366.38775352820545,421.98778635870667,401.49055971304654,521.4719865379444,439.67236376437694
174.05611105419086,108.38541404535268,189.3145178007856,124.96418032660964,213.47573013312007,207.78335701823897,261.73020500047534,294.54553193505006
74.23988586318526,93.55346197946507,122.94864540384002,506.17540550289584,129.31682815449827,623.5671177814612,278.21908587992925,624.8173576152655
24.429225913248203,210.0607668640653,296.4161073698211,436.8435555326452,316.19166528837866,523.7599512659563,505.67661779868433,531.750942103359
207.0428981749994,158.019285506055,385.122345401176,367.83409669696846,405.15382955438184,409.72346248684283,424.04590893262537,592.5672290296807
475.92615064943476,34.24358412618437,656.049986255924,218.908613547904,696.2779965609797,229.0829859054381,805.9791971250621,366.93801501067617
80.11043583223858,282.47712106776686,104.36053936696938,403.3750557193609,163.0282178344312,566.3570691922963,184.77053347911433,596.6146019991039
128.46476505220235,66.65412995292425,169.78953436877038,249.88712351415674,195.35010906024957,253.27910851973567,267.94496687400687,443.7876605000791
130.74068280413638,238.66265207007143,179.95277624071366,292.8549571104126,289.5757716925504,295.641317872361,325.79141856072545,324.3360033539547
422.42405616391574,272.98108261849563,553.3341562825551,328.81551883015374,633.0190382891155,348.6619798614849,634.7112395292288,500.09060684587325
45.51469628137264,274.9151595968862,113.74373398030575,333.95057848300075,295.8398831789657,433.77971200091514,349.6393980065352,555.8768675962168
276.73326349697516,106.56550938620883,605.9991670677008,278.9376318659498,786.4743513543235,291.8789759186428,911.6479986099139,395.47673033141916
119.13322671378882,296.8496867902686,487.58496667700416,386.6063091583914,572.3894023906565,505.7451962777003,705.329074305899,554.2357107059916
101.02075367956449,54.55952520629702,139.13823181156764,314.0264028498684,237.89600927179293,420.35906156667465,273.4640755282551,459.51408446602545
289.6941038755567,122.6382031048099,323.2876497908036,291.0788405652254,331.3350810182987,406.3211302409224,395.5510250045777,483.0220044328006
72.10441229656406,113.10017444530655,94.11487040992239,186.65907345400714,117.81000749725075,338.58990851549396,256.68202541778544,354.94359546542194
178.3651683632273,273.11228253968744,208.96291812021224,332.65235128957426,252.32464113202752,402.26353533601394,265.8904371735729,451.8609096586945
292.36769739866924,90.8011605970806,320.58979849055623,294.6340330615304,378.8335189784024,371.0832608150431,451.71867318486954,446.76070274433215
115.74136608565061,188.98909415196454,342.5563651822211,208.6723862105223,512.4412287180396,285.87000180525206,609.7697195370206,349.435102863036
119.89864663548761,154.41165125339177,173.18936243114152,573.2916234066311,204.8885002402469,625.5524182503246,229.80712953790155,653.5974684959406
146.08452208270154,145.8607770710427,236.6313122614667,166.11095152747052,256.97307442224775,173.86906814595378,336.65854526653226,200.90997109209832
75.02346737439225,253.69359019427125,390.78823447889084,341.3248903959929,399.7548214994067,370.19861062454873,481.86974454342555,408.9579417362145
140.0917853597658,256.09558035904837,175.3337859831153,349.1152233807154,183.8697875209381,401.7971862157695,237.5384941158624,408.9725677762541
163.95468527870267,104.37136363096099,177.35939061913956,302.50180745820336,433.90537870954296,319.4497372292952,493.9910083667209,460.677706026507
98.74084297895696,156.624546619162,132.91374719277118,288.94513876433655,175.81886946725453,328.3549326490064,266.01303904220964,339.783439151771
41.354201002937806,149.51317356269533,118.08472235704038,262.76129429666224,155.065925782895,389.2102865316584,172.41333920527313,436.86592653188416
207.0428981749994,144.971651619507,212.07095478004382,216.97034991288598,238.7225800347049,288.1085795512977,353.98167104616977,320.631174047443
154.60093638836398,126.67182133643517,220.73065108059225,199.14918357484038,230.5719474332165,212.7139948842125,372.95376786949066,230.3727339976709
115.12836351088211,66.52148495977268,303.7305253090035,236.9000243386014,323.55970959840835,285.43512245965536,345.7397924103756,408.51370373841945
237.39188786484522,96.81494837819763,308.8364390622687,183.6906482070675,320.35251090720567,250.91457011832838,365.32996885830073,289.9597451779097
158.24707262715603,282.24022587250766,200.10015146769294,416.44320267525507,329.47389487164605,511.5152978558898,333.7299415651281,537.4172437168845
295.20585532736516,152.98281349532314,317.30681535470177,300.99901572490023,392.4594919082989,316.76867796243107,460.7356656532453,375.15442527934977
142.5574292083235,154.96408421060977,178.89775192812775,475.9416743108931,244.1470599818916,577.411508118629,244.26038626865318,586.1081168911646
77.68393063732483,296.5539559082331,159.89643826141057,334.91472619843705,344.4553726825199,364.799280763977,349.6787724799996,384.828461568887
33.52426183448215,256.7269100554738,361.1915541529666,349.82866811298857,489.83407555484945,385.6350314908967,517.0807203755927,467.55688828918073
139.13823181156764,226.29325160870874,218.8134782902678,319.6810698483823,221.37702749760237,366.53293214657947,276.5888697040481,452.64796751862184
141.38112902992788,286.7073101915346,170.18921669491502,514.0132419684218,482.0377770212162,569.1409101329227,590.0970910658313,611.5641117987929
247.42880650637255,380.23584425997086,270.5567597839742,503.28703284083093,501.9553169786822,551.6381972604179,551.0404187233794,583.636983731906
39.41692681375497,136.87946525593117,54.959924735493594,510.30201234141805,78.08678438268234,519.5792942802598,99.72171013570322,558.830490216653
205.03275003308983,290.7997272605988,236.86499903393448,299.7427484580824,260.9000551813397,372.64184930314536,317.54625873855537,407.9844615419271
161.74370903484518,124.9480110875009,254.95183414043518,163.4956153850626,493.3788788359006,259.3086775577773,556.6797656410673,307.15845582472303
129.1619248766634,406.3982126947189,163.8499590274169,423.6820289816499,235.40459200202827,579.8015872176373,243.5718014332211,587.0833691594127
210.14917061260533,128.23436771163455,234.94401929179662,182.1477790999121,251.40144624765298,187.29982348638495,271.28539831154916,190.88308374016552
172.42579891594363,141.92358522260508,258.1085446165488,160.941858241204,303.83699602228813,284.3157142449465,336.32833675227954,354.94359546542194
38.11660274874056,58.401740397957695,247.1515123093608,249.15095717742872,314.36478189561166,453.036338539025,373.0524163308666,541.7294892906369
342.3338423721681,231.06657549037567,372.78047389718796,266.18585473727273,462.3701162835194,281.91029180910857,494.84503060295896,298.1456457287514
193.43974646104382,192.07438904268568,203.54702772149423,283.00029729575454,289.391756854971,285.80653522788265,397.39725964327243,334.38771112131036
122.12378380901607,232.4242868561409,176.35424123832044,233.6168583805681,282.30806822134724,370.22070109699024,463.5211725355759,427.02842401713747
175.1578078345739,21.624561019437458,298.9228861406768,233.15979157080213,362.8609303969937,242.1661121844649,388.35857600497275,538.3349907506691
37.078669428297786,263.42838260702405,400.7292551920775,269.42514600700616,450.61922983657627,315.55889970713645,460.913511478055,405.6307132882918
100.5401613039372,384.14264466636035,138.6761942986165,503.2852599261905,145.89697515688164,511.1686626509564,326.06001371893103,537.1712645857781
45.75223159565346,180.22045808086338,87.5966023951433,237.7382474052544,221.24059636453393,257.93057926782404,264.5939191334704,315.93395214522616
144.91378283100934,263.5548179269349,237.68046079249257,301.974584939932,291.4808286640963,340.17903951835837,292.93100549820537,372.2909164562471
59.52159523055917,302.6003904872778,74.69296459972824,415.55125125396296,119.665749658374,636.5883546223865,152.33970364941138,640.7212122573196
24.85638015236542,204.38209160398105,264.96131764284803,309.503957807382,298.9452797494619,380.01130797130867,373.3142731072134,402.00019631214496
104.17715866933763,99.54143728248714,222.40287625816342,208.56652647260864,241.36299678562767,227.55340615855835,307.9743777695632,269.3692998501311
452.25232761293864,274.164550992933,476.5629208362223,370.0158616142177,587.6144051246689,397.5838029602502,643.8051617993355,597.3041926822183
24.85638015236542,88.64697188474004,240.25123173988393,172.29854632514392,274.09784672540445,290.10193082715574,364.5973928097217,379.1338462507854
183.67282970788673,59.59788685115394,203.85908370710354,276.72565988076514,418.1713363303203,304.1791568506639,434.579016344455,350.99502866504173
559.2908026302276,334.1807701121146,583.2135626776518,519.3946718448658,591.0180917686785,558.5270548631064,598.7307728937019,594.4227258676599
232.04539388805458,137.14053498550254,252.82953038570543,152.3477331401909,555.6391766507498,296.66221394799277,602.9237991232931,321.62421249289315
213.2662179136576,189.79946780658386,242.84058909598846,311.62999393437343,246.93388569708367,334.5395445735152,275.73499492054145,472.2661451855328
520.4659999199132,161.30928765489884,621.7748637381391,183.98579309902948,741.4005873745264,344.7998200910426,744.7500121178156,372.51796968010615
99.05750972074254,67.71005729402982,200.15955375252108,176.9240385511179,317.5369149958592,180.88016381374942,360.2049966618272,216.5669777350774
76.39646211701628,57.198284687793034,109.9690977073134,246.75600380487617,135.16223966951694,277.317156618606,168.24078430941364,391.849441503864
30.915092415704585,211.70451600422066,62.23901577206758,243.96105822308633,222.9925235871675,285.59161372886103,317.0576329613652,384.2401995808947
202.0867016992719,219.96867410773416,218.59045322949004,224.97862713052055,234.85483084653137,333.2949400890161,314.8502738489664,494.4567227596765
30.789611422192305,52.455358574783396,160.45341133349356,110.70930916913426,237.4735761241089,165.2876586590329,255.07367244369,247.66464456101716
269.9104618323694,281.7838114568976,291.5726966625306,290.3277221868626,308.4399159353028,363.14144920480686,334.3606298211178,457.88723548810736
45.75223159565346,25.864523732175144,58.299953649108986,140.6568178307807,227.51483530095481,284.37577497572556,246.50565351434852,296.82186526239013
52.872635940264594,133.53989569943906,86.15800630565933,293.5698282084703,163.22912718558518,454.5050435622482,271.28539831154916,557.2878457640262
41.01749955846473,173.59612580092997,235.77429548052586,246.97842821050648,261.26771134308933,460.896118026083,447.1221739180394,617.9103398594464
93.00075500096966,142.27150629229973,117.2200874376076,376.4122280474023,185.93691026072824,470.0895068018816,248.502865118949,559.3841997738759
77.71591833360034,299.5650069129985,135.80235208675782,318.2995993688082,339.6368440391679,334.4652004972358,374.29548867076306,448.60500235734116
165.29490830612613,168.96489279348074,275.9517949764569,291.0578496222603,457.48964155098207,410.41062763855837,474.1262593295041,420.6931467523025
186.37141145947007,411.7839079473313,278.3290288494228,475.92738748281545,301.677213904997,493.94901517179983,377.5935910381539,577.5513217584568
262.0515770530353,242.35526779655214,270.9797292616199,387.0162151375954,318.3481717245616,481.3594867837455,402.7686424853064,488.40510609497346
107.55431922428725,240.45875335335126,244.00249019583055,240.64288119040583,281.02132198040965,359.6988729740329,313.0495452051106,372.910884361979
110.57895405110249,353.3904341481186,158.00338101761986,461.4369853765456,262.9867231438035,505.22770033418436,328.70526537513956,536.5122919533463
27.770362135239854,233.98193729384792,400.73237725357217,330.24181179789343,436.7409492563603,335.9023294954475,517.3569172925389,378.2816163784597
520.4659999199132,233.14258574315596,693.8979923115313,323.32931289515795,803.2246926283627,336.1728089282599,853.8005152120343,354.87673214782814
176.89487989810277,24.60716244342965,195.88237347098948,171.16302784183986,357.33512034924746,383.9996542726727,435.31676431579984,397.87055467341156
66.06861573234994,456.28936501495184,143.5017894113959,544.0846577383559,155.6259789438995,639.8847581457044,346.4020710696296,661.0780129928811
42.38615865943738,175.01684217357254,221.27103539412917,236.63258889262423,360.93928347333775,328.81551883015374,377.73623896981496,441.2506223631913
314.6457955875428,300.1649131197431,322.5033861520718,445.2728745211003,353.74814231283574,596.1535127842036,406.0894652779306,604.2254174785772
90.10273091710003,250.07466562670055,117.65309573705686,393.8525526895033,344.7591611771533,397.86829073634306,449.2796105532075,435.0510915006505
232.30036049132627,134.39552932043856,441.91727382111696,190.7072018977068,576.0688983064173,310.37216600407805,618.957926689441,480.4059932948406
263.1197250298232,58.401740397957695,295.6480902288641,199.54549896817278,363.15583294437005,421.216817476651,444.9875119879073,484.5740849889779
159.38228213772535,95.26756198825052,252.2769465289495,101.33494723866788,293.61466549554297,209.76910148979127,363.7816489083892,269.5712260874074
358.2377995577997,205.52624611651007,382.78622886638806,245.73788294726506,393.0206449622817,287.81300232351873,405.0778209594923,453.95130830996266
253.96206304261685,319.87824680181177,296.611383289376,484.83075576736974,349.3993095673486,547.8567846317416,403.9532671709211,578.2294677798235
223.59296959875454,251.75702345303827,412.0079896946384,274.68245264935086,494.0439021839803,288.8047138962649,547.6225165478054,295.64974105647923
44.56246870305782,171.01478151026507,89.38838715984059,258.84673641160964,104.8174214987728,350.95063417416833,123.05380244357248,526.0813441382318
224.94280832375816,190.48726186342725,350.7493649155309,338.6671205572392,362.64714831117664,378.95570491445653,389.9769136231548,429.8355818771515
192.21865639836952,83.33869497302383,208.9765161808787,250.61428431050064,222.05690057935843,383.23064936656584,234.00394946668274,396.56386165746943
130.70494486263863,208.86348988844932,224.85960266569077,233.87755187620755,271.6407592473853,315.708899232617,400.66691569406044,320.87866095605784
45.508722356040366,333.82879618371743,152.5666936278114,550.835784859747,193.72676965676735,556.149439156277,251.95770007214404,611.6506700776357
61.261866557925664,83.75968289299779,79.00714950391705,86.19850326961772,210.50211172990035,171.52385806734193,458.3561384347477,174.10761583811941
285.1160332664527,238.53494933728246,307.14107315496597,534.5376095446084,603.375682159213,558.6486613181355,611.389026953829,641.8435101406934
456.13860864259675,378.5863976526841,604.5847313417594,412.6580853789645,639.9532521311696,445.30385175953876,742.7977301721968,551.417098421301
180.1717574471815,45.80591980537742,217.77623410271696,230.96252489269935,234.03166319305305,326.3566436803977,241.10890506016474,355.3496101958317
172.42579891594363,352.86321535204564,186.32509982838314,439.92930888291227,206.73665854342877,482.37208256083085,288.43856458485317,530.9575390777359
109.18298861183003,309.2980912798828,165.91441541451888,369.3756384224597,225.38489009907124,468.56855586808206,250.4870587855509,475.5596340438097
218.06168578420383,329.5229756250907,286.2493459099557,359.52884793797324,347.00952238676666,430.79903286716075,380.8611682592314,434.50746522758595
169.74778709399538,181.7237726004347,326.76562604346253,236.9000243386014,369.4263247377487,382.00059754429617,375.52263616087606,423.69658382228334
230.04395946257114,346.51053627321863,239.21934755493794,531.0029436472704,428.1502991802383,571.9593034639331,669.7731422209993,642.7051632559668
204.61841693974338,396.1115769685825,337.30455557869374,448.4690501482021,387.3607135432307,448.74851759969016,413.208548281512,453.40759834486767
362.00596095427477,18.152755656796312,442.034516889018,209.86874890934357,453.3396611103665,212.5427956429178,503.6740253919148,382.04784567999786
402.0550486154802,182.04669719105328,432.2699316690023,217.90339851235504,460.85694581480277,220.25548601236048,476.6070852480019,321.6352118257201
117.56630805284651,77.12789475075131,244.50062571301535,202.25721751554465,297.70513585587327,441.6502671200035,413.8203958936109,571.5150058014926
109.44533438464819,329.1445506573527,169.96037269652763,341.7847121173102,207.09682575798462,468.073518110065,251.6620503808789,487.61214594957386
131.96558666126347,110.44437909049967,174.46689491015886,259.9036630638656,194.62188218794532,364.30835625105743,260.5704289399633,601.629643284252
257.21396221527124,306.48517828146925,302.47158610503567,389.8213909121001,364.8497439064216,470.20463665349575,426.2812279426001,479.4141456260446
203.18382801516282,308.7408964739816,253.71968861873913,464.57092152313754,406.71134311795845,475.65223960947947,429.78397787766175,544.1507513513701
184.09745702912684,172.64018024443408,281.59312939369096,220.39999907744865,302.2897580314213,283.13197551353164,343.1504847162073,284.1078569830108
191.26801147566178,41.69349581769096,310.0254672880015,56.347209791626646,344.0776137258643,129.47074235859583,409.3481571157753,217.90339851235504
64.0244984804261,93.20488174859084,234.39285094016918,123.41206559534055,355.3389619304979,210.37785903683854,384.52314278546186,516.3929139468266
155.59672257895397,146.74458614625442,368.6670626045161,169.71438033072138,436.2573068480153,331.65138005656854,437.58949658297274,385.85375356114974
307.48272712658155,190.83113195501156,340.0796914161205,274.4454445123712,623.4730856530562,463.83404187600655,644.6595999183501,576.5668053999857
356.85126507346496,278.40764200494715,655.2241036234844,278.4519419924385,1005.8842265256181,297.4287685804685,1013.1506510680559,334.43564583834427
316.2793245025274,70.71437367823724,324.9634560638581,183.3539793018083,368.08335060597346,494.738936478956,417.56879178102906,664.1655868205702
482.0377770212162,277.16092229873533,603.5047532639118,406.3982126947189,619.5113135705399,468.48914630394063,633.7854467148308,470.1125017127114
137.47537944777793,113.82111758533574,169.62954482139264,172.67122311390264,276.6683829015306,187.29982348638495,314.4618269787912,197.85787257755038
383.22339757481916,270.9801455530294,618.0350212006283,372.910884361979,631.5549669252407,409.27090907486314,650.142409202983,551.4383110642605
291.4724619069643,179.75153080733614,309.96250176237135,246.80575417067513,362.7138065406397,402.8196595403509,414.5028474819778,405.5292568720465
310.6109429213517,123.17125509443174,512.2515311816969,240.4663146847679,671.4875594769296,317.9322030764779,782.7774180587118,365.87749778193006
66.44360198656227,200.6796547826264,120.51020947695697,379.0881698169681,348.8367082343219,450.0784273314583,448.63092980557064,493.5144065830769
392.17732426106926,253.92216649482492,452.78032915112965,266.6118714562808,548.5597504338431,331.3177153715773,557.2264409111699,372.51120610973845
278.08407407472083,148.60252358626104,411.7083243020452,296.65047008717016,455.0894040931599,325.97869512574096,616.8124812375682,344.1855684058387
38.65837764083337,202.5428118836264,111.3413158761504,246.90896392317086,170.81475170956972,310.207983844463,246.33507453775152,408.3385569213811
254.63652758012626,420.2326604596483,354.5861312644843,438.54273509714767,377.62066540443425,485.0667306482418,396.86456162300715,541.7551046569303
86.13772816423213,400.0710654863393,103.1279682450138,508.1576980039723,192.32241328341212,527.0716643041063,224.5248898773249,577.4573284088515
363.6192320809631,225.14787029119066,404.1268010163899,305.8795939110947,483.9284182476279,334.50370485413526,508.4872525465122,526.7822046491669
141.41652742510843,285.9401727270107,152.22030087003094,437.4874568541816,171.63741868977576,474.1327951347594,273.7821010060665,496.19080904882884
222.2688246168871,36.14084217186321,254.62886662944,179.11401031694797,276.5305845942925,369.0615913094316,429.93732639425485,439.2901049017582
384.1156607233694,247.4619480059031,424.3016470399652,316.39290852475085,443.73146882037105,374.197600980312,557.8130858575346,457.50253474329827
179.3098351289959,99.11010001935885,268.0189414294338,192.79454104942286,332.63570983573186,242.2103564515558,439.4512201158956,301.95657193752453
348.0419225410871,415.6218966549418,370.10083278443796,418.09315463657276,445.16650269448974,513.5757594449537,786.9713796028968,531.4963884874794
600.0248282190696,320.67485191427704,727.3365217772273,421.12621688466953,776.1900174218935,423.2863401249228,841.5379494662459,443.1563996452725
28.690931019124104,273.240749183142,57.3212378223024,359.7107828990129,101.11143661749634,483.0374392186431,122.09185648978507,544.6477298304669
443.73146882037105,89.3028434080677,479.1604130375576,397.9959201986443,538.0122668963215,430.1865119826313,556.9741828593748,462.12386204220695
185.76376004286763,270.9801455530294,217.47255229158634,359.6988729740329,316.5905584695379,371.2143268935455,317.03715307488835,372.6446860492319
34.121039173722494,38.26711726821135,262.41338031297704,529.9033426766712,289.081655090805,599.0392283108422,300.0729331691468,656.0783256507885
121.48186102612011,123.81396542924738,122.4480482359258,292.84640408537905,179.98179266549118,340.21487827839854,233.58332599865935,377.0202073870384
203.08900822962534,264.16295375655955,220.3230756838683,278.4519419924385,246.8886260977388,464.74877585518294,556.311103323553,533.3850402642073
36.659349973632104,281.7838114568976,59.17445611148738,393.401475724105,75.12898770224263,482.88805764340066,111.54157761361165,547.8109514662765
289.8128865602969,143.2817609457762,323.6575969922647,426.5806211700046,385.75451727468686,483.16290502655,402.46854105438484,595.5672930615524
302.523379364909,340.88814367231623,305.5496566900446,422.97126954325785,329.97314528638543,451.684284495918,343.31663110113766,473.7649575089401
181.28362029033022,169.51188064460234,338.7816660366219,238.98723217301685,423.5394776628197,524.623285915601,475.3863183540518,558.5893962108398
350.4975176603823,201.0543350777051,538.7200413694418,227.49464248733148,582.9764778432514,416.4310015435774,630.0421852016781,453.4526403874829
298.0960615115362,80.6980776697648,305.14102440726356,218.61014286060228,494.2640949270332,329.52548432532365,602.3037638253696,346.99411461854856
91.06732860061203,310.1533951611827,136.66018901204558,404.5827433670304,226.91281648830207,430.4015437240277,292.629119576131,432.7285488662119
562.8654089794442,123.14845460552698,562.9959869453374,355.55896487250135,576.7791273006301,371.0795964285304,710.5429585583995,406.7151953898382
75.0576207012092,39.27438218789954,87.93630974998779,126.09138512555056,156.30336513533487,179.50196502846518,172.44744119915822,213.17256074483913
241.24328121405944,137.36199221762934,288.88438560117277,318.45920267091316,321.1140570528845,380.79737595678085,347.7187722908593,441.79251426966056
54.30475843555632,176.15448106357556,186.56876722205757,261.564421727116,199.88052794260784,398.0881536261557,222.6190386180919,401.63554586774416
130.44318705671066,114.17160738309964,319.5510390139702,482.28888764772177,327.73629463941245,485.5568893717523,350.85517405679974,493.63554516835194
276.3851434468949,101.62409599145434,319.6072399375817,230.84255903543328,340.40196377084163,283.3320157004282,518.160452930492,335.6862216178449
71.88315457779261,105.29399049419418,98.41445029876687,208.15366981880794,125.57729378718685,315.04138628616744,265.9099611431577,433.4557452836619
144.25167950427573,108.3579005180654,178.96989676692795,121.18501686155487,307.7290353408556,194.6496023196435,325.3118984645456,303.3160560920683
49.28148916316313,185.28871210212532,76.33000327054161,226.4704865454231,204.0685536806123,496.3207039046769,276.44760128059664,502.5765163451356
317.81053652191196,311.1588009442832,351.7448556167223,311.8787932842707,386.3149963930186,370.8794604859027,401.15160421164296,445.0404622185878
40.66826496336657,121.05375942827374,167.94441266844618,202.43916992793052,253.48412715535818,321.2472109751087,253.87859213920675,360.36772024880605
174.4248874849912,162.2806704867239,206.6705885059352,254.67257029821857,235.12464271550073,328.3549326490064,331.48096201110656,387.48662924967465
45.508722356040366,56.691381122034784,108.33730428858874,109.15223149772642,233.07708884065258,202.49398877281453,241.64861536733235,261.24513541923403
307.14107315496597,210.88433008294157,428.5561053715506,253.52077389301786,522.5871301472799,318.5072368792993,523.8730799404084,351.67909484340754
248.2858217866949,101.33494723866788,314.66978529258495,123.23924175463821,435.1367528467965,161.49364047438775,458.40871597672685,318.31526801339203
331.7739672298974,73.20305265140749,339.72774812963246,436.62944052349917,431.30852940369317,530.9120450994972,438.30456815084204,531.1977411201802
335.8196946831133,109.21094409646426,400.1446756662207,220.43024094646916,666.0612454133317,409.0129868775174,692.3811942115867,472.34140120469766
83.44198764644092,227.07528313050992,89.10641509520637,315.4693981228712,122.4480482359258,369.8511300678016,161.8270187378108,484.18216628015
41.74870967000334,113.82111758533574,251.07864463696745,229.0795141268267,375.55107063161654,245.5552251643076,481.57109020422996,290.1637222842852
227.2689593833414,80.6980776697648,276.5451343517679,170.03679341112206,281.6761892256644,266.5297533024921,344.7591611771533,292.7174019606009
30.915092415704585,209.2246748571345,37.01400580974812,258.10737407474915,248.4796916021011,360.28277828913593,292.29474149410794,380.26661056775293
64.60064444754711,97.4888940609462,168.26764741646906,141.6833262037065,264.31063582268234,290.5733004454407,274.26272920450475,303.820206405143
25.796782997373732,407.1036476149556,220.4028232073059,454.3117426719607,292.43164748977705,566.9704678550295,326.98275137697783,568.0241762667624
72.01728552228016,160.1180944937616,355.3678436055408,202.44740804449904,371.39982948529337,226.8834330969957,441.08914250686075,384.0053608538477
227.60072392369338,209.31563998409888,504.7256496151652,252.10104163906203,528.897500263868,297.25734037933745,705.3511427818834,328.4871259209766
83.65117509318199,106.69328768500306,136.53874529888543,164.0790151074124,159.55944073543952,183.6906482070675,197.64101631843727,228.81837747441634
198.94671465622957,134.10431506441705,210.61076778003667,201.27113692822746,309.1601298232439,300.6495586875819,343.1906337410977,402.57913793761907
363.81388128405035,213.57441564374923,375.65656193974075,283.4548032572571,603.5047532639118,305.78739103338035,808.1304024413437,352.24725488039826
299.06529436103466,310.29106350557794,333.42624967642746,347.05295719632676,345.996521542222,386.72684733343624,351.4403322102149,395.81506626345214
271.1890087638234,467.4132873325152,276.02338083664796,550.5679545281735,351.0737651908423,573.4498223814621,372.38820194309835,583.0259128502067
282.7191388240824,222.02764116993964,307.29364843955284,296.8128423347592,366.69535500636033,513.5390684111312,386.80847174822446,566.3059609615439
117.30969912748306,75.26050678150655,242.20878595721481,101.21257961081439,302.1452140998198,209.96341731968818,309.53922770611695,366.92592460035655
68.05727714600847,372.6491939720996,72.81792378183924,409.1556944445515,89.10641509520637,489.8419143625854,179.98179266549118,507.3271505743049
449.2575074896921,142.3739428884902,499.3856450770208,291.090339178569,529.9371756598758,342.08087884120295,631.6903375570455,344.0805096897683
39.04786498882442,267.16686399908644,351.7539765367581,284.09107349422885,421.62200023241223,402.9922525164803,478.158021359245,450.1236254270089
309.93613232676086,152.37691291657396,351.81548469902253,267.3987451661339,387.6937628471827,303.28914180501636,396.23019144415304,342.8439873516881
453.13131756050655,229.0829859054381,507.907728960554,255.93828776641422,528.9461788981365,268.0997717106949,616.2276903035997,447.5362985550346
239.44024674578702,174.70641948341228,338.9730619181952,310.3894100538035,453.3947390684377,317.93230921723415,493.2262904948272,350.7152692404412
40.65331551389412,178.18351433228645,138.95574141014555,345.2174690953752,204.8885002402469,363.3202411279023,308.07220627980746,481.84780670996037
277.7858724403614,256.25276037550725,372.86349085652716,316.0166488224747,535.3691047733226,549.6409682291859,576.8434035069718,567.8528987020454
234.67644359585623,274.33768054451156,242.85278543966274,319.5956197505153,254.50523189736128,370.3034136308096,279.5317836886288,419.725706808155
429.78443221074554,197.92534215766688,501.8658662662068,365.3301896353688,536.5678233089337,388.1725419272038,551.3170332944089,448.24411319168934
427.77455914039194,88.03127474284967,432.8258824547047,236.26239451341013,446.6734218577146,260.8362594633806,538.260572328459,269.67788215216063
205.81231274873093,114.29126494696047,373.339327417821,258.34919900305516,424.7606029092052,314.5184329500462,435.4683477190877,328.5387433725084
344.23806949466456,302.9919833400119,369.02267082748926,303.8184868232107,444.4184747805552,395.97504238378025,450.5017273118615,397.14182711584306
107.43568551767893,44.14572796443921,109.21857397500152,181.75855865572672,210.01441230631718,184.36894096894082,321.62371995744536,264.77213828927046
73.66456778202843,282.7864841694436,212.98651949449962,297.16550542153703,215.04170943576057,448.1900007408072,332.35091780400995,449.6030285211818
60.938340005948525,461.62161920793903,316.88111433586715,469.72966029508024,325.15433017154123,475.86471249985465,340.75445145777087,498.43659201963754
270.50427096964034,217.99924775152118,323.57476473232305,248.61768370912452,470.52268644016993,297.1573357550915,471.1369437674545,307.708927513386
171.3126380680492,302.2764116376562,281.59312939369096,467.47366008216176,317.60972935735214,530.9409959405347,338.492257418833,536.2758061199173
271.37998386114475,355.60142523602696,332.89695940695987,364.89789854926426,452.1563970220624,431.90472417234423,561.0085925559074,465.6491766333386
200.3867167028399,414.73487017591503,237.34356054772098,544.7904182467915,338.9808906076038,548.5591133109009,388.59223233237554,617.2359033123826
35.32738575598614,333.47919026616546,96.45815105979204,428.37138227565936,122.81342973758528,431.90472417234423,172.44744119915822,527.3204607374668
298.26347230203965,208.958164303506,431.2552310446993,223.77054697681362,431.46258290018096,520.3566376196156,529.6407061760577,734.66842334588
238.66756384687517,283.77186192973454,285.73548250167823,299.25335372918056,292.5154631615761,485.0426330236973,304.24499370716126,540.1628828928352
58.632341775431776,269.3526035054514,79.54925807696674,271.483834354123,96.8772175526611,277.67349974811964,119.96013108372844,331.2521992688001
262.02411688921495,236.26193902693583,295.90825045769316,288.48094527938883,318.78718911355617,377.1917159712943,394.2496828565952,398.1363166261178
31.72291697801573,209.75399004770293,35.70245217028449,241.48534521313502,278.29769593172614,265.1375906565795,342.0796327713144,267.03468368257927
46.076095920415916,101.11334181994239,92.293599754708,131.07074835500302,165.5283106328244,410.6163521315274,233.97191016090855,411.4844354583609
46.44886440005775,277.27484244905264,64.04254826832383,370.640725238026,119.26001401524748,379.97001666755693,167.5162992024042,381.91011369817716
359.78150712834474,168.25169422583346,375.52263616087606,290.1438613029538,383.7804589238768,504.4812538990135,437.616087491816,510.9508942079727
218.3597433143863,11.118037566894971,284.2004261197529,202.22554371651154,422.1985991350409,260.4461955433014,422.4254803741469,319.227820074384
294.57509496476865,108.40147045144464,344.53400104979795,221.30185145059463,393.90719711080453,463.534344219116,416.82553283398113,481.27379447336074
166.70123828098235,152.3477331401909,378.1442883734034,188.8456222376825,467.00334784666194,233.69673864657614,532.4500045025585,312.2163774500545
190.95096319101123,89.3028434080677,282.6512182217981,311.34650284648546,561.0085925559074,466.61201423591956,652.5320243725818,485.5989259947787
132.80421072423727,42.93359800051975,232.41932424766952,208.56652647260864,241.8605019707245,222.56945334950663,343.450764602257,348.1949026830109
176.96704937145878,140.64466948140873,223.4610411031977,261.82176168321075,319.3002897400162,268.396051473126,360.93928347333775,293.42344361713185
86.30268620167045,376.51027496072027,99.52574348019898,410.58326970191416,225.61617748557103,441.2885079009617,244.71288886330854,459.95451394949225
138.30048616726177,203.82023301772014,138.45953717223185,259.7949425441742,207.0176855513328,402.2903799361731,291.7829132357098,422.62211633244374
329.4502170792225,302.4324733766195,397.8280845103674,364.9810784084044,486.51936204319264,446.1558210498583,531.2923836671324,454.37959509910326
36.48123361070055,126.8086128382846,268.3281766023913,230.19481074334837,295.6480902288641,264.08456214098356,399.48853072850596,383.9518045592949
241.3259151441773,69.751333481742,362.19792511991955,203.58521867998877,383.02919462539484,226.82166704561038,401.87554258807364,550.8464039961028
25.36712223252712,247.28451447014643,202.68677536630085,432.88746469329834,212.164158910795,445.3826973092969,250.2113898116025,447.6743551961689
294.2406467258058,58.32380581878675,357.95178424951575,301.6933014322939,362.8609303969937,343.45100437940476,391.53998099468436,457.63463106676085
73.47377545704836,245.07513199191487,117.01073133778567,259.69734222201924,337.6430191730756,302.2764116376562,508.12486339169055,451.1490296524496
220.77400229482063,362.7430534912382,228.50385042726464,433.0086354422126,290.75092314335507,483.6639657583998,357.58961991954163,502.5454866520894
319.1431265811565,122.6382031048099,341.2595221925002,366.19302211548484,387.2182842032915,409.8482445708728,488.5581690701286,448.52149841099475
138.00499837029648,77.220245256647,149.01341446159884,206.66591104043994,224.48160807646462,238.53125192484583,280.20134734199246,285.1122383038894
273.26258442131336,290.55269981182295,358.39913029516345,420.85089785250085,367.7652002271208,437.25863299843047,371.47419761391365,529.8130474337389
258.3437303770792,140.08104919097374,283.6056749510595,147.62731572650586,292.6640367780755,218.72921093915593,298.32175145219003,290.7356172906511
190.9748852718522,471.6627717678226,196.70084638772676,500.14654689836703,214.20781147926562,520.0165227661867,373.87012178465545,612.9210804435633
71.12797004067362,107.00376938161816,276.4841614094895,157.10187541786811,303.6860240549847,215.44776054315687,331.4550531724299,221.62691542789204
172.26014523735128,170.91508979061388,200.33391299718434,351.65857886736393,201.8779527330398,475.28626921031304,386.1393170722497,560.4642725696974
220.9216849578857,247.08980574839785,278.21908587992925,278.54212900756573,326.2292401602923,309.77567301373085,343.9524483728799,424.4775418027476
150.17395684830768,349.42991838988195,178.55994332616888,508.2812850073442,210.01441230631718,520.8620849129045,277.2048714697993,551.5518013095566
67.66138273590559,191.80493632487088,171.64844857471155,364.9810784084044,207.89941396598812,536.1359612304004,234.91669497877598,550.1352383659679
320.0556439108008,151.52887227922668,335.62062524443786,293.1456108533703,421.98778635870667,405.09226376285005,439.0409203654363,493.6286553775822
259.73507201413855,251.35788442711672,323.3205749673034,433.0600151310363,382.3144822212253,445.1489115750652,404.85630712979287,457.91153419319056
37.31692692221165,71.69935217884465,499.96588413659873,271.50902290981185,506.1986920894601,277.317156618606,517.7890046879355,334.50370485413526
71.04717330142502,268.46334986880936,322.7194421335622,281.2996912941738,472.4744245808604,388.4809363874242,619.9102452173943,448.54092130473157
220.31301186094296,193.92958665188507,228.85903543746755,266.6342920146112,282.429301550033,357.74136601062145,361.62509402776806,391.0968946444675
201.8779527330398,239.69176285632904,220.9216849578857,301.85812098250415,330.28858739473566,353.3972801052786,395.96675523683746,386.58835711169445
168.42797875020247,120.44806333567395,344.93332544129436,185.3407871354467,393.38890276547306,321.0610834520127,498.8773154596141,329.2225620190127
184.4347676695202,419.9446803870517,811.4334298552584,465.9899712089621,817.0084536300891,645.0911033869091,821.3867176913571,658.4680731590131
144.8089198029423,196.8175907595777,265.21965448917354,393.5477785878019,296.17445280332606,442.19870591615495,418.59155623836443,445.22352256424966
114.64046112330249,224.3530411960867,229.07094526514624,353.3972801052786,359.81608840256564,372.60842968311954,408.2628898036629,404.81910118937486
145.3880907441518,358.9397763835599,212.13707120901833,360.36254421928703,266.4269171903773,431.5765455350621,270.6566919413137,437.77256001838083
213.05028180805903,204.49744626123706,213.59022762500672,309.48648229899396,267.475537182994,508.4555791219947,308.4929445057168,553.7332668970125
239.52314603845264,83.07953284488485,275.57981867999234,141.6833262037065,302.0431705085287,275.52759091892034,337.34173505559005,306.45911694564074
585.0309914357659,109.15126906678785,803.5775723874683,239.7729648512603,959.0048603771158,268.9100337140271,1231.1324792390374,391.8967045803538
45.16757009627812,194.0946210568868,59.4600339049294,231.66454326145438,387.07051516009847,375.54035518163903,393.6155926425904,396.3417339401933
182.1693870537727,365.4911805335122,373.00920293285884,448.51646590435644,385.2738852497517,600.437292046373,390.25835334532746,701.0210748995908
116.79974872554811,344.74847021927576,162.30388760949873,359.36217016970824,346.7128754930842,459.51408446602545,366.69535500636033,461.8714097613418
525.2301381931788,195.86317632776743,621.7748637381391,227.0034901028655,622.24987845801,449.934826832185,628.7216162345621,472.0703879542297
108.11640491607612,336.10025422011125,439.43442671363965,352.66363025689327,481.74390139920587,379.68858276789496,490.4774334272916,419.9446803870517
426.75345372949135,218.04521050183598,779.0594321753052,345.54292302884994,786.9713796028968,418.3847237861907,1005.8132212736119,423.6730058665294
101.40457880341634,52.17710818130797,223.96611035523145,260.45519876199563,226.04294287359227,392.2450660689071,272.835661079819,427.0203901998478
513.1104375008125,215.93390811585834,753.806940618955,464.9839136050218,781.7513380049849,492.0544452575688,813.7208540231433,529.4564278068309
289.40834969504266,258.9799192773878,314.75593468254016,285.95324372497674,367.6871690086236,472.03559695580196,428.3418508177203,512.8101977957762
243.84445558846335,276.4277624188195,414.6377683305732,368.4651778280274,552.9999069239756,405.3518817590211,599.8471797506807,472.1738564790751
255.31352205547634,79.90147696157439,344.93332544129436,158.75574582232392,639.8366754267388,301.7553067063251,672.9959851420615,360.46902087626296
51.737481275012165,205.46559175016347,222.8130485041274,264.49131900022815,230.46829000172735,314.0929674720561,309.97938790439554,348.2043755083108
96.77193679517133,115.47517077583171,126.09708851991081,147.53936974503893,153.74361390048162,174.10761583811941,171.68750245165393,194.60971344543293
220.48599845185993,401.6194869752533,309.4611196128228,607.6283371234257,369.76971161281045,611.3099358880945,380.6510486028394,644.9760014305466
337.15784328043895,122.36082833762953,370.06962417309677,144.8172430060669,484.31031994605956,224.44672845695362,581.3787219129861,313.0925295600286
169.5289933583988,206.01956608263683,211.95505912480687,223.74039653201677,230.80718284389204,278.8428598593353,334.28865496674115,316.01418728380145
194.39518530783093,178.98386823445077,255.82168564733192,193.5925011722031,324.2642425826569,243.37248640179973,363.92185156832375,414.8876483413379
243.44479789528322,262.74678921264103,296.4498502601599,272.3387195380523,332.88999919679685,309.6120123451003,350.40214860482376,390.1606131986179
177.35939061913956,146.1408096288847,177.83937999502658,195.7624064231732,340.88703064642476,485.26650067408275,428.88320627531164,564.6421038388538
370.2494759318385,75.28055070614302,502.25641366105214,276.4122371896763,528.0849502002034,344.88740471143865,626.1897281157833,355.52340103816846
150.67886267742514,277.33583406187677,192.22436707697355,410.4321550421093,322.7841870157452,466.0313400633832,337.52295522785454,526.7966328134662
395.00763142364644,199.56440399590954,405.901786878723,261.52541198043957,737.5308018579872,304.79962329584885,960.2244554493751,336.06064355785816
54.63278446424018,302.43891410330747,87.10050227988471,452.81945940477755,90.20597351427173,454.8703672273874,95.61900339462147,461.48982584087133
486.4620750663256,387.3982119947838,614.007414747369,548.3392129721983,665.4590175303849,554.5616152788677,735.1369815219375,605.7160242048622
245.03300688678686,189.53677100671138,348.6314505835921,368.78240669515566,349.78299563426924,400.08963149080955,356.58138659376925,405.7769836484769
234.39285094016918,457.2685893974495,270.3710889723693,547.3855927909689,310.73987295882773,634.2527822076972,376.9787135249324,767.2027980780673
301.4636296445566,282.468082377437,318.71867785549875,431.9020059881772,333.4451605957114,482.28888764772177,429.25731023329564,539.7918491665671
145.0022903315235,69.751333481742,259.5355026038497,210.7234022775794,330.3284247848338,292.6741901436761,472.00509223806114,611.7734026145039
272.28023235217034,175.11543031588275,272.3890877249272,222.4047595943122,305.9227988546537,253.13699221451583,356.3712773186834,429.8631062473251
198.03884872689733,331.9068015685588,284.2362090431944,350.95063417416833,419.97495883740805,363.9691063151395,487.5378359202857,368.93058891697785
141.58845718829616,215.62979493038478,161.02883328680258,316.6225322400362,236.0223595556268,363.48582915723233,346.2324214723497,364.6872778197324
37.62374041887552,326.3657757511476,95.78992464795081,378.0753243489713,107.9014204554519,401.9899784269982,167.65858124724826,564.0629047248243
166.70123828098235,74.05272546155912,416.58167095976125,92.3598871948511,418.60649963753684,407.8400667824511,455.289286172428,409.8163787109823
152.49338995588408,170.21585408764176,353.3836884799888,175.06991304699147,393.11459103125856,213.97045298700033,420.3482583393944,322.63038383690053
259.90087665773615,62.83627825682377,280.5830023336071,81.09192511479107,364.0074804274102,165.33976514238896,412.0079896946384,295.5337693426633
115.74136608565061,202.49398877281453,271.7990483990947,258.8461971537466,554.2818309462946,270.9849281910707,643.5182120128126,311.23495759450304
68.68233690270958,493.9979941618574,220.1194681814298,611.5561315555052,274.46331152188105,624.6903917665073,323.5570515553411,689.0484971730208
361.4516180288178,356.41142259766656,635.0566579435631,366.10879929346544,679.3927107681117,442.4700344556912,746.1507645832296,473.35413948363856
645.683473432719,195.86317632776743,663.0397550050579,295.4384346137978,741.7111069766331,298.47603211500007,861.5102915536972,406.6260556396148
66.34162782465377,244.70435337313464,78.38314350233546,264.85301879626365,156.60340624061809,310.3894100538035,158.77430783889739,348.0699874546831
109.44533438464819,20.922972542204064,178.49830593455113,100.82303145641316,222.12347289997209,152.89314348543397,224.38779174138062,258.2953330921659
185.30256320318853,154.41165125339177,225.6752479130175,419.1278276708165,293.18745691989164,578.1418851969773,346.2324214723497,624.9101252035272
105.31258526299848,319.0766429097024,128.83455492859017,379.2332137735926,199.3211416838535,425.7574637039784,293.92364420170367,467.0148797467709
195.70238527023554,142.5669978695145,257.7047013708727,210.64653841761108,378.76981458930027,502.76598673006174,434.59355387983857,504.70880300736326
52.127621775818305,93.95120241180035,103.1303149878652,124.87714120887972,154.3558662733709,157.90418285262697,168.33661061995886,328.49072262464057
192.9296044644154,113.69423699682251,207.07408451069705,198.976155362875,244.31789162351512,267.03468368257927,256.8594583112511,330.1743841945921
107.61597423267233,195.16439689770917,137.59411650065653,203.07982584824762,138.84623214597397,292.4377408512375,175.51470783066324,303.19366142198805
65.84189680601114,201.06899648871428,95.65455182217175,257.17921985164304,96.61448452265809,271.7288116097209,129.6530806963604,407.33965606522554
70.7281456438557,50.47300722374407,81.79973719222926,242.38323114709266,85.7232611375094,301.61392697308224,118.08472235704038,318.2995993688082
45.51469628137264,332.2081922296554,106.60224112677966,383.36606164362655,290.42205040170586,552.7617417303867,342.3914656167689,568.2862452380144
63.080881896071794,166.83874584303243,113.68707292703664,275.91231576194093,117.84370132040085,297.10511206415083,136.94567289318584,404.7877633906387
52.705375467112475,210.28306711803415,63.94985875745782,224.44672845695362,223.13333329976493,280.60448581181487,232.55607330744687,338.1594567704056
133.52030766978362,132.90824604265146,353.4127095563971,538.6684455416156,393.86206931273546,570.5306311735334,401.3649880640617,577.5614466024082
42.11307288694149,105.38440161628264,304.99781540960635,419.85921057156634,354.15806821048824,537.8717589453297,364.8419556787461,541.8210587545211
241.9523499054208,62.943374354030425,296.17445280332606,138.85138232473489,336.732280652655,410.78798625622665,608.2213187171266,486.86377328861477
164.7954995811892,270.94431222704867,533.4716258214899,305.18135287219036,539.2943205137518,414.00159919087196,545.1520951232035,502.8030367766441
88.89083178562666,361.47289162622377,305.8818466038172,391.1140110676279,316.61585913152845,397.44698205428625,346.0885482494324,470.73827665808966
104.81547790854228,22.25763944003932,244.31789162351512,74.05272546155912,385.75451727468686,334.1584156816951,399.55429002177397,424.04646770425484
190.54305759158026,212.63300366535339,309.5585471183353,272.4760048281427,737.4459759252559,353.46482747484725,765.8162470423421,356.26693731751067
165.5392507296553,267.2332597121108,376.3745510288766,384.75026782419496,401.2695839325444,548.896732092538,462.4433668142296,554.5827554389697
334.41535307415865,234.50214836138016,381.8803351487364,249.88903936406854,429.99961702871155,385.14359116157124,471.0765120740399,395.4828733415295
218.59045322949004,383.1633702477395,303.0611967791323,383.23064936656584,369.5891634320584,416.8434619595277,405.02148826652416,430.12611145918873
88.89761753066342,217.3541719636403,280.52219383901485,349.0712714024355,300.56540680179324,389.4934420023939,312.65567629902887,475.96930381903576
25.927895276941847,97.28620125481046,149.58213790305595,369.6821381329553,239.75577140202432,482.88805764340066,269.30549114644765,546.5231151909859
233.7572634313004,233.8249798684062,286.55268129590695,393.58846622864746,348.8367082343219,474.0749946508482,475.00657146813205,541.4505817813783
649.6709203969259,197.42810394683482,673.797075831368,308.1405766424999,722.9192919678028,319.227820074384,802.7370255151868,330.4098160729737
158.00338101761986,217.16735199162179,180.91372108847582,365.1214049100852,267.92343904153506,423.9964311108189,322.5110056042863,505.22770033418436
181.959506712488,134.38937397971858,303.675783821021,397.34947215279414,379.4167856315082,449.4410585384314,394.90860283973444,530.1543219229313
266.64041123478944,115.98215142491898,280.89986209895267,168.07471341897994,283.6056749510595,260.4461955433014,369.59286386908184,271.34541890968256
92.53286099231504,36.41512750336858,323.8028087976471,107.84310073280146,329.2939621459111,247.03979838704433,369.915240168199,411.28738994328194
434.8617445250718,355.3322110503544,574.5864263229885,359.7389057432116,608.2213187171266,371.6983990908178,654.2779299280106,405.818235501293
334.10371189988115,59.59788685115394,388.7439303854252,246.406719515325,410.5141098808911,254.64736628726783,420.42467173469316,350.9126144914347
377.20427299313735,144.408245068112,386.56645457240785,198.68388078996995,438.22144258520393,370.7901930720778,496.9405648082562,376.8297120209563
227.0272137634891,131.4150227724159,348.63122180181745,194.8694770039571,528.2462884144147,322.6177487723171,712.9381668422553,341.35548491371986
406.92860010275587,294.84987719669766,475.612837694943,309.7383110967976,492.3941066450802,321.6071435280436,539.1930892719901,343.84883414991293
354.10397150115585,203.82023301772014,482.4794088488836,295.1474811030248,509.0894973187945,304.81591813430816,527.1124785542659,363.38338269564196
629.7920138264103,204.62694673304364,644.1721917459882,316.23074865001195,694.1225698007657,370.4188255419798,770.0349258466676,395.33656288568636
356.5739827575342,223.54536051488645,518.1771868180354,337.52793572060915,541.839689293718,358.79091110577957,614.1477671168133,395.83462169522005
203.17316157336234,204.62694673304364,285.88801280377186,231.91111264089855,425.47785437411835,389.5965605870672,440.66034228312674,495.19427624525065
226.96522580050132,215.1941507483968,282.7367154177327,310.49819211228026,284.0222896416063,337.71319489535466,318.91527787145395,501.1166074511324
316.3490278653482,186.8864147846997,329.4268785982368,244.27742222600088,414.609952898794,288.8301721662042,422.8490997981806,567.3380328893002
83.55077367072386,233.81795537794105,353.67588118967296,285.8760105820341,381.7740370408959,286.20829977479394,401.15160421164296,447.7734035375771
246.90106345998373,92.84471921054171,499.8156597940827,164.63565720274727,525.3498787212294,237.82920558015408,539.4711395999019,262.25460615549576
163.0282178344312,89.55758764906533,206.12472952591014,199.77237786890183,229.6576329297053,394.85830684612694,241.68718436530904,422.45896240959587
104.85445625527665,181.1435070705205,345.79043025739657,291.98535186786035,386.9714699063878,326.3566436803977,500.0076332127247,374.839191362353
346.5309719763453,132.63796914120317,351.9144288141612,318.3505372027877,399.97899237763374,386.71788218967794,409.79351667674786,442.03855279027454
376.2259410369081,161.7441182874415,576.5107015639085,220.0270204459032,625.7392637293726,312.19743178595223,660.2031840866616,316.6225322400362
71.92706188848338,218.49033583749426,77.62874913054121,243.23272422951067,131.77209569542194,574.3522235924047,259.2580290735014,647.6850154292704
59.12907075847457,228.1643366723932,196.78650656753643,306.5860114633151,288.2187100181125,367.21218883081406,568.8365769485557,399.8029014779522
246.16159001929077,161.86191573830575,317.63261562705634,182.336944216821,348.5974405866976,295.3428207246583,395.96588059431724,453.4080333160357
623.750545998461,129.1444992159186,778.6602631423357,151.40830745918063,857.5159989318298,220.14074160504518,859.058178016828,385.6966532847906
139.06775062338843,92.69650544063883,263.9901368266954,124.67251926121497,385.4180525693475,191.99648716086807,410.21525007416614,418.24368768852213
39.385660473283096,199.307806534226,77.62874913054121,204.9633753378912,154.38229151631936,233.64251939086276,315.0256097987129,241.98967534921414
39.385660473283096,278.232249396196,71.92706188848338,289.48571230857846,180.09586554417848,312.21446093290575,314.6457955875428,630.4722218160938
236.3276149374023,122.217553405893,390.2840866418529,140.64466948140873,395.00763142364644,285.2307197013054,1066.6554488457998,313.27352018583764
209.1570090086761,76.7536939361067,229.09326160384012,101.28485913200726,234.23100853644286,288.9343791802813,234.4773241660369,398.6851075849239
228.48615934772866,416.3671991233082,258.5161592645521,481.91640740491465,391.5124094520464,601.5403261084739,571.0398202767485,650.9505881503221
337.32156333755586,281.0142401947459,405.2554116229895,360.5170169706894,466.0266236580982,453.7530052157322,471.6389355403524,609.3235411931432
40.401267939086324,105.45802812045946,274.09784672540445,304.67215954353185,298.9452797494619,314.6673058654692,345.12004910290403,322.8685413868814
375.2109910318043,301.85812098250415,402.89381774701246,404.81910118937486,500.04167904502725,419.44670871776043,500.73717174437405,457.13042545235766
27.3746908651008,64.33063123274094,264.3472898723516,75.83029522629694,297.45408004338685,273.17998722308175,342.2555393894927,317.0145791415752
195.97714755251306,178.9702740838624,259.5015996626567,262.72033046182815,308.20339971794596,374.6746009158314,384.77023091357705,432.6298082035584
171.36545629776538,162.2806704867239,257.7047013708727,201.44667886300869,324.0186088159487,297.4128400235791,342.7924850371018,339.783439151771
106.67703021774204,118.66500402411387,224.65266132345403,191.3133583710894,379.6413652727058,396.8161293177304,399.1179145937088,479.00109723189854
344.81386274849535,149.1301093594295,354.31506404043853,212.10007080167796,453.3947390684377,225.7023375524453,462.99326079959167,577.411508118629
44.13020264464688,266.73594234927737,187.48703737194032,476.54211949873235,201.48180684072756,531.0029436472704,222.67812466380127,543.8757603998122
88.56111117471931,139.1193108920158,282.6871526863256,159.12197318727948,433.3877206217103,179.9246822904806,451.3538778966492,257.17921985164304
132.61848603653084,292.5313449608125,201.94405118292573,333.8603285050318,285.13522706809823,367.2460448639329,289.1598973822965,419.25630922524624
52.711771512408276,25.864523732175144,154.25710050169272,136.6643918527235,208.96291812021224,271.5582686781689,274.27947510390544,276.0071305130761
368.77319586057916,173.74509394972355,372.11854445368846,299.6444697494462,382.92336429976524,389.15176183426126,476.195263679472,405.6307132882918
64.3421077354301,96.35611628350888,219.19313742096583,232.6981900001503,328.70526537513956,261.564421727116,434.70493716379696,337.09132750413585
241.26776811893916,317.13846741100656,312.97283092026066,407.0470879673742,406.304670736122,459.0378679716465,446.01612325751785,480.34909200813905
231.47108687671718,168.10969585404226,326.7959469525079,325.0183402081712,512.634419338149,363.6951091309006,515.7799365851222,364.4810005211149
271.88002616532066,174.38983074038,285.7882907408953,203.12240022937632,314.8444203043599,229.18619463987827,402.0550486154802,261.8825630546589
104.85445625527665,236.67989646510446,391.99759159284326,315.29270688048587,426.74168620460034,435.22205078601667,467.30157006625814,448.58257375723383
77.68393063732483,88.64697188474004,104.45582367808093,183.26557318999363,292.1427441192096,346.492266985112,367.4485290619225,402.02199136468494
58.299953649108986,192.71572753034496,87.5966023951433,197.92534215766688,177.40987431970515,398.53379714121934,225.3054492232065,457.13017017071456
566.5839048725711,614.0721918320891,633.4319222966742,631.6907079974936,719.346052020087,684.4884942310047,740.2548277018775,748.1760908347326
317.01932105706,200.92665364513627,380.8109564807245,223.01309639604779,389.99157782053413,317.13319474113587,390.46048935620087,337.3415068428113
172.0761093465934,265.31662212065163,218.8134782902678,331.21563536597466,219.79019887597374,451.8453318681821,276.977044053663,453.54208593558127
108.81477859269945,374.7126994915474,204.10936423459344,396.9530626418392,213.19136308365813,410.7042485289502,259.65394636921604,470.41520387551645
171.7315719731698,39.92521331551615,401.482595128025,229.07477395567867,464.4048734435992,400.10220458502056,524.8357295986775,426.69038299536476
197.08127378495504,312.1246752903462,437.37008264765444,325.63787290652635,441.6489536688225,473.43505413620176,549.7948627281156,584.2556603733372
257.9815008145844,71.16944429722174,410.78147498627555,89.78576993553213,618.9276924174765,195.98665330592706,683.4218228739319,268.5309162097848
135.82127281538223,224.33106177744145,255.2670082756997,266.6118714562808,296.5489039205061,427.21466816566647,302.94072248607887,499.7823827669056
151.2918680083066,125.24605881051008,416.53633693942925,170.03679341112206,430.9244358430191,218.61014286060228,443.4836208531794,228.5648399451967
116.16087905456133,120.44806333567395,264.6579841927411,297.4024432717374,298.6694137203058,333.412314446626,356.2365963704053,354.04123888864905
335.07678624025664,192.99571584854218,348.20473528363664,274.9164680739394,394.1688732252788,285.1122383038894,418.72286815820445,287.2692463588194
367.7652002271208,79.06459593380846,421.7138806432645,237.05233390688198,543.7913946485095,246.77035902905723,572.0439132014619,291.31967329795845
377.2132018414819,83.33869497302383,409.4707773419122,246.6800724402435,439.5091308686027,313.2986501292533,509.1162781028207,462.55286496560115
69.96312184922913,181.90947264762417,136.90707149181907,314.1008855645524,222.190293361024,340.88814367231623,273.1829965616673,392.64222906212655
100.83184129994933,414.8918395297965,323.0424741456349,469.66025801876725,340.2385044947151,514.8414156262386,362.9745516537436,535.3167344827206
63.078218437749726,157.77663952749842,129.6530806963604,208.60509183040037,129.79550870721897,226.65598394437714,225.5641761793259,264.8647979771805
150.67886267742514,119.90518449232893,187.3017345520239,285.07610965371435,200.9604681277169,360.102044864311,213.03499789057014,657.5085534878499
88.51659141201044,327.16320218350097,240.83674673166126,369.498188888501,322.23588565391947,458.45511066464593,401.39887106503545,513.0282002969001
902.7558939027456,75.45976957510554,1182.61379759813,83.07525078408621,1227.3809434282757,111.59810989157161,1393.6616436615468,124.70312874907894
323.10402437142056,207.68033878168194,330.5034923960068,218.5267645899666,345.1862842188369,344.17303048453135,415.9013628347807,366.3297020560613
330.43076927187604,211.88798018950646,340.0857504827127,256.64222640647307,341.9018617589929,439.8789061488742,370.63737217903133,441.6887004739045
183.03921903852162,201.0543350777051,195.40710319976586,219.3331334540548,244.61548200829958,262.3989633089323,527.3194331851532,287.22074822472854
127.2541606401905,150.44536106096908,382.4543409301587,185.3407871354467,525.235546936689,268.5151244640957,536.5056069360817,297.4024432717374
134.98834545873342,57.198284687793034,248.8918356399735,255.71249942764413,286.3931643459924,271.50902290981185,566.9009813020839,385.25388250434764
136.25023150965575,109.82317366650206,182.12592802851225,194.89932672791053,249.42176502022116,229.18619463987827,268.8098019010533,254.07465380097588
127.0270694190256,242.1240887564817,475.530276588339,309.23088402106913,504.13910810355213,377.54755210643873,545.7649520367513,379.6803061460559
136.8693929741439,83.22946782805506,167.77136485040353,293.30029020375986,213.78412028280047,407.71344773971475,351.2599713832677,439.2901049017582
156.20045965067226,167.8191386224965,202.19771196477362,268.17559692607813,233.2890876713755,490.9661221675014,278.3985529721837,591.8465309569657
626.4396729918217,170.45876976941943,681.302278802613,307.44769470710077,727.9616622875621,323.92454838305554,751.9574784425389,351.2341915186617
145.62617339048626,241.9474180386478,193.0713418340049,318.5942302765842,261.4842977492209,353.79746267769843,312.54372491075367,386.39448427630344
168.72268491955435,302.054393709367,395.6824978829199,314.27663671317606,788.5387383684223,358.1253660918792,807.2857394192736,429.0419095204773
132.31033334567377,36.752257104669084,138.05717875195387,129.5028738997995,264.44554950156,212.87168517062787,297.2312286334937,378.3686117496713
119.76838779492267,45.881111083273076,161.89092304236232,85.57785008726154,293.62248329312837,261.0552353696392,302.37595046633055,295.1474811030248
486.07859103620996,136.7329263856154,808.2685578613614,226.43399485797067,892.1346196183205,360.0627380133462,927.5629363053224,384.6621427566736
42.38615865943738,124.32677944241513,180.03548887010217,151.32362672426444,319.3002897400162,271.19463347817606,386.5646816705101,404.6948935829489
251.76290847141007,225.4219595486429,256.03590196396493,411.2731608603929,296.81696526626376,433.394819587229,404.80345051520845,536.1359612304004
52.29723277109308,277.1114988069075,121.6310754097456,333.47919026616546,197.95452546256223,355.60142523602696,403.0433013550015,442.7205287953744
186.29180200007698,149.8874223371777,257.70250632079984,184.8525002947387,348.5467551600094,199.2488579232417,397.7081521079346,228.18100014983966
266.64041123478944,225.2656035708124,292.6640367780755,313.53609039418905,431.26374172116033,327.8324862731763,470.9725230145375,436.91677651933
107.61597423267233,126.56267673959228,122.09981128684842,425.3609169169283,220.47541284416826,431.40716009583986,240.64386619426668,483.09320553371947
56.67054383055166,281.1070946542914,132.45739663403057,370.16863855016646,382.3718366713709,528.4844427148842,400.368988002014,539.0971993169235
20.95690243713973,168.70432431084186,320.1449594353582,221.30185145059463,574.2761551762986,308.02895101768803,649.5717996839138,409.10520835502393
744.53010810501,209.3252713525198,953.9649861426913,534.5376095446084,1005.8132212736119,551.916053680528,1031.5333788636833,670.1382574162352
180.00379216924907,124.15442707132445,323.2876497908036,203.44539494409176,469.46628990233955,271.19463347817606,522.2952932102464,425.3609169169283
350.51334130433133,141.51194629189436,351.44441110951703,288.46682440489315,357.8392443359656,359.3918541979334,360.964358677704,579.4299656385642
199.88779399473873,198.12294003881243,203.84019150774108,344.1065878809415,231.70685902601392,357.7204755597203,233.5764986288366,418.3847237861907
136.74683902190176,205.91704439255022,249.4730319680426,298.23204979323447,323.4098077504389,378.1837537053889,329.2377821726334,442.06556530099004
626.4396729918217,241.79553793888678,799.1239281653827,377.26972315874104,852.108468664474,865.190059822905,1092.5466075424747,866.3940325667797
252.5418586627724,305.8418094972108,256.7953895813723,312.5140092245668,260.7241943459698,333.53709024879663,453.13131756050655,334.97044150053966
239.9586326010986,251.35788442711672,270.9690954424138,254.3958397547194,438.6547332917911,274.0936592872729,495.01427747202223,304.2229832452591
225.15565178828686,399.14062752186476,413.3162813928539,443.1972174661098,428.1502991802383,501.58799084459497,487.98935205310096,526.3017560098084
100.83184129994933,92.31871605883681,237.1175837951057,258.84673641160964,242.31636848751245,295.8136791973576,270.00482391244066,368.93058891697785
49.93889584341203,315.54388390640463,71.24246564220333,363.1900107955166,149.13258837955266,504.9376002954214,250.98446322648292,509.561243145438
134.75863130281945,55.587053569979886,287.54000814670326,135.95016716437217,513.0634887379412,248.23800325797976,564.4548958412344,336.10025422011125
348.6314505835921,64.73040285784097,485.0914209402334,74.87605184117804,534.956317225933,146.9293794720781,541.8870699531252,237.05233390688198
441.6489536688225,230.54133044203786,511.5786893329506,463.6362872886227,619.5753728856231,499.1216509215002,691.373958246964,510.2169182090997
105.52304349946178,220.2992056001627,208.35011632711132,260.10780559453934,303.8459554483645,278.26380620158665,351.2110008159464,482.772532677997
472.4744245808604,216.2187303368207,523.1949641941735,226.27876221394965,605.1371524644424,248.8069481439471,685.1135423006705,264.34691123196365
120.52278070641259,277.51443909060885,123.24653488041608,303.8008270396576,229.4374362533189,348.75574424152086,250.65559648490733,388.64929843971913
137.8746705813424,287.0891860557339,228.9578902126747,303.3160560920683,253.8493129460562,312.9484582309225,304.1836346436242,316.551782603516
148.87825530568932,228.86707082988792,231.91173057838793,237.7382474052544,248.94019333487358,322.9289018124359,271.62424760393816,338.06176122367987
454.6184102237453,190.43511273373443,487.98935205310096,307.16125073192546,582.322626515688,382.04784567999786,655.8795619535596,394.66595226312904
82.10447469945106,160.941858241204,132.91374719277118,301.5738567341081,307.7203276531107,365.01314657642126,312.37787894586006,374.2172841704193
52.29723277109308,195.1532776423982,154.40162946786054,208.958164303506,208.37239471473737,560.7526061462565,399.03541204685615,737.1787668677075
73.61640932043585,318.49424145577757,335.8196946831133,364.48068380024756,386.59107963683584,426.5459981782046,471.32614093450303,491.34565319783684
455.6141749002095,141.64463487760696,521.5697889998679,271.70192947605545,542.7240814298851,293.93814987641537,572.0439132014619,295.1600147677639
89.87215604495526,128.1669013197706,716.6369749143879,155.29041353147517,721.1663429641425,263.1594251180499,760.1595411768267,265.0624181631342
72.94515486237806,175.78329355975896,377.93331391824995,326.2012992629738,406.2672610637752,379.4890764395463,542.6383938486074,413.63571976644454
41.01749955846473,229.07630690212068,206.8858990164969,264.2729981336866,254.10615146758778,364.1651708780078,414.3730071505652,509.5027744120229
28.9457182228334,199.8986303259954,98.35311438659859,242.92494643327026,157.2706237105283,295.81709558583924,166.87491503909374,320.03645506284363
64.69528885177054,271.483834354123,249.52062431074654,468.48914630394063,298.49913747349547,488.61363601473295,423.92946106091586,540.5316807619104
248.88372557582196,248.12070911552362,269.3725401812669,369.43992674224245,323.3278747291829,399.22855759016835,349.1056601713197,427.81809487565465
237.46048523025632,124.72993993263734,317.8257506442444,292.53327093507784,372.8962143088324,339.7068583777426,379.5265433763036,404.44835879986965
206.8858990164969,380.49164504187786,214.21153225445244,385.0249404988787,235.77429548052586,395.47673033141916,424.1249849076369,406.3211302409224
225.6752479130175,84.95602298256294,392.69492081662185,427.3615647235397,451.6416682435901,472.3861122121837,462.17656675051495,527.3204607374668
198.95559297493733,210.204639461182,203.22416486746124,295.32604729208697,312.72820870880076,362.0812256877694,315.78236125695804,419.9613739586596
177.12714079468623,141.05927413306756,271.3819869172817,236.68999854977176,315.42023698068317,240.02917552332988,318.4645379974367,246.67638544595087
327.88735266058507,268.396051473126,393.5766708784638,313.27352018583764,432.2721478804407,362.6297244224369,438.56668308880097,404.87211523606294
192.07124525835707,234.2837769078647,331.5889267423517,245.07513199191487,377.1015066335286,406.75715965257785,385.667185639898,412.35196810570756
124.59485094105749,256.09558035904837,354.5848471476995,264.1205519481304,358.5127770121763,451.1337147646329,382.5302276954259,499.8012459328175
131.3428553624032,342.28887090442163,255.5327851956976,414.7316415902623,403.15015854005765,432.9617511714024,428.70879658506163,445.0404622185878
138.00499837029648,256.64222640647307,232.35649130381745,377.0653374235332,273.8095046730289,425.6935317228026,328.1948711637782,426.66812808164053
36.54688382395582,151.87522084296265,83.18921323980749,171.49861897717798,195.95328303923986,372.30932447932213,324.8034616240211,395.69920530621215
204.92219279246618,261.77486193833613,229.3380381628027,437.72525734840434,324.9634560638581,558.6655568292041,430.2091531197702,590.4787100183507
276.7496411150073,131.9188242289035,284.1742463243026,132.20349147571812,340.02779265516205,198.02988923093488,522.2415945917177,282.1491715397541
102.86757642388825,307.73078198865477,161.39399769240376,315.93395214522616,273.5655424334769,369.6821381329553,273.61128155062636,374.6731971036852
144.1403415459313,169.8777864239647,507.15104734415235,343.75366619923284,542.0150511666149,380.3474640394124,593.8455298876652,497.9255858309037
124.53382945850844,242.9490732336866,290.30968076214884,358.68310144258584,298.6694137203058,419.6910731086522,351.31334309774326,482.83557451312424
360.5248566365155,185.24405060917948,365.3688167821787,217.17638645959536,407.51179965031514,265.1125249378398,456.0973520015601,316.93529809425934
68.7294461415427,255.31642212504613,277.77659192569763,261.88633780037435,400.1341171168448,418.105309137012,457.9774944276556,476.4624733463879
76.33000327054161,157.67556560687567,108.42973280946899,254.1346357807578,263.72397913850267,318.3505372027877,273.03309833035775,406.74639474260556
207.75815802591367,149.25877143687737,300.34027434528565,284.3142161949941,397.01452381290153,421.47377450292294,428.29501243109564,492.02532652656566
190.88730726571333,401.9844484498482,243.23884043335795,519.183243749089,259.5355026038497,579.4018061217425,283.089873737714,614.4243254857076
364.6849720437382,557.2789996712412,400.9432784361138,670.9373586699545,437.12818566681756,721.9334476046532,447.5250241352404,817.3089800939503
47.076393542685594,144.971651619507,212.980258923337,157.77663952749842,257.7281741137355,215.03218839550675,284.73261029077827,346.28027081762144
59.214648679284764,177.77051886052263,160.37205450647755,248.42770920258258,244.26023256337467,285.2032121669525,339.93837767347515,299.2385365599644
389.03883800879555,83.07953284488485,478.36163655420455,97.4888940609462,661.548931560317,236.36000205454346,712.9679151031265,290.3864630099162
171.7315719731698,285.8160793820407,426.6364301580984,326.8775677034592,483.61697456913106,419.85921057156634,544.9728456967946,523.2989809742483
98.90904831054377,42.70663617523284,99.52574348019898,204.76810477435,192.32241328341212,352.2700375604081,214.37849257359585,358.26925304400856
224.60965973253707,331.3186566406792,729.2209119988186,593.8417932367715,768.817108280517,598.9266252640376,879.2268320245248,630.5464521713507
41.93269556549548,71.57453290061878,45.10176134896028,265.96519965229254,285.7882907408953,304.73030160550155,432.2699316690023,383.8549018743072
384.2335842536324,88.88525544123961,398.8977537537027,414.3515079651256,400.91457435399883,435.08896151670916,489.9722225347315,487.31327949223794
226.1124652621579,136.87946525593117,329.66024975270403,479.11589339995044,434.31321258667214,608.369330955153,456.6785225763649,654.9454916937026
223.13342909798743,86.47448895778948,251.1203357686964,106.14434626268564,267.1966760633233,304.7065695577694,290.79243996977914,371.3804201095315
84.0282215845816,134.38937397971858,199.99458680733343,328.8528034427471,377.87711240490904,424.423051014462,397.39725964327243,474.5524711432805
83.49296287146787,261.74622528056676,292.6775725924081,372.71782865068684,349.93241417640104,433.69953303201316,408.4407587759298,465.5486307379854
172.05969595849254,195.38376724947784,182.53659283933015,266.7588619632742,244.27382968914372,275.5202904053871,268.2091667928193,289.35375941853
99.31770107746524,353.73001294915633,101.91447776751757,536.0539283805972,128.24115196892956,543.7112000611583,133.2926810274185,571.3005811680971
42.35636947124187,239.73315856165954,54.219160735361136,369.71950460350206,84.26344844804333,463.09642493464827,98.49720723087665,487.51191646733406
70.88297240904878,188.1196040939791,189.32783877162697,288.13829362144213,209.05140069046848,433.4011597738907,229.6406772641249,524.1058596236074
72.26426610980482,303.5099442304705,162.18673648310264,307.0082973472626,182.96891501312675,308.82343128167406,347.4401237960694,469.49257603366885
235.48964020330112,339.9991934404544,357.95178424951575,419.1546404368688,441.61796982647655,425.9092174856928,474.31826482582073,698.7102966425672
176.89487989810277,194.1302753883174,262.93190809825484,209.96341731968818,331.6527335121953,282.24505449025816,487.5726337493383,309.3920859402828
234.29356766299134,116.80451165704332,249.50596795957563,225.4985529355631,285.20625825607596,231.74321639942414,326.1955234568071,278.8956654439185
284.53039230316944,247.77406610504522,297.75812513639,308.9703480974857,317.54625873855537,317.42072922090057,360.02296122942414,330.69264117538705
219.36454830427348,607.4895354771016,295.9375891419668,616.0323312238002,354.81317085821576,649.2658173779367,380.12005138704194,715.0954624692359
61.481047622558,137.86413364606017,88.78443447322077,426.05966740648154,95.78992464795081,456.5594005685773,242.05522428805295,457.0455105187277
75.26677980951938,288.9348519639237,192.43078329752564,365.66941522542083,441.0141468381134,489.2642816459303,516.0127091581076,510.71893305918906
237.07949075604142,512.0310869847106,837.4390774624594,567.4674112448826,1156.9235881926695,587.9458633539398,1160.4466732956719,631.4481676619442
109.57043462387003,163.06874012490923,206.85670549028677,202.76478052377325,282.62717451148563,298.990532912017,357.56489274293205,348.73099600758815
400.95883840005655,202.4889860587774,566.5839048725711,366.10879929346544,600.0248282190696,518.1835764239274,832.8875448152945,574.0431459255692
128.41062888941735,301.06429319778465,456.526061736366,442.09597504151293,506.8845537728789,478.12367584054164,506.98025823523375,481.8271173684263
131.96558666126347,238.26728139596938,231.53788285653383,332.2081922296554,236.65753619617823,348.6378086847584,290.40827342688914,445.73485270776536
273.46513106114634,256.2616735126287,295.20585532736516,258.13532608062746,304.23214782797356,272.0837918901321,425.5314976807176,388.98097030408655
340.07477754037245,239.03154194029625,366.2933327323705,463.3846444387546,400.31702385208786,479.5680629237378,425.6364311626836,493.5817714690789
98.28209929576528,58.52039980226702,276.6163707470682,116.47728973822463,325.57213267541874,169.65016611462895,332.11678630640046,245.80007617346914
53.99956048174432,82.32404072020526,78.88657131426409,151.9526952610516,94.41923142635972,239.28030967540533,178.98185488815798,271.493358108648
274.37534619607084,64.41950375694185,298.8987008954503,165.26345453048614,399.7223029816931,213.55087169862458,425.5227688973709,274.0936592872729
105.52304349946178,206.6124003012265,255.203385472589,214.1726400430766,273.1106712624591,258.054884969855,275.18531662675724,326.9271540861035
78.88657131426409,77.13453917996785,99.42806083681472,225.35460311204233,117.9739107864733,255.1713375621831,128.4270401716925,358.8130951724732
146.01210958088882,170.14015756324224,225.83196503476842,180.2360153952401,237.37276834378767,216.75474043147392,279.7306082449304,302.4324733766195
35.09020040565096,71.10847421616016,59.4600339049294,263.44261762923435,339.2060365600939,295.21114450374375,393.01039623293485,331.2521992688001
60.06503356035692,180.093085799389,189.05648499232908,471.6052218562486,329.1352819112429,521.4507742788485,481.09100723843807,532.6198439850274
44.4744971373072,389.04422709698395,54.219160735361136,542.1180326210116,60.85009251490592,564.0338986842803,90.07111796338603,699.0433805536592
341.4058154774156,127.3335299864106,498.8124701597307,193.8481836010886,512.509759113521,290.80349148329134,580.3026630803067,316.93815433816184
227.5922651892036,206.05939772911097,252.45872080887082,232.46822539695174,333.5952498509364,303.79517581187827,365.32996885830073,318.08252515189037
86.30166439688799,152.37691291657396,167.88233747339484,166.0615595198613,188.61856867323414,213.68464918322522,294.3652398006979,363.0053027178957
269.7590844326865,207.11148718981534,288.2187100181125,238.53125192484583,301.08086595647467,337.71374428012405,543.0952472559081,493.8814620570778
229.68600107214553,208.9216158480875,290.91442455057,606.3615347023799,298.76725818992924,675.4554259133108,373.51503543350725,783.1220521508787
230.27784887610952,69.8601747418651,829.9971170880173,118.34415238785287,871.0693494209338,237.17037790129538,1005.7189220375992,296.70312966621356
211.5428124397204,18.272854866604252,228.52519316971265,215.64446955177442,271.4097456524745,365.07744151125985,339.046897624619,385.40286440589307
351.9303241989934,143.71727367783132,354.2485370473304,151.6961460538073,411.3735391906929,376.26907394528484,549.4348925331265,427.3478295199966
154.84817447161635,272.75451221543017,285.22703752856677,359.3918541979334,369.23550832281586,407.19975838671195,372.7858409372469,465.19596541763576
117.28656175735964,237.38931177824864,245.64254813010294,478.08226932622813,372.95376786949066,685.3684600820358,502.5840678726725,770.1753831621186
30.316028677149635,282.10081743044896,83.81220472952194,418.64994768326756,87.95842821339802,460.6790216395335,110.09131105742193,494.35283070872987
25.411544046198728,188.29886249595106,180.89503400153208,194.72771520913432,340.6359417801768,310.1624449221811,412.8930610806636,313.8718471650766
274.3065707063098,115.6376104445414,317.6674062834697,361.7912584508762,401.7157954027675,446.4478727510616,408.4561696120704,475.52009178917916
162.99200876032847,218.05986048445982,323.94236365647896,248.27722611614743,350.1061406010684,575.6989938332172,376.9787135249324,580.9354738008742
127.86770630111081,197.56479526873136,222.190293361024,274.4577902085316,273.0688815590813,336.3026289771148,292.1396453627395,369.3345152460177
160.27481794387927,244.19377234916234,221.9367616257523,460.1649541347849,277.07861283070935,462.24188344931775,323.3205749673034,516.1357017858153
189.05648499232908,255.58070535428268,233.0319011672742,318.5072368792993,239.09108673594133,333.74860611810135,356.3712773186834,374.2552961099508
245.68451165331467,14.372242068741754,252.2769465289495,78.79372843769562,346.01942805421686,121.18501686155487,411.4606108021125,316.551782603516
190.88730726571333,205.3745314970368,224.29358054527628,296.6004237551187,330.3284247848338,310.6394854789098,420.14067825375196,468.1120509080936
172.96278133271258,154.66939846456356,297.26883989330486,206.6124003012265,310.0254672880015,299.8097159124038,322.4841792061916,500.506436125789
329.95348654123364,111.39114190336491,493.4460494332364,220.43024094646916,503.5412977619241,281.2996912941738,513.0850579586089,535.1199257350398
73.61640932043585,68.33282773692646,355.5464181521942,169.83669878970204,400.1446756662207,344.54743259511685,461.3845073522539,384.0053608538477
228.48615934772866,149.75267212114346,349.54514264694865,282.47712106776686,465.47708058164665,318.0299804912717,543.6983379380878,451.7373664640131
352.98078058759364,201.0928211421923,362.14867486362,257.93827586749023,392.5580397050717,302.1273730712545,478.2205975224731,355.3322110503544
58.26818486803674,263.4735477777571,120.57434289943657,333.20119148858385,145.14247105819095,397.5404004300335,197.73363158877552,522.4598739471843
127.00082230477165,127.98887472309274,486.3712773939743,196.34513387832956,534.1197335702107,289.0193579379222,590.7887643927203,370.15328117046516
663.5161521045843,402.0723040272293,756.0466407339873,558.7468379513252,825.2239771928761,578.2718525678581,825.9855517364111,594.5853469099548
82.10447469945106,113.98831866500346,98.74084297895696,604.5370347857714,266.70096079973206,614.4243254857076,274.7283370463779,652.5463794193971
162.99200876032847,323.4611800364867,220.09363370256509,359.6662843159913,327.1116975505297,454.3738935251162,363.1530978023231,474.0819522636106
239.11661932713093,421.2359200862316,284.93713369137464,453.7530052157322,307.69641057808076,490.38269726278145,448.63937537908754,545.9899558690778
373.5057299998925,317.53427988455934,543.2758133476765,354.93554417230996,590.9531499362923,406.7151953898382,625.2879760555115,419.1538388548391
199.38924986007396,144.68764508011162,215.7860243643846,169.20328486297373,263.6425128567932,483.21098387169684,490.17345722762616,491.104336710145
197.37889761754485,48.57659959164121,258.10008447315175,101.44559997777745,308.0147758085867,145.4807529036877,334.70167070430256,361.4700113757626
49.93735685118837,186.28356266775592,255.16147001246645,225.14443923656611,260.64085076145767,251.49935011560825,331.0211585394881,262.5651122773655
102.10090822765248,259.9036630638656,293.8142160373525,335.05439363413734,313.5468164637753,602.1094050600528,377.1399630419013,622.9688840302372
284.53039230316944,253.80069876029197,344.67403389748034,266.4181296932326,361.92025395307536,317.1065044684622,399.55209410683636,323.7760127628766
63.56884882022699,116.35361551008427,86.89280245110608,326.3657757511476,198.8408383184158,348.48932261026835,270.9137570044164,457.23387564496835
164.43266303877448,230.7146190969968,192.13789402922126,301.2539347122394,452.67495346415046,325.01470315345466,495.24912602122544,393.49703987491796
72.62297589027371,195.5819650604611,203.94032629059123,310.09321788752305,207.07526541599515,315.5315221217733,383.4863452082495,410.2513619769784
391.7976153054201,216.99904367459462,833.0936708528953,219.68984714479552,833.3595984109078,443.60689751771963,887.6443532612805,465.12818034313494
64.0102526305229,85.6235367866131,203.84019150774108,400.48602534063855,281.1291287921854,455.7044842819709,301.3127166084793,482.7569207339716
326.7146397895875,167.56917039057586,349.54514264694865,536.3560877397086,418.03408755849256,562.9170172495128,420.43358013977524,671.1822040321581
211.16762201333,133.49841527354886,218.3874874443575,313.64450164765395,332.6219551850303,372.93760323331827,502.0087447584672,542.464680886837
205.44519399091922,250.70474294431062,224.35217545105692,601.176031970155,289.64684855377453,605.4870691892725,319.040324127527,636.3223001395992
265.9099611431577,145.93041827905955,300.52408298709884,186.28356266775592,325.99037854846506,287.6189350264873,361.31378421776407,310.21935313928736
585.6507624360773,502.152238524406,804.9679595296288,512.3534325203965,1083.774112216483,546.4251379356052,1161.1351208460544,701.2931810776295
86.15800630565933,94.33668897135607,115.45815010472391,201.91867274200152,217.7304296964295,221.37366121575258,251.40144624765298,367.21218883081406
489.2256565364704,41.55261086651212,787.1456427441951,86.54430395859518,865.1913910096498,252.60694200227516,1042.909779201929,339.1249095754144
158.2658029939136,286.90730561513334,166.71973881579228,289.4355485520729,194.78893761090993,363.5706251911233,214.11206195710002,381.52522708176406
107.34188573469969,274.79774774507274,268.31172853822716,318.5048160401984,362.4339197249752,393.5477785878019,376.50863169993596,464.57092152313754
111.58495830347367,163.4956153850626,191.71815796048944,177.66349534245163,285.804540376957,184.03791348409922,312.97283092026066,244.3591819142405
136.74683902190176,158.925599250731,255.84190638229538,168.96489279348074,272.9895420780821,265.03967133414244,276.54840967277977,357.6744148598227
111.79867288881266,286.2185999697257,143.1772393055962,328.3984993261375,174.61370116940913,364.63120659192043,200.34136690425194,392.36667893389574
98.46818381418491,274.79774774507274,130.70494486263863,308.7408964739816,322.7156225076432,438.63233126671406,328.88942695035144,574.0431459255692
248.19892695326809,196.21349987751668,315.6337718530303,243.34901252609802,334.9200507068374,290.55269981182295,375.9064058203725,362.17042892174453
168.80689106020185,326.7559619797427,195.39440692788637,367.41354403784027,203.0696112709815,394.8082823352386,232.06849514916414,498.78781280423595
84.61210578581056,45.75089253144883,255.84190638229538,139.36604425407103,290.3608146342528,297.1261640473399,377.9453489842319,321.6071435280436
24.429225913248203,157.2125576216424,308.5060957258492,218.61661140731235,329.5641061402969,318.6120835296692,493.2931093344586,333.277142965367
158.354011383513,192.1200076161387,202.82064445540973,317.0357991244164,211.24243350570674,395.53010072960757,231.81626914922583,426.69038299536476
244.3217532770507,95.27062889164193,348.3938490470097,190.17894337996043,362.7953619636757,190.76223240828472,429.515714882388,194.5150170025849
100.40834438400266,250.07466562670055,245.68451165331467,451.3585446286089,267.45206281338386,531.7182073374692,293.61466549554297,582.8968872450004
55.29095013419722,189.2768814728163,295.83007109061606,613.170658562735,344.5399265126863,624.4190603379961,403.4401310025588,640.5161650121905
30.92485443429044,228.8310396755858,249.10672337258683,251.57048519864924,249.1993471514975,274.9753404933184,362.73803790603677,388.20161023064213
60.50660768648588,63.411029688635104,145.43256804544166,208.60509183040037,182.81715349104707,269.2526659941741,516.1874754111938,281.91029180910857
60.144047808438884,306.9146661597402,202.8911255201274,358.5439778047596,265.88832626446845,387.39277579794805,408.1389882305375,431.64486725466355
268.5351635618343,179.7802601127443,426.5094237122481,257.15637436356644,482.3433754995754,487.7096985258016,733.6640386766176,516.7083633489856
110.42820629183294,99.9157344215602,319.30308077957017,326.77902707646996,495.7806977063615,367.6638018372876,500.89911678840247,375.0119473148921
137.1992616164227,318.5942302765842,151.25239296595163,329.4876210245271,156.24581344596527,447.6743551961689,220.77400229482063,457.1405322442478
389.046952791392,116.8272050334684,413.8203958936109,295.3134170922959,417.56879178102906,386.5320950269426,452.6565128618525,428.4108283535356
175.9101279236808,265.95822826618485,240.9908848577852,440.7446179409009,244.977466803237,448.1207337409217,441.4202048416521,595.9504566790885
57.79970493927303,153.02176837464162,359.7792366273722,292.4377408512375,366.3951924476926,320.5912428798523,462.8924472867501,341.02477312057204
92.81229134384036,178.15867376298692,119.02908577256741,240.45875335335126,197.85961181710738,358.5439778047596,203.22416486746124,428.8188410076964
338.4933840837478,206.40163987839966,344.75475531281467,218.3387346624842,352.6565967749758,378.69432187704746,376.1257193269651,422.68631237228135
414.3279049049638,310.82529497347105,424.383599801037,362.63628887961823,501.9147102081558,419.4184937260791,599.6273665550361,471.4985577815763
60.410289574670855,351.64545248219713,169.88392075918998,368.12896730286604,188.7052432951721,410.6163521315274,223.68875359046785,497.49366757107964
144.6369658496267,88.09009293044546,294.5479107513076,182.66437759735103,310.93331357494924,276.60534229009573,360.8113739169767,316.64834275225803
71.47401421463877,249.4965981036085,97.69237452277382,259.46647892731806,114.58559139666576,260.4660427854807,255.9440368929866,385.6966532847906
67.97193190216949,185.64247784629828,109.12418721204254,251.42297636763175,131.26187427571344,282.88434468959065,151.6704167210715,296.01493467230205
196.112103479842,248.12070911552362,196.89798686694425,344.4103583721069,240.57270645862872,373.5548872888449,258.15728231768605,379.30008839570064
198.9886195611316,204.03074009260538,201.80666670893982,402.17558756837116,202.74225546633764,558.2170700696158,234.14002079787477,563.1697577869088
155.5189335415281,301.5668024100533,188.0775950882431,335.8100452556194,312.91866321594006,351.3638463758451,370.90755226797137,370.31593215796124
71.82857751414672,296.6459931502514,87.93630974998779,322.27102529431477,96.45815105979204,361.8581561343139,134.9608997477687,431.0587776189811
50.64871705815299,323.1388472053538,279.5317836886288,386.72404774943897,300.95264325446084,486.1831334316535,385.51525422345355,566.5268190083414
171.25890333475792,224.79465107753623,193.43974646104382,273.54021847999013,410.20450113565977,310.0691716640241,482.1459389315554,324.5233766448031
241.74430339249898,81.94412188169662,360.5878609961691,84.9231787012907,408.1389882305375,164.29305444066273,523.0977508230807,164.5554053925237
133.6170292190524,223.01309639604779,217.08698727718502,227.0034901028655,218.44331639281515,286.2282435417438,278.67068766119417,295.4384346137978
295.57881915838874,380.23584425997086,334.45561525603625,419.6251217957162,334.70851965947884,586.7400343871809,367.0988984184838,648.384324200427
103.14198216697284,81.30569231016695,318.62664994096366,377.2499650065892,344.75475531281467,473.9039769730397,374.0019643776645,523.001310781745
44.13020264464688,440.146721699584,221.80802738577708,454.2298767664378,244.70219572605916,480.3995349424749,256.2838906717,521.2805227691628
261.85022216099225,167.63242175666315,531.9995058830375,236.41320972911976,549.9765444981534,419.6251217957162,561.5310687994869,514.4093379317309
84.1135067574507,203.30704378982486,126.34277914211242,269.5962826902413,181.59530539398423,453.5430355852305,248.66245625208748,483.93957248777417
43.20914468410919,38.26711726821135,185.08731459261065,567.9690327725441,451.5665532734039,578.6390095892023,483.1215194128207,690.2098454339609
215.9750152748099,241.9474180386478,222.96992724479625,325.5627580516256,253.8696893338632,522.6684814675498,276.875205688597,571.7690337618627
308.15852972847097,288.37043069567187,448.3733926180637,669.17536720127,481.7095450785889,671.6922054001468,553.1073066829405,673.4806695780018
69.50445252047312,234.50214836138016,208.60101261661984,318.4372726421307,226.42596616665878,382.1537982536463,288.74697088026755,475.0996217618889
104.12228757360123,184.97981481354108,123.95335243102188,308.02895101768803,142.5574292083235,365.02055257309615,245.6754529712542,414.36389512439536
138.45953717223185,157.09001408891447,196.9492045876102,206.39054268799256,272.5295334001176,215.54677802136388,285.92232774071414,245.5552251643076
172.11701529773453,531.040053013567,211.01061443215147,561.7569798669838,221.86519748109305,617.5135491650566,352.77753721690016,643.2904881651574
247.81593106511517,187.13638544068945,351.9303241989934,204.6466575560472,361.5162493209332,349.33124096707274,467.0321464704881,384.7382015208771
90.91198943806718,103.21550009870211,160.37205450647755,229.5222722754673,204.06791777390282,281.78727961365917,295.66653126836303,361.7912584508762
385.3113569755762,152.98281349532314,479.82869893870435,292.5601496914004,624.1497540737466,356.27592580889177,661.8292960417617,397.8834748641415
284.60687475477056,234.24452315621264,383.2794857995958,336.2336091847876,450.6004596149512,346.2558283866718,515.2602483963484,408.6624939578358
33.52426183448215,130.25962497420122,331.825794904048,146.83436520366928,462.78242507709354,373.5591781601902,513.8851322456294,461.62161920793903
28.85870073526201,108.19532918501794,213.60486396037174,322.9289018124359,253.88954969918666,335.7692764262977,279.80579800068244,374.6731971036852
160.81288135402224,107.00376938161816,196.19226260581115,205.50898338332235,220.48599845185993,229.51762447699343,359.82236719844406,271.4655723192378
102.06571062703325,221.1906721008535,201.48180684072756,341.18947684225543,202.65064921685808,374.6254586772606,244.70219572605916,392.5478764936146
60.144047808438884,513.9401809425483,205.7481902068487,574.3522235924047,223.76847602352092,577.4185344384258,360.5878609961691,732.6134659331767
77.71591833360034,101.19807820522905,186.47875268751702,354.5750189565978,327.2687233841772,386.81137098087675,346.5309719763453,498.42036064556635
323.1671972775458,137.36199221762934,344.4956333878323,244.03271730437368,397.30458981964443,317.9903712390939,407.3368419653145,330.0352309996895
97.00304178480621,540.0818151947177,134.37782904641765,577.3729468317964,294.2338433689018,593.4712406062329,448.6359463987433,598.8485835669655
201.9799999201191,332.22819648916544,212.98147838069468,362.8784481643983,353.5257807172775,435.0720053857855,359.9597878806424,483.8373897134577
243.53947950113846,95.27062889164193,314.74618298350003,126.08761930495065,360.68908632550665,198.98364962218477,459.1995419286756,284.87800877438326
369.51140997388575,118.62701758916391,423.0680781516103,301.66715939108974,425.35391759456377,456.1834951588798,427.37958678106224,532.2215640303726
65.6490042227599,189.2177178474469,106.30001162657908,229.07477395567867,117.43154553130476,369.6672331375253,154.7129257274116,429.0991411348632
368.6976296218289,53.72291675648925,605.9991670677008,327.16320218350097,965.4039844839722,376.2841331710454,1166.5344412557201,501.4354153391079
155.59672257895397,39.27438218789954,307.2513889754039,164.7880276003384,347.5854097355472,199.2713409985357,360.0262765492049,200.12363210260642
623.750545998461,305.1907590793034,860.7732380085037,463.2968725804429,972.3283957865287,509.06028871313003,1098.7370249843916,518.2552716048947
164.44193488668537,225.7023375524453,203.15734300479792,237.15416221302488,223.82376688995308,357.3546107132429,236.50715514775402,598.4927968696168
330.4747683856202,120.86640872012742,360.9041791531072,248.02613382660374,421.452522257026,283.2785285990772,483.58652220519167,390.0964896984932
116.17467752398134,192.74458715525375,180.69850385790846,310.9772518780293,192.55722293474403,408.0212335831709,198.94671465622957,462.49823452596553
68.05727714600847,168.71419514333033,83.44198764644092,223.42286254548864,121.48186102612011,232.57357368963434,122.95915631697397,264.3317845953527
136.499019965131,44.14572796443921,236.9227445497969,150.14226203649798,345.6342036113623,171.52385806734193,357.6921999890655,254.9796903654894
807.4890523145139,233.21796719481918,811.457591573719,330.0911402990399,1308.2334925028656,364.76753060759523,1352.1176394715599,387.93182252484223
204.86699811868925,118.66500402411387,205.61573195517806,192.30421816360683,316.140433131508,491.70662861803953,322.5009655804011,496.9939065415176
34.85169813092031,284.03975915699436,289.5659485785712,315.3076306765222,348.38043703232563,328.9292129349572,388.8399489691952,404.61722960199603
205.7481902068487,25.729795469891865,241.74430339249898,140.08104919097374,265.88832626446845,204.30920916936276,369.1940424620449,292.50282379129635
186.06170558790276,261.80256584225225,201.4528608295177,283.293472977287,314.9084817148989,575.5398662399233,323.54755230357995,603.9700514949931
44.72016730159393,233.6168583805681,133.97313495455,381.5673336688389,157.41463595833193,449.61373460373477,173.31326544880795,471.1294646629574
88.89083178562666,204.4607313286985,333.4366423298839,285.33274844640596,358.62604563219406,347.3084256850099,425.6364311626836,435.2875668283613
152.49338995588408,29.520929465002354,409.80424180965394,150.8421800181651,428.2343000237323,213.85809655550815,479.5517535612411,341.53671840570973
67.49949582406293,25.369027096762466,176.22282119258804,335.2470015625484,284.0222896416063,410.6365603222791,426.2390828387806,451.4404152525822
236.06737754258123,77.13453917996785,262.3043276489108,212.77218135934382,317.6674062834697,285.9708516781977,383.2324990650461,331.4510352426921
48.506313489620304,273.54021847999013,177.02450187783404,336.0477642606479,270.8373074828985,392.4635909732794,287.89756560036267,415.96548203690645
113.68975758471977,348.6619798614849,283.48155350535666,578.0421876344552,298.9800075677156,599.7167390769329,424.1774543489157,600.4976770823396
234.07506704210203,335.9172143174377,255.1503919525735,339.9991934404544,332.11678630640046,517.1418871919215,379.7039564962649,517.4290512025967
72.4148205356368,66.25473338220174,224.35217545105692,484.7123431830765,266.75063661490464,528.4844427148842,291.48627411192535,622.3424644379676
117.28656175735964,257.15637436356644,195.511138923822,346.97309104713156,448.72499690249225,355.6642831167014,532.1821759886494,456.07390987892995
71.66974964011874,267.69442913104496,138.0001995970268,268.09034906638175,166.87491503909374,406.75715965257785,205.97029045319826,433.394819587229
260.5652506291251,47.3939322677129,392.8424996395931,258.5500084203789,486.63526270516695,528.1376274464678,488.6588185685526,538.1463311600604
97.65237104235243,247.18563281739827,126.87472677067291,295.64974105647923,139.7638688932221,378.8126513745359,289.1477037692211,441.97590045355327
121.90665975976931,294.38392529431786,143.4977459344358,402.2194213758529,441.62671428261797,413.4089448743193,509.44753026576626,480.6775623223015
197.56577626624096,126.09138512555056,203.97716497422408,164.7880276003384,207.02936342528548,193.43131157355654,253.97175000942497,263.89934291866894
234.12038655107875,214.36060344274287,351.9144288141612,276.56331282081214,405.4379136305023,446.69089667627406,420.2769881736423,502.54582382732207
302.0122641993608,109.66430434358801,376.62103321417885,162.52868023988805,455.6431350574007,196.29555671512813,523.9002491528094,262.08208893945863
125.73384971806257,199.74910321589422,144.15841913982536,342.08087884120295,154.25710050169272,386.0613049111204,265.8904371735729,426.926302535941
25.940782256525075,178.15867376298692,37.88001781373961,240.64288119040583,39.26207668818813,408.66709930776426,167.6987912424456,421.5917509604535
63.297938105675954,295.3818838630358,105.65263831173966,425.73972082579024,205.90921580924302,427.6809309655706,383.1695347092979,572.4625030030886
42.66594263838565,43.32084783120332,285.986001505342,243.46781432205597,295.47221905559275,290.7897835782756,296.64213838665063,301.22408203136615
54.492166258921465,227.96030348041054,66.44360198656227,251.01538818066246,286.55268129590695,298.88828410485365,493.7970857400556,303.66387376550597
154.25365021561177,81.30569231016695,265.0620804835604,296.2069782285557,274.92978737495486,437.5637397123627,398.3392451054285,442.05004509690497
60.938340005948525,202.43916992793052,363.0656611405731,256.48258518137953,364.6669931653991,339.0826285760928,371.2340186903923,368.48855800575456
301.9468991168,32.82589553634814,585.0309914357659,111.7728240621159,824.5443190842885,283.13197551353164,1459.9454402686656,284.39563069755053
34.51214711287345,196.66367555038127,273.57670757030877,237.02250449452012,356.8895237193235,334.91472619843705,381.6547208741181,365.34589834161767
107.8105646470781,280.1651216903044,166.27802670324093,308.461109668298,341.13118288022815,347.2343253079296,391.80402744158835,552.5102390463362
41.354201002937806,254.03819204474513,81.79973719222926,284.5333189476816,149.41003911185385,417.46689427398513,150.23720925347482,466.6919668558796
385.3113569755762,339.7068583777426,683.791652322734,460.6546822432722,827.8551796768066,464.3231890425978,841.9979004974196,473.3303021026865
185.56404700287658,180.507176610787,231.76597940498726,192.74458715525375,332.88999919679685,385.4141398493918,341.37839236696834,513.5757594449537
144.63930926926596,132.66262473093553,267.4864378798831,222.03888311006787,302.55820214844357,282.7864841694436,369.9910524595483,314.1008855645524
167.89113161873104,111.87798534267533,208.35011632711132,228.0212785882958,245.33305468432775,376.4456580278287,269.3073178974626,380.082329840058
329.92522889641486,128.1669013197706,384.41554385550523,230.13963967022445,429.63863604914366,236.17773765875046,439.0409203654363,283.2966929338261
267.99594025324336,113.6448611047483,283.91535106144005,153.39568993179495,288.52857794948767,230.76424170999854,298.32175145219003,351.6441546543981
199.66782895873746,267.66727226392675,422.5673782929966,370.0158616142177,518.160452930492,417.8237398888885,559.2484070359059,548.6232890754042
259.96715826269866,232.76590344846008,283.90260332065947,271.3093563274676,377.96254064045144,471.71455281460806,442.839897167583,497.4771598876958
242.05522428805295,123.02171496623892,254.9918368831658,276.9330899672621,274.3746956030939,357.74136601062145,293.93730121630415,430.06116038704266
376.460742083735,488.8628451595863,377.92469314538175,489.1998140672316,391.2694148385003,523.9013207235033,413.7348540984459,531.3168431395311
79.87059763542395,300.9674089309192,146.42025414020526,322.8685413868814,177.25623888645336,354.8618430245991,206.47624159041305,409.5262115606413
133.0674523124436,291.7047495194285,204.52397153013285,394.95292737363576,211.95505912480687,537.2083142228479,279.5569290243438,558.2557272628437
57.79970493927303,262.72033046182815,303.7737293688554,269.59452301359613,333.42624967642746,374.57088024626705,448.01149713757053,439.41421096455963
61.780492173081754,161.77882683221154,157.73736037108787,210.204639461182,286.7602685367152,296.5576241888626,288.3637984001415,534.9283395797199
193.6395794754172,269.32804862224583,339.6493546351502,336.77954474717535,424.5143132961226,426.4027894299041,566.5423287739748,442.0183500057156
236.3276149374023,306.95654863456,405.901786878723,402.0059795005282,599.0795357042264,402.07423822276996,865.1913910096498,437.8568076742277
48.585210653064614,225.7127324617877,256.1200250642797,235.99303621768007,323.1671972775458,333.4719661389688,498.35501030725624,340.97981335768117
34.706708411012386,49.80083115697586,46.44886440005775,281.08261219783276,73.12321658483516,367.6638018372876,209.05547735796588,448.6487646995787
72.54588354097811,407.185220850418,94.4231670986267,478.77210491081627,307.2513889754039,550.3105914268647,357.24062324410994,590.5223755234362
196.82336546027906,52.455358574783396,266.55635098339786,152.21843022542924,319.7024125359618,160.17427745673936,320.56494180160024,288.7311196694918
62.122595615639106,139.00203365428973,86.63376741700097,219.07326449874512,161.06490470338113,227.1497352597676,243.5875034250819,338.02262724180343
160.95726943515422,190.30693663639488,296.20485608704513,289.28048119085497,368.27984143689736,340.40718275844074,463.59354279939197,344.3801421463936
23.63577056827902,415.79246020572117,276.5451343517679,473.43505413620176,313.04424979968053,497.1517452066344,352.3884753908082,504.9912786978862
140.68088587422028,138.74178471762434,200.9356308841757,174.36173014834029,229.60754978003717,222.99148881421644,254.21642361034333,262.9488863071659
383.4344168102537,312.213802808765,433.43837998445133,394.753805107179,469.6620725789443,423.6820289816499,543.1753205819981,444.8573966204312
217.13320560453118,282.24022587250766,237.1175837951057,454.12464621817566,252.9581445211755,470.4232783134277,270.39588129320686,627.5942473183882
89.63450302096943,304.2719639985735,182.12592802851225,370.3195007634797,201.48071059944414,396.1115769685825,212.31608495372768,440.92767465672284
186.06170558790276,169.51188064460234,298.6113058236927,403.3317187835283,340.0958635214883,474.65677013978745,383.8393999265695,499.8148432111208
135.16870896675,181.71807478925194,584.7929503323369,218.4436464173127,658.7623249210423,317.0069787465013,789.7973256179107,373.5047292155438
328.33256262901557,37.10915663542309,533.891883109432,140.938543571003,792.2400045091783,286.23143788220546,893.6792340214594,376.30168611287615
34.706708411012386,134.10431506441705,64.04254826832383,271.9296584061343,68.34091683789244,310.09321788752305,205.6938432463034,335.2266415986926
465.22064469195055,147.26663947512978,530.7652470627193,280.61512630436766,685.2379657911159,368.1934059925803,735.1957930351589,384.95694086696824
161.36628610372085,358.1253660918792,241.01986256332776,490.8015957692276,341.94715418462874,498.7263740892094,343.07603874680274,564.0692420374994
150.87072864056222,274.9164680739394,283.9267203660281,427.8855901584267,302.57332309990494,428.1658490348696,303.2092445608002,448.1953191577763
480.4917983222275,108.02090206487316,614.007414747369,210.37785903683854,645.4467350215575,224.7378358665629,784.8742015457209,315.4490516334519
138.85697817223,127.22873919055961,172.46099339454378,223.28543149917795,326.22789622572327,371.84782070672577,548.8490536693589,393.57580166578157
280.57862657693966,98.99144234950451,298.23688677355375,193.74253740698938,320.0662812688313,225.8148226062645,339.782477729482,261.52541198043957
127.86770630111081,113.69423699682251,136.90707149181907,161.85715178033485,200.40440593202297,276.66773938870045,340.33496046475676,316.8099509597546
28.498973977200958,204.4607313286985,108.04494643772503,290.7897835782756,119.32847368690078,301.4410606950577,285.9645512061365,304.2785280909485
527.0244615592778,88.812255121658,816.0244826028623,124.15442707132445,1196.5830989721524,151.32362672426444,1308.2334925028656,473.0947073460123
337.18885958258716,483.5115614140094,344.0776137258643,497.93902446758005,477.1448993408854,549.4322687163423,499.3846621347748,619.0523287288476
507.6650321394786,452.58734827336343,688.3412930096936,565.6083129087879,721.2806850872373,593.4712406062329,755.874302217394,679.3694329983114
441.5860696616969,255.0258530142389,721.4524500446158,307.48967641109044,769.3592491215175,343.55404469117263,807.218726977775,505.77961466446277
376.62103321417885,128.73188132514287,487.9485325791408,221.37366121575258,561.8002548959024,228.1643366723932,716.767761199889,374.8645584082357
276.28918026367234,316.75250815520735,367.97787821141594,475.8357807332545,416.1414749432415,507.0657141376298,470.91051656713546,534.9691813755722
54.285135280117856,399.7701023453955,54.658244284400084,418.24368768852213,139.84775602904898,481.7987036498809,198.31380688491808,500.8068243577791
143.98248707760163,62.02633770889097,160.43448054209662,186.72427883143487,240.3396455954717,198.5577186642131,401.39971889067454,263.8010358034482
20.95690243713973,151.34900994393743,306.5736086617627,489.6672287900173,584.6394859258038,541.0458286988742,629.9873054477539,556.985948973221
162.07882552050245,120.88908310274311,183.8697875209381,174.06821544986335,196.08382839679086,402.2194213758529,217.08698727718502,518.5702002603821
35.94398174419839,168.39515253971678,133.04963954187332,250.4191702597175,221.65190353010266,253.6083844445301,255.07367244369,340.9894911653779
339.81668155327435,314.46284203497515,341.9516273919173,503.89809757279437,344.53135824234806,535.8932984067053,496.2218282596934,550.2562747130057
27.086988657869167,188.66867221271715,88.08541749336187,188.8456222376825,347.1597610946406,335.11068385823705,455.5571907847323,361.9194922912241
65.30808590805267,116.36519308644536,98.31304292845934,257.91292947344886,342.4306838738068,328.33476655896015,374.7276959714966,426.7097340165739
245.55404750837084,314.93953898264004,267.45206281338386,364.6721337512588,302.0122641993608,423.3648538663049,374.49701031621134,561.573136849573
234.54667120804305,24.60716244342965,445.2471370307795,150.45169794899425,487.871602083727,360.0455818695123,502.25641366105214,411.6137256727822
350.2739973788385,74.69016036312112,482.86325194704654,146.10163810486915,516.71804586705,312.81517247442304,520.295463621056,502.3674779212424
49.650173044650955,303.42232522754307,184.90552418739966,336.5754812402151,187.91072909557417,426.1961536868485,196.23626616246227,477.3509593801806
88.51659141201044,369.3025094347287,244.79830026323623,493.397482485633,336.63541308003346,496.19506839965624,347.54810701673773,500.7452509280324
474.31826482582073,193.16410998957664,553.3032417856155,577.5513217584568,579.5520455147625,591.1015335469698,609.3677774801969,649.5487329055605
21.49119731434046,203.12240022937632,126.87472677067291,303.79517581187827,184.35349504705252,305.8418094972108,219.01352439960158,352.9361780790843
241.40117609408023,232.22182825647684,483.3266005745353,312.39779441013275,568.0178962855599,317.85497043408907,590.6665301060223,374.9528871733737
284.2951309044151,207.67836085004487,319.6348370997121,377.0653374235332,324.79256510032053,428.7735581905729,396.72748020180313,441.6887004739045
264.7778457079086,191.28346396999027,401.9807759729772,205.0870152882296,588.6949958750121,332.64072114067676,601.8259046582193,365.02055257309615
67.80306808353751,55.51845786425599,282.5351316083413,109.15223149772642,339.81668155327435,305.926365395177,341.4386954253301,311.23495759450304
39.49311981310545,212.32546438333318,56.520482195728974,248.09963574579075,60.91862490774125,367.2243057199943,107.2595718766198,483.4652884063202
179.90436083356548,301.71041572665484,348.73050182200564,394.1671059076214,365.5913485850798,497.49366757107964,438.8841447064751,531.1284671523204
141.10283161231771,360.5170169706894,173.9658772216582,366.49434096422294,190.10331179575724,368.983236239693,244.3058072026271,408.38713256924956
42.60004178837503,269.63140558317264,63.79793369188187,272.3387195380523,155.92768827037546,408.51370373841945,247.11882542666052,461.51595300108653
545.4363627791816,331.8796008201331,578.8472386309284,357.7215617585053,1169.2577104228048,473.20395199789255,1204.8324657058677,484.6948952106028
143.03918914757102,188.50703268420799,356.50037443946854,194.76802587428162,377.62066540443425,400.1861158230977,414.0856120612624,409.8001719149133
65.64365874680762,205.52624611651007,129.31682815449827,233.35684772493838,162.07984386126816,309.8197085540691,203.65380418317358,395.48607862464985
224.60965973253707,194.0534242270861,724.1791906427223,296.8121720692303,725.8462373917241,304.5234177019372,726.207495734705,434.0567464966071
25.48653552802652,115.08311279313553,39.49311981310545,223.87265957378798,67.76658342486937,260.0267844858379,78.34911813179296,292.6223036596571
71.47401421463877,175.2660964786667,169.08209931157796,406.7842152112543,183.189509966682,446.00129927206154,195.25530641692455,491.28980613487386
48.08745490277723,242.38323114709266,122.35217846312938,249.75038014654203,179.9845604459208,284.1951137859499,180.55301242451995,468.45156964937
25.36712223252712,268.2671384965033,204.23672656407368,277.27484244905264,225.72740531928173,317.0145791415752,265.40092517596156,369.8244199199308
244.73333806670118,264.0221076961439,359.63511291820566,277.9411379347624,386.3149963930186,349.44043233648,487.5186724666805,360.9669621693591
82.9208465379504,99.65839792090415,204.90822243978843,253.36803265655976,224.7037258311415,278.11099040242135,261.93010074594747,396.8543119960598
78.9827014375391,49.554512105972314,119.02908577256741,191.83972699611357,133.37208766841147,317.3591670377835,230.80718284389204,366.1702115537029
243.84445558846335,54.335439805983505,305.693413258488,335.0297052456104,522.9019334036464,378.80464519907065,538.3682590914932,532.7561921098264
270.5222352233155,389.736874458978,343.4768247072877,427.6809309655706,405.14522001901537,701.8555681060537,428.44887893821806,720.489577928504
292.1925171362878,316.93529809425934,298.9228861406768,351.02482223968457,379.6413652727058,359.40567057523657,434.1130227758833,363.29333317474055
102.03628748229869,260.9965754265053,181.46442198959033,282.4024330007439,250.98446322648292,284.89700330756125,293.6279274296041,304.4632109590186
172.56318814487992,233.14258574315596,177.81994821801428,297.5694355514989,311.31459347454387,391.90537500001,456.8525319648294,452.821027594899
71.56800961675627,161.86191573830575,92.51111476378149,228.27347682511567,129.43302561074367,308.67745839210573,149.500020526331,328.3692921265894
576.5107015639085,202.94795158845514,607.3965621981024,327.21143046445997,608.5343204874079,600.318435348043,632.2658694680587,613.7246164571549
258.2298491899774,240.50862240237228,277.7858724403614,246.97842821050648,364.8531188426522,260.89056057695325,380.95192177178734,377.38673669806764
177.80027161896422,82.23591853027918,267.4864378798831,261.32554005955427,286.56592286302305,323.2555280871633,375.4383479434421,416.90775359735073
125.82507026417215,66.54585397287325,238.4116526384484,494.2486486078446,376.9784409353681,545.4512493901086,385.6503432609958,547.6233716932433
391.7976153054201,194.140744863879,532.8026955571279,280.1651216903044,808.1304024413437,460.27497753945477,939.9791727773293,485.1829316810673
43.60991281343514,277.0643549169556,196.19226260581115,516.1750838205807,300.56540680179324,622.1309368217406,311.6987471638339,666.6066052909714
154.59991380868811,78.79372843769562,262.10625453543895,93.15924662375758,311.10524832986425,194.6496023196435,405.58167003975825,312.9484582309225
119.72280297613926,262.1741563600251,162.5818845016751,365.7173761495314,298.0540150473043,486.6297326000414,604.5893396147934,516.9410345349435
416.0716550753957,202.4889860587774,445.67179427314284,316.0853631923485,625.9111785825957,396.7446082498602,670.1383720620638,429.12541024536176
64.3421077354301,205.3745314970368,231.22047799229162,378.52222037079713,334.1979381817526,470.2765803126168,490.7471045713442,473.31625001510344
261.85022216099225,25.82632347474763,344.0236564730883,125.93850867697527,396.73299932550196,329.8306436953843,428.8944197038557,367.46912093569
218.6256220675845,109.12212003705481,292.8602175018184,179.9246822904806,379.4153908737695,245.578061196123,383.53145215299304,275.97884303872604
195.6545524085028,404.29688153810827,463.5202962285536,444.1557591064479,513.5934214662235,490.78479071222415,528.9904583024836,492.51930851284084
198.4472035091623,59.24040252160432,215.87972199400602,483.88583939550887,298.5727601261973,538.6169753504238,314.47110835600046,699.3821572420566
69.44930162590948,111.70909856889165,102.86757642388825,300.8405788900948,172.61463586478916,317.7938165734673,185.63665756130243,332.6286714242522
66.48671679100066,830.0368238748048,70.07918423556785,876.9760824264715,167.80757977977342,925.1458681662326,200.14029738669439,953.6189761854963
23.63577056827902,184.97981481354108,281.6761892256644,205.0870152882296,330.3048987814838,279.67054741399244,336.57805672379146,443.99284030222685
134.77868416407722,255.80087563408048,415.26081676538683,353.01624593882,436.387690802559,353.86562796597394,438.95365011474803,385.58802951291705
83.65209510580706,326.94944566424715,86.51779004217708,512.3170948495273,268.62484414258023,541.8007845138213,340.42690294168585,648.6927618515693
35.64676175003828,21.607942256225236,97.69237452277382,154.58475246275688,169.08209931157796,393.7648724813042,269.3725401812669,394.08313668249383
111.18035564069662,60.880289081109176,163.22912718558518,299.0825901684091,210.14917061260533,301.36583227589375,217.7304296964295,341.0480301925816
299.8374815423985,172.30221444123774,306.22953462574714,229.92151578496822,426.8674177317164,262.7960874426671,468.62454006175307,331.9738248566847
196.35005908057664,167.51282015460072,350.26171922914676,300.19597974938745,360.3623846114201,304.97379193889697,384.69928104250613,395.33205008586356
95.64247365735157,192.5124803517355,481.97879738314884,198.12294003881243,631.379365995291,425.04470746911915,833.3073454255756,438.18064431093336
173.52833691089722,378.3686117496713,196.08314364881764,399.35907868980155,618.8707721029353,402.31384394475003,643.4348242403547,426.63732847064256
319.30308077957017,338.9359927383923,329.5260080591191,503.23826188692243,374.94205677364204,504.38565448690724,403.15015854005765,548.1918828854361
204.61841693974338,183.3539793018083,332.0546302502014,196.06835100658597,462.5065190859983,380.54725705057496,498.6928988920302,553.9004887395374
276.7496411150073,110.21903883909332,433.0304832752046,201.43528569120951,478.9737822915357,214.7799330375894,685.6640867254081,289.0942645862044
160.27481794387927,208.85018474137135,208.2637874395804,256.66707537305155,217.27512862738035,272.80806167099735,339.046897624619,323.14689950025746
152.95904494033365,170.06749284766715,231.79863452416583,380.082329840058,328.73436944442017,381.9299571436662,371.6488448399355,415.63733614587403
195.511138923822,126.3574642862999,245.64254813010294,313.99178337475075,378.6045284087763,329.5181723181036,379.06159961457416,372.51120610973845
129.05614278598958,34.49831504019913,215.05983814991325,150.0751285527536,286.38880682476395,338.88262460563,315.06194377217156,355.8062512831447
41.74870967000334,213.69432800013945,253.0688137040387,580.3434770340017,416.1958364778997,683.9863503614353,513.9096960910841,685.8925499844269
99.82002151294225,128.40040507246025,280.4995473295175,436.65335762305665,299.34279392709095,499.1435058826716,326.7979336031124,611.4977919938921
59.240238859509475,246.18496942287823,117.27447940273439,249.6654914564355,187.61616413018106,277.68870334525633,256.97307442224775,306.95543618742784
190.54305759158026,199.2017949744852,270.00802814555635,306.86716994166676,603.6400859328103,349.3364329339173,735.1957930351589,434.77240612903523
34.79989772285145,152.55725808752163,75.31002394414509,289.8905425338592,284.7254756067476,407.7219815781952,288.8871780316064,413.19008725679055
24.233432709992783,136.54503140014697,89.67246360796962,373.6123208638957,134.5311429165719,441.5902796012591,206.9276030787964,627.9620284373332
90.2788563050126,92.95942118027557,185.5968704188643,146.9293794720781,194.49754157367124,153.0103990964735,214.01449370908603,261.74536016766496
252.41367329549877,153.40934989597665,287.1739489381793,289.4846584489826,305.82239112611893,371.33930910252275,373.3786862008715,509.3848084223641
296.870211130211,69.38382172126425,322.6064901669381,84.20092323456751,554.3363577063644,129.2069922411931,723.6157491743091,211.31648458925255
125.41389263837762,275.91231576194093,180.31130403932784,348.75951265920395,195.3340514290201,399.0189693883376,223.68875359046785,438.4705012278699
417.76551882732366,203.03600307721445,679.6434914203554,388.91746752704324,756.0466407339873,400.8036701171085,983.8744108005433,423.69658382228334
117.87179351125376,205.7335417208789,161.06490470338113,302.50180745820336,223.09245539289665,398.2947029920215,236.54799571877956,406.43839632719823
34.85169813092031,190.1780443426837,324.26577116584747,344.34131674384423,353.9900332545111,400.03837258879076,376.2306449646342,429.0419095204773
328.18979361874653,130.86544423162619,729.8273281552985,173.6839176561621,879.8432014454892,258.2484462443324,904.6121032458295,543.8905787820746
269.00155685917287,161.36931434170853,303.9110468385743,197.72606879524741,320.12521378024684,226.03119080074654,345.1139605299029,244.50998881048423
60.31666011119732,175.61761223845826,188.89200185627706,186.37705380062266,241.12242803225865,228.8310396755858,241.14522284150235,273.3816182972009
53.72556567315206,232.08148995422903,157.04672895703888,762.3437780593166,187.95535850210962,796.3322608164472,211.86785531032223,833.9175167331967
293.47642970791753,235.25670508674907,317.47954733288526,275.5529037286349,687.6070599125721,339.03183213366026,723.8956040725094,399.35776891947097
284.2951309044151,131.13952551849863,347.47707758502287,242.360412959389,478.4387407881899,365.34589834161767,487.2191802189891,438.50267321487223
158.15906836712855,297.59491251572905,274.7746323311607,416.5523778736051,307.2063577832558,635.7018930350778,364.5620806521133,637.9640631424046
143.1826203520371,284.68043779420447,223.88204243809204,365.6605168561329,228.71327352315637,376.2397811319998,238.61011960372147,448.51646590435644
610.7360198907518,132.38850569750244,675.3684268064237,356.918674188988,681.4049183050953,554.2996800907642,721.4524500446158,577.8144621677853
98.31304292845934,151.52887227922668,107.98535291416388,187.62214734295102,398.3756112998564,343.0002182351373,411.1324891294018,515.5767842057452
294.8698179468643,399.00167332345245,307.78084932606856,443.15114615764173,318.6321457559605,515.1853111764516,377.15343447226206,783.4122411891973
143.95709772729018,69.51500679367263,245.65968937942566,110.54451444445617,392.3002673711089,140.1405204080676,392.78024785031306,223.87265957378798
224.21041991511137,99.9157344215602,236.56073458417225,403.7702592383184,264.30906352096446,418.6565637135577,481.57109020422996,428.0656433370871
181.58543577560573,224.33106177744145,312.221884704603,253.92216649482492,329.1109999199916,316.23074865001195,372.4057876983691,515.6617758677289
136.20964631219275,189.2768814728163,159.1183587384899,527.8587803719944,178.0335898225809,580.7083420527647,232.7736885403254,593.2934896000583
114.64046112330249,222.47655856345781,223.86944717862215,340.711748252791,356.24559516432106,384.1873507719568,361.2874410247065,429.0991411348632
91.92327741946636,130.66679215925714,207.02936342528548,290.67468397016427,286.58906358715325,429.3414176638917,307.9330313867213,584.0371457139821
55.45035057000966,59.89645502134906,100.5401613039372,170.42231949062713,131.127079625378,452.5558593439286,259.06225136302544,459.00443215435064
76.2210693345232,71.3182273985444,165.56761588345879,159.12197318727948,222.5258246620943,245.578061196123,385.0016719749991,271.7288116097209
38.07250728824039,385.4141398493918,76.71907293637905,408.0212335831709,168.92827829116285,418.09315463657276,195.7457539781873,458.941491035084
72.12495738668383,157.07718045442664,228.85903543746755,192.99571584854218,262.95911729613283,206.66591104043994,337.37858235025084,271.7182821105808
40.22402463324081,157.0471498100884,293.78160381334663,166.11095152747052,353.84134276184926,183.22182352408367,401.5027216821361,213.2641103345569
40.22402463324081,212.83771920158807,333.35873274430804,235.22685580200283,362.55149551946283,263.77843662564624,379.89807364192524,313.6899146136055
329.4502170792225,93.04000474456373,581.3107947344605,259.6803898370131,628.5629205545131,437.83001273190865,632.8310844489516,475.80183053633806
453.0682652259075,471.6627717678226,507.6051779561067,573.3146594760523,651.7418602552939,583.3456809481546,672.5898516375579,584.7169594813365
113.72462778494875,175.63257676135132,247.81593106511517,196.2470211438136,354.2485370473304,263.9797252179488,572.4761016642572,385.6174063647063
181.97055996162095,260.9965754265053,290.2390179987537,331.44496195883954,299.62533790324864,511.33962069343147,424.13137819027406,515.1546780047458
52.67543749362997,164.5554053925237,252.918401204398,205.7648267953068,258.2217899835261,247.9530246989153,306.0270526530946,274.63876152124686
283.1915624159128,185.2765752635542,299.4471635132904,297.4128400235791,716.2604961686508,387.48662924967465,754.8131683933656,491.7922015975971
232.21262583333848,142.7450092211867,321.00015954989925,229.7820313987289,379.4169618261943,286.22152442050617,430.44317199100715,297.086854282996
201.2998011848951,224.92038263767301,229.44368889969172,262.03239961377454,269.2608983793794,295.81709558583924,300.28187841606626,434.6317705920174
682.3538916488213,278.40764200494715,768.0534172841427,385.97206995073117,789.1622032190973,413.52841327886944,1028.101192263504,459.49558397183756
130.82398090696165,56.26999752399704,297.03226724733474,225.13315376166472,300.41570496160074,368.37556335196496,322.8419903000827,386.9004951661809
478.36163655420455,110.79524483572209,528.897500263868,247.64041178530115,730.9337580642915,318.9918591886867,817.9497556277344,407.201327544835
316.2793245025274,312.1246752903462,340.33475556119896,344.2063359619739,366.74634810093266,355.05953121023146,430.2091531197702,475.96930381903576
189.66834236731358,131.8098291945042,204.9384163383997,263.55271083234186,304.23214782797356,285.87000180525206,368.92886931078067,354.9891040391594
176.99649955681087,288.94513876433655,246.75376706460182,329.9689688883992,308.15852972847097,338.09321563901784,350.5512994091536,409.23654601524674
309.7945786758134,280.26504655451646,363.82398791709255,365.4911805335122,782.9310506266538,618.6876070530226,841.9979004974196,695.6476256140065
305.32031605841183,440.2247502268988,341.1012942725989,477.6151800979083,349.1056601713197,579.0070306315532,360.1484595604213,581.0667038400095
249.17512954690898,170.91508979061388,652.8268612386407,304.8533204683001,764.1047221401834,409.61601483277497,871.0693494209338,414.288440803545
41.766579632110144,170.21585408764176,79.00714950391705,242.4358557046311,225.78083021668164,342.5142609366573,437.1048189232589,393.8396010853566
47.31201359397871,55.24736613049037,127.69278539435604,359.816872159493,155.97119754432325,537.9662316654727,223.11708760322082,559.7497306182544
77.79231498786562,234.2837769078647,188.56918387155505,259.69734222201924,300.9659492936399,467.47366008216176,314.2866470722868,470.51186355527227
183.76607403086115,192.59120261609513,221.96709621950853,282.51672728161765,222.32152076618436,442.1929609451461,335.579951442132,453.9841814097986
217.27512862738035,308.70216480960886,221.9367616257523,395.7664748989099,311.3286137033195,445.4484953570802,349.6787724799996,477.37064326156366
205.70005585895353,275.0754132866511,533.891883109432,312.47014652965026,722.9192919678028,352.4982801554323,763.4189834039946,357.5732197774525
274.2291915874466,183.80020761541218,553.9621291553887,322.77858828182457,651.6686975223331,437.97477918948437,658.5854146908753,593.2658325017202
75.65386880740235,153.40606833121024,369.51140997388575,232.6462420099032,773.61139818512,379.4123361610432,780.0877220062704,400.7140795483122
60.50660768648588,189.53677100671138,199.2082696544545,345.97194723564206,227.9754562122815,393.7811910881679,478.09858562720177,411.0025753184748
101.50622639334235,296.8128423347592,295.90825045769316,383.1416623776598,388.5151527533995,394.85830684612694,398.4797744537267,418.9787209150165
230.04395946257114,255.05156723164166,266.6843446276156,340.0804966504122,490.59711300530626,383.3034487165736,665.4590175303849,682.8280017331373
74.66775346173051,334.1807701121146,135.09544237820762,494.4021731316806,224.63935068818708,539.3405494916659,245.80759666215178,609.3753943059581
113.33536214988179,187.47012537416308,130.40632276969237,517.8361573952187,187.66988752176272,572.7091523738022,213.65805807073733,591.7721467778277
119.13322671378882,132.66262473093553,437.79795719857634,297.16550542153703,688.3046929484201,344.5747163056727,688.6765974270813,392.64222906212655
224.55863761493538,161.92496351862454,383.0987977310824,200.47347454242654,390.4926607798877,231.49841466304403,422.90631127708724,286.6145297954798
202.68677536630085,284.09107349422885,204.23672656407368,330.65752621665837,334.70851965947884,412.5788625201694,367.6871690086236,487.71062182519387
86.76424206687562,209.31563998409888,181.38136244088608,213.45042134978704,223.4768734656503,226.2208589963081,307.29364843955284,317.0357991244164
151.59922838238901,244.70435337313464,180.91372108847582,265.45957771132674,262.9867231438035,329.1445506573527,344.038776151813,451.35150703202385
84.61210578581056,199.6228996672441,209.1681091465538,284.6029825197411,276.54840967277977,426.2539147469097,378.21783056668227,498.70158114792906
37.386766253309354,52.583192374902865,38.4173782672435,426.49639827543484,40.391775718595945,758.0930815630186,216.14816063465844,827.7086608942672
353.3851441401024,228.9080703916857,355.7746519673781,363.5105480174826,504.48123500895514,589.5815365743305,531.6489704793149,742.6887407062554
136.8693929741439,227.6679673868384,214.46050469224826,260.45519876199563,239.72865321603447,338.06176122367987,277.17222334610767,358.59370643199816
174.16367834848967,110.34553194493597,219.91189706180347,214.36060344274287,225.4940230767161,420.9018158714079,244.71288886330854,435.4780416129555
34.121039173722494,98.19925777622055,228.62559350058615,179.68550053308792,321.01080686301424,424.15973770583986,333.3961874693493,491.50809974863193
56.18737762324338,193.88583477795314,116.68152588743936,280.7449161354629,251.76290847141007,385.8966163466598,253.33957776256148,400.3168312446033
57.45346486729365,92.69650544063883,145.43256804544166,99.34668600383678,199.2082696544545,138.03212888784046,512.634419338149,500.8068243577791
236.56073458417225,33.35270129423457,303.5792192931693,259.05446937944924,431.88833302152455,287.47717664381844,460.7424115646692,317.42072922090057
191.68515993400754,192.71572753034496,210.86272963227054,319.672640023859,424.3302591016634,329.5470060148836,563.8364111545275,388.1725419272038
142.74088890777406,262.3792140710744,149.0421019370231,345.66934542392426,156.01674246554526,645.0259867145244,251.60148893209305,655.3117655313089
173.49741256807786,377.6503532208714,285.161394590323,389.8199335257845,290.440033737526,441.93856117630025,336.31711728769585,530.326799532168
108.01090936594886,141.4806477970212,135.5745793467856,250.5904111248596,279.25832420338475,275.2756579271499,302.31893133860854,295.0786710094711
341.24338287953066,96.81494837819763,343.1513736256779,228.81837747441634,352.87862865084503,301.3911631777964,374.1815092171154,325.260702558321
222.04216515280993,210.07574276959096,312.47774821532056,457.50253474329827,341.21177337693024,603.3475621546029,364.0155287071946,610.3370886854439
228.55178665324044,238.66265207007143,248.2858217866949,254.87266107584168,301.6977264696601,308.80329586601215,309.7663094207216,352.438670192982
43.20914468410919,253.8964209825635,224.0173152825577,299.05908182481903,437.51605732010125,431.67625232861263,497.5860269658079,463.956550886336
24.319506222417072,18.152755656796312,102.32886214150804,192.15711483333217,368.2611164363323,228.52937607120623,421.4468581058871,394.66595226312904
74.66775346173051,337.68859407119453,207.7927564281991,349.62406937454887,239.0022999779654,350.81778517682113,251.49964041133845,426.1570846475784
134.70558163683089,291.7047495194285,159.55944073543952,315.00712924525595,167.37175001167827,333.6658728559216,185.6353039886766,375.6584480174202
104.47517264424795,154.0185884515217,228.71327352315637,368.454302914178,235.9202900642361,475.9511293867465,266.3812943365122,546.7192734083632
86.76470194051174,68.43974487085585,91.06732860061203,135.97510945473675,137.49364576287059,150.83234407704046,207.92844209425365,296.66106449179495
78.16145065615068,82.32404072020526,158.31398190622747,201.01791830779192,166.72748952213274,243.29221354306904,237.31063343729258,351.8554172984202
187.2084362492207,88.73204193478313,204.26180298273863,148.80684787904974,222.5258246620943,155.92787312277073,288.297268018724,230.3727339976709
144.75767551814351,362.7430534912382,410.21525007416614,473.57928614484035,448.01149713757053,589.3709163797959,470.12489311408564,634.0571879763672
76.29824532598695,121.72417567571851,84.10952747941278,192.46792270648447,123.23373076154888,408.4177120922458,168.0943329012257,416.8650275242741
88.65201525497865,90.71235396122701,101.06674355630118,162.52304612083583,122.35217846312938,213.3639900385047,178.8489510080467,312.213802808765
166.28629146604638,261.77486193833613,196.35005908057664,489.20083141068767,201.76674879704248,547.4842948936094,217.561731540864,560.8874790809886
58.008003598044525,54.37592465042104,194.67038227728304,186.22468764665507,277.13754202902396,254.9386840825566,353.41869479190876,313.99178337475075
351.7129337912735,405.1457295816369,385.4180525693475,408.623777530293,431.6880378275674,551.605922748445,470.12489311408564,594.8914725697717
237.98791871013896,180.15210744198427,294.8894048005372,199.419953273737,329.18390221543353,339.6269873825716,337.1655071603746,425.76019411900415
38.84588434219203,89.55184775534447,114.2928534051219,495.12231548469885,248.8918356399735,515.5607292506372,424.383599801037,517.5475548069253
28.9457182228334,185.28871210212532,123.43911438606894,371.08864920048427,138.0001995970268,375.1928346185938,184.9562199774762,460.453376699582
212.85037731920218,305.6067681787147,316.140433131508,312.8843545244341,375.31830421409217,322.00674434785697,377.6693742498045,363.3202411279023
132.93888441977498,495.11016385193244,167.80757977977342,520.330360742905,215.87972199400602,601.9401791799262,223.47827682161437,607.5794740214714
175.07129907734964,199.00083806120287,274.0116304497956,284.10675120036143,362.8843820456226,429.62148525195784,377.23135848834414,438.72664863792784
287.72126691248434,242.1661121844649,338.1526566465642,263.71686217783065,374.49701031621134,271.05319272879717,437.2341468710469,318.8048168248677
104.67912891055063,117.67421010966119,261.6505468799451,297.53991330664275,308.28980012943015,380.3474640394124,329.66024975270403,418.13444106786267
90.22087048943433,153.35301871739213,433.7129050674107,294.1551438535636,442.9824100142774,562.3814698741265,538.7075442181686,685.1728158921047
183.87017722075353,250.270780055513,204.53473749146823,302.1273730712545,275.73499492054145,340.97981335768117,283.30645137905424,371.6983990908178
217.92048139428624,56.26999752399704,282.6355534061419,170.94297584293366,316.07756246647733,345.12392890411,324.2642425826569,396.1928612172959
71.2928088684669,123.14845460552698,197.58901972002724,288.5769519560393,227.88912954515155,419.1538388548391,255.12558543228073,487.62380477426865
266.82786824735314,204.9502297265227,333.75816989466273,337.86296289970153,343.4555677225909,355.65546984451885,371.31455822817003,356.5265795429654
50.31523061855963,169.83834789302045,192.02369472587114,224.97862713052055,221.917992384181,306.20254230682013,320.8776688515014,478.4427234034022
31.42771396239448,70.99857150821765,87.79443164330671,469.32898651903804,187.91072909557417,593.546899317092,208.56664226244652,596.1631296147611
442.35078070968865,53.20669484844318,480.4917983222275,304.112749223314,528.2254495035144,361.12065367797,554.8929504712481,449.1485373222986
287.54000814670326,200.76458677902806,290.26449248317886,328.3396548720034,312.66971655846345,352.4651984946915,376.3745510288766,471.914866007752
199.90877126542105,99.49118258190623,230.64675528289223,220.0270204459032,234.4773241660369,285.8760105820341,245.59420255714346,334.94084897856163
46.9278699050578,190.7072018977068,487.5364786665986,319.4137019679287,505.60743427225117,464.3277022515361,562.9959869453374,489.0754738922831
67.89133781593699,113.10017444530655,190.9748852718522,235.84573756539584,280.4075314924527,273.50864641034616,294.1852614738269,284.3157142449465
98.1703124746902,161.64757764203512,186.28284176838557,206.47171969385334,262.4379721097478,235.069425506131,302.1452140998198,337.86296289970153
520.6547140970006,161.36931434170853,693.0100599314212,171.21217941129578,1143.6106514232708,249.4679393742528,1344.7835447193788,312.27061640283324
305.38335471776645,226.29325160870874,491.57092075478835,278.10030659258797,513.1104375008125,324.7998489986447,595.6425670780422,397.6269499160281
30.09297198323598,209.3252713525198,56.259259392384116,397.0705418892348,64.94922180277484,641.8435101406934,84.10791430015873,666.4557113125911
189.78217701632371,58.32380581878675,303.9418427239336,359.10807970937844,340.37873196864757,389.2452678640342,461.0732840093416,513.721830319499
127.00082230477165,64.33063123274094,525.3466165942189,139.93693411769004,587.9461362031242,212.16869326897532,589.7815483636283,358.68310144258584
161.3854736587482,360.102044864311,272.12468768108596,366.1328451979303,474.52736212028327,394.2645881430978,548.6667536191791,533.3332104641163
105.82681742549197,68.81115533972576,118.24805390335744,397.56452346642703,278.78902550052754,524.415674281462,301.677213904997,542.6672626367646
288.5088790944677,260.37237812966794,345.43741048625196,354.0137762691864,367.84511223920975,381.31072701939456,405.9740961134736,425.76019411900415
168.54924654094026,278.77774573396624,184.10806050337723,389.8746898233488,288.69020856623604,465.8330081075912,317.3660480884537,467.5057446852147
122.34392705682133,133.70995124521082,232.55373855909193,182.98108548437568,371.47419761391365,282.90361442693273,421.7138806432645,360.89152056308666
150.87072864056222,175.63257676135132,180.55301242451995,322.51958577775133,200.75520747681682,404.08234942379863,294.10522302183426,432.3795737880473
311.3286137033195,168.39515253971678,405.148326150907,281.1564980088837,424.52849459508576,299.25805084222395,455.0645324284894,305.92455640826665
78.30610137468335,192.8419040491991,152.33970364941138,212.87168517062787,207.75041546797314,229.33425453270982,261.8248246301245,247.15402141435297
78.40529912974915,318.62320045587876,275.0753879583316,418.9626619027526,284.31913907813913,443.1461212989488,300.3539041540458,462.1085068470685
276.2601512882949,158.019285506055,440.74274626353485,438.02239584647265,461.9900405387208,461.86689510928323,508.12486339169055,566.3379495085265
143.03918914757102,169.80249762118206,224.19309960724888,238.9191932379616,440.59035877067066,269.3287497402851,478.76972707763974,385.6985805592862
46.07896335359411,277.68870334525633,238.4262900493104,429.3428429735778,289.653136713766,452.3593837211924,300.0729331691468,469.3142450691981
83.65117509318199,109.82317366650206,91.46527147584621,174.38983074038,183.51923602909247,270.89261244299496,185.6353039886766,333.19775753946845
174.86275355871015,80.32709916826451,213.70534744266612,107.43531259649673,266.2332724898018,322.22112663925554,291.7199750340731,328.6098950169386
229.60754978003717,323.3633529561639,244.977466803237,471.06188195113435,283.07338529662337,486.0424192265232,289.27360602419094,539.9317443687023
223.86944717862215,105.30125210034161,229.07094526514624,275.02099836577884,460.74874012960834,387.77197322334223,481.97051303851237,407.33965606522554
145.16555489321834,233.76070981788257,151.55561576366722,350.0495029927285,269.2412217658475,376.26907394528484,291.374977081523,460.42514270004006
183.45194139687348,120.96763807764485,216.14816063465844,535.3426646123917,228.70440859470511,769.5829335156557,230.3728439591549,774.757249786614
43.976042696291245,57.819219007160726,239.9586326010986,131.2610014324767,295.61320555380377,244.79820872626172,343.1513736256779,450.1201258792914
272.37754960719263,279.54688722861516,324.3649547747297,363.2739133887777,331.5862287006814,398.53379714121934,341.03224560227324,398.6677742204105
168.90746648713653,297.18548959646995,182.54493345300688,315.79650438794323,217.45151153149592,459.35686248602184,255.12558543228073,461.08683334709445
359.83860200173575,247.92459535686845,467.1481778193796,257.23793681381176,533.1802107141807,387.6387285277051,684.5279926044849,438.05445410346204
77.51860288232987,191.36046304158586,155.89234444449446,384.75026782419496,205.61573195517806,486.34768031165794,424.3022966068171,534.9691813755722
310.1067298359966,128.47675287721125,323.6575969922647,210.03007550046348,412.2003820390007,246.92275092757137,501.86268566232326,259.59212999799166
255.22107997933705,250.75163416525572,286.3732546651443,304.86315501251886,308.8364390622687,315.0243563614233,389.2960340034415,345.4137440219422
106.67703021774204,35.220253404099026,118.15644625357747,249.6654914564355,308.8097005877303,362.8784481643983,344.7004888622594,365.95088997202527
170.5893167152959,191.58438471601832,255.83077926588305,318.8048168248677,266.15992410690313,466.76543210473676,273.8622849161115,502.91550645639126
224.94280832375816,381.8146264224419,293.75923727652145,419.29398760883043,374.92940587817685,428.3042324428694,391.06707709615756,443.81528094736086
121.73626481163866,69.28110742764677,138.4309746845761,82.4425844876335,254.88118380777635,204.6860806609889,277.60374751468254,262.387148267349
244.43889336378308,172.71912043499722,298.4929200730699,191.98852787434393,416.4414580127797,364.6872778197324,433.90537870954296,462.44479833553436
259.3079569027843,139.19406697835592,326.5265552154301,274.96979319706514,347.1597610946406,284.03975915699436,409.4765754509611,425.10677091238875
26.09534177793467,73.98388228750906,86.70041055381593,394.8742039717494,95.53623068351207,412.280473291816,190.71664951412987,429.6446646705006
37.63521416420863,109.15126906678785,120.72282817282547,310.4130645400699,156.60340624061809,327.06006121188796,203.0696112709815,361.6565593071028
61.87813908762966,152.114074234128,171.3191803039697,159.87637030603295,787.0485904117355,221.1906721008535,838.7242855247524,358.7622767819453
42.4124361098773,103.2191783626713,108.01090936594886,201.5064079588623,202.53619619988658,214.58392539070917,351.093513547969,260.0471919135031
125.82507026417215,200.92665364513627,156.4584990437341,286.2282435417438,297.5333386297849,298.98032390783385,334.5215283354719,418.3262421950726
110.50854538616241,339.02950257458264,276.28918026367234,367.13752934109084,569.1889218970998,512.3534325203965,587.0440047521619,548.8252104026933
205.35691717126872,50.47300722374407,270.50427096964034,249.75038014654203,299.34279392709095,259.47819037702186,398.51823465874105,299.5650069129985
255.2670082756997,176.91673507021645,284.3524796343083,263.54694761480573,301.9828007784444,287.2680255229055,396.7191665944983,447.4477208153791
151.2918680083066,169.8777864239647,265.45020812417613,297.53991330664275,434.4462281620595,405.137075698465,480.9416498847677,511.68205925309593
67.74710212663943,208.8920156071789,98.35311438659859,218.3387346624842,123.43911438606894,276.4122371896763,197.73363158877552,411.7561000167949
37.644473516520755,121.8144168028784,117.69697005267308,248.02613382660374,163.253462603648,268.26191049577983,244.03449917571237,278.10030659258797
58.86014656869773,191.28269320735052,69.98266819312447,261.7689277165979,70.93478521486054,308.9472024876862,87.95842821339802,474.6249518291726
88.2874965250589,265.9044583755992,165.64179578244054,294.99861471313835,211.67098683261867,349.1152233807154,263.1523096054646,352.4752595339022
266.80431737030216,119.62282299983913,278.00475107987984,234.4379402773407,320.7420672117563,327.29012239585205,391.27905726283484,385.809796799968
368.2611164363323,299.2385365599644,369.588719551352,328.6098950169386,387.82721280143284,345.5856647461179,596.988420473366,374.2764074395828
50.9062574266075,123.54781809058902,234.90153315532348,210.0765842316384,273.32783540222334,376.5318331982219,275.3843483003337,377.31370183310565
256.8124718213718,78.20259907777863,287.6113972210446,267.09464426454286,302.78518721513234,271.5582686781689,355.1708181742593,296.82186526239013
60.89914027239516,223.81019249103426,119.665749658374,230.69593119178262,141.24165093527336,280.95052822299107,184.79794673251612,320.1822454045203
21.49119731434046,29.129397654407526,139.7638688932221,112.1368668461231,203.73194959712143,239.44477289955728,221.88219232480844,279.7960718252005
68.88101850375378,54.03507038094226,261.18713818843867,176.17186854070795,294.00570025079344,296.1456234101335,338.65337523336416,570.2361336473556
182.96710253479532,146.42067831532174,248.54911885761894,433.14057801511495,250.2326720668594,451.6335155867537,325.09122013668474,482.22794723191436
287.99105450738074,119.63028392211099,376.2259410369081,155.11113588971307,607.2218489941672,261.9820746471521,712.1518605495838,555.528194811866
45.673205498997056,90.12728253318419,84.41228890861646,264.9548054085947,287.357856409364,286.23143788220546,408.0254848994933,297.08785541522997
280.928501386703,121.05375942827374,299.8374815423985,256.48258518137953,371.9002535916035,322.53454336800365,410.2713357125837,344.7452041866659
39.209582929199996,101.02069385805892,317.47954733288526,217.96372423069516,594.9677910881943,543.7796476565153,609.7512162109167,603.7298653977205
202.8911255201274,63.57749540018295,223.76847602352092,262.6585649162269,369.1940424620449,310.36733416858414,449.74816733235724,348.1255578001097
168.54111840452623,240.10736590936946,208.78985525771657,309.4102683598292,285.2971528317521,333.1262446085229,344.73516681077007,351.4722676581131
145.21024789321808,123.38275165876705,327.0891502571736,391.1140110676279,462.238270053186,435.2561751924723,496.3188784216344,439.3547750509856
273.2603851425267,43.59107547539843,276.7930576507138,145.95510041424728,383.28834019025635,318.5860944191937,411.56882657815567,361.2297860796539
222.40287625816342,377.26972315874104,227.11719024532172,565.7131831904256,339.24656254648636,768.2753455518526,347.949429440375,889.4201262161287
270.5567597839742,242.35526779655214,363.3041764163833,436.6791574324481,502.46026826306974,641.4439910880122,600.715905744287,667.9545746328778
282.5351316083413,106.69328768500306,288.42210409953407,202.22851146846293,301.68838065076164,289.9597451779097,310.1792324435279,325.260702558321
57.317871865736954,287.01081131482147,416.58167095976125,364.0154637929519,532.4500045025585,497.13637475540014,552.3678958215255,498.1140686177553
222.3868280503017,296.01493467230205,251.740719540894,333.04583987226977,295.61320555380377,365.589678317107,408.13733822377543,399.4192811526338
354.79759357319085,241.08965744489552,359.99646228004985,245.07961367063692,561.8769051131171,320.1935894211648,578.4615472788313,393.0715811294004
59.12907075847457,101.26252446199825,150.30398698397596,205.17800434004215,301.08086595647467,262.25460615549576,581.9716359070608,313.7942126203335
195.86074278241884,129.02762331514955,591.3036370892074,182.0330026283236,606.690334755408,293.2328436685445,608.8691816802453,295.35130300363437
28.498973977200958,319.7212130936292,124.08991282097436,325.53078854419294,143.7482905599698,330.60575429705295,274.26272920450475,400.48602534063855
134.75863130281945,82.52729336783194,312.66971655846345,226.0623948118882,534.8698580047312,410.22353722634296,583.4164406470195,426.47492627325613
122.38765221447665,305.6067681787147,238.7225800347049,376.88410706527196,303.675783821021,391.04409501365467,320.15291293400634,410.1269224180035
163.9542210397012,113.29920028150559,189.19926688512186,140.938543571003,264.19576073967835,264.9548054085947,367.15157107928826,347.6923650034968
281.41966384307005,181.71807478925194,303.948626760448,224.1590596647368,337.5663236426773,399.80802934032926,347.47707758502287,517.2503614471773
136.52249650105398,259.73601050754405,275.69641872842493,261.47530105568165,292.6775725924081,283.38278834266885,436.97152757997213,331.50114819449385
38.23983791559016,20.511300935783567,237.34356054772098,324.515894562186,260.089921076144,332.51216143963364,350.17014078819216,396.12368310008065
175.81886946725453,322.17801402857145,187.2900793414269,339.67015165898766,244.24685119876446,394.63170990047934,253.4401237593246,459.9999020672785
174.77808960643642,271.6401713076332,262.02411688921495,412.34529907540264,306.45595773848305,491.41253765828355,336.59124535210503,515.6531905282612
253.23975795436365,114.73325328537189,278.2055025022635,155.11113588971307,383.1211369983734,232.38326917340947,427.4275039428416,486.1831334316535
303.5945766512503,117.72494295279506,427.42320987409335,377.1917159712943,429.1487825519203,385.6985805592862,430.84813764408335,387.9024590584345
526.8210010469486,244.73707637315584,561.4146238301223,292.84640408537905,892.8510556625536,301.36583227589375,905.0873312285422,305.09849423287574
88.78443447322077,322.0397837875028,101.63089618746571,385.16426665045026,107.9014204554519,473.6396755136271,221.17247029875432,577.9584366603268
525.3472104386751,123.6080024058837,824.5443190842885,161.60428376617566,1231.1324792390374,165.97315646264286,1375.3850165161487,195.4091706228379
117.87179351125376,129.5537324220015,243.5875034250819,236.36000205454346,302.4662814707458,290.5733004454407,328.8884715155495,306.45911694564074
310.57539592181735,277.5190433242223,472.71891909743783,296.26664712854944,472.9234151514238,315.708899232617,505.4880268218938,347.5922572082421
203.85908370710354,132.96655829774443,238.34464215131453,175.38836654118208,256.5565285302074,298.98032390783385,301.69128689511376,298.990532912017
91.02431444102416,190.48726186342725,366.4209191627475,342.0684925558454,383.5088954361648,352.6615263580937,416.8663964583891,421.7325673084603
50.722605431768194,192.6002189838227,80.1422666486467,283.2640455471827,84.31749468851807,335.3222209417617,298.9990176396499,361.12065367797
158.24707262715603,323.2455618349404,259.72194373529277,441.5976940503524,264.42231820602075,472.34140120469766,290.945274881581,484.9214969281406
116.21453406123905,253.6083844445301,131.73484873916692,281.1564980088837,223.03265669764755,333.5354992960586,298.0243593537518,498.11591477305706
271.9287931390144,121.54709256371628,290.48571024609794,355.5332212995963,301.4919737978797,390.4138851497329,322.43110126392327,391.8380354944981
244.1369419728628,105.12328921946988,272.30098761286246,174.02544747798748,275.57981867999234,325.53078854419294,315.81650995452003,386.4946829552656
124.69643939327794,209.23403852825496,162.1404788687151,251.49935011560825,193.319863048525,287.6189350264873,213.03926547530043,394.25381234505727
172.96278133271258,90.00146173488702,220.2576891818308,583.636983731906,340.94247046243197,658.6722503812352,433.94854317696854,671.6193256926116
232.04539388805458,477.3509022724004,355.14963085001494,480.9537965804508,378.77662661592626,539.6513807681733,413.3364465646236,563.3648496172369
116.68152588743936,189.07958110731755,137.70177623354303,190.0670449855468,172.41251937262655,301.4839134995097,254.9719823822867,421.83955414319666
37.1109440717912,112.78398375015196,217.02548439558993,191.96752461391222,352.77388824903124,210.72557179277274,362.8843820456226,253.27910851973567
24.18079979398777,385.5248078036824,154.1681506714731,444.2960050722875,258.75258312879913,500.69058612006506,287.5800246243705,501.71344028374585
144.25613043896428,149.75267212114346,497.723345207529,268.88102259831754,513.1851920677527,360.46902087626296,529.3647397736761,403.3750557193609
71.35388155319866,301.40928322007795,362.86330461424905,584.2767984946004,385.81918911060137,623.1618668159706,396.2907610156955,687.7389562357797
37.145388490589994,152.21843022542924,88.1324139811132,165.2876586590329,95.53623068351207,257.56720629324593,114.65924395995464,403.9714695224482
216.6286240637889,116.05383017630116,236.36465460977647,195.693288263063,255.88270069937658,431.8438487685606,332.2229937448368,440.2822645823331
254.92066064786346,176.1142170194229,262.7916605269389,295.7841843313662,433.16936677036944,335.0297052456104,498.6928988920302,360.088681104176
47.89094884827211,56.66589508029068,62.65088246553804,209.97459873744114,109.9690977073134,264.13173094627984,187.28699860386584,270.2233961918253
188.45232419277033,290.7847703506743,484.2377318532225,411.80660996839515,541.848572321757,422.94157210949163,647.6488344242722,461.5762454335777
307.61608565113164,171.5465660088306,395.6824978829199,298.88828410485365,447.57671003426805,312.6419036335351,684.845281348556,341.8593761994839
32.10384043931273,318.5860944191937,44.496249261291844,342.58480124606393,106.2949301854947,356.50575621454044,243.69291417208728,369.25965883035093
210.08879365410164,188.68900260644872,244.43314638591016,301.5668024100533,423.5907824571051,400.8486095595597,490.4731787105089,424.20960645018727
275.0128029141056,182.9103840668127,295.0815144412992,215.64446955177442,311.0586067405301,233.5918077771612,383.1810587236216,305.1392918879115
46.034687688247594,45.57163150176252,165.64179578244054,203.974521958762,196.112103479842,485.1951135790038,225.0117891468487,583.3456809481546
132.80421072423727,426.65693080067507,216.2038704707569,519.7086221835275,255.68533456643047,527.8587803719944,276.97530624072726,684.4884942310047
130.82398090696165,210.37676938776505,166.20828790714603,253.8964209825635,282.44536310638574,315.9570504355721,297.56030560675896,350.6566831131485
195.10014144179374,127.2923491710575,197.85684918567244,328.4871259209766,248.95032640448102,409.44998214114173,312.59311804469996,450.66758219074876
218.39644718397196,168.71419514333033,229.21047201799766,276.91359867997494,244.2762403803402,364.7278478940957,263.72397913850267,377.48475369959067
204.6999352130469,189.2741137167261,344.23806949466456,306.86716994166676,402.3329117506292,314.4948511292364,438.9484676195225,335.0578145927147
170.73406689435723,453.7883038097977,217.9030792614598,486.32397804208466,446.0469499290964,538.5276260222947,448.2842122841481,594.9872303747645
80.01473991634464,178.61447289159113,88.51624848678404,373.4507703984671,201.54761562429832,411.51905994513317,242.57870108782808,532.3374910687127
305.3254545529955,35.83967322134306,312.54372491075367,116.09631661629916,353.8171057623858,180.88016381374942,377.5935910381539,199.20959934134274
204.90822243978843,92.09009576043196,235.39861543883396,221.03117094959856,286.26724712133796,224.55328770678906,309.96250176237135,454.10488273918844
43.41639932208028,330.65752621665837,137.91823478559476,392.60538730834037,296.611383289376,476.6824043744379,358.666661616399,511.7116386197362
72.71057773677485,133.7693961709687,153.39826850651173,357.36401339998724,235.17816163435813,404.5585800343905,334.3039552807595,504.8995993575055
191.60522140903203,147.00226615382022,350.17014078819216,247.66464456101716,383.40199453329814,288.7311196694918,463.5595263521799,306.95654863456
110.045094944872,262.8024210116404,176.99649955681087,534.3750040341107,253.84508846622393,545.8297608775315,481.7095450785889,557.1732491955362
75.0576207012092,88.28335957205286,134.9608997477687,290.7356172906511,169.66968874923242,292.50282379129635,185.59843606322437,318.20986729746704
104.45582367808093,117.67421010966119,159.89643826141057,343.97399660427936,291.64543891725793,402.6996435761554,364.58895250893437,405.137075698465
252.53053297611163,397.60258285324227,257.45609317378916,404.1999385067218,457.186481574555,517.893463915239,481.69162705781116,542.4303697237968
258.13340996029376,199.7978206037154,286.62498499547297,208.13282172565556,326.1919634227901,245.80007617346914,328.0929894254407,358.94533486426013
397.70157304244043,541.990927786306,474.6816428558388,696.3205416659473,516.3454733791559,822.0895939006277,549.1074128514782,857.4626487112981
42.35636947124187,352.86321535204564,94.83205487906856,355.2684137096281,124.13606170907947,442.6413917605442,137.9946387766867,500.9397681791907
49.120051111382146,148.7203785733302,174.6117897328093,211.44771059229544,361.1527314834376,212.76348753984811,458.563438355537,274.39257738430877
46.44569997310845,302.43891410330747,66.36200169011997,345.66934542392426,70.93478521486054,436.3717943584976,95.73587383505411,718.2593286220743
76.33643632074984,122.36082833762953,240.57270645862872,128.234660740241,242.2335680155763,332.34465177596815,317.5003556967858,338.1594567704056
163.79519862222716,433.0600151310363,274.46331152188105,460.86547473237863,282.75688541201714,475.74907442368004,291.6116507211896,484.985059298399
96.04680893520762,265.0447412414529,108.17696966923657,333.36925213041565,111.26982890364837,435.9553617952245,195.3340514290201,447.38474522833155
136.52249650105398,125.85789807023292,405.5324882324061,257.0808338395669,408.4407587759298,365.4478637393741,454.47485454085484,464.3277022515361
222.66689804780776,220.807677614914,238.07672061308924,248.05906678802495,348.2564989621756,275.52759091892034,369.9068861606289,294.8994058532861
228.3039640348416,54.6631813085312,234.93690146947665,108.38541404535268,235.9546405876856,207.02435989980174,320.57529491808316,242.48033918692474
38.75153091488326,266.6342920146112,462.4173351899085,322.03501688779977,518.1771868180354,369.10951854975934,632.5837155195488,390.04663306214144
122.62740324746255,218.4776595146547,176.9563858168126,274.96979319706514,485.5167858812744,324.2050588341369,528.4411416635744,328.9292129349572
27.086988657869167,215.39962314411565,67.81191127381355,315.73939710907814,326.5265552154301,377.8557730034535,471.5549388319363,391.76374702251496
139.90548269711968,251.3541267512214,232.28854512212288,257.41877172313576,326.5171014911691,305.2001087602269,400.4923559190203,377.0202073870384
959.0048603771158,116.47728973822463,1019.8371846096545,173.27101004221842,1083.774112216483,231.76668287721276,1219.0724028143477,358.94533486426013
364.89096635954917,115.98215142491898,418.62814594131345,195.13129121138763,467.366277744847,265.641723852763,588.46204931572,319.35024218220843
195.6939729344995,137.06933376853453,214.01449370908603,289.4846584489826,277.2048714697993,372.6491939720996,296.62509786753,382.58956035216414
86.88197924398636,253.36803265655976,140.2096017457648,257.66041137088234,209.05140069046848,303.4271003216175,283.056011407218,413.52841327886944
97.65237104235243,74.30416181307893,184.35349504705252,148.144012341396,203.73194959712143,280.7273606976489,286.2893652992106,306.95248186665117
154.67905361014755,36.14084217186321,211.16762201333,142.97316843451168,228.1152214993415,350.43897517078585,295.7273782933458,407.71344773971475
306.14770876290964,369.93606610915094,318.51782500746367,377.96366236838105,345.1694448519328,434.2846851286664,357.16824434063096,445.5752062968666
167.17925855939987,157.60952525288076,212.6342931970157,166.2941910504333,212.85037731920218,182.39709538174736,396.058704488625,187.86521758729995
408.2628898036629,337.3888921679098,476.8824585613118,365.62246194535635,481.97051303851237,409.0129868775174,520.556983610953,484.9214969281406
384.1156607233694,140.1299305432291,479.1604130375576,180.82252430645792,689.8398867305993,354.87673214782814,746.9735952622378,377.0931212102026
287.10694127336075,274.4577902085316,297.53069421647854,289.4355485520729,302.47158610503567,447.05805706231945,309.00048042178173,526.4282847939276
75.26677980951938,269.3692998501311,214.80446832193772,326.26859437880387,503.4877889080345,359.38469257652264,517.9139744566002,389.1187790907576
272.668431556041,268.60754754893037,302.64566054217556,460.87417198090355,341.4041379918393,695.2000619333821,361.09810397660533,770.8567294854519
190.59638056382292,304.8640301939556,231.06595227497036,372.2430602210994,429.96766610962766,420.9797917146914,439.32754337278305,454.4201747089862
99.05750972074254,60.543206844742556,224.48160807646462,169.75398503740695,262.36205092302805,205.46559175016347,278.0963647563344,398.40982289944736
265.40210967653786,188.50703268420799,427.2339462550421,214.3382532462479,431.38046416711416,306.19679608895933,443.2494285569934,339.5175102812535
29.61474696146924,128.21247584820892,70.19493573212516,258.25149027897965,112.3909765904384,426.1961536868485,217.561731540864,575.7813611047102
131.82719690013548,284.7854303776876,262.1021973457586,359.36217016970824,298.78133737749215,390.85531522566936,301.59860408589225,486.1346439714697
35.45382302284759,214.62348390995365,123.90012900060701,340.85563872691847,207.42253111835606,432.4611837654168,397.25286017660784,487.8991771738694
254.21642361034333,99.11010001935885,259.9607879257081,210.2803223553178,303.16748602230587,210.5848339178229,321.3177549236868,314.2067043751559
161.01018385884717,327.50962502868134,162.4841793105261,411.17980272056406,254.06064965499502,478.964021926301,279.8984115157643,503.40121394583747
30.09297198323598,381.9189413386082,67.89260266792394,397.56452346642703,75.85161743200082,466.24560920080626,85.33027120406452,578.8456854313928
182.09538386833663,38.47370650345955,203.23967087038474,210.3607148133733,216.61097851856596,263.5548179269349,228.78168323778323,331.8565212503298
241.40117609408023,21.401207241251416,401.8863439293802,187.30455068021598,515.4517690598326,225.23494707304283,543.3241323554321,237.12308946641926
320.5334684687498,401.32211306671604,499.55556815540547,402.9097668940513,554.3363577063644,437.25863299843047,589.9523895409519,489.5205210622163
83.20853144991061,174.6286141017358,117.69697005267308,292.98764636010947,165.384585048612,501.58799084459497,248.66245625208748,623.4902056530276
222.0766758299866,167.33515825793214,240.22906471968466,225.75397647863605,243.6353124904416,273.39418142630836,246.13899273217766,365.94357889881377
171.56619350691153,147.23231915837542,174.99437390256972,191.09912000054965,197.8752190581171,303.0049947921378,199.69552666579764,360.05754154274774
356.18487737029585,172.37081320501727,471.6389355403524,257.4555832336948,493.24856238720577,378.69608662087745,649.4138808891329,389.7114219319356
103.55311759650013,105.38440161628264,105.63032742477164,478.4427234034022,240.54074791461846,494.4567227596765,275.7866738760175,523.2989809742483
54.21652688429195,207.5723152780675,156.55886542411687,326.1741409927926,238.1788500607543,342.7891102204042,304.23897437757034,364.758082217461
285.6440889667139,44.78203791379577,336.9688491604577,60.2864581933343,496.3753532061569,143.70036005089597,536.5249726682155,241.3190459296325
122.39853910419858,152.72019245997734,185.43333430876433,252.2099956512683,188.56375538802752,370.16863855016646,196.86231484830017,473.11422995046695
29.32443217601633,57.671600142701315,174.99437390256972,177.68020359285444,335.89631234108083,283.2624763344264,341.76549523663584,311.9266543006192
226.8915435871957,252.2099956512683,300.95264325446084,314.46284203497515,349.8562992129046,323.0427876638627,425.88928243020695,497.0708795388862
115.11036278000556,373.1343217760536,258.1386990799507,401.57125180117384,294.57509496476865,409.10520835502393,390.9847217059778,414.36389512439536
38.30546384631586,342.7009314350355,44.82830139591802,398.5370123971673,50.62891515601259,429.0558432396286,68.59832539449519,470.95701468741436
100.45363602911765,348.48932261026835,104.32076905261775,383.4052498430703,169.24966728316997,394.9535375042799,279.1754618827189,563.5043673370641
148.89337620838108,171.06118831346532,170.81475170956972,415.37901606280434,184.91199141964015,453.42646587289306,394.18090041390525,487.69803417759516
200.15955375252108,209.2894642917174,204.6999352130469,239.83906556227828,278.0963647563344,290.6797301652843,369.02267082748926,468.32106133252086
148.90152162569905,228.9625036164797,249.4730319680426,242.10212664932106,272.9895420780821,269.4774894318085,288.8871780316064,480.6775623223015
69.50445252047312,136.60440701231826,163.48200493724508,151.9526952610516,169.7428814850841,201.01791830779192,324.3573278518365,211.26345068702958
155.84216303500352,243.16994933385146,189.470510294001,274.6150378470887,291.76699375565005,342.8591887783856,295.76723399515606,354.4093931527797
116.23248650154198,285.3700452624672,517.588267916882,387.37138630332265,524.8165988026694,445.40655489618183,527.1124785542659,479.92396297148747
212.67164664987598,121.7657526693815,270.26834533316946,362.78706750374374,296.20485608704513,479.39483078627404,303.84273930540314,481.5928775302987
24.18079979398777,160.0979931002426,144.9390846005693,265.52454110882525,269.4276492459407,283.9369925139359,276.9201557322896,498.49902346222495
46.07896335359411,123.54781809058902,258.68721027686536,270.5896665141501,277.0664228356707,354.96981950007535,283.52860130308414,442.93202434963325
86.4274754231013,266.73594234927737,215.11298520462327,346.51053627321863,217.68474021882994,645.7511110160866,285.7744629467058,704.8131520985706
32.52743630193878,383.4052498430703,235.34271015151612,481.14874894755997,311.7759489908054,500.93821826569035,373.6843447425752,625.0266492790626
34.79989772285145,46.46872995664617,44.807234302454056,107.43531259649673,309.8845567045645,271.6241871364934,316.487080945283,380.68698105417286
159.9110576585244,332.65235128957426,264.70721021261846,561.3707348973487,300.6976842012704,603.9126219566621,359.3118835794674,606.2195294660373
25.48653552802652,166.4905387749182,51.69510863733025,237.31975111109668,60.91862490774125,246.54408445606396,84.45386076078714,367.85813044743566
31.38049401110072,96.35611628350888,328.3244185109337,176.15448106357556,383.0950807313153,300.91567530516767,403.6382615103979,322.96229761292295
114.12107252543281,225.23329798210534,122.34392705682133,261.32554005955427,312.2260212267811,386.4768319077077,459.0933147873291,444.58878487392116
255.7901678807352,483.0203365996376,474.20510788418517,539.828859263413,545.0239983838225,574.4340100537884,552.4076845340808,593.7609990303142
386.5898779042835,233.8249798684062,523.0977508230807,446.37046743487707,654.8737707973046,450.05211170321434,812.94655433536,473.4873421287794
114.6417684899099,146.83436520366928,258.10008447315175,276.79664536543737,314.055098201272,399.5086316904271,446.9612916726898,475.86471249985465
49.93889584341203,136.51220215111428,118.71962175494936,367.5510968118788,193.16148692102783,517.7741933060063,293.6279274296041,519.379872661061
96.96730329020414,76.7536939361067,192.9296044644154,147.34843672997198,303.9418427239336,301.4676547329252,399.6492316999964,368.03682854077516
35.45382302284759,268.17601095499845,91.22482274406414,322.53454336800365,186.18257664461026,338.4734796077222,411.6395532341739,432.0052844783255
276.3530788290725,298.4523939355832,306.45595773848305,459.4103476271381,354.86041465874507,558.1903669565539,441.2393433629343,561.7011370392635
51.30765957312092,242.17074971078765,83.18921323980749,252.85318525325664,249.201979576169,370.8794604859027,277.6326554154931,421.216817476651
107.13140257937262,194.8852286633279,145.54200623399387,315.08896684117025,381.18268501403895,352.96194970859364,446.5125410394971,413.585265621237
140.01238562854536,326.94944566424715,189.2089536550443,330.5102606006429,415.29149454687433,359.52884793797324,436.1259527150682,363.54566572219164
154.59991380868811,133.45201429712696,366.71349485703394,324.7018814774803,386.89870186371587,453.03393760899695,402.9605903956531,587.2482542043886
269.65845171022096,401.6194869752533,363.51848195263244,545.8897251317801,465.9177830838937,896.6826184484764,618.9276924174765,950.5834604289446
79.12311886874149,66.25473338220174,426.5094237122481,539.8386694994086,445.7859966822883,556.4991086399732,621.8400365564119,573.4770480586217
28.85870073526201,293.7065040838378,191.35049879629878,333.95057848300075,262.8100639659573,456.22304430074786,276.0731723752401,461.8427389129307
243.4007526576472,251.42297636763175,329.95348654123364,365.589678317107,391.16562042261535,415.77178124814515,441.11463087659,434.1950346842
27.351033948453935,428.286484408885,546.3158370387026,609.2090398624626,865.3517559272553,677.565009214162,902.3963786795836,684.7974760467829
313.3053046128605,173.88087396078714,322.46370000914123,302.97860400940607,329.33281972212075,307.22740601290593,418.93273131972774,549.4016533006757
202.1684591193688,141.51194629189436,291.4724619069643,272.75451221543017,358.8623763625192,339.9189971387556,375.84934132488263,443.7511055000103
339.84341855207987,50.622733004152046,455.0894040931599,69.8601747418651,456.07171731067865,271.2006120913803,471.6162149167033,312.17601272047057
276.5305845942925,219.9420195873765,304.1174099873925,241.98967534921414,407.79824114698056,257.48402525199793,454.3478347520322,334.2313940886866
99.82002151294225,205.1149172986903,205.35691717126872,270.04722781030137,304.93773472140845,319.2526958751867,318.92151444180956,436.3990326000849
25.927895276941847,218.04521050183598,149.73264450602,348.4268928081079,222.1570393233399,351.968664767909,253.87859213920675,384.4496147693332
46.9278699050578,318.9918591886867,452.8702530681425,428.98991369021746,479.70515223870734,449.9581701771435,576.7791273006301,539.1908965036915
28.04944749746403,219.3331334540548,217.35650727542728,224.90196857220673,284.39577631736057,227.49464248733148,316.19166528837866,343.69596504195835
161.36628610372085,412.778254177155,241.36299678562767,513.9401809425483,256.1830908432439,548.6871049502631,339.24656254648636,557.9139004184948
289.84304495486504,65.71597691247626,293.7336235378419,399.00167332345245,303.3607661428266,417.2189489099965,310.57539592181735,477.37064326156366
89.01068970416104,90.8011605970806,256.65777451583097,351.0550238186856,296.64213838665063,410.6267288533516,312.4323720885662,451.1137608021224
117.54173478206063,420.7650109130014,196.98855776335654,476.0733785580899,284.8018281183609,492.57747542812007,307.7290353408556,549.7177267613307
41.104250340393605,339.8526570517281,204.55350356365554,358.6117069406786,231.92915814787983,369.9372103599647,239.53924934758092,402.8094334341718
82.68112632947151,316.0166488224747,104.63274305690115,450.4034878754087,117.17641409827145,483.16290502655,164.94301894364094,532.3839517371763
458.2521212297062,249.62590955355165,703.3030519412397,287.1942550050354,724.9840444384323,303.9249741727441,738.6770569489593,378.3514030407559
587.1365425787052,62.02633770889097,682.9743611159552,124.74123026743763,868.0902406059954,201.024906714221,911.4467122512141,231.3303181671301
163.80493452903667,131.67895161230268,243.65602836127795,157.56155067112502,264.3472898723516,304.4632109590186,283.7688447977683,329.2196494433538
303.11104978188894,361.08549980898584,449.74816733235724,383.1304307380293,452.93344433647735,389.736874458978,479.6638751666826,523.4738983371954
354.0092613783957,261.80256584225225,361.40095017445276,393.0398342598621,407.5164547837012,409.0733675928241,458.057093021244,481.0404323440052
252.75893219498658,77.50136868474148,274.0116304497956,266.2590510103895,292.8602175018184,373.407095793839,473.32644457694863,391.9215808987441
84.31141435432109,150.99046818067268,198.9886195611316,249.00883756037442,212.19359801766387,341.6722639565626,240.731048927274,384.0554436052383
83.55077367072386,432.6769410475774,317.81053652191196,599.543766529725,358.68182919129873,625.9273232899602,390.2630326636435,628.2021594496697
278.00475107987984,203.30704378982486,423.7208960626869,280.7959406978166,492.91133830658873,388.6762663421344,499.0726163570589,505.96314452137483
268.93459093673175,246.1007331705672,388.30232862837033,252.93256410986373,482.6332004672028,480.2652368884916,484.20981857189577,508.4504101933957
139.66300906919255,7.671512841115024,264.7778457079086,75.11888910782645,443.16321859450085,284.4418142895253,475.1328308759444,322.3318022538463
226.71764794783246,263.8658671321701,319.8129661107362,345.11048863817166,355.1777693816795,489.7133018885346,450.8029153943804,520.4907033300801
39.8376323443616,243.82732923058367,85.55058682068108,253.80069876029197,175.63622484886653,282.8347106968921,178.39135945443488,362.78706750374374
220.7471205018091,196.82537290331538,364.8531188426522,271.1293091072281,439.41655022821726,281.55635897896786,529.3699259403359,304.0190162762812
122.94864540384002,335.9836459687484,155.19274719745886,344.1065878809415,162.07984386126816,438.18064431093336,201.4528608295177,457.11115500442594
165.5392507296553,193.16410998957664,397.65535628830474,534.7221375232397,433.0100751171922,554.1089745995689,434.59109491055625,643.7467991040054
267.99594025324336,89.79331321329641,306.70849623908026,282.27537657461716,330.47068844927094,458.55237482560807,335.4839975413713,482.9857228109912
77.51860288232987,373.0822876597229,117.78687226634388,399.9168367161908,204.86699811868925,432.6591753171253,372.95267445245264,489.9636739923253
145.8046264029893,354.63633410335336,164.5815682539269,420.3323913203577,211.1498371017743,584.9047392011724,384.77023091357705,620.2606252007074
138.34926223870283,146.05349397248955,227.38958491097566,199.8986303259954,369.7512276231112,284.1958770508224,373.792416023879,439.6358021801093
56.20576231799207,277.99006742981885,78.3914683011197,310.10923440970845,90.2744342951945,338.02262724180343,190.63312844281904,395.89299638291595
36.89963979129884,248.80097917346473,163.26912392539703,310.5729161109711,191.55767878322823,442.1929609451461,254.41598024681107,575.8480411112279
110.045094944872,192.81004087906368,146.19563670324268,268.60754754893037,246.75376706460182,430.63823056396876,553.1073066829405,519.379872661061
307.78084932606856,92.09009576043196,352.34120251556493,185.19919054033053,409.60348917325746,261.51970610866266,427.4275039428416,441.86262006141936
268.93459093673175,116.5552395303784,335.6279965264168,131.39745791622832,381.69078803841944,389.46716290164716,382.4470354231438,402.2704346650129
32.886648975458165,99.49118258190623,128.37503087573393,233.81795537794105,245.80759666215178,287.9866469588303,251.49964041133845,312.19743178595223
167.36997212463126,63.05057282771858,494.4495953252698,206.54509751076284,502.51619368715876,235.00556546663674,514.5814763422612,380.2929459714597
27.17051323566838,362.48819764660965,217.2037062938896,473.6248225414819,370.90755226797137,474.7776051135538,398.4846715930394,575.9333687521703
293.78160381334663,64.46357558266959,333.35873274430804,199.12281007788997,354.0884945763892,369.99869999473935,373.2825345903999,501.44880996233945
91.22482274406414,154.6884820619216,117.27667463993241,303.6451324643493,123.90012900060701,322.77858828182457,434.59355387983857,458.1457308866306
168.79479506849933,375.4291675927463,290.7665275092299,385.58802951291705,299.11216256657127,472.3996368756844,360.12347030299316,540.1628828928352
188.67696990931987,160.04551358287475,205.90921580924302,313.63568831153884,288.25659821140755,322.0397837875028,336.66074278891676,467.04156134569683
117.65309573705686,156.67935132058383,176.68444154356504,240.18456314779033,227.2689593833414,460.24189052836545,501.58309385196156,527.8447345565671
340.0796914161205,114.3959392141028,537.983381346362,255.824696520752,621.06045830732,318.08252515189037,901.1452804333645,375.21126804672684
466.9086994111179,261.54186793415585,559.3484107727653,304.24089197915345,568.9967098148055,336.2568469276642,620.898490538058,422.62963837005515
398.3146511609991,45.57163150176252,480.59297725641227,169.5764945112326,495.254297729507,459.0727724753089,622.0896716503019,605.3412614006127
89.10878777109579,287.0891860557339,235.39861543883396,311.59949156527597,241.24328121405944,500.9397681791907,326.1885749642545,532.4280429169714
282.69988892510173,256.7660331124214,385.3040188854997,333.592695449162,445.66350866146877,335.9836459687484,471.39021160470037,491.165693463051
132.34869540567894,119.62282299983913,298.11404145770047,122.65199499274918,318.91527787145395,297.4030372783937,424.03130682860484,428.81937671032796
201.77535192601906,348.24163311297514,246.46605073904092,419.93996107083905,337.9885699907288,463.8711470931911,350.7203255025241,515.2731714767942
465.7967246004052,145.93041827905955,524.4232525076394,209.23403852825496,619.6629074379873,262.5651122773655,660.3604212064861,372.69885914724006
30.879006899411625,83.22946782805506,170.18921669491502,376.23614307276546,504.2535618173612,447.5813813476319,645.0099421231174,490.1307462551955
50.31523061855963,35.83967322134306,153.3026818401226,151.91935011289678,181.946802641867,216.5669777350774,344.94571800483845,218.83064001199568
259.96715826269866,235.28468230606094,271.6407592473853,315.32351854838333,322.7156225076432,318.78859554517703,408.61802387790414,340.8313534170541
340.02779265516205,204.2579058059451,433.0304832752046,216.9338091616336,448.27859302368506,331.5306207475177,608.5250374081503,358.7622767819453
136.499019965131,309.2980912798828,313.6492607980575,445.20693925808183,412.9505502444893,472.09657932270824,476.5961415053193,513.0675489765338
36.83460369236939,350.87596879006367,260.7502152311548,462.99987710318874,363.4866952091135,463.7557809746494,404.745829333765,470.4734107982953
51.69510863733025,255.65820457093028,67.76658342486937,327.29012239585205,107.2595718766198,374.2145426653316,135.9502381635467,434.73951650017125
27.17051323566838,231.91111264089855,244.31921580172792,257.2393589181669,398.0748290575275,270.2763881824999,422.4710575706774,370.4188255419798
139.66300906919255,170.31943756955192,335.4839975413713,177.4362893551864,346.98624432232447,349.0712714024355,401.9807759729772,355.77186243262565
182.46536186008066,170.5435722121352,315.81650995452003,339.30622853525483,378.8877347745468,392.96343729790163,390.267696422687,405.1457295816369
35.855085218046966,83.44286961854768,95.78734781621486,224.45255207628014,189.3145178007856,331.65138005656854,295.24227910280985,449.8523080095252
59.52159523055917,230.38650971526334,60.89914027239516,282.4024330007439,129.506885117806,372.5079175475282,162.34566811288343,415.3715415149895
124.42522301325481,95.9389658603492,188.61217932098572,222.13267177970022,194.67038227728304,230.47191308044364,531.552283952744,314.5184329500462
116.23248650154198,49.554512105972314,482.40810501848176,238.2194253678646,482.4794088488836,269.323060827615,499.09748688228825,342.8439873516881
35.2970668195089,93.55346197946507,99.99753134335342,546.2484314133158,152.25905968017983,549.4322687163423,197.25616353611534,631.5043182490691
44.53509186717639,194.6999012481283,168.80929303439723,284.44684774653064,266.5359172007255,360.0455818695123,279.80579800068244,383.9996542726727
101.90492609273154,213.69432800013945,187.4098780695115,616.6237577289526,345.7165522943108,792.4557126701498,407.1494975561313,862.648920953121
100.45363602911765,199.6228996672441,123.44991244797113,295.461255252436,167.6702803687298,373.1746483639847,343.2214586958241,414.73487017591503
130.74068280413638,261.8006459574203,289.6477365929656,313.4157834783449,343.22612252349944,357.44854602008854,383.237938943768,384.3897567788434
41.42680559438678,178.51324919423158,42.65426726041009,231.06657549037567,50.62891515601259,320.631174047443,68.97144795943298,377.62917943061166
233.14709049589868,130.86544423162619,252.51471985057378,285.8666455212437,256.1200250642797,287.763028546629,385.8758682487796,448.71939687581363
248.19892695326809,168.90161649077402,411.4736088546942,206.06353038619986,413.67383091845556,280.95052822299107,431.62806833180446,460.66246980396704
119.28304978957777,225.14787029119066,280.31639505640766,381.2700115687666,346.16592521425054,437.9968287683382,353.1116649046453,466.76543210473676
97.58481657970292,156.624546619162,225.7771272554565,201.44667886300869,281.9828018560931,254.67257029821857,355.0959137779055,342.6875803616387
123.2061785033746,299.90961498185914,228.00246720040622,395.69847151300917,230.14780422018762,471.2275642564938,254.68614816609022,602.7287353825079
56.67054383055166,340.0804966504122,80.49933688631862,548.2392440310256,345.2073733240467,592.9440245198471,393.4862848198775,603.9325622167491
72.26505480995836,288.13829362144213,125.32818679486175,441.2294333067661,204.1447838816391,543.1243717736797,279.7150572939104,722.7305937428706
135.67579342731435,23.6291438836703,162.60053556721775,195.94078437520952,178.3651683632273,264.5030415806519,190.3974365439187,348.7051302055912
35.70245217028449,294.1551438535636,67.3510368600672,375.92347013904447,244.8231577996047,381.2603024356203,374.31159856108775,428.4474308484511
40.65331551389412,312.91693093385675,144.03763317197476,383.3034487165736,229.80712953790155,536.5875755417622,342.7307553260874,537.6625286427253
267.22464776701213,64.42695410527847,332.0887989563836,74.87605184117804,404.9423930247116,153.0103990964735,436.43694032656293,246.77035902905723
309.22066381827796,382.2597385696831,351.3915145992488,505.0017949233596,360.99091895244896,563.5043673370641,407.87221506101,632.6931035064991
658.1780257145957,308.90463067791785,804.5858173142543,350.43897517078585,896.4905704274777,369.0615913094316,944.2812035148332,545.9220979800419
45.20509948075073,262.308125457127,116.69922768910524,315.81864444878,186.0111380600744,328.8528034427471,266.90908041075164,408.4432788454941
361.4516180288178,214.68104061612652,516.0329927555446,402.17558756837116,547.090050636087,450.8409945106913,574.1342439122438,470.51186355527227
148.90152162569905,31.783006649294105,284.7254756067476,76.90105757027051,316.487080945283,226.27876221394965,359.89352950685236,403.526398832896
148.2430424707213,396.41085252772046,163.21535023104212,515.4104492283145,297.2312286334937,560.7206346230791,308.81952771261797,602.3942650334393
341.41477860307043,420.3544211431689,349.00474958623084,548.9376079938768,377.58956876269036,597.4260269899337,460.22719857865246,744.8599524125261
332.89695940695987,129.89006926974764,529.0551419378002,145.5902654085534,555.151327820172,238.62686260317471,717.5170146600512,575.9442668980934
54.57145665935741,51.514449452429915,237.4291951671541,258.13532608062746,342.3914656167689,326.8775677034592,349.6393980065352,434.6502727465096
323.07181717399175,78.7317136803111,760.829985129823,221.46210629992183,940.997194156012,243.37248640179973,976.630780865395,438.3447070321373
144.9390846005693,117.9720528324005,148.22026374363324,310.207983844463,154.1681506714731,337.6677254048359,183.65133019685672,479.84524952157335
162.30388760949873,49.58328454428005,180.49876639702347,467.50884165289403,228.62559350058615,480.0417246693447,262.41338031297704,570.4405735868787
275.3939466333007,141.01295906126308,474.52736212028327,234.4101614149175,479.8435919194678,446.888843477139,573.1648868493924,506.59207649694997
29.61474696146924,167.89478202850998,70.25920384090283,194.2426206120871,119.70814931225694,247.64041178530115,242.60870063873176,287.2541247092813
86.4274754231013,154.96408421060977,156.36982976664504,339.8209065804045,191.38165433216702,432.34112725544344,205.97000687275818,652.7006417087782
117.31179578361574,387.8430057257712,204.29900653039073,556.4991086399732,287.33971012313793,569.9547551782787,349.5560089080513,622.3424644379676
41.20824053023149,77.12789475075131,397.1507963352868,181.63215406756782,416.17217175996285,518.457583422735,429.5087992345133,551.6381972604179
171.63741868977576,121.72350025621797,208.9765161808787,259.38045836544,264.3305907933484,341.6722639565626,298.2533569789556,388.704743697678
155.39482961015295,217.85751634335375,287.81111152231915,251.4022383200331,412.3496136622821,426.09952177999105,419.90310991582237,544.7467714015769
294.6324898502118,235.05477987208792,392.4967149436837,386.81137098087675,498.2618540720354,413.32031311739195,503.44307634465616,445.8035551768208
313.10940452231773,126.8086128382846,357.56353911784964,320.4443615854585,387.4646718630977,360.65454484497843,584.3669372556742,455.22421532501573
63.1165621711133,116.8272050334684,222.45429767898665,380.78613852357034,333.76609126734644,446.34461280033963,472.38558468950424,453.42862893742
121.19427841103384,37.34070765129278,201.020447724271,168.90161649077402,250.18718313151246,223.81019249103426,306.61487913525224,320.0888643608828
40.47574594154484,43.119960714177154,59.17445611148738,204.34168551699503,61.218762155820706,264.08456214098356,63.42439977766082,360.65454484497843
140.0917853597658,161.64757764203512,162.07882552050245,226.97427286222901,270.07315662759504,263.96683932858355,288.60899638235236,269.83902679910136
357.47116588793676,178.11682863898847,464.251120285978,314.32963762057716,511.9108902827334,360.6437184370095,666.0612454133317,402.8094334341718
35.64676175003828,194.04931994235096,114.58559139666576,204.33542295386408,183.189509966682,505.1384480473596,248.88372557582196,521.0066685371047
48.11139491590102,202.5428118836264,163.41778977300075,257.11034298025737,168.03789272062164,291.3740666625479,169.4822370105573,432.88337286108504
